"Date","r_Shanghai","r_Hang_Seng","r_Nikkei_225","r_KOSPI","r_STI"
2003-01-07,-0.196494659620949,-0.140384610567246,-0.654355313542965,-2.20039054063452,-0.971951085622358
2003-01-08,2.95939322616148,0.370309322421214,-1.61523923016915,-0.0736241520464809,1.02450482302716
2003-01-09,1.82785063291711,-0.132206703750448,-0.233548710889764,-3.32604832910848,0.20769218048402
2003-01-10,-0.900000324195371,0.475231227480677,-0.323896848422756,-0.324128791193079,0.90073905392174
2003-01-14,5.75181929466799,0.766585660508845,0.970547771428976,3.39360323764391,3.94442337114658
2003-01-15,-0.473560474583401,0.784760354381042,0.683843616279667,-0.271115590377491,-1.058119836829
2003-01-16,1.74505538413605,-1.32807028460871,-0.0299635561781031,0.0616817549510706,-0.513351861597222
2003-01-17,-0.46823956278752,-1.32909484306634,0.937379330566301,-1.9033372307554,-0.924142248037185
2003-01-21,-1.62195015209505,-0.480841835048729,0.210703901141684,-0.567234369999614,-0.110535669984824
2003-01-22,0.386908715438583,-0.0855256744149102,-1.12636456500947,-1.65216646935606,0.278666822618945
2003-01-23,-0.680833229489597,0.255001577199288,2.06742696870368,0.431204431955923,-0.345340085814261
2003-01-24,1.94224606347584,-1.3032271103592,-0.676501518246653,-2.55155141828585,-0.467961698074593
2003-01-27,1.14883138197941,-1.72644268201463,-1.4091595213916,-2.71779359501068,-1.99241333081153
2003-01-28,0.298985807349172,0.289192744397582,-0.98139902913541,1.251639512535,0.631989343965422
2003-01-29,-0.0553250359893731,-0.9135926789126,-2.30556702883487,-2.90752039948812,-2.78840713554951
2003-02-10,-1.31814873741734,-0.0936505538884802,1.82985491640597,-1.05119010352608,-1.55635533440002
2003-02-13,1.61973177644334,-0.637961216326666,1.34310187947388,-0.274086838484422,-1.12895446945656
2003-02-14,0.43843282658047,0.308350797426904,1.18210233731126,-0.0747234831581345,0.405223604217486
2003-02-18,-0.962959074079617,2.10010401273735,-0.102903792892839,4.78758420457277,1.58380432043987
2003-02-19,0.953031052229836,0.324892926722065,-0.167286402065159,-0.435115443850975,1.66482724875179
2003-02-20,-0.0867466423520646,-0.3948329376529,-0.317611534811135,0.775904550800455,-0.237448455134093
2003-02-21,-2.04935627950258,-1.49798899489539,-1.60078363819576,-0.315935123970768,0.199433735376964
2003-02-24,0.207375758674377,-0.123199547446262,0.602045675974594,2.08059050788352,-0.628573062259274
2003-02-25,1.96049336420971,-0.989677943176659,-2.41612562282683,-3.97887889336346,-1.2590502946578
2003-02-26,0.125642279940585,-0.352591913164879,-0.0440262489687981,-0.336572524304657,-0.256054268189843
2003-02-27,0.0343588120516714,0.196816373424902,0.0307486337526086,-1.33026042417494,-1.24220344260104
2003-02-28,-0.117000439704373,-0.126856164550659,0.0437735693571639,-1.21429261523929,0.20431424340579
2003-03-03,0.892213424371757,1.58892564635913,1.51141161049075,2.50727438101421,0.419107172291699
2003-03-04,-0.0773826347397311,-0.94176188955668,-0.119972060196183,-2.30762327000003,-0.803721518473477
2003-03-05,-0.46819397176332,-0.79503695507892,-0.0896604994695238,-2.87131368156306,-0.273036634983104
2003-03-06,-1.24955199342409,-1.62602689191704,-1.22874616903754,-0.883843005651386,-1.72800116890803
2003-03-07,-0.351003058078359,-0.617371581307502,-2.72561317047657,-1.69069265290318,-1.43081101812097
2003-03-10,-1.63203611597167,-0.509090821659974,-1.25860562551043,-0.326527907386609,-1.01067676697744
2003-03-12,0.413733253653437,0.147940530543877,-1.24140646996089,-2.3104043343003,1.62291611042864
2003-03-13,-0.704846335364362,-0.991264138011339,-0.942100114770383,-0.0056412715441212,-0.154941319605584
2003-03-14,0.0948582145656296,1.9018113024444,1.69026627892137,1.09779208581742,1.53951442512454
2003-03-17,0.220079058341582,-1.7118343188061,-1.65113081635653,-4.25749793086485,-1.32460794833937
2003-03-18,-0.640458838914171,2.6601858796905,1.04663506534415,4.19423976100965,3.16545200979323
2003-03-19,0.687409911996273,1.28660408531189,1.20684979820673,0.828480584127078,0.851075618107799
2003-03-20,-0.369398954727718,0.391976811123129,1.77290378260313,4.80709351378481,1.78627135906044
2003-03-24,0.899299473095283,-0.940945072217936,2.88677012602339,0.244221818464219,-0.660346837067927
2003-03-25,-1.04552730019956,-0.509615535028729,-2.35481675582658,-2.64410912406596,0.900851784089518
2003-03-26,-0.420054957460447,-0.166323970213966,1.364160538993,-0.0342413296190003,1.03781959592952
2003-03-27,2.91533087156663,-1.95068411153816,0.200351848864067,-1.00177460204884,-0.860293710915538
2003-03-28,-0.495439436307699,-0.101039269565817,-1.06326791570215,1.27897256196254,0.363211243952133
2003-03-31,1.24163965415551,-2.61659099296008,-3.78378317811716,-3.77873404771174,-3.91427446661625
2003-04-01,0.789287774787795,-0.435950535321439,0.175570225237465,0.532460811552671,1.15747841826028
2003-04-02,-0.0808181733746416,1.26337569720256,1.03547323953457,0.806306842732329,1.3313651452842
2003-04-03,-0.632368866842548,-0.66876853680089,-0.647706085965005,0.426408527287769,0.212887860874833
2003-04-04,0.619878932727236,1.99530276700113,0.700605095311246,2.315081866504,0.855421514998689
2003-04-07,-0.395223584942173,1.57172391356291,2.15468912592485,4.87722431830608,1.89256787340879
2003-04-08,0.357086765353642,-1.75085949354905,-1.44764358447347,0.242068954399421,-1.55896192539009
2003-04-09,1.50905866746216,-1.94703204175433,-0.911735376508815,-3.08637123825566,-1.93573951973756
2003-04-10,0.485323343024291,-0.128949531179146,-0.966353754876437,1.4400527794229,0.236406729488081
2003-04-11,1.64195962635585,0.230786658452686,-2.07178442531912,0.902909554408993,0.393542112810863
2003-04-14,2.45617481096359,-1.30508511586331,-0.827183028738432,1.941676635305,-1.40488167220827
2003-04-15,0.948417290322112,1.14823595694009,1.11258141297714,1.76594355650677,0.696006227548551
2003-04-16,-1.55854049345816,0.497365134176064,0.517359243128723,2.66665071649816,0.0402448751262163
2003-04-17,0.457166369678497,-1.11277886552674,-0.733568916562533,-1.39703745322608,-0.764317120369107
2003-04-22,-2.82268315032956,-0.0843097119799907,-0.402758359404132,-1.54603257012864,-0.63671564563661
2003-04-23,-1.71865416871118,-0.61211868738571,0.0374747178382151,-0.870649160141923,-0.652642596823139
2003-04-24,-2.51987524866619,-0.913711401923578,0.782087262491871,-1.64192353886943,-1.83896553302407
2003-04-25,-1.09940453467985,-0.392852731097371,-1.99401363204252,-3.76154755096092,-1.12211197012693
2003-04-28,3.34197536652736,0.309070808041056,-1.19708394382965,0.420904949316281,0.963499992670247
2003-04-30,-1.06240354902738,3.29059216190668,2.89592950796305,5.19301517596169,3.19488632057983
2003-05-12,0.683195651202784,4.90620574962897,4.85626055001838,5.15235173211073,3.53386076848086
2003-05-13,-3.0865706643735,-0.399790186007465,-0.376080943501833,-2.72603238106637,-0.321439358025355
2003-05-14,2.50060399506467,-0.168470955017064,0.665039685266677,-0.669915253345632,-0.923261030272915
2003-05-16,2.04922406882631,-0.115514384272508,-1.55996856191454,0.137616955154751,-0.465613190237768
2003-05-19,0.0643107517582564,-0.063914460209169,-0.96754862457118,-2.39414336214452,-0.925405018096193
2003-05-20,-1.28958069466014,-0.407658176268377,0.252816992760962,0.954581528492859,0.489175859346158
2003-05-21,-0.132942346070486,0.103808912592207,-0.509641922625725,-0.251112259339248,-0.656383150143558
2003-05-22,0.820243656596098,0.788183478298521,0.412566227000077,-0.867934709752927,1.15313456416066
2003-05-23,0.955251127834345,1.86865154798141,1.6395607110848,2.67314510690726,0.948235655515006
2003-05-27,0.472312488644278,1.25056771338841,-0.79141780757972,0.455209994660422,0.541719691748987
2003-05-28,-1.05957435708763,0.948799681157375,1.39340732998203,2.2629842461857,0.998544277990909
2003-05-29,1.04809659523859,-0.0217675114967619,1.70002781750611,0.64562919085871,0.424913979366526
2003-05-30,0.51519949094283,-0.222889942891591,0.585125244773899,0.156416668933268,0.349014574754847
2003-06-02,0.0171276869477488,1.57023573046544,1.4454919696302,2.38520663168114,2.32415250153917
2003-06-03,-0.910554053523427,0.262067936324684,0.20243513387701,-1.83103159333697,-0.168895082390375
2003-06-05,-0.38416075515233,-0.246712483500566,1.07702246311572,0.850456928449095,3.5085565955467
2003-06-09,-1.68741003431681,0.975616487302489,1.89365359597176,1.23306506121583,1.12283250055896
2003-06-10,0.557191638917498,-0.306525398166535,-0.382016633271398,-0.0923005988149761,-0.194824390398551
2003-06-11,1.7445523935244,-0.430244113730538,1.14496151353176,0.236733800531397,0.544692682512604
2003-06-12,-0.238494973897652,0.770975368827997,0.317818886301247,1.01739290692358,2.09146343465747
2003-06-13,0.297870384645993,1.21272504544034,0.693216566108212,1.10189372057894,-0.00743567298249204
2003-06-16,-0.452268024397195,0.0673499055782401,-1.5803503566902,-1.12165401309552,-0.960455139348326
2003-06-17,-0.161700196933268,1.69001114196217,2.16168924722986,2.52775225965163,1.92851170043671
2003-06-18,-0.212146421969805,-0.600681683359738,0.661704932945284,0.1614324889057,-0.469066988976952
2003-06-19,-0.97846303700857,0.0983438514863266,0.192710464463275,2.15783053286884,2.29077291068105
2003-06-20,-0.604912835309079,-0.500241620721731,0.108387418802458,-0.620321446406535,-0.130907722185292
2003-06-23,-1.19113624378206,-1.99369926520578,0.183485988513965,-1.70931771026703,-1.81808093171023
2003-06-24,0.0707721134510564,-1.08389773194073,-2.4134442705634,-1.58078893145159,-1.86608933298613
2003-06-25,-0.686681461965843,-0.00373863998710533,0.145645886714796,1.49774107035121,-0.112068564883305
2003-06-26,0.881541835202171,-0.237898537474912,-0.0991281842091851,0.254856484905108,-0.311581131282068
2003-06-27,-1.21697275791695,0.53054322787407,2.00423073375458,0.226159161605644,1.34277756282604
2003-06-30,-0.73950998581207,-0.832786615133507,-0.230382288901332,-1.09115474577077,-2.03998023146994
2003-07-02,0.91503468608396,0.265905742465655,5.45377932799962,2.34128107139142,2.00207708708575
2003-07-03,0.316898391775844,0.451771067906392,0.338866247427028,0.150076887919237,0.389176532549573
2003-07-07,-0.196944759458084,2.52130969736246,1.7545285390641,2.51033942475933,2.21147917892388
2003-07-08,0.699521684386983,1.01050531304914,1.05170697243828,0.573400125521761,0.188465446685537
2003-07-09,-0.577716152136265,0.345050461525886,0.927422738210559,-0.401743311795411,0.276125220642243
2003-07-10,1.88590347067645,-0.440764464201493,-0.354246739630604,-0.709813010021421,-0.22281312312824
2003-07-11,-0.201255956952284,-0.721899951377303,-3.26985887362667,0.518276045140453,1.63679174618085
2003-07-14,-0.487828234611509,2.10550907447882,1.24059271535018,2.23986896107622,1.89920112293267
2003-07-15,0.264535658147391,0.129825592885702,-0.0474710402253109,-0.927773387823727,0.898483185599996
2003-07-16,0.265145346878271,0.704136869749306,-0.15425695200797,0.42379760338056,0.455318425622675
2003-07-18,-1.47072612934496,-0.651957955060745,-2.16207802129045,-2.41990011850772,-0.941811499350287
2003-07-22,-0.577582420415723,-1.31151210749998,-0.439262922495409,0.0500339526538163,-1.94483483945378
2003-07-23,0.244615419429017,-1.08643926963268,1.35458749349553,-0.567564442794311,0.406137016247055
2003-07-24,-0.580853549260407,0.227808227174719,0.577197690482656,1.02955123379651,-0.487433637236823
2003-07-25,-1.06358917195246,0.161713106309591,-0.238004026628857,0.305391457707405,1.13473481694877
2003-07-28,-0.492531626201309,1.94964051438227,1.96948882123333,1.78655244745602,1.28279645884346
2003-07-29,0.468842561977745,0.626751629194899,-0.0569272901413953,0.629111946942906,-0.396460159959222
2003-07-30,0.158947597677361,-0.761624601491739,-2.07178839658049,-1.1389073874299,-0.170303326621823
2003-07-31,-0.196861776680279,0.134379625327519,-0.723596305125795,-0.0882556950685398,-1.23174209398256
2003-08-01,0.0155736345454294,1.11631046836269,0.505454043757503,1.90735803525239,-0.114892741982686
2003-08-04,1.17053296380698,-0.640769939071006,-1.66680491732691,-1.20626722030721,-1.27976513631669
2003-08-05,-0.0033459699467997,-0.0565800888548296,-0.745515752388748,0.458213217884129,-1.87728964104208
2003-08-06,-0.5408392816598,-1.88292945200441,-0.627270988553974,-1.95289198832604,0.0987124401507167
2003-08-07,0.0753290637648618,-0.295704679467335,-0.627776818089032,0.27227407857966,1.53955843126923
2003-08-08,-1.08834862777965,-0.128923556552074,0.666594196752079,-0.802012856512668,0.0606228527602504
2003-08-11,0.213193638773657,1.48035815225072,1.70365203712866,0.0624680581390535,1.23377200102208
2003-08-12,0.329757314615087,0.893893871436902,0.808397583191223,-0.466612506218045,0.644165937433883
2003-08-13,-0.913384797704264,1.14520495315702,1.94585579157209,1.66578605407963,1.76543596548173
2003-08-14,-0.679736884240789,0.701800032513233,1.63451418926517,1.93466165134417,0.469527104960399
2003-08-18,-0.745266273527534,1.44525762122676,1.19822313909683,0.424127846493771,1.44482382723981
2003-08-19,0.319193306794752,-0.14975521391456,1.39686055216472,1.36443353826863,-0.429959396215107
2003-08-20,-0.556830900223115,-0.323665900521064,1.15274488451114,-0.396662064905851,-0.205128277055699
2003-08-21,-0.0395455733190886,1.59386222514186,0.683913146390935,2.29839689566012,1.43937003113015
2003-08-22,-0.153473851032526,1.09418051551735,-0.789778885675396,0.050362478368271,0.296135498340089
2003-08-25,-1.16741275353984,0.032427485597708,-0.044070842889532,0.265969920922871,-0.599283878079415
2003-08-26,0.212826563533763,-0.0956401994070433,0.542768376923952,-0.494129094528706,-1.8803120835722
2003-08-27,0.0105242109570192,-0.703421263591864,-0.228471203311464,0.791019878742372,-0.344337866133504
2003-08-28,-0.680736864363762,0.760965056330143,-0.815911249776313,-0.816255466367455,-0.0589692937636777
2003-08-29,0.443322183459127,1.37405128530865,1.15059194531515,0.880794966121634,0.355171177947078
2003-09-02,1.71034920644777,0.28330925772071,3.29530715955375,0.921387672701002,-0.180873184643193
2003-09-03,0.0925938788359559,1.4737385813941,0.239281392066637,-0.0234861237232487,0.53977190803014
2003-09-04,-0.02901273817697,0.326065057617875,-0.643555639627813,-0.28357321007908,0.325326935413983
2003-09-05,-1.10457676810896,0.286787324579585,0.0358723848464138,-0.34082749123332,0.471490029503663
2003-09-08,-0.405983912310415,-0.0477258806446557,0.309264148722477,-0.170850350403828,0.274064095102133
2003-09-09,-0.397779707858437,-1.06663596066561,2.20579345575729,0.943903428188264,-2.63191164737862
2003-09-16,-0.988625155818745,0.222079645667606,-0.321059358086551,-0.500298217437845,0.274282708246432
2003-09-17,-1.16456722602942,0.618332262181553,0.942360498932437,0.386872958381979,1.14646260943747
2003-09-18,0.0474768918748758,-0.637843928593895,0.392400779034219,-1.10312837787863,-0.0948819976424708
2003-09-19,0.0639861984193857,-0.914804878999043,-0.86384228229246,-1.31836777372039,-0.712612186778738
2003-09-22,-0.71624398723058,-0.871275088313794,-4.32803501300256,-4.56084620281798,-0.20336919765187
2003-09-24,0.921585816993531,3.8131458882793,0.25923163202517,1.36290914106079,2.9437086057893
2003-09-25,-1.29508184356926,-0.0829849474676791,-1.84751508725025,-1.55473087572844,-0.257977684935451
2003-09-26,-0.396778248577867,0.0321570898744739,0.0814408086711182,-2.28513331164013,-0.13999069015096
2003-09-29,-1.13787235179963,-1.32735350119724,-0.865003999194158,-0.192327072617982,0.0718618073151767
2003-09-30,0.869062840044421,0.792006339276874,-0.10289203797722,0.209532360418851,0.128240151828152
2003-10-08,0.330796073595252,4.27878486569711,3.11326245204135,3.55460297240704,6.13082819341892
2003-10-09,-0.183883942272089,0.676584570726924,-0.102118105225735,1.83702695635288,0.24250954417333
2003-10-10,2.51277112562578,1.14139138203964,2.38876364862755,2.90907699709617,0.454629732355372
2003-10-14,-1.13460951144626,-0.670904527074256,1.65860829040501,1.13225342221739,-0.880708183715928
2003-10-15,-0.365897632238976,1.67416360759969,-0.608058625462782,-0.299199961894647,1.04780407381098
2003-10-16,-1.27993714189278,-0.237587696750907,1.14208246139196,1.65329486023031,0.298588635124375
2003-10-17,0.370602268409925,0.140577937961872,0.11548727116466,-1.19375802627193,1.02032152447853
2003-10-20,-0.811702282330806,0.854819820403385,1.11552716275618,1.12552104819592,0.453775951630675
2003-10-21,0.352449149630285,0.842676978103896,-1.17325412670208,0.443351429467054,0.706392347098372
2003-10-22,2.44083202751666,-0.0984919219883196,-1.29465878172059,-0.0782467634860673,-1.21209524094752
2003-10-23,-0.81590305597965,-4.18357615982412,-5.2258367549646,-3.27923892978994,-2.1860228631942
2003-10-27,-1.2474264747671,0.106782940205541,1.14444846967459,0.985658647825449,-1.18065674133438
2003-10-28,-0.0102235301938869,2.87047424323301,1.0172758559305,1.78928239851057,1.36168565738188
2003-10-29,-0.573457798799737,0.318961363850612,1.67335431011022,0.553048958867475,-0.798641761245555
2003-10-30,-1.24608059924576,0.105792825678108,-0.407375866512183,0.802252642077672,-0.40668082196671
2003-10-31,0.272565738589581,0.384245205836109,-1.27942503130996,-0.456546096829591,0.489095220131208
2003-11-04,3.01354140620811,2.03508165447026,2.69435139406902,1.73595672187936,3.96956490296931
2003-11-05,-0.320039485179091,-0.0144696627694785,-0.0961932719521386,1.18010573011436,-0.910736783719202
2003-11-06,-2.06579431228606,-2.34936896554565,-2.66721873478328,-1.93920400985972,-0.797658718354999
2003-11-07,-1.60405223798339,0.534204476110567,0.724038726498044,1.75778792093766,0.337465144083637
2003-11-10,0.366314467855755,-0.479980898387389,-1.17766882389656,-0.935900022020419,-1.52419921671916
2003-11-11,0.262322598372311,-1.26705419813344,-2.87298663732685,-1.10962869992628,-2.52128847367263
2003-11-12,-1.94113729638952,-0.268111659621084,0.187733192188944,1.07823881851061,1.07778147828714
2003-11-13,0.138014733365832,2.11660838494261,1.0839494981683,2.08778444827491,1.69629655526355
2003-11-14,0.863186604991295,-0.196798406611443,-1.664142247499,-0.396796577306358,-0.57529167179684
2003-11-17,-0.221875502337721,-1.70669685346887,-3.81154784092281,-1.92232103087298,-2.24765200282198
2003-11-18,-0.872707511907755,0.251745450608176,1.11991286255257,0.814826751682229,0.602379628628569
2003-11-19,1.68037003121198,-1.29096676847364,-2.89539564264594,-3.72276197198929,-1.83303859687696
2003-11-20,2.77253357590608,-0.232562166339711,2.57813183779643,-0.291989955369676,-0.89347796893966
2003-11-21,-1.09202091740066,-0.047371335148938,-0.130537132611153,0.172701522573782,-0.312078525889881
2003-11-26,3.63122964606752,2.0636455023249,2.9205492551057,1.52826081986328,1.86276555364202
2003-11-28,-1.04588494717772,1.89153874293044,-0.43723582158659,1.71396935997352,1.50425624998043
2003-12-01,2.50762277261281,1.12633312682817,2.95283219053264,1.39815319734451,1.37613528228702
2003-12-02,0.182007783829796,-0.359963427328758,0.0661111941294479,0.0482921311786733,-0.50711013248943
2003-12-03,0.674922883907048,-0.412136014053743,-0.807853726162655,0.0693017872945845,0.490420493551103
2003-12-04,0.536952950655589,-0.150017252184576,0.998255575610862,-0.397900702856813,-0.314169281344423
2003-12-05,-0.116394003353726,-0.226463735664595,-0.543468887500431,-1.97179240660672,0.0571426937837849
2003-12-08,-1.00146970020267,-1.12110472830818,-3.2141775984952,-0.58569227463563,-0.791933068024875
2003-12-09,0.465968211510237,1.75983782385956,0.782765397348406,0.324396811526562,-0.464630400188781
2003-12-10,1.78871079284448,0.038238110954758,-2.13356440304366,0.921630554068198,-0.012271695350119
2003-12-11,0.0408241031171208,1.25197203274663,1.64701481952978,-0.44268787178412,0.526909074298842
2003-12-12,0.0523665260656614,0.316831948204488,0.933777432202909,1.87206899749865,0.437365833274139
2003-12-15,-0.0292402633706779,-0.591291486986023,3.10870451156333,1.97520301525715,0.88968865973893
2003-12-16,-0.273776859124286,-2.09720969061049,-2.11130175760772,-1.39259423128104,-0.813895357742389
2003-12-17,-0.84579986673905,-0.549698870626791,-1.75763600437797,-1.32848596637301,-0.316862001595108
2003-12-18,0.227390704892905,0.385784347004048,0.112493971254501,0.921883375653465,-0.461736107626365
2003-12-19,-0.758375167870984,1.06859459876141,1.77104117283768,0.457157774010764,-0.281341752916742
2003-12-22,3.175906962477,0.935173474426065,0.851724053558733,-0.82439473173137,0.68039758014411
2003-12-24,1.38755310869927,-0.250875167509967,-0.0119553909796011,-1.50150902757042,0.196035279520679
2003-12-29,-1.15539861841967,0.0609125097733809,1.23948196369259,-0.0138802137775507,0.873413342615237
2003-12-30,1.01459588751478,0.499780361112201,1.66238742521099,2.27936138305793,1.30448541288359
2004-01-05,3.679588102381,3.74937139566764,1.38158008618383,1.63814748326327,3.607319947342
2004-01-06,0.392635261815943,0.238003464670911,-0.103331192105216,-0.0813338800428554,0.00328103724553941
2004-01-07,0.802099362498332,0.926631048142035,-0.520773425562915,0.441079176173709,0.395123689893939
2004-01-08,1.43434635297863,0.348314374960701,0.739325086477649,-0.353678255328127,0.311069305990852
2004-01-09,-1.79601268275231,1.37056812714764,1.16867589816483,2.53035507692667,0.587407386045857
2004-01-13,1.95425971141017,0.0810232117938625,-1.05773553589934,0.373147979764621,0.486257349314112
2004-01-14,-1.26425196413056,-0.5671946705613,0.122693298763288,0.1401607955966,-0.0553452509902463
2004-01-15,-0.373084288538994,-0.534951628926628,-1.83811029295988,-0.467180312690907,-1.65563555403416
2004-01-16,0.874831430078338,-0.621179494058843,1.78470378530466,0.270428421607427,0.375799834119039
2004-01-29,1.75957618903793,1.25464963919004,-0.718783829550595,0.648872044244619,0.296261078457416
2004-01-30,-2.36750746634158,-0.335344661974801,0.0386772748010245,-0.584030755757414,0.327311248460571
2004-02-03,3.61457986759213,-1.51151236748834,-1.32264700655949,-1.02229667185432,-0.174902372737051
2004-02-04,2.1521685744144,-0.0250604163632318,-1.84621328780032,-0.521676992029008,-0.570145874127981
2004-02-05,0.489554312112261,-0.427220995253741,0.165934663657197,0.646618256147669,-0.326481877637885
2004-02-06,-0.844452361729076,2.11590496161094,-0.0351723640601875,1.10103705203377,1.39831279714198
2004-02-09,1.43910344753229,1.98680357054251,-0.558967267972932,1.69566745042626,1.80574081476594
2004-02-10,-0.737658520559403,-0.45046019045909,-0.358339964368604,0.234469404067905,-0.825343435616421
2004-02-12,-1.62038098410768,0.806686862396333,0.901437387976145,1.27813747431356,-0.521467497845496
2004-02-13,-0.318447642522734,0.838084885931245,0.936679391256057,0.480647241228116,0.0606384224687062
2004-02-17,2.69057454779427,0.549007665970613,1.34948390195735,0.296551395044986,1.56488553521195
2004-02-18,0.779337856646833,0.814167795708798,-0.227524359143239,-0.874061981073471,-0.262296619427538
2004-02-19,-0.00465912664759927,-0.440070361517542,0.718508070648305,0.517414089659685,0.0767506462234557
2004-02-20,0.27509853715264,0.00829259446550878,-0.308366124055226,-0.472959259024286,0.0962519972557807
2004-02-23,-2.35657611570952,-0.74764836507164,1.37355011399904,0.00341878393887995,-0.383973185864139
2004-02-24,0.0386450457402709,-0.0629326641286454,-2.09024538884606,-1.48443409785353,-0.325277862314532
2004-02-25,-2.09757576340186,-1.14740759073797,0.137070818527896,0.263361708365029,-0.540745280975052
2004-02-26,0.455443693380087,0.551220115579376,1.45815989751306,-0.232137908637498,1.08705402122169
2004-02-27,1.21143714058238,1.68514451309836,2.07380651164506,2.12330945851003,-0.00370632166148965
2004-03-02,0.72628094466376,-1.27129278987397,2.85323882234927,1.77158613671109,0.227419469916423
2004-03-03,-1.52103950932752,-2.03983907410112,-0.0844434378239001,-0.378826315706604,-0.654565330167856
2004-03-04,0.423938089142784,-0.0188064589218939,0.43834680017838,1.28880912607601,0.658791493287847
2004-03-05,-0.406488759844681,0.0237862332349792,1.18140375281826,-0.226168310396435,-0.0776842728423155
2004-03-08,-1.51310460658678,0.878936260689223,-0.298869804478663,-0.584887681072033,-0.168788020674882
2004-03-09,-0.00244331509007267,-1.30728473764812,0.253354827748709,-0.951069858658737,-0.166951583080177
2004-03-10,2.47179396257167,-1.37574530594229,-0.860434617406902,-1.76062479504564,-0.541459003528644
2004-03-11,0.805414908482138,-1.44935928263639,-1.19841577036013,-0.697617308454213,-1.46344075184377
2004-03-12,0.183086414752598,-0.707577108545543,-1.19584021331622,-2.45891613416802,-0.689684122724632
2004-03-15,2.41809995832059,-0.0991813366649552,1.3803200829603,0.406805729563153,0.171507483557853
2004-03-16,0.535362705084985,0.102197012379612,-0.670298282914317,-0.250236562888162,-0.650013886282785
2004-03-17,-0.0252102767590578,0.332711704097477,1.71589123830209,2.58358298345227,0.396187288867278
2004-03-18,-1.60818632438495,-1.23707034072567,0.413767095823125,0.0504240212380047,0.0877683190924294
2004-03-19,1.76679063994847,-0.200025294395445,-0.574342084920687,1.19695077067066,0.214462700930529
2004-03-22,0.446403828458664,-1.89157895814027,-0.879628419094836,-2.24849485951646,-1.47676924048188
2004-03-23,-0.800603582069925,0.297940454939116,-0.331156606285887,0.286728602207642,0.344298893785133
2004-03-24,-0.0942057776449623,0.710588433405768,0.74097048026136,-0.515080223681785,0.924001428580556
2004-03-25,-0.205377273019369,-1.25343230984569,1.44936783015499,-0.97254571000347,-0.266798496361798
2004-03-26,-0.140036270950272,-0.2957194062569,2.0577889184759,1.23099619489393,-0.179903862865771
2004-03-29,-0.832730105339241,-0.448806040094674,-0.446254267235346,1.23317756050874,0.460323256974782
2004-03-30,0.267716009430607,1.70774667963585,-0.209807730500344,-0.138433662626447,0.489120776881347
2004-03-31,1.00061425184412,0.318129277990487,0.185483713998735,0.802759219830662,0.776575001088986
2004-04-01,0.944640528974272,-0.0427479862901592,-0.273261929934776,0.255210687223517,0.631701844858679
2004-04-02,0.595442385349276,0.436949515673568,1.12795709103874,0.106428759395083,0.519841752882222
2004-04-06,0.50025906813902,1.21170642753707,2.20760440915182,2.51426746781132,0.064857050958711
2004-04-07,-0.167226473134008,0.256364493983163,-0.49860431305806,0.411867639468166,0.146570749268982
2004-04-08,-0.240914349362154,-0.0826964028510346,0.605255368641089,0.758711536997936,0.923851434635647
2004-04-13,-3.16430162258827,0.94398874093411,0.290911878418854,0.0839470419810695,-0.337597063697892
2004-04-14,-1.05384441009289,-2.81673471485959,-0.244695903487191,-0.143952389712343,-1.37259869077049
2004-04-16,-0.194631765176378,-1.68324556931196,-2.28763036829633,-1.92051914520288,-0.842187131963446
2004-04-19,-1.06655807387552,-0.0672865944405743,-0.511685277990281,0.357583474671408,-0.501798981950241
2004-04-20,-0.386810673279481,-0.447828566164432,1.58585102317605,1.84519238442462,0.309055678416748
2004-04-21,-1.07438552280854,-1.35711805247656,-0.066620470012424,1.19535187542965,-0.108683026678769
2004-04-22,0.375298457950013,-0.48862569035979,0.299276276275329,-0.640792716719218,0.824331467679063
2004-04-23,-1.35368220700718,1.76155720536855,1.16644947061939,1.2956682893269,0.210647698725541
2004-04-26,0,-2.04978335034109,0.356029209222619,-1.75885555811419,-0.982515396301409
2004-04-27,-1.45597763186611,0.183056500934597,-0.983205331918668,-0.465342680712055,0.226845647863527
2004-04-28,-0.314416817465002,0.0855255473339867,-0.337558747700584,-1.50115623655607,-0.314480960763763
2004-04-30,-0.700104970841053,-1.84464754152227,-2.04079441281682,-4.41967581068736,-0.310587031032572
2004-05-10,-2.24231462083564,-3.90566131992962,-7.74980083288046,-8.73359394127871,-2.76586851864353
2004-05-11,0.501875891601689,0.196489606607742,0.206315453040773,0.0429917184342266,0.645868782777725
2004-05-12,2.25179211393387,0.17442064269293,2.2339234631831,3.24259960135889,-0.0676732627697518
2004-05-13,-0.387338286567296,-1.14495744157175,-2.98930108841944,-3.35517590265795,-1.31705787911285
2004-05-14,-2.20750295401668,-1.05920597926374,0.226346630134167,-2.78089767080241,-1.33748509326619
2004-05-17,-1.4652253173506,-2.78028077868147,-3.22748840986105,-5.27422153869903,-3.1623714764458
2004-05-18,1.00020217432002,0.950459150641514,1.94235594000762,1.76894691975491,1.31285243269819
2004-05-19,0.183060239384147,3.52288690395604,2.36785833304758,4.73264887733569,2.43471141204381
2004-05-20,-0.594077084718325,-1.13807032449955,-0.968409448551988,-1.31459965041492,-1.35109830681506
2004-05-21,0.596643968072819,2.06320651470957,1.89871878557728,2.38984445825832,1.46263437368166
2004-05-24,-0.513402314049127,0.748401228355178,0.283151512770274,1.67469235481361,0.708203082908554
2004-05-25,-2.10540953849199,0.253387663067173,-1.25732635939588,-1.96760783532079,-0.754048031569976
2004-05-27,2.5449876598902,2.46113401814831,1.8356552053671,2.31964614908113,0.684352608974415
2004-05-28,-0.544770979275366,1.10346141828295,1.27731363413339,1.73571502078032,0.484053299078369
2004-06-01,1.97808506952386,-0.09346713354077,-0.11333110125431,-0.0906707244709537,0.267661476034053
2004-06-03,-2.31376328916344,-1.46136565963531,-2.41646138498144,-5.76640185983548,-0.620794918124012
2004-06-04,-0.0933361920482767,0.774117040264777,0.911760269032769,1.37737539940312,0.605726566377829
2004-06-07,-1.63050643513527,2.4988271150054,2.76400451387797,3.61128168035991,1.45721059315722
2004-06-08,-1.55036715903121,0.140326665511559,0.714318303738537,-0.0172971904851771,0.117642545191199
2004-06-09,-1.73812902758259,-0.0341920510862792,-0.628515363874271,-1.84312879215369,-0.00109882261165595
2004-06-10,0.0183898025658102,0.669797248691317,1.09643754382098,-1.55124461700913,0.475211299588452
2004-06-14,-2.03647804528897,-2.8271916925096,-0.730984287650216,-5.72245859204683,-0.808711875605095
2004-06-15,1.72544004709678,-0.214529208252934,-0.908772933125768,1.78555810617906,0.354376141243495
2004-06-16,0.792056399919083,0.91763276961494,2.20613721606462,0.0319055598144047,0.592036911826366
2004-06-17,-2.04874125478511,-0.651032795270901,-0.290929691361619,1.0248497891288,-0.941451928988357
2004-06-18,-1.26707348206772,-1.89918070837045,-1.96457119983844,-2.44515517769281,-1.2496799966959
2004-06-21,0.431353066961915,-0.0840465951114311,1.89787023226966,1.01541418254039,-0.249806627669535
2004-06-23,0.505185125622365,0.0352811693375088,-0.169106090499582,-1.39362435066372,0.418784463748612
2004-06-24,-0.905015101659323,2.61460042231914,1.40274140545085,3.22252029864289,0.268771742123342
2004-06-25,-1.88349989439534,0.179389925392925,0.308188923418307,2.06211591905907,0.336198174100311
2004-06-28,-1.14346845252395,0.0744869214740262,0.876087288839322,-1.04260354232855,0.600781495381586
2004-06-29,1.68300994217629,-0.64415772964086,-0.195831835931948,1.00280254677827,0.757957482361071
2004-06-30,-0.678813796622535,1.38884006651843,-0.0163577249299607,0.903803507379131,0.423091813826915
2004-07-02,2.95971046563226,-0.535546218597815,-1.16522016101737,-3.94156951918792,0.0723350941031597
2004-07-06,0.643916337381878,0.521952310926643,-2.12296240923777,0.402936029247059,1.89779249136039
2004-07-07,-0.837693984410315,0.294094668479161,-0.79098825233288,0.448581671083126,-0.043752935346042
2004-07-08,0.0958939403199466,-1.64087084130724,-0.55163527180202,-2.42320162083418,-0.709650163013009
2004-07-09,-0.636143768654751,0.678482711922612,0.890721345410128,0.512374536533677,0.0822021628383851
2004-07-12,-2.36944389990885,-0.0922385625020894,1.38010806617181,-0.159332710965643,0.474696304091449
2004-07-13,0.165200047582736,-0.928585694309625,0.227158163990104,0.625160663389224,0.387299632709048
2004-07-14,0.306790289213321,-1.2119512838785,-2.19444501590189,-1.93347961376809,-0.386765129169309
2004-07-15,1.25864401817557,0.0551267930168464,0.46113131161416,-0.521334323541023,-0.178683248645406
2004-07-16,2.40414405005493,0.998316109885522,0.235148590700973,0.903458965326909,0.209145228856222
2004-07-20,-0.564037486212499,0.532858664193903,-1.5654422440436,-0.323762974243103,-0.332376474459473
2004-07-21,0.006906125044992,2.21455992449542,1.54672765631769,2.19022121372099,0.423172925749338
2004-07-22,-2.84384665427186,-0.606103657931634,-1.31011737914548,-1.42921648000529,-0.546019439402823
2004-07-23,-0.00284207983423101,0.265713561974756,-0.86960668365581,-0.691829208241135,-0.684581867433742
2004-07-26,-1.41179488946079,-0.268797972552193,-0.248625439525085,-0.176424332599634,0.308668868800233
2004-07-27,-0.25542982355935,-0.150358561539399,-1.15371908196789,0.31192387230794,0.703347275180555
2004-07-28,0.337548193874504,0.15392997561694,1.55454380327491,0.797074884166982,0.329565267192322
2004-07-29,1.32470268506459,-1.11961279521537,-0.78428049967485,-1.87255900350882,0.895062460692486
2004-07-30,-1.5128101707754,0.449857092079498,1.86204673937027,0.645317563963044,-0.0211426548561988
2004-08-02,-0.940784348558132,-0.299843674288169,-0.91840195073658,-2.16513719167848,-0.227566304096172
2004-08-03,-0.500075870853589,1.26825354944202,-0.73041235061595,0.947428647970572,1.28396877625159
2004-08-04,2.75308992007046,-0.623932003653138,-1.17876328926769,0.408009632884898,-0.416705489438307
2004-08-05,-1.10756264545895,1.70889401684065,0.460969575602199,1.89310088802124,1.65908664162204
2004-08-06,0.102176659366116,-0.106044718514831,-0.801694087415683,-1.27260906561171,-0.671256521433694
2004-08-09,0.386892106289149,-0.090354847326779,-0.583788613691638,1.10835235743671,0
2004-08-10,0.351853671635105,-0.477339004761568,0.410296862567705,0.870708167337586,-1.11607367434292
2004-08-11,-1.13508270708333,-0.524501660383692,0.871795335737247,0.591339424942472,-0.274910642908655
2004-08-12,-1.21752510110547,0.56793180440593,-0.193771737081327,1.79506846644388,-0.423320762062218
2004-08-13,0.0182705132695027,-0.432725314624349,-2.48685427991315,1.20827024821226,-0.813604909196197
2004-08-16,-1.02389471636153,-1.13982026206116,-0.647145813124794,-0.280023668820295,0.251701248475111
2004-08-17,0.419198244556096,0.297190880398013,0.356406392464059,-0.365077304659689,0.155396878631109
2004-08-18,-0.145672879844927,-0.225284007739468,0.449205252239437,0.279753067401334,0.538821838203951
2004-08-19,-1.31696404778259,1.36553241626967,1.19266338797708,1.96456386176829,0.86209927439862
2004-08-20,0.096190061066892,-0.15960561353765,-0.132062772403962,-0.112931992689891,-0.637564692888137
2004-08-23,-1.22454335581601,0.442346078770939,0.657481896035073,0.00126960750090888,0.331914660276933
2004-08-24,1.43970367363613,1.71244135051243,0.221996509701761,0.593676387189479,0.21909151496402
2004-08-25,-0.361346089251846,1.15207850488108,1.30852158807269,1.45713624260946,0.611645102773384
2004-08-26,-0.400868085985984,-0.067559592238986,-0.00619964195021083,0.773151827390262,0.104791482378896
2004-08-27,-1.04029894543398,0.265830352524787,0.718569611661124,0.0111076142809807,-0.166884002225487
2004-08-30,-0.0818138477687747,0.46201466045801,-0.223808843219153,-0.632627505287786,-0.546928496436738
2004-08-31,1.69301343514361,-0.213774458492466,-0.92283528784165,-0.20139741758527,0.674202758317755
2004-09-01,-1.54685609690519,1.3418226650785,0.410282108265392,1.70153340452188,0.579030782356327
2004-09-02,0.48841528516288,-0.190601119688516,0.228006256739377,0.788456366171619,0.588063725416621
2004-09-03,-0.0610158019720863,-0.392875720633157,-1.17483732532371,-0.381874810381344,-0.222313439905442
2004-09-07,-0.213471403871424,1.44105385377582,2.47711849942238,-0.230559605393665,1.27861527156767
2004-09-08,-1.13609107671468,-0.657452914252232,-0.174948102764638,-0.360933925005469,-0.11936949843685
2004-09-09,-1.9293946846707,-0.829177855218965,-0.964188109864672,0.736388446073466,0.313423166004423
2004-09-10,0.215447759497867,0.476294336949223,-0.788439880025393,1.74408299720357,0.123061917701506
2004-09-13,-2.10104297714162,1.03720545684709,1.52113798091289,1.84456584770061,0.915147186516219
2004-09-14,3.12754922354195,0.0645931207582606,0.376696386537922,-0.0575343607541967,0.419104515044211
2004-09-15,4.13300324162931,-0.485353832381463,-1.2202790042446,-0.0928292419999366,0.493232818894107
2004-09-16,1.1715087236789,0.954132552510067,-0.17239264936606,0.556856322571164,-0.343405042666678
2004-09-17,3.12312256213731,0.114167830013656,-0.511839690724081,-0.853547028451107,0.321945547381564
2004-09-21,2.36524650474985,0.599713588972151,-0.0146187220970262,1.06025880929748,-0.0843854517635911
2004-09-22,-1.9807459693121,-0.242693815972217,-0.55619348206708,-2.60614542943065,-0.416477468006082
2004-09-24,1.07925171515468,-1.55961591082363,-1.13396093471767,-0.359885225279921,-1.01286216827043
2004-09-30,-2.74427056590874,0.406234675224759,-0.65924903786243,0.358687756728493,0.569957583550007
2004-10-08,1.86058147199599,0.921274623399171,4.74343100192893,5.39493575036349,0.980694942494864
2004-10-12,-2.74224003044869,0.0764728900120915,-1.30851011781505,-2.67798718855534,-1.67335503858776
2004-10-13,0.164552065883594,-0.605606704545458,-0.0519693910204566,-0.222835468199545,0.00558065440934286
2004-10-14,-3.95542174731762,-1.03942789444904,-1.45479815719547,-1.12168710896761,-1.00341940454118
2004-10-15,-0.181718566521472,0.184327893627234,-0.466362659908448,-0.555501052415242,0.565661790211003
2004-10-18,0.365354075509572,-0.189237729102665,-0.157914648665702,0.749022854506975,-0.612816854359721
2004-10-19,0.166853136902567,0.914960549340194,0.900939709608473,0.880266710790778,1.0038903115313
2004-10-20,-0.527697799010873,-1.18852742363451,-1.66477319111227,-3.22520503290669,-0.878363530949233
2004-10-21,-1.5168040969443,0.123547306765914,-0.85781746528788,-0.967726016435488,0.825056054709616
2004-10-25,0.0457718282393493,-1.52596706321209,-1.21297361283865,-1.53370271167041,-0.80252915032295
2004-10-26,1.03417932040761,0.266843941756356,0.124791346994257,0.685643686383308,0.203024987594347
2004-10-27,1.35105782071969,-0.106184807334664,0.182453017955631,-0.466861732053481,0.0837491048475414
2004-10-28,-0.0789707029947628,2.11507175889132,1.49614743812201,2.87585610591892,1.46945969607089
2004-10-29,-1.59265352412969,-0.44703853633159,-0.755626605108084,0.155839828228466,-0.37089899753493
2004-11-01,-1.161550554332,0.302804440033988,-0.34139136752156,0.0981742072266201,-0.0959722057358725
2004-11-02,-0.288474279580342,1.6247759710172,1.41613982656938,1.30891765487799,0.834896160318888
2004-11-04,0.249394867419728,0.452436370921916,0.53549441695786,0.533611024278358,0.76235444845052
2004-11-05,0.0268208483892529,0.937021541690264,1.04962604937651,1.10756558978702,0.254320352056148
2004-11-08,-0.0689824352093638,0.491861709441288,-0.707082816777316,-1.70733996907062,-0.288643502362884
2004-11-09,0.245054991950333,-0.331041997915804,-0.172766539394331,-0.231917087134192,0.0770862434261055
2004-11-10,3.52877902274793,1.14532695544121,0.274046008840934,1.92298952499916,0.569093120994335
2004-11-12,-0.160348218986162,0.816486263751415,0.227300285826182,1.85705396046467,0.761800579371474
2004-11-16,1.33476845851357,-0.27881781369814,1.27827658545101,-0.00684431465858282,-0.100125656236649
2004-11-17,-1.04529418350472,0.572340819539008,-0.273269315941427,0.999991307215797,0.488878759143407
2004-11-18,0.858311344589779,-0.182155215290969,-0.439999251303114,-1.08786828510983,-0.675655055503377
2004-11-19,0.882897076930078,-0.0880108801712964,0.00378971417482887,-1.01098475942862,0.274637040287651
2004-11-22,0.221500065225833,0.0936629680758472,-2.12891089570597,-1.98489935487531,-0.890515574809214
2004-11-24,-1.74320824025154,1.41323803362283,0.211217238123496,2.62068349112123,0.987612483182954
2004-11-26,-0.17600387480643,-0.731322757295061,-0.35547681226582,-1.66874697721822,-0.578084596241357
2004-11-29,-1.4327530773631,1.22940085602821,1.32169885709974,0.844787794247903,0.506006513437818
2004-11-30,0.249421382386661,-0.0487788238473286,-0.718927050910168,1.45231006392974,-0.543974113232171
2004-12-01,-0.435772877170937,0.728136626660536,-1.06072431344906,-0.143601223633105,0.549859986157841
2004-12-02,-0.138679122535468,0.696512422456408,1.73573528891229,0.829126221800802,1.16638732125462
2004-12-03,0.307831976717754,-0.35085130514787,0.923629431901851,-0.175473398547066,-0.0572212781777104
2004-12-06,0.182304558791468,0.316277438228418,-0.842645707571954,-1.34605351801778,-1.42651589995539
2004-12-07,-1.19323032182423,-0.147968063655313,-0.991333449876208,-1.11791073101033,-0.79632099590583
2004-12-08,0.203004382614669,-1.51081679441667,0.621042564511143,1.23154123752958,0.217988057348517
2004-12-09,0.928249794307323,-0.0963214556650271,-1.51711170217705,-1.20367282271365,-1.07071026374506
2004-12-10,-1.58781892872142,-0.766808376192785,-0.184178791819001,-1.92953892775076,0.856193920605364
2004-12-13,-0.611250242775085,-0.112638682528221,0.301215531711208,-0.0769663458259906,0.04759992354888
2004-12-14,-0.163531084417645,1.12684187639562,1.16408584240393,0.614078453077216,0.691603268473528
2004-12-15,0.419751818319902,0.249057274625386,0.373811017197667,2.2628770756322,0.857831577565804
2004-12-16,-0.613430899903911,-0.383658257248065,-0.293316323074144,0.557807866855597,-0.709759560960155
2004-12-17,-1.11963751157305,-0.229788583633805,1.39939718592164,0.163537944649583,1.15731398158836
2004-12-20,-1.17150933548826,1.57130247649118,0.22631236966042,1.04352331467146,-0.0845846893817281
2004-12-21,-0.0227394801480152,-0.234197670474678,0.202435229149778,-0.168635058326494,0.35681121784128
2004-12-22,2.50909497531424,-0.209728555793909,0.747875917694962,0.0634129791378335,-0.379671084526745
2004-12-28,-2.21388429621729,0.323620653944268,1.89715046450143,-0.561923592784286,0.114247111887256
2004-12-29,-0.362675419563185,0.487856745540327,-0.373328318002564,0.662622269016122,-0.0145774720006209
2004-12-30,-0.0470953925863604,-0.723395720110886,0.937466420223743,1.30886774067474,0.18158077320436
2005-01-04,-2.45911425205696,-0.834122481184352,0.252015758526092,-1.01188868920312,0.335589472467479
2005-01-05,0.735158900233568,-2.02478954662304,-0.699014445778445,-0.192992515138357,0.123202408126044
2005-01-06,-1.00427516933266,-0.380836377660998,0.47745860615116,-1.58389164635926,0.902704129806065
2005-01-07,0.428311002661719,-1.00547263127151,-0.514886309034424,-0.0505131689385152,-0.203094384126334
2005-01-11,1.01591068005513,-0.48449166939406,0.92934923232928,1.5326800060194,0.317392954925477
2005-01-12,-0.0429529353798586,0.414116278273369,-0.753263847924224,-0.482906533797856,-0.594918832988256
2005-01-13,-0.0485431108158352,0.0587355513246735,-0.83440451742316,0.624163062147787,0.122052613094059
2005-01-14,-0.854545495105619,-0.580021029046662,0.703353090694314,2.18478064113858,-0.298667760797855
2005-01-18,-1.63252744475946,0.8077094725504,-0.132361419310634,1.69476085760616,0.387470679369173
2005-01-19,-0.600764628341199,0.545472225221921,-0.156996081062566,-0.468196234287177,0.631342403839064
2005-01-20,-1.13272624951195,-0.992138831500178,-1.062763775316,-0.755902900336025,-0.573782648030008
2005-01-24,4.17836787666008,-1.16300328554786,0.0418175397003395,1.49963519369809,-0.536106658774838
2005-01-25,-0.123505499741139,1.46137067102377,-0.111493204969904,-0.87150550786026,-0.412082854663431
2005-01-26,-0.983106159726077,0.291240860175535,0.87987049185454,1.29202166445221,1.02200935802994
2005-01-27,-1.3023666060163,0.0383816735524789,-0.310416538103908,-0.230037847071785,-0.663936766629281
2005-01-28,-1.00182837937028,0.15506453680576,-0.182950369824297,-0.355274790682358,0.787486982994956
2005-01-31,-1.81672764905425,0.523387532883213,0.590185774610319,1.19831665445043,0.325383783306155
2005-02-01,-0.242780755604866,-1.05078082356425,-0.0280168753004517,-0.970708821862143,-0.0796951583232008
2005-02-02,5.20878110038439,-0.165548429755979,0.199547793135046,-0.243885375583375,0.668042662018209
2005-02-03,-0.816900418633981,-0.29899032769265,-0.156076690853268,0.794499998682507,-0.0251372471295142
2005-02-04,2.12566389417077,0.515415985759304,-0.254508428680467,0.511185966615724,0.256766308573653
2005-02-16,0.775550616332144,3.11843899437108,2.10162912713159,3.99085036637628,1.94539339786228
2005-02-17,-0.215263428473467,-0.340703412943633,-0.163558291150245,0.102874317243096,0.421365196402235
2005-02-18,-1.35381342677947,0.855803102352581,0.666014016406358,1.17957476574011,0.215090573247689
2005-02-22,3.91834414538916,0.0188087396605141,-0.53668076340383,-0.642236776039429,-1.02559297693539
2005-02-23,0.0145107398823008,-0.945370886080177,-0.844497740992267,-0.962894662615454,-0.481422313609237
2005-02-24,0.0366493349956976,0.735008492985045,0.268938169585198,1.90951479054515,0.754023730990649
2005-02-25,0.189903160728377,0.681695176578323,1.09620147785812,0.992926682906603,-0.81676515877751
2005-02-28,-0.491896929875857,0.269888751894243,0.703883652434101,1.43506204710802,-0.737108694597488
2005-03-02,-1.43055130040377,-2.45728974530834,0.620780101690599,-0.38437962168123,1.17081098023375
2005-03-03,0.533739487466267,0.299821982402726,0.361214528514608,0.340864380770611,0.147720495000847
2005-03-04,-0.513546567346079,-1.16997404895489,0.13982591889139,0.201593048093418,0.326354053418676
2005-03-07,0.46718014816669,0.299388684336321,0.439609908761618,-0.540472297497896,0.535566366110185
2005-03-08,1.87830224093375,0.793823142262795,-0.322943032453082,-0.719205403138456,-0.253770286994559
2005-03-09,-0.112331419825473,0.42957053720194,0.668916201149727,0.847163204447998,1.08909871141556
2005-03-10,-2.3481497775693,-0.614805647253469,-0.854165216100711,-1.00924914546381,-0.647150374647243
2005-03-11,0.288024669551401,0.251631393146745,0.495864615708186,2.38750859074219,-0.0364088021147957
2005-03-14,0.275601697997274,0.114541533464596,-0.619498627600734,-0.303552777054694,-0.0202840692382189
2005-03-15,-1.9012216907794,-0.649990024507119,-0.246374009668493,-2.63923666248989,-0.232638753401826
2005-03-16,-1.07339241020545,0.114071740122235,0.439685070848306,0,0.263524221573697
2005-03-17,-0.969972311615219,-0.105097528670761,-0.826097317084162,-1.32579811199873,-0.450396069878067
2005-03-18,-1.30077475450863,0.0750912632820899,0.881921869464009,-0.0336774216482816,0.673685981326777
2005-03-22,-1.68264510872236,-0.376021459657672,-0.319031979008777,0.0704034965538725,0.0882576076044472
2005-03-23,-0.437604753853815,-1.2626865713651,-0.872314657058126,-1.39688593435938,-1.44905590227706
2005-03-24,0.542775956578456,-0.0478663985189698,0.0583348856167731,-1.08989504045951,0.295586208627441
2005-03-29,-1.09604502677874,-1.3715653357508,-1.25206222855638,0.274632212669346,-1.10957494290025
2005-03-30,-1.89650005963244,0.103362340376911,-0.293019630610836,-0.366693021146425,-0.214073906641765
2005-03-31,0.736681313274534,0.676476999645992,0.887208351303848,1.06500827054914,0.856828523960385
2005-04-01,3.52080809962487,-0.189053541116557,0.467499519835357,1.66569537823733,0.108280176173459
2005-04-04,-1.69793161520317,0.163378640706213,-0.4795835993324,0.0610873568171577,0.653255220298998
2005-04-06,0.984357615753684,0.360840954294162,1.35879543822615,0.558235400445195,0.369138957138571
2005-04-07,0.870368883474715,0.29516366408977,-0.13681275837758,0.0910516528076499,0.488696716897596
2005-04-08,1.86180858144347,0.472110853513996,0.538384310652518,0.330124929434295,0.254684844882203
2005-04-11,-0.60655179553617,-0.0496950789045769,-1.09321891683543,-0.629896274618336,-0.0165004400492386
2005-04-12,-1.74441931548719,-0.0137638288261854,-0.643495499024205,-0.42180646258263,-0.368300861310544
2005-04-13,2.3253374795587,1.03119641618452,-0.281279172504156,-0.0489022474215339,0.0243809875507317
2005-04-14,-1.11742007711833,-0.197446605966078,-0.640931407819068,-2.83086032343558,-0.253299941082652
2005-04-15,-1.41723669888645,-0.97515835053148,-1.67860551687333,-0.704843171801617,-0.850237361321593
2005-04-18,-1.59278470914463,-2.10069375593172,-3.87558010889553,-2.37376412592658,-1.99917412272814
2005-04-19,0.181012132189462,0.66315358487774,1.15815021833487,0.802179326503083,0.993309051341207
2005-04-20,-1.31792234278292,0.427081461991641,0.205105685045126,0.52518825824448,0.0253642590768877
2005-04-21,-0.986960382346869,0.706156016397586,-0.944057585563662,0.189714951652231,0.397471334018995
2005-04-22,-0.287819137518408,0.70529399913557,0.558867091714887,0.175538495974781,-0.0383658043745072
2005-04-25,-0.964272928225718,0.413063219352949,0.251540387208316,0.570230908778857,0.0224598180762925
2005-04-26,0.633583662972192,0.792113902689984,-0.343199671093153,-0.180892132917432,0.571492774289251
2005-04-27,-1.43212089450637,-0.143975198178481,-0.275937338358823,-1.52567212344321,-0.200233828175556
2005-04-28,1.75682292966455,0.502937015436444,0.0316157848981646,-1.34533846479989,-0.238007569921628
2005-05-09,-3.3299452685041,1.25504826393907,1.46457432087921,1.88571804455044,1.20980546884599
2005-05-10,0.41740449502754,-0.474746536956516,-0.106221109295213,-0.0984230988582802,-0.0203132863440203
2005-05-11,-0.999198517802302,-0.562126768755355,-0.347933220421837,-1.17353284169353,0.336023215512249
2005-05-12,-1.82030463051168,0.204098668818631,-0.385249302533097,-0.235282745873722,0.369747316862412
2005-05-13,0.329170769546216,-0.729082963119865,-0.260586172257149,0.214704051248571,-0.437414260001034
2005-05-17,-0.723974402668137,-1.4511852035481,-2.04555807803786,0.429108665038758,-0.799811939935591
2005-05-18,0.301462136959074,-0.293251044401721,0.0925173651454614,0.344545756239167,-0.0334260289739596
2005-05-19,0.0462285238219451,0.526387498951486,2.20658561699612,2.30879601192058,0.630423387088275
2005-05-20,-0.381343698285264,0.134883037335776,-0.360579107309711,0.0105026571818989,0.299467632535677
2005-05-24,-2.33960016084369,0.0138500419732068,0.869251432230378,-0.0609307719239283,0.0657627002042638
2005-05-25,-0.159367039167879,-1.15288700091547,-1.07658227253538,-1.08933884374789,-0.679482371729279
2005-05-26,-1.24543493707394,0.0584548548731689,0.122582115187519,0.276892406422569,-0.36679591231108
2005-05-27,-0.655671709685635,1.06133465028737,1.47966698248307,1.78499295218586,0.0993671232330406
2005-05-31,0.832119309495738,1.104288128486,0.75001731268447,0.963179077190368,0.327582785117198
2005-06-01,-2.05252142226549,0.0432586143658042,0.469605300012965,-0.0721753686499405,0.698829681538982
2005-06-02,-2.25091610104791,-0.422499468222703,-0.438926971794373,0.14120874954493,0.669342864507261
2005-06-03,-0.238458998544733,0.0280099578317206,0.177147180306392,0.535191855636619,0.051092327682678
2005-06-07,1.6923194869821,0.136246601352141,-0.733654895034874,-0.535191855636619,0.644164872835962
2005-06-08,7.89034416228001,0.441739638069905,0.565195242104011,0.548509412806553,-0.38818426409426
2005-06-09,1.37719557838185,-0.00172681374799311,-1.07077470669363,1.15695353039786,0.0122815197397763
2005-06-10,-2.03281178906973,0.261918795430738,1.27621850641138,0.324509855785582,0.989827022035339
2005-06-13,-0.180621205260945,0.123786268647486,0.064379942919679,-0.0302834533527196,-0.0707320344224271
2005-06-14,-1.16650942024386,-0.338947720884875,0.215565381612493,-0.682797044487238,-0.754123070404411
2005-06-15,-1.90376427779659,0.0682264843707259,0.702892335611338,1.83215998807835,-0.0127154242808736
2005-06-16,1.22010916744841,-0.582173295173938,0.00437976792539985,0.119695986521329,0.0376874443973385
2005-06-17,-0.0368388580437085,0.565857812643245,0.851712553810913,0.0538164870823366,0.290578618700188
2005-06-20,2.7268263191063,0.242230301729585,-0.266813160461865,-0.903760786544705,-0.534208458396002
2005-06-21,-1.27464954933343,0.240500425320889,0.0469265103776095,-0.469607441546671,-0.0336821410460431
2005-06-22,0.0490124900895061,1.29118788376701,0.508248612524476,1.22081289720768,0.440611390142553
2005-06-23,-0.758749023162419,0.207537887359699,0.254886505119067,0.859440447444282,0.772500957725786
2005-06-24,0.745136852045469,0.280429293091444,-0.343691417837988,-0.831504420763274,0.0121425535938968
2005-06-27,2.04451725659602,-0.381957584490067,-1.06966591801374,-1.13568041454322,-0.76787506315501
2005-06-28,-1.43740468686469,0.78276141078728,0.868371841925253,0.365586931845474,-0.413231234301747
2005-06-29,-0.325265242179995,-0.0711367058976009,0.550945538308945,0.435345904296636,0.211824038038699
2005-06-30,-2.20052522011649,-0.53528528695459,0.056732200930476,0.904731067135067,0.47067650818251
2005-07-05,-3.95338230215021,-0.538449206829839,0.281801907211054,1.05083923325644,0.448676932499303
2005-07-06,-0.529773166923597,0.177755944031865,-0.113435581062049,0.0196288190950966,0.516970954412788
2005-07-07,0.487417416497316,-0.845405120431764,-0.115462550666656,0.763508007990232,-0.9801111637735
2005-07-08,-2.00533808581653,-0.473937922219747,-0.208584152497338,-0.475408090937623,0.16484773386658
2005-07-11,-0.638589394425271,1.37099073588605,0.936292110865011,1.7921522334424,1.13077185641481
2005-07-12,3.36919399904465,-0.0727100860567376,0.148500493547132,0.331045108523842,-0.250179947232887
2005-07-13,-0.841837421073066,1.12708433685871,-0.276636247535933,0.599799318770255,0.152862855493741
2005-07-14,0.291653437783879,1.27951343575798,0.891566307232949,1.11454737633521,0.496752091293118
2005-07-15,-1.38495243058534,0.0879436858454596,-0.047443050100604,-0.219652886058963,0.00577720005940918
2005-07-19,-1.15269402121632,0.436502719246867,0.0523731154249418,1.48755951351029,1.87670176754056
2005-07-20,0.658349631473154,0.239694819400427,0.208115913529916,-0.100470732398961,0.710101241634842
2005-07-21,-0.0411425890368911,0.119358707575934,-0.0222259172074857,0.0232660944257113,0.0813782401416496
2005-07-22,2.48591625091956,1.13118669617531,-0.780864703172313,-0.040021034845239,0.354175315377336
2005-07-25,-0.087965890207542,0.0511823851818249,0.57635818629187,1.43076121780075,-0.420398333541705
2005-07-26,2.58817870471422,-0.163036381718307,-0.210122282648406,0.0825574509121019,0.525114671747495
2005-07-27,1.58137496808948,0.215949135365534,0.823996815964634,0.222565270040231,0.509088415497949
2005-07-28,-0.308758504111317,0.0773927463686874,0.196088507751924,1.0638252984732,0.537202588542485
2005-07-29,-0.32448705173902,0.455711143840531,0.347589847521945,0.59295935037591,0.271136106513836
2005-08-01,0.545126074826285,0.655732148747923,0.396871846377067,0.421143995286233,0.557831842351764
2005-08-02,1.37622498681216,1.05061538907627,-0.0562646328003069,0.255055377863389,0.481146231145591
2005-08-03,0.330961445814815,-0.122820334864748,0.347797357527213,-0.153850312554749,-0.503552068594093
2005-08-04,-0.462383588058923,-0.0460469130903363,-0.825393716229605,-0.513350914206967,-0.11845385281255
2005-08-05,2.34400086919564,-0.399299536001152,-0.988008353326109,-2.00211163284134,-1.0005911705151
2005-08-08,0.89433569875732,0.382092661680034,0.106177591555578,-0.250000130208505,0.398542903588872
2005-08-10,2.27015144193814,1.55949488516072,2.67301752879092,1.66282635783173,-0.414791385674373
2005-08-11,1.57969060415386,0.641670500279723,1.35659308699019,1.69704740877394,-1.40040097072909
2005-08-12,-1.33193548910233,0.0372214665347315,-0.0133741080729166,0.572319984189118,-0.120195190608374
2005-08-16,0.798230402468469,-0.0474517051866741,0.43934831742245,-1.1828453777035,0.0911359507584031
2005-08-17,1.31219421232736,0.0385845433553911,-0.346093016143634,-0.330018504333651,-1.09345047518437
2005-08-18,-3.82724945616069,-1.9707367107932,0.278676480132134,-1.86228160242683,0.108263779687956
2005-08-19,0.186231137010129,-0.725355736238065,-0.127159140841826,-0.259325075801353,0.160208042040733
2005-08-22,0.72939278143469,1.18994412035924,1.29955304956013,2.42923989586954,0.636104784553293
2005-08-23,-0.748522051885292,-1.62123175265148,0.163848698906577,-0.0752512890938917,-0.491874620696287
2005-08-24,1.4829152671652,-0.670338019631522,0.234873196026442,-1.95748428022648,-0.495183815742628
2005-08-25,0.455632282383078,0.102476409996655,-0.779691288032858,0.281086199215963,0.26519110385701
2005-08-26,-0.0520404562299071,0.627948176153659,0.276277070869924,-0.983596471143589,0.094072355136543
2005-08-29,-1.49855144288757,-0.978684438566724,-1.04771556039118,-2.17619335468298,-0.638363050103141
2005-08-30,-0.698884113089004,0.572933827811717,1.15746697563921,0.884932522648274,-0.154608894598951
2005-08-31,1.42130151676314,-0.125193766588616,-0.318015415961881,0.994470008246484,0.305463361868341
2005-09-01,1.88528114097499,1.59884659759513,0.749344312000311,2.10447552876056,0.87990644212379
2005-09-02,0.330275220394061,0.514661785352466,0.741072505029194,0.851413657332944,0.232789465564043
2005-09-06,-1.31491160753079,-0.402269335822858,-0.00452391185117307,0.609343938941187,-0.501933406210409
2005-09-07,1.77312755218084,0.419874009777743,0.0647438712315207,1.7955673871942,0.328371716719911
2005-09-08,0.00837268495752497,-0.384328067592676,-0.586283791619202,0.198404959654397,0.0435274665181673
2005-09-09,-0.401841121596114,-0.00263748378781514,1.25388496724934,0.630181042410793,0.146982749468894
2005-09-12,-0.11859554007323,0.22406973053517,1.59755035733049,0.50717157777207,1.03018598746649
2005-09-13,1.58225204007092,-0.85384400989561,0.0427933853538676,-0.0207210941479907,-0.63683215401511
2005-09-14,0.833193788983166,0.106508642507208,-0.526108408822168,1.0863651277103,0.129766222764527
2005-09-15,0.00164302085821078,-0.302712292241836,1.18145383213708,-0.100839195678493,0.186568024023881
2005-09-16,-0.356345249785495,-0.385156193750902,-0.216608308250521,0.387418776861459,-0.488317489410228
2005-09-20,-0.0272100992373403,1.71160166219284,1.45471735784088,1.4207066692677,0.0450821456333017
2005-09-21,-2.05205046079424,-0.119742096165254,0.364393987757694,0.480818483700141,-0.380802315112039
2005-09-22,-2.38772816315,-0.287269093936615,-0.282365484526892,0.275385713793064,-0.347327736827729
2005-09-26,-0.425054635639466,0.619685403353643,1.75712631556433,0.535245088041947,1.16748211002502
2005-09-27,-1.90541887870737,-0.554291554564301,-0.618591798967572,0.266552036101064,-0.479231380318534
2005-09-28,-0.12980076965583,0.207685760319976,0.941233564375388,1.5536363689896,-0.202242091006966
2005-09-29,2.07330631329743,1.36883998658419,1.34056637091966,0.215465631230938,-0.110842347904949
2005-09-30,0.0112501027771827,-0.017692938133429,-0.315833790173237,-0.832716262186484,0.254103250465842
2005-10-12,0.538521923165636,-5.69086402817103,-0.817815316548121,-0.324027075189548,0.66541957324695
2005-10-13,-0.798462629790553,0.320651303872133,-0.107754707230612,-1.95982211266079,0.00732564428291838
2005-10-14,-1.13954883843759,-0.934123560848477,-0.213622969107341,-0.274373916153081,-0.755203700018559
2005-10-17,-0.719532107859955,0.382193323452817,-0.151002067033623,-1.16712289836878,-0.640276764974423
2005-10-18,0.864221380060481,0.38471155509221,-0.359218748051049,0.834685576399696,-0.191571777704258
2005-10-19,-0.579136080688958,-1.5508682209683,-1.68233158186712,-2.82917965627796,-2.93338433074197
2005-10-20,0.118032569548543,0.251409882369025,0.463299581179122,0.786058915806187,0.393700410216447
2005-10-21,0.471618205435309,0.546151985360055,0.0719200680023846,1.81186773620281,0.558860808278272
2005-10-24,-0.0131435406258262,-0.591897941996677,-0.712916701581356,0.0945914059922615,-0.740895193366686
2005-10-25,-1.70125485832209,0.156310575711061,1.32219550149344,-0.280656853200956,0.163172137820222
2005-10-26,-2.23164803284792,0.230308428283976,0.857716638441097,-0.193197477348406,0.104595711236133
2005-10-27,0.0564935730807292,-0.534551468443212,0.164552608544355,-1.0778833423827,-1.21382133054251
2005-10-28,-1.55236863070574,-1.15559306430857,-0.527134695095377,-2.222814613968,-0.431922861772271
2005-10-31,1.09952388715095,1.19250981398213,1.92904445165869,1.51297240121036,1.10497860636087
2005-11-02,1.08937603825021,1.45676805131085,2.09656102946862,4.24912535785937,1.73382306815277
2005-11-04,-0.429963834320723,-0.0801143985938779,1.29551477032468,1.11918744209332,0.485620340206605
2005-11-07,0.0545281060450264,-1.51980813929864,-0.102069982235342,-0.287652065828237,-0.417367304950655
2005-11-08,0.859422695224499,0.260071841840315,-0.17702124286032,0.673981563065951,0.658415695219183
2005-11-09,-0.180318310590266,1.34033022972631,0.252375446711817,0.0717108778642839,-0.0730904063958704
2005-11-10,-1.80751125036664,0.244809720881811,0.0616628821786591,0.555642732236539,-0.533501832899308
2005-11-11,0.173514725721979,0.730378787327801,0.525430856290754,1.74182798067486,0.343922465835789
2005-11-14,-0.141359646090766,-0.756623694838687,-0.276041786682413,0.120139248662099,-0.525643994435931
2005-11-15,-0.104771717546814,-0.0142188680516853,-0.172080044419864,-0.300220413511987,-0.60783698171587
2005-11-16,0.767613918469667,0.158002898508869,0.559751010739085,1.05513826882602,0.621588448375832
2005-11-17,-0.0529390300790133,0.933749377352022,1.68581724528831,0.172678250365621,0.31134116536613
2005-11-18,1.96090918624341,0.642643417179478,1.45572162574865,0.228202805989586,1.39243339700146
2005-11-21,0.262859235636803,0.0151164521369651,0.391147646401535,-0.271541458835856,-0.467688856510406
2005-11-22,-1.91838570438918,0.000537431788139031,0.189800575884647,-1.93377290729364,-0.19559093536472
2005-11-25,1.46913980595444,1.30691762984476,0.51518104384467,3.84013894359496,0.77354515902357
2005-11-28,-0.368417212925465,0.122790588584465,1.36140246773646,0.0402016271610961,0.556441436000554
2005-11-29,-1.25284158485686,-0.472904512278483,-0.39606077451424,-1.11616629490099,-0.245477655135673
2005-11-30,0.206716066780999,-0.611496971519365,-0.372821100397225,1.40175066300499,-0.114270085189005
2005-12-01,-0.0464056131821877,0.872455181916365,1.72222377448055,0.656062458718765,0.465819147143609
2005-12-02,-0.406741887864559,0.874514673767202,1.90565499203821,0.316501926989332,0.927322404172148
2005-12-05,-1.38857252271949,-0.27378867665302,0.837575534863078,0.383199149429103,0.00385841337804393
2005-12-06,0.792808918672439,-1.11585356908055,-0.826033948504623,0.44837170795029,-1.04548287314383
2005-12-07,1.08074563855469,0.95826337849001,0.396531648696374,0.278931774574875,0.149778390654642
2005-12-08,-0.11738318764678,-1.70450626687089,-1.96497651037308,-0.0415258882125791,-0.264211245367729
2005-12-09,1.37085065637388,0.210475722445835,1.4430370509487,-0.513322498144486,0.665255619267935
2005-12-12,0.259210405916033,0.494332650391271,2.14921855988095,1.19292909213371,0.442773426221343
2005-12-13,0.132484734401928,-0.279212745826207,0.254842200568639,0.243472257695831,-0.319201537521785
2005-12-14,0.672244467391447,0.22487482269451,-2.01188217927317,-0.165496621130146,0.0176406682397712
2005-12-15,-0.162742649138448,0.551086651759114,-1.36816394501285,0.255244435811885,0.0580631442236523
2005-12-16,0.350944577830514,-0.194158491215468,-0.53484622286053,-1.25174649996804,-0.00859982026906181
2005-12-19,0.375344579896453,1.01335736277193,1.42919635783034,1.38024473212166,0.0438513532159845
2005-12-20,0.404746395963151,-0.0904057315018747,1.60981849631323,0.119385180572884,0.0932276820535982
2005-12-21,-0.492259826903396,0.34385677594635,2.00210302584836,0.976573159916327,0.169477385305772
2005-12-22,0.395410930013895,-0.255822162644037,-0.101570781930249,-0.243250656907179,-0.387000545287197
2005-12-28,1.90122946777711,-0.534869937125571,1.5760853855495,1.27179420958754,0.610528438022317
2005-12-29,1.10277065279645,-0.371180037618046,0.919462352026912,0.816010176670012,0.319862249495095
2006-01-04,0.944358350920282,1.02144502134927,0.106036442683966,1.63513716862109,1.63910366327062
2006-01-05,1.37162980102916,0.466474258947613,0.389363197937875,-0.471830501949277,0.819154560976987
2006-01-06,1.00969407961893,0.478907563146258,0.0172888312754083,1.22994546230402,0.704326062896676
2006-01-11,0.134684606411195,1.97739520034617,-0.394123431143889,-1.33175218173669,-0.0863745277787764
2006-01-12,1.28398851463709,0.436656442484207,0.497428848351156,0.60715251215564,-0.46705140609129
2006-01-13,-0.428077250009817,0.435454775934119,0.059331056258749,0.97203180503671,-0.0631591215284999
2006-01-17,-1.07165929519581,-1.35041493669039,-4.02398923784997,-1.90321726263134,-1.20850676937394
2006-01-18,2.04037727997628,-0.611707777303749,-2.98457353644874,-2.67437150810421,-0.745739543156354
2006-01-19,1.46727087344587,1.21478283351504,2.28830255461467,0.569734916216902,0.811348064523632
2006-01-20,0.297580089477467,-0.0532354596471052,0.00261204976794716,-2.67087693747907,0.43587494518853
2006-01-23,0.0366376224688381,-1.26779704860169,-2.1640817568942,-2.08610232176483,-1.00718580936405
2006-01-24,-0.295873540589309,0.424580590806833,1.85909434206959,2.24072539291278,0.141550615295305
2006-01-25,0.477270826408915,-0.0655696336906431,0.0134824755180674,1.18079456319817,0.434805275746086
2006-02-06,2.32404162159314,0.178122869443875,6.77297052765926,-0.0707838031513752,2.59116685428618
2006-02-07,-0.430396075580664,-0.199903044415883,-0.159970155496048,-0.700098599115595,0.312895848360917
2006-02-08,0.618937034333733,-0.929549642542149,-2.71771884197669,-1.61091832499309,-0.839868951059408
2006-02-09,-1.61049931177679,0.259786217245761,1.0209688423636,0.810594528238173,0.138686859531489
2006-02-10,1.03523108145582,0.0811948922956773,-1.11226775548552,1.02150393873242,-0.330778990884717
2006-02-13,-0.235725824331823,-0.740844378933048,-2.36615490815897,-1.0873519230981,0.243556287705005
2006-02-14,0.521441416577861,0.704340775336654,1.91637654200125,0.560212865660059,0.471412315006159
2006-02-15,0.993239648656097,0.0190639349188615,-1.56950948452668,-1.85184144929593,-0.691040025274692
2006-02-16,-2.22127585616123,0.178920011168948,0.693261888730667,0.800566502617173,0.431791863404385
2006-02-17,-0.253739241905304,0.160444597136156,-2.07973457547563,1.39100484268173,-0.136457070084983
2006-02-21,1.64412134388856,0.974513972552593,1.14837860789816,1.02717365374616,0.50134466739582
2006-02-22,-0.325734453171656,0.0542495029771217,-0.714470951358592,-0.439885044291088,-0.643342497492227
2006-02-23,0.359103095493918,1.12446233419679,1.97208965515738,1.52863466414583,0.31623537962151
2006-02-24,0.620332110069732,0.274846724394173,0.0360891872700719,0.336627809128753,0.739994172902847
2006-02-27,0.0246717502003335,0.590080169226503,0.563806383821053,0.661147371271742,0.961265067642891
2006-02-28,0.141744560019497,-0.197123418430145,0.0770408928920219,-0.23958037580476,0.185105702205846
2006-03-02,-1.03378488667678,-0.22659724364491,-1.8413613877895,-0.284015391935988,-0.0669050014276529
2006-03-03,0.591710819582314,-0.507821173405709,-1.56098073146271,-2.87413401543803,0.527975201739395
2006-03-06,-0.33691579938564,0.0621879747997767,1.50691124708739,1.18264017190324,0.777023310988767
2006-03-07,-2.27797065610167,-1.33362091837412,-1.10753971921369,-2.11097365827344,-0.948821899378416
2006-03-08,-0.760072176861559,-0.702806679244894,-0.628512242172619,-0.199185079843645,0.538890471250042
2006-03-09,-0.417543833574463,0.109924077020551,2.58613975627178,-0.216359606886218,0.0659097060919045
2006-03-10,0.0385415249549936,-0.420479518362704,0.489666802631383,0.673439047526525,-0.300741281425054
2006-03-13,1.11922998690623,0.626197704282916,1.5142016688845,1.37004418809097,0.615310384154544
2006-03-14,-0.0500256093904028,-0.143648998377621,-0.755528079137946,-0.899209685799196,-0.216783245946761
2006-03-15,1.2447622093485,1.28426367842209,0.495617986387131,0.577384435912531,-0.346872900110462
2006-03-16,-0.0486465290094884,0.0551997826375938,-1.3748683724474,0.14981500652258,0.0364222179553231
2006-03-17,-0.371906940963296,0.460631247672261,1.50157248756244,0.383998081204773,-0.181041196255727
2006-03-20,1.48250482855943,0.808598737977917,1.729599096684,0.414464413294713,0.726584529472518
2006-03-22,0.641362594309047,-1.81895986870071,-0.780915241002056,-2.77523720878063,-0.932857878584148
2006-03-23,0.442449657409494,0.817220322767653,-0.0370473115378189,0.185348382066941,0.0951633407893837
2006-03-24,-0.597577591860876,-0.347501892364654,0.432675294005058,0.681227928666228,0.227302436033128
2006-03-27,0.0941859547281432,0.630529550790193,0.537353860540435,0.687142775425897,0.276714948420054
2006-03-28,0.221219417232277,0.257068982154252,0.240789502411509,0.0728871221191696,0.372275132002997
2006-03-29,0.520666522046387,-0.705471525809109,1.47597066954113,0.105854673683226,0.285242291639332
2006-03-30,-0.834527146534292,0.857406488318446,0.629302845556623,0.40586233947435,0.0115038508275767
2006-03-31,0.276126082688144,-0.477502924759143,0.0839759615395508,1.59099488257555,0.48907592679317
2006-04-03,1.61744244339017,1.62363041301656,1.59134715536542,1.47117844976501,0.601330401862388
2006-04-04,0.779841416824478,0.225968139769073,-0.233349284629547,0.425980343215393,-0.633308357085482
2006-04-06,0.744701029962958,1.91349011452679,1.12943897801401,0.81649535051973,0.396041682292303
2006-04-07,0.240056774617425,0.368885045606682,0.422450254116669,0.382945141048641,0.369404642901561
2006-04-10,1.19318672182365,0.301939679651575,-0.609882829704667,-0.290647018737289,-0.240487996374128
2006-04-11,0.231506253008451,-0.277476585263869,-0.220503715037346,-0.877044233824531,0.342706459034314
2006-04-12,-0.154277936535152,-1.0068231855163,-1.47819333678338,-0.179804862734034,-0.32974538348256
2006-04-13,-2.0650994233451,0.72504434119427,0.213027957529377,1.5868056508884,-0.0734683166568217
2006-04-18,3.88502696866428,1.25855307362315,0.195806232458473,1.50247114534627,0.582724142543256
2006-04-19,0.83327524614063,1.15281647766938,0.678139647726184,0.756764896694229,1.03361600013994
2006-04-20,-0.776256323696867,0.674470310600306,-0.188013953067312,-0.256964824421413,-0.0816315522246924
2006-04-21,2.20440012097258,-0.190155622745891,0.497848326877737,1.18942576271612,0.760339722304515
2006-04-24,-0.495299217457479,-1.22841157737703,-2.85324364050457,-1.41350258704822,-0.421482739839529
2006-04-25,-0.71328197172198,-0.768554149216527,0.329883795215125,0.0146745909720636,-0.343501538465585
2006-04-26,1.25727097622379,0.570761085502269,0.503377576675845,1.39262650978464,0.503450697182117
2006-04-27,-0.0529248021498674,0.420104934689469,0.343045076505177,0.0902281593714527,0.169690154248947
2006-04-28,1.64444805450605,-0.488263655944188,-1.22462015608829,-2.28401508863518,0.370316074111354
2006-05-08,3.87340237773026,3.77212994524552,2.25426896022185,2.26335933731203,1.78689728739494
2006-05-09,2.24957145996942,-0.97457544525561,-0.584412690570701,-0.123334738492797,-1.06290220831529
2006-05-10,0.944479452114333,-0.31214788174605,-1.39990640969163,0.0448039490112961,0.501084960100595
2006-05-11,-0.539074372240744,0.351768862944901,-0.531081949273471,0.933544517478246,-0.847734806492806
2006-05-15,7.91987586027707,-3.84128149943557,-2.25041394406826,-3.52420202393446,-3.3269093668725
2006-05-16,-3.10276496410422,-0.618648012145506,-2.01254566820772,-2.27971061346395,-0.837080234525001
2006-05-17,0.734934138010335,1.34778792738128,0.919427324931021,1.39103687886442,1.38237303727751
2006-05-18,-0.485439343627814,-2.12299961198941,-1.36128677804912,-2.62573730474465,-1.84171497749599
2006-05-19,2.58007555034645,0.287539624285849,0.423477253719717,0.521656452119945,-0.328252392352901
2006-05-22,-0.112141430521984,-3.16251578927016,-1.85915469801881,-2.48640560655948,-3.14809926552231
2006-05-23,-3.25817235377697,0.372844453783472,-1.64462761722888,-0.654314762972952,0.530721969410219
2006-05-24,-0.853087818766785,-0.264586485744722,1.95522060289761,0.264339830408211,0.28770493119703
2006-05-25,0.0320517859045744,-0.797922222740866,-1.3509292994458,-2.86196762432906,-1.32619171549129
2006-05-26,1.40144307601862,1.2548282069508,1.7497006400637,2.03735576967574,1.67321156770441
2006-05-30,2.65363243489034,-0.234371736538286,-0.699401315532278,-0.358316072369202,-0.142431509623009
2006-06-01,1.61009978404376,-1.34985333823572,-2.26842520271191,-1.73076017629494,-2.27173290688887
2006-06-02,-0.882045562451861,1.69495260866732,1.82518436274055,1.07138533323825,1.36161833344408
2006-06-05,0.907573864869349,0.648442214063571,-0.769292761133933,-0.568440163011363,-0.50428248835459
2006-06-07,-5.8089061776375,-1.25457229339485,-3.72097306648573,-2.70840317009222,-2.17617161038977
2006-06-08,0.121972703299367,-2.34407371156546,-3.11491682243794,-3.51124637579918,-2.50714899237341
2006-06-09,-2.55258269300711,1.14922046815717,0.80187280480466,1.01840003643625,1.74045022914422
2006-06-12,0.0914895462923226,-0.0463998078092942,0.555507219687179,0.338519161966566,0.046621343581954
2006-06-13,-0.277949032484237,-2.50869881830216,-4.23041358686724,-2.94492779775766,-1.95088961452914
2006-06-14,-1.11436237036786,0.0885758828399474,0.637687872174908,1.47348260170901,-0.554437124541263
2006-06-15,0.172902620628079,1.21997406579162,1.12022163576206,-0.190895258143797,0.949582750075795
2006-06-16,2.60530426591643,2.60628294070493,2.78436118581329,3.44893729703442,3.05732978216655
2006-06-19,0.747924872500505,-0.466856116799796,-0.127708140743721,-0.836964780163552,-0.253489836927656
2006-06-20,0.380039593889592,-1.01913601990002,-1.43647950252959,-2.08604940772519,-1.73763320328311
2006-06-21,0.362958601852537,0.322307226652363,-0.0283347337594719,0.110883738358858,0.106942465273185
2006-06-22,-0.128358067708056,1.06295659482392,3.30070813150645,0.944038284123838,1.27743438698324
2006-06-23,0.602166865259068,-0.113100764976082,-0.0770000299116447,-0.827579750147578,-0.702595934906469
2006-06-26,1.7128316101477,-0.025305548819432,0.187340442234607,0.764597286258795,1.05754153219149
2006-06-27,0.372747147131314,-0.190693326934444,0.128016542892873,0.763605108877563,-0.438470966080473
2006-06-28,-0.0158592673351166,-0.203316591473168,-1.90105372755269,-0.710309673258269,-0.287997344574986
2006-06-29,1.95299948379146,0.775506704278328,1.56658626562667,1.94351630305567,1.51852917002238
2006-06-30,0.0352888756977698,2.5047337089223,2.5079735583196,2.5120840003817,2.01659205240912
2006-07-03,1.48808648333416,0.362272549482689,0.427586503288424,-0.0417027066466069,0.117776218306798
2006-07-05,1.24597611724031,-0.364977345578055,-0.306667816030703,-1.14666079285408,-0.582022344833888
2006-07-06,1.32428532790865,1.06280257229283,-1.31328045667303,-1.24932339102202,0.9835512297097
2006-07-07,-0.649835507790186,0.114222263144015,-0.09004535851318,0.78569609311776,-0.120166776497221
2006-07-10,0.23899426013303,0.871235767505674,1.58912393310491,1.97113508395086,-0.27356996982224
2006-07-11,0.659745966558578,-0.687016699331267,-0.509176605118533,0.0884707315766953,-0.928656382622517
2006-07-12,-0.333351810926263,0.194351627893319,-1.46146517486265,-0.288780508181574,0.283135844194238
2006-07-13,-4.96189557982136,-1.32042887547481,-0.997593888027914,-0.904058123055496,-1.08396297267497
2006-07-14,0.568508417707747,-1.04664193760016,-1.68796978703813,-2.35351295519024,-1.39030303442444
2006-07-18,1.13691192533301,-0.570362006938119,-2.78682956828078,-1.74483540929948,-1.26626008560233
2006-07-19,-2.34827169334855,0.333525709997851,0.435560083840514,0.0186455998951729,0.341346896587602
2006-07-20,0.603586982820392,2.3033143363012,3.03333259569367,3.16347008148012,1.76711833612604
2006-07-21,0.614978823858703,-0.0512496671486673,-0.843726976034809,-0.154835900981709,-0.511893035815714
2006-07-24,0.0366226698417016,0.099621283482243,-0.180714641681945,-0.629667363609432,0.154643224305762
2006-07-25,1.16489948897023,0.624660841480207,1.41439833528398,1.29134513344518,1.35995070479318
2006-07-26,0.0705789579461324,0.201077742887534,-0.810795992272517,-0.0539304778883753,-0.051933268995441
2006-07-27,-0.68296604951934,1.78647269544783,1.96727655987043,1.33498400581322,1.58116001444721
2006-07-28,-0.787490585246076,0.225969715138419,1.06865918990877,0.0616965014518911,-0.624527583322898
2006-07-31,-3.01113516366573,0.0960904243495264,0.739881192134284,0.0578059201649772,0.656019846506695
2006-08-01,-0.754358858678561,-0.353986222600255,-0.102920224557224,-0.80923240019235,-0.0159493873114869
2006-08-02,0.0162424878850764,0.715178460138688,0.151301427980854,0.600202384978221,0.365378858957843
2006-08-03,0.0118678422215801,0.0919569434044476,0.0393086594666414,-0.236552932706946,0.126245160401695
2006-08-04,-1.94947536917853,-0.9466063066494,0.186053774179662,0.959738703559143,0.236991499150641
2006-08-07,-1.45692035859968,0.388578367775771,-2.2518636447959,-1.1541925704325,-0.108466709935762
2006-08-08,2.11899156742268,0.556737488383163,2.02889379156375,1.65809138899533,0.194506374656367
2006-08-10,1.59921064411481,1.01511390691638,1.06929433401,-0.519231421072153,-0.831425231146543
2006-08-11,-0.00809467028677346,0.161347954436053,-0.422427528085478,-0.940536356645971,0.245135212616443
2006-08-14,-2.21561821290432,0.231963314158889,1.85918913559089,0.232683188303096,-0.00530489907557552
2006-08-16,2.86607948953534,0.926979463041633,1.34208257305897,1.57048027693651,0.119496010287801
2006-08-17,-0.812492434520262,-0.447851775770225,-0.31484311908887,0.920793828163369,0.699422844431474
2006-08-18,-0.331735353500129,-0.244065964183093,0.530025687682745,0.249729339076854,0.519966130384475
2006-08-21,0.195675815833773,-1.88027292235056,-0.853878389058416,-0.710957958721892,-0.655649987610563
2006-08-22,0.759064151692623,0.830683017481526,1.31963728029234,1.00052403728936,0.553323872633449
2006-08-23,-0.0589010324708816,-0.358431069517451,-0.112168499464893,-0.752660597939681,-0.352496201057662
2006-08-24,0.656485905455728,-1.20897178116284,-1.26020971320937,-0.698307819690402,-1.06337044225082
2006-08-25,0.000616133454567347,0.427974832938816,-0.137683380120635,1.02984562855157,0.289836343423211
2006-08-28,1.67471463799433,-0.195762825914336,-1.11081935548203,-0.109888466748842,-1.07208429719039
2006-08-29,0.0351359705080156,0.946851958464912,0.808581118947771,1.2512791882938,1.15846436669456
2006-08-30,0.252252712997159,1.17220882857367,-0.116741159600942,-0.242743868172557,0.652361992303341
2006-08-31,0.208218360413959,0.620355895732416,1.67899390910033,0.845559566501564,0.44370140963137
2006-09-01,-1.3322079813272,0.180664163531041,-0.0403408091170121,0.290100262136761,0.365911930060214
2006-09-05,1.65965085105961,0.0865112501363896,1.54805289861777,0.336288126305284,1.12668591540546
2006-09-06,0.481986425563541,-1.03922536122312,-0.623631308535266,-0.311229902654819,0.269903557458306
2006-09-07,-0.655806941049075,-0.943510046165841,-1.68245109248701,-0.431286624404148,-0.840240877213994
2006-09-08,0.407910044541548,0.2880658024635,0.424082370866508,0.274938644621958,0.189411743928236
2006-09-11,0.418194121187909,-1.15662681991786,-1.79506897513324,-1.54783545142205,-0.865439068722029
2006-09-12,1.23947321238198,0.745418671834308,-0.476237916863731,-0.453774462773815,-0.0526558031022084
2006-09-13,-0.382246976023026,0.785410320688484,0.195173848292463,0.382538973991675,0.834000465921481
2006-09-14,0.0177563124156954,-0.154622315430153,1.21380595175662,1.90355986308086,0.435250339004067
2006-09-15,1.83894895269887,0.314923374295439,-0.474453031714539,0.172803690260803,0.116646313078483
2006-09-19,0.821116267896294,0.630634153362131,0.0463120349310842,0.939660668023912,0.645437652673753
2006-09-20,-0.160914072597063,0.9538891697213,-0.985101159566781,-0.548098540775221,-0.269051735781023
2006-09-21,0.486562924593326,0.609173962558174,0.73248745240857,0.0256107244478443,0.269839680230977
2006-09-22,-0.896649652094705,-0.109708471558889,-1.26831681527122,-1.35610529990364,-0.702151237313586
2006-09-25,-0.173447500215751,-0.31075497548585,-0.00550074707952319,0.505255199926058,0.134406757223005
2006-09-26,-0.566520972186879,-1.36548389334603,-0.489625315232622,-0.832850344982017,0.0835661815520972
2006-09-27,0.721419898271058,1.22558245169451,2.47856544214429,1.18788379049377,1.254958542276
2006-09-28,0.688622016398543,0.0516945082960518,0.481536439497532,0.834723275640403,0.392909416542686
2006-09-29,0.886123102764635,0.0711645990730148,0.639020749468955,-0.00145834244795751,0.0346517213497322
2006-10-10,1.83422909712476,1.58711722818055,2.1449791741917,-3.18867809538492,3.02140103094066
2006-10-11,0.293150343085635,0.219074588921053,-0.466455130138321,-0.217042431068482,-0.228765127833519
2006-10-12,-0.668111490111833,0.0576451470355011,-0.1938395535376,0.473419091617622,-0.0367267740414512
2006-10-13,0.363755158534218,0.645644769248044,1.01947830811344,1.25506240065807,0.981294097858587
2006-10-16,-0.751418062181841,0.118558665140966,0.940261461651204,0.600300473466309,0.107566588274111
2006-10-17,-0.41864736411199,0.0257598605063691,-0.487444797560421,-0.400292999110441,-1.20025935707986
2006-10-18,1.31172873371774,0.1843999332376,0.248973586573342,0.218808762767964,0.178783863140897
2006-10-19,0.282725977837295,-0.339225513214103,-0.612210670267466,-0.0147693035065011,0.947653042941266
2006-10-20,-0.105509680112181,0.701267010783724,0.603983585920531,0.749001036800401,0.704148026831852
2006-10-23,-1.74495588852643,-0.130926948217791,0.820507915850577,0.0520300906875271,0.192635294711252
2006-10-25,2.65071435841842,0.375692311657438,-0.534638631463302,0.473619315520413,0.852718775394212
2006-10-26,0.221159518446612,1.07254378316437,0.670232195414044,0.161743955293137,0.990780324404472
2006-10-27,-0.19182775664266,-0.306619734382352,-0.851421796646257,-0.332514507500026,-0.42802354227014
2006-10-31,1.69049639556036,0.146360537187462,-1.631076734777,-0.332158160848905,-1.03945719615695
2006-11-01,0.959478893341981,0.703140642355926,-0.147247975858633,0.715618812100072,1.32476618159441
2006-11-02,-0.237387554762059,1.40514031120915,-0.154253867375509,0.680185938334521,-0.248685387711856
2006-11-06,1.87290431310654,1.17803309839974,0.0901121816955452,-0.328638113743018,-0.0677642051457816
2006-11-07,0.170558115840969,0.0145739265320799,0.17491824057867,0.596395213923451,0.733435799393689
2006-11-08,-1.20916723409632,-0.67850927382338,-1.08970493327991,-0.532609993985034,-0.507611601002544
2006-11-09,1.57630877924566,0.750028010161685,-0.105940873681476,1.39379340795296,0.375486904131428
2006-11-10,-0.694743034044887,-0.32618145398029,-0.53319429344274,-0.26545807078886,-0.0101986923907837
2006-11-13,-1.0450787916386,-0.119704418568567,-0.55976635290822,0.06875756783149,0.0702770144807907
2006-11-14,1.30438601962677,0.0523485876776419,1.65304376492799,0.761756285116277,0.459042918835095
2006-11-15,1.82100865833377,1.13023049565566,-0.283281606290409,0.366678780010421,0.640724539581861
2006-11-16,0.963135826969452,0.319344995054216,-0.491247723993382,-0.126802435445406,0.747124655655362
2006-11-17,1.54551364961586,0.149412680605998,-0.447302919687331,0.104145643267017,0.524982360942516
2006-11-20,2.28083097295366,-1.19611236257366,-2.29938971989032,-0.711337088421793,-1.49593001241906
2006-11-21,0.999803634186947,0.282749702177654,0.052129557113112,0.262810368815991,1.12912440319981
2006-11-22,0.186324798321635,1.26763729687873,1.13808037385574,1.17663390271874,0.963631877539672
2006-11-24,0.4623483369115,0.0493883719901334,-1.13515683767336,-0.0569566195823157,-0.53890150137601
2006-11-27,-0.172275419673618,-0.292687117925006,0.953708021694766,0.238859769467314,0.924021957062937
2006-11-28,-0.418992291869191,-2.98345170461314,-0.189788290601101,-0.963132312934611,-1.88786419597422
2006-11-29,0.751076754299707,0.755739897350161,1.38386109469852,0.781932128509411,1.3733323319026
2006-11-30,2.17662648352182,0.951481964133727,1.22491023972504,0.676767004586321,0.429664785113637
2006-12-01,0.131386671730294,-1.43243187278017,0.291139240334637,0.150005086437943,-0.0877599592502776
2006-12-04,2.79587599288389,0.0637008275639062,-0.111508325482923,-0.552290607643702,0.516288101075268
2006-12-05,0.536572812170011,1.28277857021573,-0.232304402836192,-0.412357234169658,1.78251146031565
2006-12-06,-0.770463962620838,0.432809786902233,0.646629520784714,-0.484067670225929,-0.24046890927174
2006-12-07,0.00695515087159038,-0.968442464197494,0.621595052834856,-0.242915385930242,0.233921463548548
2006-12-08,-2.96982810768771,-0.548121824695258,-0.337720037945388,-1.41893958950954,-1.27140195070838
2006-12-11,4.06500304030102,0.980609031602597,0.668797705380619,0.0215737319078535,0.768035039003667
2006-12-12,1.74799027235331,-0.0924618304006586,0.662070568793816,-0.993609382725147,0.227640799630624
2006-12-13,0.20304301266334,-1.0045436863555,0.33092634588332,0.456479530160792,-0.334374381283364
2006-12-14,1.1470041257188,1.06920723066395,0.813019641775981,2.50578846692422,1.10786023186007
2006-12-15,1.09662343006711,1.00579206318656,0.504453629662294,0.245753138383975,0.513376769030938
2006-12-18,2.54098258622077,0.42951687239654,0.282202379841401,0.7957731741846,1.09081565356606
2006-12-19,1.35205962062486,-1.1969493063642,-1.09802848895644,-0.382385584370137,-2.25714868825806
2006-12-20,0.381223033617939,1.44262352848497,1.38607969311284,1.01184122049371,0.808855363726568
2006-12-21,-1.28369181102048,-0.089852685090186,0.216037785804168,-0.403647964471077,0.0003423678503367
2006-12-22,0.0311525817554781,0.506858816259381,0.334555702692541,0.0709822017583406,0.73509301323238
2006-12-27,7.90237334194668,2.07561313830773,0.688592917046371,-0.865655044640334,0.638930021490225
2006-12-28,1.22259055200935,1.39038940750389,0.00963772601494384,0.654648507324218,0.0756151360811863
2007-01-04,5.60893958382627,0.11826873360814,0.745322504169721,-2.62538253508868,2.01466907122931
2007-01-05,-2.77745334200139,0.923040806239861,-1.52174817381265,-0.828592081878732,0.173141907238517
2007-01-09,6.11186803772092,-1.56176197289764,0.851637685753914,-0.827510971893997,-0.685398193465581
2007-01-10,0.631239470404488,-1.6710290563168,-1.72835508269884,-1.35893056132632,-1.58140493040433
2007-01-11,-1.98266226576438,-0.93942962368736,-0.617102261859515,0.699719881091898,0.287986386491301
2007-01-12,-3.75166740133377,1.16948580993768,1.29129298526731,1.67488880868554,1.3180137207236
2007-01-16,5.57281650904597,2.09152819966949,0.849113392023959,0.0964695115994729,0.963081873876348
2007-01-17,-1.50433557332823,0.182677517820018,0.341750127546803,-0.73884757185807,-0.0181044032048661
2007-01-18,-0.791928819248611,1.05568169817918,0.632822128314814,0.270026840972015,0.78665041495114
2007-01-19,2.69214478712136,0.247308169863558,-0.34883317088763,-1.6510505271282,0.366124627137943
2007-01-22,3.50332423611395,2.1631045288105,0.654910901764794,0.209253482229332,2.32622485378204
2007-01-23,0.542303444038161,-0.0121323232200155,-0.0896283012107091,-0.0234733175477508,-0.391838796374877
2007-01-24,0.877413309567476,0.24693003175944,0.566103498978876,1.45442543406675,0.551954723990988
2007-01-25,-4.03896139110538,-0.728934501188228,-0.280846842894533,-0.0506252225665804,-1.3296525744698
2007-01-26,0.878066659814536,-1.89842520881438,-0.208542278425661,-0.801111162849288,-0.674268294010716
2007-01-29,2.15183102268712,-0.219409774773638,0.278169717196697,-0.601955424068557,1.32452693633702
2007-01-30,-0.500356738930208,1.09974438201412,0.11286976697864,0.55746316389369,0.0431367104882341
2007-01-31,-5.04682133136933,-1.74550761123644,-0.612327393733914,-0.768234613735519,-0.150260106087075
2007-02-01,-0.0323057708095043,1.59730733671992,0.779766790356895,1.65289403922335,1.35185719765989
2007-02-02,-4.11222625420145,0.651417247828334,0.157471769899864,2.16314352775102,1.55285638687168
2007-02-05,-2.29570693042342,-0.526875153775741,-1.15965143324761,0.339798779138079,0.175128130460678
2007-02-06,2.38881001796329,0.970944232779303,0.357163174206043,0.746877736336593,-0.00217169750751367
2007-02-07,1.50154530745485,0.118495551170383,-0.660190909528602,-0.160427654579554,0.413322879183831
2007-02-08,0.790262844543932,0.26734458781057,0.000925261964823676,-0.190184170986019,-0.583793079649197
2007-02-09,-0.268465374150662,-0.277161464383369,1.21765539743315,0.287592350462784,0.0972253576932758
2007-02-13,3.64928146864365,-2.67308835553841,0.666863107570137,-0.64930729998558,-2.25219682720912
2007-02-14,2.55271000680448,0.385007128670445,0.741732728502598,1.23734299145877,1.04401733577291
2007-02-15,2.98151991031848,1.61242003001121,0.811171501233154,0.522966886601406,2.18449328750374
2007-02-16,0.182258857959461,0.143481575996951,-0.120650071326267,0.358175487673851,-0.479550709286336
2007-02-26,1.39527057907216,-0.291947837919082,1.88251936533774,1.45402789184779,2.1694243323255
2007-02-27,-9.25615434824492,-1.77140402362728,-0.525275961462057,-1.05518600073635,-2.32122643136403
2007-02-28,3.8668432044128,-2.49443954626862,-2.88789200358543,-2.59490732689116,-4.03674028628771
2007-03-05,-3.38025751491342,-5.15104969461557,-5.61883229598852,-2.94921302716684,-4.00484641139105
2007-03-06,1.95082526692172,2.08726612796024,1.2079551421337,1.92731615916557,1.80206610826197
2007-03-07,1.96667526088863,-0.736866504666267,-0.475348062735215,0.57003295923419,0.74249767347716
2007-03-08,1.07888283385336,1.34685334912206,1.92409228334167,0.912932643333431,2.04936608512991
2007-03-09,0.337543280497332,-0.210336529730881,0.430486135995167,-0.0217737149978525,0.677287067649601
2007-03-12,0.576974934269714,1.59444292540396,0.74500227474843,1.23914727676508,1.23199780318135
2007-03-13,0.333801009302359,-0.563655505300176,-0.658812642916828,-0.367000947135576,-0.74997434270383
2007-03-14,-1.99150867780817,-2.60014171258049,-2.96544651968258,-2.01735745399096,-3.40303695426805
2007-03-15,1.54901587013008,0.700995851348196,1.09431552716206,1.38025689106973,1.34651608844258
2007-03-16,-0.721504342056445,-0.084065217194329,-0.691814044233041,0.0665543440765859,-0.838834451274018
2007-03-19,2.82478428138031,1.6391682187308,1.57260074949299,1.08036867726486,1.44418521311032
2007-03-20,0.587435371441281,0.466865182892562,0.899260582965411,0.0540248527457265,0.112033679600998
2007-03-22,1.2789704160193,1.70746443105596,1.48054892837504,0.301448702019336,3.23966725758407
2007-03-23,0.0995847463805433,0.0121372504807482,0.351922049889453,-0.0794223619139167,-0.426126618109457
2007-03-26,1.56592572239163,0.371073926072363,0.236268475346968,0.164989768715085,-0.0396232983936429
2007-03-27,0.511688150503353,-0.299245472674059,-0.899538585022697,0.238374208637548,0.918209928329006
2007-03-28,1.08336967460083,-0.779002560435949,-0.637325675774036,-0.932612351737472,-1.00562388578638
2007-03-29,0.769794840157445,1.36081123385221,0.0533624280341982,0.775597258429173,0.843779255310118
2007-03-30,-0.424977761050194,-0.105242684937323,0.1372440673304,0.11021182448463,0.0730636615106306
2007-04-02,2.13196154886042,0.0442810434639895,-1.51092480775912,0.479383352599072,0.465300219660847
2007-04-03,1.183102146544,0.969554771325498,1.25840307747218,0.288716984442416,1.28699935626795
2007-04-04,0.00729168565865024,1.02959175382509,1.72499846214365,1.33418556378642,1.34598363857616
2007-04-10,4.53622470679598,0.681305612526373,0.685059077037664,1.05614596819468,2.65575430176224
2007-04-11,1.46785333379658,0.4978771133894,0.0304516008688083,0.946703921822234,-0.058451846112284
2007-04-12,1.01932923149484,-0.339067727840714,-0.73643159151402,0.802233961287868,-1.41111756527845
2007-04-13,-0.362022156414099,-0.192725319579523,-1.01117140129592,-0.317096894826641,0.0266813712249458
2007-04-16,2.19750757772363,2.0271993648235,1.51093473024257,0.737681950568714,1.1951100884902
2007-04-17,0.428117646642612,0.149616815414255,-0.573734177996776,-0.220864597902626,0.0342632740592208
2007-04-18,0.0146727628107968,-0.0554303201676376,0.79489479141337,0.386519330529733,-0.437518029152706
2007-04-19,-4.628223867436,-2.32443371348054,-1.68591835947396,-1.37261688426182,-3.26194657225347
2007-04-20,3.84451644070047,1.30613142901215,0.463179289033278,1.27482246639632,2.08638119938325
2007-04-23,3.47364429059507,-0.0487316645816804,0.0157557052451907,0.732432606574829,0.824108440142268
2007-04-24,0.25943912219013,0.0789217089511851,-0.0206261527743834,0.797151003286078,-0.412835127222166
2007-04-25,0.627774354258648,-0.17523900374421,-1.24315735624769,-0.719478582798061,-0.351481689402533
2007-04-26,1.03893311557588,0.633483228467391,1.11357367437179,0.489241555720277,1.30615765948701
2007-04-27,-0.614882361734104,-0.683552293650536,-0.165147018922163,-0.685480693587781,-0.24362695707083
2007-05-08,4.93337282193878,0.872368223815378,1.46294745563527,2.56832145963815,1.18782117307834
2007-05-09,1.58409157412454,0.666314067324514,0.515635110140522,0.678199238735822,0.392053236312506
2007-05-10,0.908377800411309,-0.473708570538456,-0.0628996770920764,0.392095958163718,0.477898852044412
2007-05-11,-0.694307852231368,-1.34935206738369,-1.03847047858423,0.242254835576361,-0.646023605399293
2007-05-14,0.612539981952587,2.46604265277082,0.705164132163461,0.137723471835116,1.55961261540174
2007-05-15,-3.70588509795997,-0.530930416242725,-0.937521430281407,-1.02656810185655,-0.745970449774802
2007-05-16,2.20319822448154,0.330627365960545,0.0914331959327441,0.704084765219015,0.747969801413717
2007-05-17,1.5496312872143,0.273539127920941,-0.173577451111129,0.931546637788117,0.692790830139778
2007-05-18,-0.446367972877759,-0.428502700436084,-0.567480973117362,-0.206330642033947,-0.372554214632714
2007-05-21,1.03598709471413,0.109531837691357,0.899925830747073,0.984439124939041,0.0594857771112345
2007-05-22,0.932472070145529,-0.401373048010534,0.699155895420134,0.897568910284363,0.718145612046328
2007-05-23,1.52898468669616,-0.215883275429185,0.141697802750151,0.225568348279381,0.540653790685575
2007-05-25,0.145328505052156,-1.34712827223691,-1.27272734876751,-0.123361150809753,-2.05467626411551
2007-05-29,3.64445420489936,-0.249181336659454,1.08865643629752,1.04284810134638,1.15346795018443
2007-05-30,-6.72236024484931,-0.86269205299736,-0.478152014684063,0.0553463371244511,-0.453241017381245
2007-06-01,-1.30002091636268,1.51169368482531,2.08530661119983,3.16810358061241,1.05363290485698
2007-06-04,-8.61786960565869,0.613176167302498,0.0809299755017534,1.23632442503494,0.870696764443402
2007-06-05,2.60048267279771,0.541523039765579,0.446274295420857,0.264384684058871,-0.180362871782513
2007-06-07,3.23093173322562,-0.201669956500261,-0.00238179708826891,0.620848118795969,-0.746432503647831
2007-06-08,0.572532875041709,-1.40895509583228,-1.53098771925002,-1.48035068194892,-1.55560460692534
2007-06-11,2.08736567360823,0.517160694949581,0.311061455857597,-0.622562873083243,1.53106919331716
2007-06-12,1.89548822970469,0.101328723870253,-0.413368724207075,0.772975378734397,0.452512380437042
2007-06-13,2.5300126706993,-0.279703223516137,-0.158563473248741,-0.457144315428515,-0.290182917509618
2007-06-14,-1.47789208699791,1.39224335583883,0.615714188509209,2.70355636159634,0.623471242654183
2007-06-15,0.428221525166705,0.715258953046494,0.721513118648254,0.173940587814769,0.216085142762701
2007-06-18,2.87348268507799,2.65668580910905,0.985750075096803,1.93460327113639,1.18336692067977
2007-06-20,-1.70799215768067,0.470468811894698,0.34190324055885,-1.28612867686089,0.134575047266416
2007-06-21,1.17688415395865,1.23743138770287,0.157028539360127,0.584121972855645,0.297737198769532
2007-06-22,-3.34963972453508,0.205848928484365,-0.283675829347096,-1.30484682710126,-0.664659429026848
2007-06-25,-3.74446330303559,-0.810368847670517,-0.557668736489347,-0.750986183209168,-0.974199271660581
2007-06-26,0.815980369120695,-0.0860956108663657,-0.118217872630488,-0.46645918386794,-1.5546170279185
2007-06-27,2.61391911616755,-0.450526892996272,-1.20746362170099,-0.944689953819466,-0.557564099128705
2007-06-28,-4.11428259873787,1.06618722747989,0.463871178372166,1.0703575795314,0.929343843911568
2007-06-29,-2.41773143844597,-0.75720518867719,1.14271496002978,-0.466334688640568,0.281383054041129
2007-07-03,2.04711037821586,1.72306931218209,0.0636018392119908,3.48856203532755,0.596548653395779
2007-07-05,-7.5572265130198,0.458741917089256,0.393606689729431,2.31527686633797,-0.498518819689231
2007-07-06,4.47485981720774,1.2448600215297,-0.442985542255769,0.712902070205335,0.289022417667262
2007-07-09,2.65836176400569,1.25997357618743,0.665004049470319,1.20601792895618,1.80177033757598
2007-07-10,-0.780744997737237,0.299366111400445,-0.0509932325886808,0.579125627351829,-0.176623881302973
2007-07-11,0.329069549184169,-1.2257901182414,-1.1192833101358,-0.241512183746284,-0.703511853415684
2007-07-12,1.29202191560189,0.889559424585684,-0.362827921751574,1.04166786129056,0.820560044250485
2007-07-13,-0.0406110046078823,1.26458093637698,1.40691588212487,2.74659115146356,0.825648273295343
2007-07-18,0.399263194742439,-1.12044368226591,-1.23224781252134,-1.65556234943329,-1.9518259820245
2007-07-19,-0.43656833331891,0.760087151672728,0.559005002378044,0.372228109043249,0.57452314850881
2007-07-20,3.66106726518964,1.19073448273408,0.228039079371456,2.32782145914161,1.28888223040953
2007-07-23,3.73607468855894,0.315748269182592,-1.07576649474925,0.478300158180645,-0.439978587355583
2007-07-24,-0.0719399724035341,0.458256883915809,0.213481437048024,-0.0396455989796429,0.815841292046748
2007-07-25,2.66329323120811,-0.472723665343189,-0.800942362545243,0.598528490281591,-0.865642569474545
2007-07-26,0.51877589552376,-0.646244444555855,-0.879239398451404,-2.0505991022806,-1.49200011092461
2007-07-27,-0.0253111547610985,-2.80162747069159,-2.39124865215103,-4.17658889251209,-2.46123024955942
2007-07-30,2.17191756912847,0.748133440420062,0.0317587862136648,1.23961660496814,0.957125068650022
2007-07-31,0.679102230617623,1.93818391846392,-0.234001946479445,1.38336259889353,0.6041904454678
2007-08-01,-3.88735603594981,-3.19735914846628,-2.21528074239217,-4.05468078543612,-3.32295519986339
2007-08-02,2.46145709278824,-0.0539437648233942,0.668321490696933,-0.182233870441095,0.109215306239641
2007-08-03,3.41316512142171,0.423239509659012,-0.0250265208819656,1.27244757488469,0.0168813214401098
2007-08-06,1.46571084952001,-2.70598950286978,-0.385905845953971,-1.16565490430345,-3.76766386239247
2007-08-07,0.498312333464135,-0.131099042786786,0.0432081240358428,0.256805897459778,-0.211163291291783
2007-08-08,0.256162916168812,2.82923498744712,0.633325681256913,2.31673055501043,3.31101042748845
2007-08-10,1.83186477594948,-3.35682501416361,-1.56951167529726,-4.01565247700288,-1.59445816642307
2007-08-13,1.47743984465549,0.450465132855804,0.214276389974621,1.12950694401812,0.635927001274972
2007-08-14,1.0880292212045,0.529496376109861,0.264886172453416,-1.71090711947768,0.176734884636254
2007-08-16,-2.22746970678358,-6.25761317682993,-4.22041774743942,-7.17770470909151,-7.17355833020754
2007-08-17,-2.31128456455156,-1.38951741140811,-5.56954612337428,-3.23807212227045,-0.682811623950741
2007-08-20,5.19453858934575,5.75871599996827,2.95962795527114,5.53365236728567,5.94215776823965
2007-08-21,1.02150368068177,0.617290185076946,1.06760172402911,0.283205426566191,-2.86142030965753
2007-08-22,0.50064068477802,2.80228327418577,-0.00440224162208125,1.33423802804868,2.83492976482087
2007-08-23,1.04689362813204,2.73703828119256,2.5806473924705,2.26014194670405,1.47662494632517
2007-08-24,1.48284400955543,-0.196474763163046,-0.413631176167328,-0.467273653439815,-0.0433211289257329
2007-08-27,0.827668383362123,2.82102732715881,0.322085809906625,0.651022230571829,0.562011219012959
2007-08-28,0.861693463337332,-0.911651853977169,-0.0853051767530033,1.44702635542231,-1.35010310493211
2007-08-29,-1.65490980027911,-1.47966366656522,-1.70070525732182,-0.170701723847078,-0.249788229301728
2007-08-30,1.13746943908364,1.99528650707368,0.876627829721244,0.845722878580801,-0.405961665200039
2007-08-31,0.981069244437904,2.10504462512962,2.5382357195932,1.69804938128495,2.13768517584114
2007-09-04,1.43084206589723,-0.40973347391251,-0.90101841585799,0.0800431208323182,-0.497861116372533
2007-09-05,0.31457597824307,0.763632461291941,-1.6085594593207,-0.489262618675834,2.02377771693225
2007-09-06,1.54967704489888,-0.0780140011723773,0.608045260093881,1.23696441881069,0.60713759079789
2007-09-07,-2.18323255995205,-0.282264405285915,-0.832886211291672,-0.207223204707052,0.658806155046143
2007-09-10,1.46929932969897,0.0712345892587507,-2.24043330935277,-2.63562855036641,-1.35916353784058
2007-09-11,-4.61088468264368,-0.197948260266756,0.71233295673121,0.623910929922111,1.51954068754705
2007-09-12,1.14052526339083,1.48316995912321,-0.505568985199112,-1.84878848122985,0.329112123663045
2007-09-13,1.93300818171132,0.928945025779981,0.149215098850775,1.88450875936192,-0.0482134639016252
2007-09-14,0.729095208889952,1.46088994591942,1.91707481912413,1.18343303247155,0.908993873944119
2007-09-18,2.10543112125432,-1.29869540196772,-2.03970713460091,-1.6939274642823,-1.67237275919696
2007-09-19,-0.553396455771704,3.90139619025476,3.60312335049073,3.42377999188708,3.29804173323591
2007-09-20,1.37669414980959,0.571605494791783,0.196674406968711,0.331617831356379,-1.1725629040459
2007-09-21,-0.281746279873474,0.553499323937245,-0.618340681410245,0.537586549485169,-0.288667201641779
2007-09-27,-0.833394151861988,4.61769694012339,3.13564784568943,1.34662304972899,4.75631158491936
2007-09-28,2.60740753490545,0.285273739878456,-0.276816909274658,0.0616687585067055,-0.230157762293004
2007-10-09,2.90377593288955,3.9216150324755,2.20485288176668,3.41647272127998,4.21405249141138
2007-10-10,0.967506578580313,1.20179546248274,0.104782524710956,1.33113364317552,-1.33592257889994
2007-10-11,2.42671319855248,1.95384739916609,1.62310376768815,0.864889768555965,1.59478661581733
2007-10-12,-0.168747273781733,-1.01654466912908,-0.734751502911912,-1.58670155434946,-0.478985840157797
2007-10-15,2.12571953116196,2.40648895338662,0.15555223014001,0.440688777451115,0.123586831582045
2007-10-16,1.02243479658402,-2.00443224296709,-1.27685844865137,-1.46644054190093,-1.33722149940425
2007-10-17,-0.919835580034345,1.18161285503309,-1.07124931441831,-1.09382748355094,0.758390396481978
2007-10-18,-3.55808612003123,0.566132746696013,0.885348135398445,1.06041810617548,-0.785423062868063
2007-10-22,-2.7488959605245,-3.77446225193658,-3.98102208528464,-5.18318060577929,-4.48391275096043
2007-10-23,1.85413222997184,3.47470969110546,0.0736415344759322,2.29357967533241,1.43530484134349
2007-10-24,1.20037596801659,-0.147605927561045,-0.561981937448408,-0.753351633459864,-1.25756992670443
2007-10-25,-4.92353173247437,1.76040169542375,-0.454744529235285,2.21946600763117,1.57746472076763
2007-10-26,0.488522333612273,1.82790569106146,1.35080645464853,2.56255891212032,1.7225367704965
2007-10-29,2.79388728647287,3.81281734804215,1.15922079251352,1.70427837691625,1.27067717886433
2007-10-30,2.5623998055309,0.162340573717934,-0.282286750593563,-0.512723191413933,-0.559974055317447
2007-10-31,0.971661278341251,-0.906932307206354,0.518860273009025,0.606236160433227,0.190685407226354
2007-11-01,-0.68211226421262,0.446492819306599,0.790112902846651,-0.0828490426484585,-0.056247258114972
2007-11-02,-2.33467382606385,-3.30733768392051,-2.11413929217077,-2.1458368771877,-2.34726585335139
2007-11-05,-2.51251796836964,-5.13832278466975,-1.51626748966684,-0.177442984775222,-1.22241045561395
2007-11-06,-1.75243630261903,1.69858889708898,-0.118639990175673,1.89096543572917,0.351408168749501
2007-11-07,1.17092289352332,0.915690119462198,-0.945709973990994,-0.539363785995217,-0.274329946883789
2007-11-09,-5.24497984976104,-3.16484945166486,-3.24055109973962,-2.61415202460791,-2.01693148101771
2007-11-12,-2.43383839571276,-3.96047163657975,-2.51035663930246,-3.42659402593286,-2.49070996947403
2007-11-13,-0.572404990348119,0.496205390004434,-0.464719545009373,0.49114407485229,-1.02053532293951
2007-11-14,4.81740246187154,4.78474731225571,2.43548697201756,2.03260383395873,1.41251823537765
2007-11-15,-0.879949563397808,-1.43241368420455,-0.668441561317579,-1.2672604496859,-1.35153788814364
2007-11-16,-0.917477137565115,-4.03413911301289,-1.58224447148516,-1.11205759419004,-1.05890229219323
2007-11-19,-0.877572325671494,-0.560187104044374,-0.74212592943752,-1.713802558616,-0.85339392639483
2007-11-20,0.452122790103537,1.12632814260056,1.1169518728785,-1.12755495924368,0.775187495235841
2007-11-21,-1.51260077287265,-4.24050559038953,-2.48844921664571,-3.54730974055624,-2.68442624600223
2007-11-26,-5.02175675289038,3.71849839866591,1.98552741358782,2.64001002511574,2.11010847264088
2007-11-27,-1.9907052119688,-1.5187530136247,0.577377101612875,0.2401000313629,-1.35294397053745
2007-11-28,-1.19448882592756,0.590055658869737,-0.454758273274791,-1.35880482199386,-0.0866165610426961
2007-11-29,4.07817721178461,3.97984408553551,2.34760770872207,2.30975316303574,3.16910138166797
2007-11-30,-2.66443173599189,0.563911367490988,1.07026607293061,1.50337436963373,1.23010513178219
2007-12-03,-0.0650897984971976,0.0516910145409,-0.330250025160694,-0.187478884772041,0.0082353258608947
2007-12-04,0.966434012843642,0.768782546738045,-0.956510136154343,0.80623221549887,0.179021614094488
2007-12-05,2.54589220149573,1.60023914547889,0.827884108627686,1.05653687790346,0.908030031605378
2007-12-06,-0.150430879790697,0.724805085054037,1.6847607269181,0.769398635889917,-0.210893422370084
2007-12-07,1.11961180719948,-2.45366058662633,0.517053219989627,-0.969785014699376,0.151888082080021
2007-12-10,1.3685056480174,-1.19062706660102,-0.200622637142089,-1.45287058050938,-0.136970333731767
2007-12-11,0.254619466185702,2.51447821499369,0.752792731826268,0.973519298984549,1.00671380359625
2007-12-12,-1.54891506495609,-2.44447034150994,-0.703383894675547,0.123555506669693,-1.11456574433273
2007-12-13,-2.73551459698655,-2.76069415660682,-2.51526029058518,-0.601039966185724,-1.99023152964894
2007-12-14,1.00081610405898,-0.653830729381788,-0.141766657571551,-1.09422627092295,-0.37231765127288
2007-12-17,-2.65375974535456,-3.57148768028903,-1.72099825951353,-2.95774826619262,-3.30883535998456
2007-12-18,-0.835797978304242,0.511125829027215,-0.275333300426794,1.169875741666,0.468550747362073
2007-12-21,5.34664132912308,3.28967653018495,0.322601466852923,0.901126214155035,0.850847626653817
2007-12-27,3.97932754090657,0.778841449611534,1.99664730848905,1.60027075242954,2.30109203301314
2007-12-28,-0.895521312817316,-1.71096295567938,-1.66436913261929,-0.603824996958391,-0.906546995605595
2008-01-04,1.88292819147406,0.54323038423032,-4.10982266477582,-1.76711511059553,-0.233307919607562
2008-01-07,0.590801641483374,-1.2439103716769,-1.30763895003572,-1.77323430359362,-2.49554613237475
2008-01-08,-0.126346623956053,-0.245301536332754,0.193735889530444,-0.268499110002818,-0.442065301986894
2008-01-09,0.910715069148793,1.8380253865713,0.484005417560596,0.993824073232297,0.187346675973643
2008-01-10,0.380634574329264,-1.40389942524148,-1.45618217484653,-1.07325415292179,-1.00547754960854
2008-01-11,0.514386184485183,-1.34517490808683,-1.94624181061513,-2.35715990998902,-0.719267287269787
2008-01-15,-0.748324162780278,-3.9061378008201,-0.983933684952554,-2.00164224727981,-4.12233620148506
2008-01-16,-2.85419583361204,-5.51727817681726,-3.40767123802763,-2.43238949773099,-3.0934034984579
2008-01-17,-2.66203816786454,2.67995007220669,2.04448933665287,1.08386020151876,2.62632525108337
2008-01-18,0.559033757049399,0.345371724858801,0.563146592908481,0.645989980188499,-1.14124423145672
2008-01-22,-12.7635709561442,-14.6953697498581,-9.75444286449854,-7.52207190760474,-7.96629242260538
2008-01-23,3.09434369562283,10.1839372857103,2.01572757813882,1.19849215520711,4.00281122990789
2008-01-24,0.311651729089135,-2.31337831657026,2.03480230725273,2.10129806449313,2.20337699928432
2008-01-25,0.927489553854244,6.50885939770962,4.01506818165398,1.753034840414,3.52363587151299
2008-01-28,-7.46235975451288,-4.34735950459419,-4.05227117405911,-3.92989478477137,-3.82013182433685
2008-01-29,0.870772622039873,0.985375560085266,2.94336288663715,0.656643809918034,0.290266434412878
2008-01-30,-0.903362351584569,-2.66197167010258,-0.997850128807087,-3.0278392427463,-1.64865145784638
2008-01-31,-0.783075477830231,-0.840388707832496,1.83719320490674,2.21682268739487,-0.611191214146878
2008-02-01,-1.43887705149872,2.80745443301935,-0.703666999293517,0.604442793757798,0.869853803873433
2008-02-04,7.81900047364701,3.69684168816118,2.65060555627912,3.34501478030163,2.27721808365686
2008-02-05,-1.56325478732384,-0.896380416635623,-0.827385068595454,0.380311675801348,-1.26434518859266
2008-02-13,-2.39780387311015,-6.83554815146188,-5.0522047503442,-3.89371222780097,-2.96884174763683
2008-02-14,1.36239478770612,3.61178393315331,4.18233065887765,3.94556814024218,3.20454166658415
2008-02-15,-1.21975775912251,0.526261171208198,-0.028551496193252,-0.158008652598607,1.40491725188667
2008-02-19,3.64962099711121,-0.104657820770981,0.988668949062799,1.50795323056698,0.303229396653926
2008-02-20,-2.10725224579722,-2.23253096190295,-3.30705007656515,-1.91354934987968,-2.3260241894139
2008-02-21,-0.876387395010525,0.137333390501126,2.79965615861535,0.969859648211013,0.920153031670523
2008-02-22,-3.52698606330364,-1.35511675185125,-1.38162333164829,-1.05639458171591,-0.202180802718566
2008-02-25,-4.1524998137044,-0.154162701780436,3.02127336580114,1.33587412346499,0.533566650513251
2008-02-26,1.08295614840319,1.89691982475253,-0.647819855721821,0,0.419354718074239
2008-02-27,2.23685079255649,3.19160906647191,1.48322543718233,0.685712974255992,0.538538114544629
2008-02-28,-0.800137701633119,0.439527290379793,-0.756813849230653,0.883993885202461,-0.658174408515855
2008-02-29,1.13390938616433,-1.06297870118386,-2.3430583004135,-1.42412472455948,-1.56381248028232
2008-03-03,2.0424504295649,-3.11691492390054,-4.59441889109744,-2.35812720962834,-3.35660606210046
2008-03-04,-2.34392498018607,-1.99172237895056,0.000769690807445045,0.265837649199963,-0.235023362483489
2008-03-05,-0.992115322350529,-0.0239216806185993,-0.155752112994989,0.0548716494348511,-0.305637024105732
2008-03-06,1.57948379560686,0.983238245451723,1.85865158357732,1.20551223733791,0.245338269366613
2008-03-07,-1.39631501853437,-3.67111680248371,-3.32838123331101,-1.99149203384827,-1.78560119135902
2008-03-10,-3.65195753246503,0.901294813111342,-1.98047708038125,-2.35938876958333,-1.04123952478856
2008-03-11,0.471116751922729,1.27046548705998,1.00158000265029,0.998584821270754,0.851615694805208
2008-03-12,-2.32550547658388,1.84161776430045,1.58980378049218,1.05142606822479,1.97591043874441
2008-03-13,-2.45890583520882,-4.90479808563649,-3.38199672782178,-2.63937506571592,-3.92782896752362
2008-03-14,-0.216538420592727,-0.289770346734741,-1.55496295378814,-0.955266788826403,1.1855801666492
2008-03-17,-3.66545289532674,-5.32191244295745,-3.77994911799249,-1.62664625468638,-1.6428626382841
2008-03-18,-4.0371621919288,1.41281139645848,1.48750178164452,0.904789002435002,1.45141563934708
2008-03-19,2.49525091848959,2.2304402773301,2.44623048022437,2.08542023655989,-0.013058539332711
2008-03-25,-3.57164392021687,2.69612685198251,3.87784804161271,3.19696274718577,5.72652755270084
2008-03-26,-0.629037185171022,0.676510231923189,-0.303239486095741,0.282597219013692,-0.1657935366703
2008-03-27,-5.56884417426513,0.208519146259256,-0.806366451569573,-0.204415565040517,0.995952037046699
2008-03-28,4.82555529690547,2.70627048941439,1.69828723132781,1.51509527726921,0.221228070614288
2008-03-31,-3.04694299963923,-1.89340686132056,-2.32733524729554,0.126841717389592,-0.812686821362085
2008-04-01,-4.221524906065,1.25368433164788,1.03948365013569,-0.10216544643642,1.29439029490648
2008-04-02,0.560728977182201,3.12712874908314,4.12458476293658,2.31920371361118,2.53029549588728
2008-04-03,2.89564719559365,1.62954978471959,1.50902474705639,1.22312424999285,1.49109519780346
2008-04-07,4.35445026882206,1.28629209061604,0.449551485808719,0.56146410491138,0.32643608008236
2008-04-08,0.358284170648027,-1.09253507187681,-1.49662015375469,-1.06852249674967,-1.63176073255205
2008-04-10,-3.97552168401383,-0.513787144273969,-2.32972168298424,0.564310247710331,-2.1250125691596
2008-04-11,0.60735645728176,1.96789108541058,2.88138680351864,0.850372610685479,2.01154490565401
2008-04-14,-5.7816605685943,-3.53422858188566,-3.09629006186753,-1.87164111651503,-2.72017783128131
2008-04-15,1.55548190988508,0.377804770390355,0.564072409379435,-0.26025558704017,0.443647285961113
2008-04-16,-1.70939184377765,-0.0961915264895197,1.19029393157888,0.936382969145022,1.00912643171771
2008-04-17,-2.11418393531932,1.58138430171597,1.90004145050029,0.573255936608597,1.24917336019017
2008-04-18,-4.05506525307953,-0.252514025948436,0.581588444782,0.182456547734766,-0.0457514361293931
2008-04-21,0.718330747313267,2.14192935244597,1.62002586184542,1.60008788376631,1.46826950441952
2008-04-22,0.983603496984564,0.875867093283311,-1.09183275299909,-0.724089485476664,0.507682364719031
2008-04-23,4.06335270871683,1.39401509518233,0.231061577392921,0.741305634266709,0.207175359751943
2008-04-24,8.88746647640808,1.53638433656571,-0.282374506534211,-0.0805526510656129,-0.511349501307024
2008-04-25,-0.708048857802623,-0.64065772250661,2.35448036951311,1.39846981976204,0.365964204730851
2008-04-28,-2.36144223508283,0.584218278602044,0.222639893910426,-0.0827884965799441,0.388995347206844
2008-04-30,6.09550212778025,0.346391476624852,-0.31992115047732,0.12607438961636,-1.69594358098628
2008-05-07,-3.13435794545995,-0.565127241974395,1.80661578312975,1.55133727475967,2.54563876776626
2008-05-08,2.14740444470518,-0.628360861071009,-1.13544310537748,-0.324688765288261,-1.78325349505197
2008-05-09,-1.19253221640179,-1.53080536124648,-2.08655834689786,-1.32365687788427,-0.311024562724604
2008-05-13,-1.48461060151028,1.93462877694994,2.16162021193487,1.04187496389754,1.30047626906862
2008-05-14,2.69327566510746,-0.0755193458779502,1.17426795345423,0.0515387026367442,-0.153391273029335
2008-05-15,-0.551356823588378,-0.0774577444456526,0.938946894971515,2.25028667011644,0.278491705046058
2008-05-16,-0.360529478659899,0.411284424866132,-0.226614903089839,0.167965301941386,1.05631072174788
2008-05-20,-5.12521975731079,-1.76974441864264,-0.418541131509897,-0.836255514683248,-1.29197915341006
2008-05-21,2.89199886665035,1.14886286756857,-1.6648305450655,-1.37827191342756,-0.0931718838408813
2008-05-22,-1.66608404203004,-1.65208443718683,0.37384346433047,-0.656544839482098,-1.13374477931849
2008-05-23,-0.360411500223456,-1.32264220281861,0.241080534302185,-0.408368841447349,-1.23222754076036
2008-05-27,-2.85278891936933,-1.76357346494829,-0.852094940023029,-0.148364324523875,-0.218036158522317
2008-05-28,2.44714045166106,-0.134057143741551,-1.33227826707607,-1.07909069142798,0.557928379018513
2008-05-29,-1.67893315736922,0.553035840538918,2.982410756238,1.9513295806294,0.889804331469968
2008-05-30,0.933758955401487,0.609727197757337,1.50422626733473,0.584853991880241,1.00230637322429
2008-06-02,0.74546329993872,1.20833290960576,0.706081183055396,-0.242732343368868,-0.143245169596362
2008-06-03,-0.65666821422532,-1.85181745877774,-1.61242978761607,-1.53483317948053,-1.07569797216538
2008-06-04,-1.95383740055668,-1.04130901511432,1.58077688600322,0.789448970292117,-0.608708870105623
2008-06-05,-0.543327588247777,0.545863218949805,-0.656436436302421,-0.0818303865504966,0.289551048096648
2008-06-10,-8.70165305026109,-3.69454170067574,-2.25626049937588,-3.21263997759154,-3.5892172778917
2008-06-11,-1.57764111436993,-0.205211201378219,1.15095767377369,0.410006057978585,0.451329917317977
2008-06-12,-2.23053597260003,-1.31061393878458,-2.10095473236063,-2.40338972409857,-0.877551404430754
2008-06-13,-3.04606366526778,-1.89219292554963,0.611077859658238,0.458312505820579,-1.3530860418375
2008-06-16,0.184575789398345,1.91751127790756,2.68752871162814,0.767925510726997,1.90682053228857
2008-06-17,-2.79969245944169,0.122809408314239,-0.0418078558869439,-0.575818969767905,-0.286225125994832
2008-06-18,5.10444039482483,1.1547696987094,0.725320432363219,1.32887419826702,0.390552757100515
2008-06-19,-6.75971429752504,-2.29043382042917,-2.25773234639046,-1.90113411828907,-1.57244962215444
2008-06-20,2.97014455659683,-0.228398580642697,-1.34006226580698,-0.559954454705736,0.305281604754448
2008-06-23,-2.5508521642438,-0.134798183918328,-0.608716768858919,-0.894223141500827,-0.757741513828769
2008-06-24,1.53145653046423,-1.14650085691519,-0.0570974241187017,-0.277256680733107,-0.571929298835627
2008-06-25,3.57394252692727,0.794571987210624,-0.141910204209061,0.405410296184616,0.822358125424039
2008-06-26,-0.108836800333734,-0.796130601460021,-0.0549684234721681,-0.00756814973659203,-0.190027153639161
2008-06-27,-5.43186250784817,-1.8577540627092,-2.03144523857919,-1.95237984106109,-0.84354855872073
2008-06-30,-0.449629075693991,0.270295169406509,-0.466075038147906,-0.567369808320439,-0.283563191302161
2008-07-02,-3.13212916141028,-1.81512459671911,-1.45707764128105,-3.11194969597919,-1.41142155506166
2008-07-03,1.93460693189405,-2.15002357155996,-0.157955604164961,-1.05631078703725,-0.891017666732541
2008-07-07,3.23431146092892,3.10657331787496,0.710902043890194,-1.68351819676982,1.84610467378219
2008-07-08,0.804305833045582,-3.21005021165792,-2.47758867663403,-2.97144748546936,-1.63213111861138
2008-07-09,3.68274552632144,2.71941440544179,0.145906349118086,-0.923078438018532,1.06819479443088
2008-07-10,-1.55627709675841,0.0732105565001362,0.115470005563445,1.18098342971438,-0.551279922413972
2008-07-11,-0.656657535357041,1.6487547036462,-0.210825568667872,1.93761818831168,0.866792652371107
2008-07-14,0.754333651233896,-0.769659047301907,-0.226719252886909,-0.56875587161791,-0.779292431482759
2008-07-15,-3.4932878496293,-3.88891315627511,-1.9841735958126,-3.21349706239697,-2.55887242108432
2008-07-16,-2.68295791976039,0.229867970825914,0.0489117153305685,-0.127953132253555,0.161311137736586
2008-07-17,-0.782469928652141,2.3801923588131,0.991479441314524,1.19752433406619,1.00993591005816
2008-07-18,3.4265636889546,0.639642107656435,-0.655857463418918,-1.02585274795466,-0.573197900514089
2008-07-22,2.40922384119955,2.94284943361909,2.93425943951178,3.33709438390519,1.49626640686398
2008-07-23,-0.29099400016861,2.65912737987275,0.96589573673036,1.9366350161456,3.00961102928472
2008-07-24,2.52060093570234,-0.202629667574428,2.15774020647892,2.13687859913056,-0.035924786642294
2008-07-25,-1.56494790038906,-1.51441640954797,-1.99389857605325,-1.75000666514791,-1.86420168087595
2008-07-28,1.31448761773925,-0.235538077614095,0.142533111365672,0.0225266096527399,-0.430291049913301
2008-07-29,-1.83203694537797,-1.90998350229954,-1.46593591246553,-1.96437200770152,-0.821130314963447
2008-07-30,-0.479693129053249,1.92492472580188,1.57079503027724,0.66775026330772,1.33999245237977
2008-07-31,-2.17206560005412,0.178328907693626,0.0674528715478573,1.06987279977684,0.14175557227194
2008-08-01,0.935903301858243,0.576835679608045,-2.13234429196447,-1.31928034845634,-0.808130901729598
2008-08-04,-2.16764506766784,-1.53241871218111,-1.24030655886074,-1.97130375314645,-1.03733970679629
2008-08-05,-1.87727901837063,-2.54224506257792,-0.143300199701102,-0.487886655703917,-0.542832527095172
2008-08-07,1.35948040217686,0.701188578158707,1.61549463489106,1.83645314171468,-0.90602914341682
2008-08-08,-4.57057406131156,-0.995656950601109,0.330273296484584,0.301335808600456,-0.963098409832597
2008-08-11,-5.34625382516385,-0.118277604940076,1.97379874512151,0.785448239419306,0.633775308712892
2008-08-12,-0.522400001164947,-1.00437094866983,-0.952409169558521,-0.251408366832528,-0.303781907818834
2008-08-13,-0.444581134023458,-1.61911721697265,-2.13138109537852,-0.917250621796217,-0.178729787247711
2008-08-14,-0.377607761651966,0.465680128194457,-0.510011748361983,0.604165912633192,0.173049461763508
2008-08-18,-4.92894517254117,-2.18346623740278,1.59752270503581,-0.285359599990898,-1.41877795521035
2008-08-19,1.05482139348556,-2.15533910968304,-2.30816416661117,-1.69183738940735,-1.76523146421896
2008-08-20,7.35002789341443,2.15815789993012,-0.103901203666545,-0.0454232808610122,0.852538128139013
2008-08-21,-3.69608165976452,-2.60981259150057,-0.777073028600483,-1.84199358559791,-1.4008814293109
2008-08-25,-0.757471491256112,3.43544195363918,0.986708807959324,-0.695262693869658,0.733628898978189
2008-08-26,-2.65747408544392,-0.22831292997374,-0.779117310930211,-0.792689522819412,-0.965335104851928
2008-08-27,-0.338005918289852,1.91937574639471,-0.201710336462746,0.245964663557974,-0.0776013105524775
2008-08-28,0.340558990273898,-2.32086145246395,0.119821919331997,-1.33219852561952,-0.52223117192236
2008-08-29,1.98974023065501,1.37142257282026,2.35774696542954,0.00610502681315239,1.80268003135273
2008-09-02,-3.93393501890831,-1.03739671170029,-3.60909714118378,-4.65833270956448,0.690687593059724
2008-09-03,-1.23191039247708,-2.19767312256067,0.63338533409798,1.39379750604709,-1.91791763690485
2008-09-04,0.0324983314527572,-0.954648839760175,-1.04511343492035,-0.0322431416024394,-3.01865555549305
2008-09-05,-3.34684552619695,-2.26283848641522,-2.78929293213892,-1.55788950604725,-1.99381251372763
2008-09-08,-2.71676928722044,4.22867712866317,3.3198293340325,5.01800843897797,4.56662561932042
2008-09-09,0.110043842122387,-1.46863344355221,-1.78873113774518,-1.51138096904049,-0.792894963810653
2008-09-10,0.231814540543063,-2.42698600572311,-0.43657392489429,0.717939154559044,-1.91862551817854
2008-09-11,-3.3943879229386,-3.10298198268839,-1.99711085113279,-1.49510043703209,-3.14770078280224
2008-09-12,0.0331838460237321,-0.184917461928791,0.923301371116558,2.37451077337738,1.15498308468638
2008-09-16,-4.57644577799501,-5.59078864221529,-5.08023782642972,-6.29519632740294,-4.34240834523827
2008-09-17,-2.94171157467105,-3.69246517877979,1.199268981145,2.66705226297344,-1.72683731753711
2008-09-18,-1.73656416672667,-0.0268219277954174,-2.241920062656,-2.3311012677282,-0.0033068099620337
2008-09-19,9.0342514149742,9.1799330724557,3.68736392222235,4.44985989162205,5.62028706464348
2008-09-22,7.48673753963294,1.56302230817555,1.41376574119967,0.312744586419544,-0.585516643763828
2008-09-24,-0.880267606905072,-3.47346262406276,0.201936643681933,2.41122251579613,-2.64983951243583
2008-09-25,3.57523496843912,-0.145449120833696,-0.899616208483245,0.376967430102582,-1.35561135161115
2008-09-26,-0.162046349341782,-1.34166470063466,-0.948722350321241,-1.69919063556012,-1.35018629578223
2008-10-06,-5.37519254235388,-10.5962640019007,-12.7154334666171,-8.29941189711052,-10.6279699041534
2008-10-08,-3.82234831333621,-8.51768915530151,-12.9244821757842,-5.44921300940588,-6.41401353325426
2008-10-09,-0.846697964087451,3.26091356020815,-0.499216485330756,0.635272009955212,3.34144501422715
2008-10-10,-3.6326583601352,-7.46192430233119,-10.1160407668214,-4.21295881020116,-7.6254393580645
2008-10-14,0.833775789567071,12.8918444640334,13.2345849580684,9.68270239769451,8.83556421708365
2008-10-15,-1.12912747251652,-5.0851649962647,1.0518632347166,-2.02446379751109,-3.29184151158222
2008-10-16,-4.34067951731096,-4.91811571321001,-12.1110256226615,-9.91390902538374,-5.39652545259131
2008-10-17,1.07849058288041,-4.54210106190036,2.74464867163573,-2.76573831525209,-3.7965658505529
2008-10-20,2.22102730732283,5.14753213657979,3.5233067219135,2.25776872528662,3.18069209569831
2008-10-21,-0.787281500286596,-1.85645121603422,3.28407218125246,-0.959349713182434,-0.95492706237712
2008-10-22,-3.25427292345273,-5.28699670376742,-7.02766271260824,-5.27949118806221,-5.32793722033702
2008-10-23,-1.07441811201641,-3.61196986752521,-2.49445841713172,-7.77574166470316,-4.23187514263024
2008-10-24,-1.93482529438178,-8.66469611334075,-10.0879626984234,-11.1720011449421,-8.69598221825623
2008-10-27,-6.52889575678666,-13.5820244210244,-6.56704522647047,0.816893997388402,0
2008-10-29,-0.205625137798382,14.2430735316132,13.666939487719,2.35155086069527,4.33633173251975
2008-10-30,2.51490250982123,12.0579801925945,9.49414672215667,11.2843516494872,7.53052821725548
2008-10-31,-1.99411028708578,-2.55278095066114,-5.14439188146874,2.5791090024283,-0.428797328972763
2008-11-04,-1.28600603921427,2.93231500966762,6.07956532716223,3.55577719679632,1.9587313453564
2008-11-05,3.10986584678226,3.11969045275049,4.36475689625109,2.41140664806627,2.11606620526883
2008-11-06,-2.46625098405966,-7.33904268986212,-6.75704495663378,-7.85724954120353,-2.69103716351635
2008-11-07,1.7308529509811,3.23491553119855,-3.61711401196256,3.79708885104142,2.40542296623323
2008-11-10,7.0195627486803,3.45832009348133,5.64481664638148,1.57155773848032,1.14873572467964
2008-11-11,-1.67763810468067,-4.8904449593163,-3.04236875731245,-2.08056812513204,-4.22925556954237
2008-11-12,0.837227256676254,-0.727737567616948,-1.30011811415489,-0.432391832296819,-1.27822357045666
2008-11-13,3.61830149825124,-5.28641762182396,-5.39715187295435,-3.20237101076595,-1.61270121913351
2008-11-14,3.0063198371324,2.4011755924807,2.67963578753356,-0.0165387972995923,0.208842593283354
2008-11-17,2.19281263648075,-0.0969999178455083,0.70874722718326,-0.917581602518602,-0.539785453974773
2008-11-18,-6.51402019207241,-4.64163676680638,-2.30465502938468,-3.98827023807984,-3.31909312596013
2008-11-19,5.87122347786435,-0.777955158006272,-0.664876922461488,-1.88414618158808,-1.60568524473375
2008-11-20,-1.68502173593748,-4.11966023570614,-7.1408736245008,-6.93533036300176,-3.14948245845104
2008-11-21,-0.727018367352184,2.89020412121062,2.66125942308992,5.63962541789431,2.93972726613525
2008-11-25,-4.18297937772785,1.71827955500863,5.09068487072017,-2.0543738530467,-0.533881552229243
2008-11-26,0.484341738944227,3.74052342778768,-1.33894478767722,4.61658649248085,3.44109234108387
2008-11-28,-1.4178914339543,3.80701854805583,3.57636008203261,4.39703281911745,1.24518843226298
2008-12-01,1.24544532016886,1.57591124127965,-1.36079533295437,-1.63493422449728,-2.47412409566055
2008-12-02,-0.262667786616433,-5.11103724341382,-6.56447367660409,-3.40312018581708,-3.06684975550731
2008-12-03,3.93145402178581,1.35444425350659,1.76979484711151,-0.0518116998495799,0.0847625631966942
2008-12-04,1.81960244944515,-0.582175378277583,-1.00274942854561,-1.58981472968849,0.189388805942414
2008-12-05,0.853702550118562,2.45890147013146,-0.0849653656302962,2.12229111945437,0.937984684095383
2008-12-09,0.940742565538333,6.34584817385555,5.86631558201081,7.28636089923054,5.59120347110422
2008-12-10,2.01033766607974,5.43816081088533,3.100251754128,3.55589466386261,3.75406190168341
2008-12-11,-2.30816902679098,0.231857101447552,0.693987351014691,0.744254185325133,-1.52331852187499
2008-12-12,-3.88770173014326,-5.6349808536778,-5.71833046467116,-4.48298245822318,-3.04564493991508
2008-12-16,1.05874419328904,2.48816727810919,3.95376627301349,5.09870381501694,2.37063363870398
2008-12-17,0.0916031371069437,2.1596270368077,0.518029113341179,0.702612153040949,-0.157242449663908
2008-12-18,1.94720755415831,0.240904583899493,0.63322886977879,0.525226517138488,1.0988753036556
2008-12-19,0.137327587488123,-2.41837830583194,-0.9122819453383,0.429381875548618,-0.193633525705028
2008-12-22,-1.53264678184044,-3.39610249085798,1.56262024438245,-0.115225931802598,-2.81513040898336
2008-12-24,-6.43909622311174,-3.04294766537385,-2.39767229179542,-4.42856968165053,-0.496179182681189
2008-12-29,-0.717234947350942,1.01247260352277,2.66543121703435,-0.972359738111361,2.4779807572096
2008-12-30,-0.954019708011078,-0.651032022899045,1.2766882500479,0.613723236215158,-0.558682695098156
2009-01-05,2.57498144318324,8.91773762574353,2.05071456185699,4.27385716101565,8.3511722180674
2009-01-06,2.95631385181423,-0.346283689479776,0.41624517446941,1.74931081931318,-0.584079419411143
2009-01-07,-0.680627103056697,-3.42395327091101,1.72929318409984,2.79817632847346,-1.74373988971492
2009-01-08,-2.4108326896763,-3.88813936760979,-4.00613086256918,-1.84649454844612,-2.85711375517064
2009-01-09,1.41052922259917,-0.267214637343827,-0.447350239805822,-2.0732644101523,-1.18835732182321
2009-01-13,-2.20218387627229,-5.05993189837479,-4.90385315119486,-1.12831011332899,-2.47781634751352
2009-01-14,3.45476629195973,0.267128015619988,0.291235380033328,1.27384837665163,0.164467191847883
2009-01-15,-0.449978416262731,-3.426618210562,-5.04475875149897,-6.22165552300924,-3.49783985191117
2009-01-16,1.7669152332652,0.094722457095564,2.54531855871356,2.12423524209564,1.53678512375972
2009-01-20,2.0094128123243,-2.25633711945097,-2.01725796225833,-0.741821519360908,-0.409981407079574
2009-01-21,-0.456884585942952,-2.94531809451204,-2.05613280378962,-2.08040070960687,-1.09981300484163
2009-01-22,0.999013313657748,0.589187343063102,1.88178842771141,1.1370311340781,0.249026727663892
2009-01-23,-0.715288075031939,-0.629167901757555,-3.88084649044647,-2.06648284360371,-1.38717604442808
2009-02-02,1.05039518213292,2.22406179183761,1.64839002757535,4.78141377392376,1.18331312431286
2009-02-03,2.41289155378626,-0.659950488694605,-0.617474249201777,1.40685825791182,0.388036340705611
2009-02-04,2.25219184200514,2.22138651945478,2.69083236818712,2.72809330938761,-0.264965893721936
2009-02-05,-0.462698500351433,0.87651302568581,-1.11693311632219,-1.47395484226083,-0.163540961247666
2009-02-06,3.8899479613737,3.54916184474519,1.58455656425556,2.71190000907735,0.62866623226725
2009-02-09,1.9733047614066,0.831536181637915,-1.34106891861236,-0.627449788471779,-1.94314599964196
2009-02-10,1.80188265717618,0.807101745806094,-0.290167260144614,-0.318126819374243,1.23759934784688
2009-02-12,-0.756442979946748,-4.81365894979486,-3.07449158070554,-1.60006104170565,-1.08198502606314
2009-02-13,3.18266781395291,2.43726633664423,0.95630238059119,1.06227919854929,1.21985822218393
2009-02-17,-0.0581867725560237,-4.59906247067448,-1.73606669695694,-5.62738180262539,-4.05132626826656
2009-02-18,-4.83966121244235,0.543885722925452,-1.46340379482854,-1.24980425053813,0.799036169947165
2009-02-19,0.778010586583555,0.0565298086895538,0.307578583193013,-0.548578363421637,-1.32363436073586
2009-02-20,1.53101952362258,-2.52080310054836,-1.88692277960385,-3.78775635548694,-2.13450443070462
2009-02-23,1.9399547791096,3.67920475333001,-0.543788951875612,3.10345848663056,2.21671201560945
2009-02-24,-4.66662427283078,-2.89991452909639,-1.46949803447214,-3.29784025905173,-1.0015090813285
2009-02-25,0.268650240311707,1.60105111214097,2.61607420703669,0.300334347463327,0.145455471404432
2009-02-26,-3.94337361084434,-0.850506400567852,-0.0441043900400118,-1.15842510970126,0.0401950392365791
2009-02-27,-1.82683894022624,-0.648631745788819,1.47064312201977,0.778162599292376,-1.40524242106856
2009-03-02,0.507627457904025,-3.93309008798379,-3.88328606465063,-4.24880414305742,-3.93047360702674
2009-03-03,-1.05742327169276,-2.32917630167666,-0.695115849539185,0.661327604222439,-0.319408745351346
2009-03-04,5.93587101989517,2.44025762762305,0.843491669682273,3.23219955355354,1.03032299252677
2009-03-05,1.03956638493869,-0.977174221025656,1.93602412156846,-0.102009983154616,-1.67814371142621
2009-03-06,-1.27185346856136,-2.40116687815437,-3.56575475936562,-0.298124874769545,-0.364145321508413
2009-03-09,-3.44487372422515,-4.96050734536038,-1.22126780808181,1.57049627107924,-3.78285347507532
2009-03-10,1.86196732691242,3.03400686087265,-0.439148970269976,1.89198454824329,1.95744857303213
2009-03-11,-0.90981851955636,2.0031391854145,4.45140046705585,3.18176507990495,1.32120159644824
2009-03-12,-0.240586134909027,0.59225843651447,-2.44098141787656,0.0780176465832838,-0.798926571297365
2009-03-13,-0.235999105482776,4.27563755261051,5.02600097168955,-0.20936656542041,5.47115481251517
2009-03-16,1.14149772686387,3.53656950890056,1.76611940707012,-0.0506331373603786,0.556287466711947
2009-03-17,2.97577554633301,-0.762879452127052,3.13033440043817,3.35674102383239,-1.73530353133655
2009-03-18,0.243130559247806,1.83946412751705,0.289423804376376,0.520176164244734,1.07880866499288
2009-03-19,1.87242773518994,0.104769537575855,-0.329310335903088,-0.698187898106184,0.564415570740362
2009-03-23,2.60162258514089,2.38175116810648,3.33626421368116,3.19256694249122,4.87763428140555
2009-03-24,0.554901829095655,3.38451823971031,3.26624791649888,1.83385281302648,2.5078307646357
2009-03-25,-2.02470431372728,-2.09382405244654,-0.0979474144344294,0.597377241661246,-0.862860781071362
2009-03-26,3.01532542032641,3.5117266136071,1.82684534999105,1.1954105843162,3.89039546114835
2009-03-27,0.537992150924271,0.074534657813885,-0.108438142385126,-0.506991345151242,-0.749336497194619
2009-03-30,-0.693085471049759,-4.81071933676294,-4.63688400623923,-3.28986494138519,-4.24306071297051
2009-03-31,0.641270361363144,0.885537381319956,-1.54845892677926,0.732201696984802,1.59202681800172
2009-04-01,1.45613639465783,-0.416895475145651,2.9450341916446,2.22174885778115,0.133441124951972
2009-04-02,0.714627180835858,7.15266287574075,4.31037530246705,3.47479318438113,5.76837210996697
2009-04-03,-0.227447792307789,0.163205467967131,0.344140624322797,0.529539804687307,0.967390780949984
2009-04-07,0.798529030344586,2.60088907533049,0.9442311357855,1.26557023253548,-1.02008468881225
2009-04-08,-3.83578446062138,-3.08902689934722,-2.72959235446386,-2.96879544933448,-1.02779495807077
2009-04-09,1.37459936017406,2.90424877824051,3.66723426748123,4.21095248968806,2.46658151741883
2009-04-14,6.00539903334436,4.45424706195716,-0.826414685167087,1.97676219876586,3.67828063038971
2009-04-15,0.350763902347584,0.572549594809857,-1.1341193024764,-0.713082118055119,0.47173247686576
2009-04-16,-0.0761312729195218,-0.554387117603383,0.140585751303313,0.271929630712187,-0.749923203603675
2009-04-17,-1.19848915824763,0.117238645995243,1.72479370404659,-0.579207237264256,0.25393922803465
2009-04-20,2.11490871582045,0.95458201820815,0.192571641575512,0.554516895177581,-1.15130626506366
2009-04-21,-0.849357881989121,-2.99679607127246,-2.42038388134276,0.0314230138751981,0.659208681539347
2009-04-22,-2.98110197206061,-2.70163233550686,0.183156640911086,1.42677598503349,-2.35036257162857
2009-04-23,0.105577335045925,2.2332434115059,1.36235051626912,0.938050492387532,0.894861765781574
2009-04-24,-0.625340457460055,0.291337116956036,-1.58385538249473,-1.07974165892051,-0.384074076363472
2009-04-27,-1.78169255682201,-2.7805123371639,0.210504295559844,-1.05942867635935,-1.86525211856443
2009-04-28,-0.162686568890269,-1.94124045161423,-2.70130843708269,-2.99938774302646,-0.562446685676843
2009-04-30,3.12096836855904,6.42511666710632,3.86249861181476,5.17946145924881,6.00230025672968
2009-05-07,4.72519534163656,10.3755658171872,6.12293146588314,2.28998903892874,15.4718887860229
2009-05-08,1.07982899108459,0.993889322525376,0.500890330301651,0.785583502716314,-0.151345733282504
2009-05-11,-1.76359894249831,-1.75143160340419,0.202808570103308,0.214339608602021,-3.27481237029845
2009-05-12,1.47831054307668,0.383685924560595,-1.63593167451204,-0.826635706879397,0.553839495168873
2009-05-13,1.72668121701571,-0.549612849959935,0.449378676840162,0.78140090924057,0.328183233626422
2009-05-14,-0.900516299113185,-3.08304065719529,-2.67735483347753,-2.40185828077202,-2.93376661157101
2009-05-15,0.203210953253397,1.49413007858143,1.86608533399895,0.777590945760931,0.829214327373773
2009-05-18,0.283878757054623,1.37349221503538,-2.47317659976485,-0.363517663779334,1.72355752449089
2009-05-19,0.896907387164436,3.01536372466824,2.74555163012327,2.95095109853838,3.75854973782781
2009-05-20,-0.948564663033746,-0.389436546630506,0.583314819080094,0.523062322267798,0.392088103861088
2009-05-21,-1.55038329505768,-1.59396234171272,-0.865080448160782,-0.983436627412271,-2.60136404103495
2009-05-22,-0.499979921078975,-0.799548711134968,-0.414712145938267,-1.26709418068733,1.53944479610448
2009-05-26,-0.348234212351084,-0.416749492000967,0.917109977674002,-2.28485436728567,-0.289023987675563
2009-05-27,1.69916948340267,5.12607188609167,1.36495843311426,-0.732979149033941,2.96135720061415
2009-06-01,3.30050633342669,5.45805670128665,2.50037611961549,3.82313080688688,3.15807856629169
2009-06-02,0.11091565304735,-2.6801025883298,0.27406804668928,-0.159125902138957,-0.178725796068147
2009-06-03,1.97320904096774,1.0138715923576,0.384244414181367,0.144284860270627,0.336160194198598
2009-06-04,-0.409317121027364,-0.397527549408316,-0.749180630237234,-2.63170256099237,-0.88822804691695
2009-06-05,-0.483597597508201,0.950782127896055,1.01920059985154,1.19517444099433,1.41247838519769
2009-06-08,0.523340497601055,-2.30774556814648,0.994423901545005,-0.101147422011572,-2.64917554809836
2009-06-09,0.703717473151499,-1.07348818980757,-0.802041704395151,-1.55221297099333,0.690501657827003
2009-06-10,1.01211754507142,3.94778785194383,2.06971481575806,3.08918174178121,1.74436884769804
2009-06-11,-0.674439679402283,0.0285815490219221,-0.101738271074048,0.318248000826138,-0.394299310567447
2009-06-12,-1.93325734886667,0.523611287523273,1.53593363993014,0.646074200068369,-0.199206601867985
2009-06-15,1.65510500203832,-2.0901226902069,-0.953143917903887,-1.138339858786,-2.57853101464924
2009-06-16,-0.486204527245437,-1.81903235324743,-2.89816191898122,-0.943963588816299,-1.2335325540616
2009-06-17,1.22089398306162,-0.4463443373103,0.897946343956946,-0.571978967009112,-0.732960705385111
2009-06-18,1.54592928382113,-1.7174386461404,-1.40327723025919,-1.11388140143118,-1.51933101233412
2009-06-19,0.927393866638049,0.808294260070141,0.847004393666495,0.549455914618591,1.59546482668489
2009-06-22,0.547364175373311,0.770532721329253,0.408005040688053,1.17642074670323,-0.275765025752062
2009-06-23,-0.124373828435509,-2.92835785538479,-2.85590955257931,-2.83833925425299,-1.81709065004778
2009-06-24,1.01806554287398,1.99710169895653,0.425394046798289,0.238590885959855,2.34680230776698
2009-06-25,0.0940597091930506,2.11735780507603,2.12280492247814,2.09982611126067,1.02589180233252
2009-06-26,0.107974028387758,1.76399118947188,0.826600116505105,0.129159120443134,0.670505779053521
2009-06-29,1.59569204109573,-0.38649321975921,-0.955407997620839,-0.436942390761619,-0.0336560868914759
2009-06-30,-0.537520650799106,-0.811660922264146,1.77262059792405,0.116608855330735,0.686838631474185
2009-07-02,3.35235832318288,-1.09791954254312,-0.829767312032104,1.52846937007833,-0.529442830555027
2009-07-06,2.08320656388068,-1.09876080033846,-1.99709864200148,1.22941113748496,-2.38646921248709
2009-07-07,-1.13355960728736,-0.653654723110364,-0.342289970414633,0.367429180388168,0.271905155017027
2009-07-08,-0.281351579872791,-0.793633993484022,-2.38141703254531,-0.221972574929907,-0.551189273747177
2009-07-09,1.36241186620474,0.39153387259887,-1.38620557525648,-0.00908484194743764,2.09493187041003
2009-07-10,-0.291809037011603,-0.462943314493458,-0.0406925489807364,-0.158768493681904,0.0160326199161176
2009-07-13,-1.07741953922424,-2.59597194220635,-2.58445008755288,-3.59886918321672,-1.80741243581783
2009-07-14,2.07533646217808,3.59226749444694,2.30982727848357,0.538413852047981,1.91870326927601
2009-07-15,1.37015047429472,2.0636299822625,0.0802976235547703,2.51579320447908,3.35650672364993
2009-07-16,-0.150966164864741,0.563674383047541,0.804907907112273,0.796336592944424,0.4842988398857
2009-07-17,0.188280241641081,2.38816564974211,0.546014372900672,0.548686759790673,1.2392593997534
2009-07-21,0.733102870213642,3.63452912281446,2.69555269140991,3.33854821413979,0.956757051097146
2009-07-22,2.56242302638903,-1.30871883034445,0.734344864847003,0.338582235133078,-0.142706888011279
2009-07-23,0.962407995889336,2.9159486488803,0.715104937608935,0.163850591575887,1.38056745948179
2009-07-24,1.31652125561565,0.829592534276635,1.53629445187899,0.406791976998466,1.93416985007273
2009-07-27,1.83940989228528,1.33633872413785,1.4387358375604,1.41809793255492,1.69198708148333
2009-07-28,0.0919462702878349,1.82468385890076,-0.0138779297524039,0.129832678364661,1.82211282623426
2009-07-29,-5.1299876475408,-2.39972025652015,0.257221497727933,-0.112118293253527,-0.764334931256805
2009-07-30,1.6736906683386,0.488388514058613,0.512564952260419,0.68125766087368,1.22629273946107
2009-07-31,2.68816623812995,1.6627265287692,1.86750994611682,1.45861455431495,0.869063272885473
2009-08-03,1.47006494864783,1.13063874642556,-0.0421066869900955,0.492591322952318,0.840322198316645
2009-08-04,0.255262951140622,-0.0520626908075528,0.217489138909244,0.0887796056843193,-1.23369417031745
2009-08-05,-1.24466457245589,-1.46116057169809,-1.18755255763414,-0.441482046881081,-1.59566821863724
2009-08-06,-2.12747326246898,1.95430630292268,1.31354532104897,0.356536282514508,-0.204672202439049
2009-08-07,-2.8909285693322,-2.53859762019815,0.230767336154969,0.697860866476852,-2.02497770316974
2009-08-11,0.123823463200345,3.37231995420808,1.6513730398346,0.20347305615056,1.86340191976839
2009-08-12,-4.76801220324301,-3.07891565101439,-1.43158208365985,-0.881528083673544,-1.00569472476169
2009-08-13,0.890418594397246,2.06349063577242,0.784552083393919,-0.0453675578629742,1.65349761493978
2009-08-14,-3.0253473762631,0.153420141826643,0.759102123365984,1.69646501350185,0.660735310249105
2009-08-17,-5.96161363278096,-3.68387720142511,-3.15104134833391,-2.82640601333588,-3.30421812736637
2009-08-18,1.39239230889814,0.833850808830228,0.159096482496501,0.205340207106897,0.850270097031824
2009-08-19,-4.39993307420785,-1.74885544173637,-0.790283365882338,-0.276468104526018,-1.7656877538581
2009-08-20,4.42397789386728,1.86004003657896,1.74295398861357,1.94923461416723,1.44778075565881
2009-08-21,1.67534804788758,-0.640746292286032,-1.40835172556741,0.290748517497263,-0.576363696693338
2009-08-24,1.09705174693691,1.65424334872988,3.29388424521131,1.95672032732341,2.61669047371269
2009-08-25,-2.6275662422611,-0.491566036290614,-0.794086838355312,-0.674635369283028,0.245837989343745
2009-08-26,1.76059509125936,0.103101969537533,1.34694309243724,0.792415902000787,0.368578646752304
2009-08-27,-0.716608945246033,-1.04951764435093,-1.57000962850145,-0.920512498088311,0.52365478079146
2009-08-28,-2.95212316739084,-0.714554876341822,0.572827965302025,0.536906508230572,0.0215703601384121
2009-08-31,-6.98274339602722,-1.88053547416516,-0.395783586431087,-1.00569947501992,-1.90620207290282
2009-09-02,1.75454830865558,-1.03037664972057,-2.04185692990446,1.32981263944485,-0.889827926246589
2009-09-03,4.67891938294684,1.22026741958461,-0.642302074979817,0.0229337185549738,1.10018155959617
2009-09-04,0.581430607450795,2.77929980696161,-0.269878973220194,-0.287360978272222,0.932003183821806
2009-09-08,2.37818286320586,3.63035031966898,2.00314370158008,0.668405723346588,1.44676609358232
2009-09-09,0.537033727041525,-1.04373831181626,-0.783279068085641,-0.738664720787074,-0.392741388093398
2009-09-10,-0.728311520632374,1.04255177295727,1.93544732216626,2.26977107183117,1.18294862820649
2009-09-11,2.19496966211317,0.435036766261021,-0.661706775527371,0.42592241261481,-0.0369192907485605
2009-09-14,1.22829819041108,-1.0891069275921,-2.34695867437384,-1.02173035823299,-1.55206215859591
2009-09-15,0.230675280945114,-0.314987112854404,0.152402026003351,1.12460168738604,-0.0507754636591251
2009-09-16,-1.12772682069942,2.53885892331915,0.518831584394874,1.794020058274,1.35598615854846
2009-09-17,1.99842623461137,1.69370687752597,1.67065041152838,0.718601411223307,-0.0680753043858395
2009-09-18,-3.24089908939351,-0.668605614443685,-0.703940672847025,0.249765974363747,-0.928113178307211
2009-09-24,-3.75270555990017,-2.68431350865033,1.66087483153703,-0.343589280698975,0.734481246825958
2009-09-25,-0.51683151519164,-0.125157086559113,-2.67423265316094,-0.141787012434236,-0.172975044301449
2009-09-28,-2.68902885659834,-2.09553718908762,-2.52988758283212,-0.946241575549056,-1.26870771889962
2009-09-29,-0.32547699472234,2.04210879031397,0.90185855019147,0.861664470792167,1.2871075702507
2009-09-30,0.89954111916013,-0.276017237590409,0.326489669229701,-1.00560137842365,0.347084615699433
2009-10-09,4.64981011566339,2.56376766500122,-1.15973710242816,-1.58741619995384,-0.753419475033201
2009-10-13,0.836885068966531,-0.149324622550218,0.598918325677822,-1.09045809636941,0.597268032605314
2009-10-14,1.1627565517669,1.93354525270468,-0.162389535093865,1.23002630718734,1.4908550074356
2009-10-15,0.311244016300005,0.513153971777491,1.75817357775312,0.598536284204165,0.135408635555656
2009-10-16,-0.106104012022712,-0.31496318462132,0.184521971285889,-1.12932535206411,-0.148701106867222
2009-10-19,2.04964863685637,1.22620069284043,-0.205425348918098,0.529576270421295,0.132107727587449
2009-10-20,1.50850849696216,0.827629539617014,0.975347188149733,0.609393038807049,-0.022497644296493
2009-10-21,-0.450363390864439,-0.299084827203266,-0.0333813414949091,-0.319347330417852,-0.686206806925327
2009-10-22,-0.626594666901781,-0.483240599908008,-0.642897358925509,-1.43295014146991,-0.393710086351984
2009-10-23,1.83273899166263,1.69293277079081,0.153964768401949,0.601744668515902,1.236557663323
2009-10-27,-2.81910105183378,-1.87738482196647,-0.688253035794695,0.569050385008829,-0.770451735641586
2009-10-28,0.326130883385112,-1.85755003517247,-1.35464728101962,-2.44363603021531,-1.7037998148858
2009-10-29,-2.3653427593036,-2.30839711966624,-1.84267076918001,-1.49334973621293,-0.63128725601258
2009-10-30,1.18799581309759,2.26836444033172,1.44177096874714,-0.325908061624958,0.712417652096065
2009-11-02,2.66133450679682,-0.611810252095601,-2.33697118081224,-1.37591428470447,-0.215234121787411
2009-11-04,1.67250993406967,-0.0250723027308553,0.421026250954704,1.32782245369363,0.121267772937728
2009-11-05,0.843790167355607,-0.629743912087655,-1.29714139990842,-1.76814932790856,-0.730963336036528
2009-11-06,0.284534832238847,1.6192905910513,0.737285076074379,1.29422230861405,1.09162965876628
2009-11-09,0.364060077604123,1.71599770569113,0.200425205140142,0.274986281084644,1.31439465052701
2009-11-10,0.095370148820173,0.272553434314204,0.627450010012076,0.348834986493429,0.526572320485386
2009-11-11,-0.107652124092183,1.59953088797238,0.00962395169317176,0.788139246108877,1.20522087413324
2009-11-12,-0.0705718554716128,-1.02006935401402,-0.682960770970631,-1.39479143959838,-0.519147190885594
2009-11-13,0.462221368171001,0.694355776973765,-0.349224868072362,-0.0470630144279838,0.0363071589602804
2009-11-17,2.94401638175881,1.58585950630332,-0.414149340893744,0.886018012904,1.37361095537605
2009-11-18,0.617664563227471,-0.322679064660925,-0.547543380446314,1.12792932348533,-0.722690482383292
2009-11-19,0.524772334025414,-0.867001345279128,-1.32456125525646,1.02776210068933,0.499653099971731
2009-11-20,-0.369892531512939,-0.830710557722725,-0.54380973144692,0.00370240100755481,0.0996317331566132
2009-11-24,-2.59725432963407,-0.145725262859209,-1.01697979983104,-0.878835040751547,0.665523829645664
2009-11-25,2.04622027953771,0.837843255171755,0.425193362424281,0.339309898919904,0.461526581774407
2009-11-30,-2.92582550397729,-3.55761715993363,-1.02293997035527,-3.5539876326717,-2.19811346405878
2009-12-01,1.24592244701898,1.3276731878916,2.39627699245002,0.903593620654419,1.41123570813999
2009-12-02,1.05733247818414,0.794640185737272,0.383085102670933,1.38613888440222,0.912119757697027
2009-12-03,-0.156709620432416,1.17878137994278,3.76556810023345,1.45763083245987,0.422516740559686
2009-12-04,1.59263857989433,-0.2473586241452,0.449194915780993,0.602515589180541,-0.613304918023871
2009-12-07,0.446989286768229,-0.772774856008773,1.43646487206137,0.484434899507225,0.213672618289795
2009-12-08,-1.06328771296518,-1.19157494239364,-0.267184583660907,-0.298733824785913,0.304151253304497
2009-12-09,-1.74692297724732,-1.45547504457255,-1.34773665365877,0.391790688016069,-0.295928436413018
2009-12-10,0.452430231707446,-0.192073131528403,-1.42848498571091,1.12934359208179,-0.550272311804623
2009-12-11,-0.213486648963723,0.926887535065468,2.454219656315,0.251992047849736,0.676746972998199
2009-12-14,1.69708296684874,0.834962495968483,-0.0216686332541016,0.473858915920289,-0.0432120486198784
2009-12-15,-0.864790044730057,-1.23843060427795,-0.219920085308267,0.064852792444281,-0.0300094317609023
2009-12-16,-0.589618028743644,-0.931161257429913,0.927211716228626,-0.0966940908769587,0.542705910801544
2009-12-17,-2.36649429501874,-1.22959590688101,-0.133817034787498,-0.990322337263638,-0.0234574922883368
2009-12-18,-2.0719098312096,-0.807792837098908,-0.214224061715385,-0.0485601913101874,-0.380351820572677
2009-12-21,0.291172366066306,-1.08148479848857,0.407567012661048,-0.170754795733163,-0.564641711984937
2009-12-22,-2.34724042163457,0.684776798879483,1.89252541903926,0.685505007297671,1.31930057103409
2009-12-28,4.43263306143713,1.82367935538181,2.43869719144971,1.79884112867468,1.12194151591369
2009-12-29,0.718067498721098,0.0894376608897574,0.0360092875885343,-0.780809608238364,0.491840919957287
2009-12-30,1.57053500279609,-0.0131174810158896,-0.864977424430613,0.613369034258504,0.347855476061198
2010-01-04,-0.57912727411189,1.50815764418688,1.02211940817352,0.791383598784723,0.512270118623093
2010-01-05,1.17746849919893,2.06932739794858,0.253461086863638,-0.325975557049318,0.884984356562057
2010-01-06,-0.855522016298593,0.613431461874292,0.463451547960325,0.865745084743352,0.349014244760237
2010-01-07,-1.90606049693951,-0.658909445007083,-0.465043048225589,-1.29075172613957,-0.590034807032414
2010-01-08,0.100801726547317,0.122514387202521,1.08623143090405,0.699086225115941,0.325907886299426
2010-01-12,2.41032878996954,0.133965637618516,0.745662771140054,0.199180949200439,-0.227783899121636
2010-01-13,-3.14329630569041,-2.62311966639466,-1.33349682620469,-1.6160349315844,-0.955474502081621
2010-01-14,1.34280634062982,-0.145632601422641,1.59549023621146,0.85548511420388,0.729232780210243
2010-01-15,0.267093346355196,-0.289547783619959,0.679954633866409,0.946408171572433,-0.0378140720979303
2010-01-19,0.702210574534767,0.109941500231869,-1.99758332152289,0.49355027766671,0.154603610039494
2010-01-20,-2.97018733312573,-1.8239432741856,-0.254669146989528,0.242948201025506,-0.681705346677131
2010-01-21,0.22216209850292,-2.00961285102164,1.21162663453713,0.44407139693643,-1.46761662134427
2010-01-22,-0.962877919320704,-0.65638020786114,-2.58983222317983,-2.21124804850863,-1.10287520409864
2010-01-25,-1.09851659067051,-0.617695049946931,-0.737899519567975,-0.843635296752865,-0.284120359753803
2010-01-26,-2.4542433686138,-2.40367984969314,-1.79878417340387,-1.98704059073114,-2.57144880808626
2010-01-27,-1.09158593052889,-0.379947844378847,-0.711464529663886,-0.726981705004182,-1.25107431921636
2010-01-28,0.251808016680322,1.6009476992501,1.56982896550275,1.03736957283926,1.88221386217355
2010-01-29,-0.162114408029979,-1.15806381191828,-2.09833565188635,-2.46556253966883,-0.44811751464735
2010-02-01,-1.6163841585823,0.603285703626,0.0684211120518086,0.249932349232651,-0.334943905425344
2010-02-02,-0.226341852259448,0.140339884416463,1.61423715309876,-0.663910628183029,-0.560745022592446
2010-02-03,2.32795001862911,2.19502956716546,0.319993803867114,1.19658961770295,1.60310850085024
2010-02-04,-0.284040903470384,-1.85297817814067,-0.465793501332179,0.0866486821722745,-0.720897815508525
2010-02-05,-1.88422531636769,-3.382554265505,-2.92862722267859,-3.09742874275836,-2.26295177159637
2010-02-08,-0.14401056523452,-0.582366432501402,-1.05224093965202,-0.918622702047323,0.374174260009852
2010-02-09,0.464649944325402,1.21700983824127,-0.190296928592026,1.13343597048399,1.89023470648637
2010-02-10,1.13500023085784,0.664478365570176,0.312511405580906,-0.0235623017000641,-0.387998464636929
2010-02-12,1.18755593120561,1.72416391171275,1.27842636086655,1.48812081814667,0.892367329889066
2010-02-22,-0.489245403794669,0.534273311702904,3.00891400387897,2.07660314212958,-0.0522083414682406
2010-02-23,-0.695963530644583,1.19868938577881,-0.466159975290203,0.110565121828632,0.905780731075634
2010-02-24,1.31930803223099,-0.755696971526554,-1.49163898523259,-0.991454046903417,-0.73620318482206
2010-02-25,1.26390845399467,-0.333616590999952,-0.954354340258767,-1.58236489349202,-0.47139686188773
2010-02-26,-0.28400558307311,1.0199494539723,0.237987178761934,0.44436276997688,0.0621817071277952
2010-03-02,0.691262415801575,1.43281440076795,0.941727149571925,1.27988786425943,0.772763873488902
2010-03-03,0.774382284392772,-0.14034451803262,0.305739242546466,0.45219316233176,0.381279276083024
2010-03-04,-2.40617977115161,-1.45233596341026,-1.05320584537676,-0.261676855154658,-0.507612560044191
2010-03-05,0.254029004723577,1.02597980752623,2.17647862349839,1.00653524259577,0.776763712643724
2010-03-08,0.728765332370251,1.94790752635718,2.07080883402035,1.54619256461208,1.57447171068759
2010-03-09,0.519734541163785,0.0503721085010511,-0.172736843405907,0.0475778946421812,0.175181703245819
2010-03-10,-0.660668266655406,0.00348926250222092,-0.035302630507239,0.084861292998184,0.797993652051243
2010-03-11,0.0770465317177838,0.0938343461529101,0.951824216263297,-0.338670831049548,0.405146818263002
2010-03-12,-1.24888468225528,-0.0869976307251719,0.806029332773583,0.36874620015066,0.258893298183427
2010-03-15,-1.21764005776344,-0.617848186819181,0.00669666524935053,-0.79946323445963,-0.244280129604935
2010-03-16,0.53268420602377,-0.266828147366027,-0.281926581314096,-0.0903712256464573,0.765934055208817
2010-03-17,1.90761859132316,1.70521461116468,1.16160423817178,2.09262275295208,0.786491734962524
2010-03-18,-0.144015430274891,-0.251994975462466,-0.953644875541215,-0.458007429523111,-0.183774420683136
2010-03-19,0.708559289123656,0.188049699585413,0.748215603003111,0.650944796621733,0.060381088831285
2010-03-23,-0.478037529317632,-1.80860765545532,-0.468266093599468,-0.254756026413627,-0.344936920402805
2010-03-24,0.120786995878142,0.0992466102360368,0.378708675906125,-0.0481737117644876,-0.666436629435196
2010-03-25,-1.23866172012477,-1.10116250884573,0.127703552950464,0.438060889278979,0.0696136470854647
2010-03-26,1.33381371707593,1.31270880801964,1.53513494806052,0.551076226791025,0.618158371302524
2010-03-29,2.07268009318486,0.871689825278033,-0.0900702608880977,-0.338082340837875,0.783495170565374
2010-03-30,0.149385770878929,0.644699927704551,1.00229017336861,0.483465852176135,0.144988622472475
2010-03-31,-0.62107719077531,-0.635659694422586,-0.0649026393084284,-0.43265104152006,-1.57815278731679
2010-04-01,1.22497743732097,1.39167929935216,1.38318358720539,1.54281171095345,1.90590420767487
2010-04-07,0.0254144139214318,1.80270870430768,0.42977841150531,0.431254060210762,1.52014688978417
2010-04-08,-0.941775897080532,-0.281899299861088,-1.10975568860958,0.414983921071954,-0.837134317869115
2010-04-09,0.850571693458768,1.54946181732498,0.32307490731931,-0.538423913333119,0.295864185790773
2010-04-12,-0.512861684392796,-0.317183044241887,0.423580003688073,-0.825096317316465,0.174815227891134
2010-04-13,1.01709641272372,-0.156594376249686,-0.809083734549887,0.0169546521925135,-0.187265657531199
2010-04-14,0.155829491519377,0.0809497667265902,0.390501669213172,1.43592567964399,1.60702066698413
2010-04-15,-0.0382237039000088,0.16436596461169,0.612937993085438,0.493212160871703,-0.0927662291456244
2010-04-16,-1.10147302737982,-1.32914056442139,-1.5339077125244,-0.541629658978771,-0.323698476408474
2010-04-19,-4.91048800131795,-2.12665943094432,-1.75744325471072,-1.69723737240712,-1.55026797317435
2010-04-20,-0.0258396633555869,1.01426550820243,-0.0741880274015116,0.74372372381788,0.687951823869692
2010-04-21,1.78789723248425,-0.521395866767804,1.7223137308072,1.70536881883248,-0.461253259357974
2010-04-22,-1.12056019717226,-0.260625616066967,-1.27919621321233,-0.462276066270295,0.438442351619805
2010-04-23,-0.53284253484609,-0.98573542584095,-0.316783221021133,-0.143245483354182,0.261342577690549
2010-04-26,-0.471692648857847,1.59964934692258,2.27661240422989,0.869538298313621,0.471699775148515
2010-04-27,-2.09521006190512,-1.5182496057303,0.418885745293274,-0.151352923874004,-0.365013834696271
2010-04-28,-0.261696423279378,-1.48015587022847,-2.60089782423378,-0.897963811423619,-2.01366760246655
2010-04-30,-1.02999728805777,0.757006030048757,1.20653682549623,0.440228939098386,1.4414511471105
2010-05-06,-4.66761253868349,-4.72994424279438,-3.32590305015845,-3.31878211208139,-4.64321328253616
2010-05-07,-1.89096436376603,-1.06418139290163,-3.1445667675694,-2.23344547727953,-0.655038061745028
2010-05-10,0.385362654233035,2.51011209969327,1.58996117629169,1.81230957407115,2.0826522402734
2010-05-11,-1.91501700775261,-1.38088588812337,-1.14222559978199,-0.441475445738515,-0.795033944652968
2010-05-12,0.306980072422824,0.326965776063837,-0.164094180909657,-0.432608894246211,0.789826343637312
2010-05-13,2.04247701617648,1.03345454481527,2.15592006873671,1.87936827819826,-0.43178425714796
2010-05-14,-0.513396379118181,-1.36578119454391,-1.49924119403568,0.0619430674544397,-0.444163277623932
2010-05-17,-5.20229309088514,-2.158755182435,-2.19109202458281,-2.63643322601181,-0.756564631071655
2010-05-18,1.35218202362957,1.15855652419814,0.0671927519617199,-0.502011829005955,0.375482121447757
2010-05-19,-0.268977642540413,-1.85189353081121,-0.546270769117996,-0.804080927283835,-2.48496027810923
2010-05-20,-1.23918961171539,-0.169457732486222,-1.54851824178603,-1.85129704508151,-0.760850623674436
2010-05-24,4.49384895760874,0.621878246558083,-2.74830562143347,0.296401900562326,-1.08227982421711
2010-05-25,-1.91809205577176,-3.53052169942263,-3.10676974708493,-2.78624108693108,-2.7263861025026
2010-05-26,0.120417206772405,1.10498361865847,0.66134664505757,1.35479887645342,1.69868092321437
2010-05-27,1.14093075311734,1.2163404319967,1.22178410176854,1.59144573107053,1.60718139343494
2010-06-01,-3.35546965268056,0.336927265490417,0.745266748785944,1.41452063566865,-0.889442248424732
2010-06-03,-0.610046141619058,1.47524571356392,2.0622334186843,1.91000387579683,2.83305477730904
2010-06-04,0.0364259489951557,-0.0335635099055764,-0.131211229510697,0.137704210312606,0.465716790736259
2010-06-07,-1.65284534728922,-2.05287224467448,-3.91760730509692,-1.5844794102577,-1.96574040815021
2010-06-08,0.0883462593875173,0.562606541468824,0.179865034318638,0.821418532769158,-0.191689049673816
2010-06-09,2.74330537106948,0.684044487116608,-1.04137143359075,-0.258283709838558,-0.0294952491118217
2010-06-10,-0.827371156785972,0.05838904489881,1.09074097714963,0.271604207076059,1.22273656708849
2010-06-11,0.286798884169492,1.21342845468781,1.68957515418917,1.42110692080664,0.599370144023315
2010-06-17,-0.377764235768741,1.32976122903408,2.98581149872135,1.9260126108958,1.69003923219524
2010-06-18,-1.85401104765637,0.733755160655214,-0.043812224311246,0.235681582364933,-0.371652695132418
2010-06-21,2.86286840522703,3.0365772494525,2.40202958373246,1.60681165817209,1.82693084831289
2010-06-22,0.0962335651117918,-0.446189041291589,-1.22964170162039,-0.472465415227497,-0.463360989098671
2010-06-23,-0.730050523008963,0.180105045147094,-1.88850121454252,-0.327423426173734,-0.0435286033320992
2010-06-24,-0.12148067732074,-0.592065706289091,0.0467458264690634,0.8108097938341,-0.819777055134452
2010-06-25,-0.544187671110219,-0.206159359310654,-1.94109366117665,-0.57814791081281,0.141422140515779
2010-06-28,-0.689454589332872,0.173308553048912,-0.448140927095331,0.126521232289978,0.641427806915384
2010-06-29,-4.36275564945321,-2.33212881664997,-1.27977345449608,-1.41115607356959,-1.39116996633923
2010-06-30,-1.18871881489007,-0.593940656635183,-1.98420401516355,-0.556070780063767,0.182496939908194
2010-07-02,-0.647110662401484,-1.11740318373243,-1.92545096751839,-1.57090091052208,0.305650184253636
2010-07-06,1.10678213128859,0.894242037422721,1.44897164753228,0.781710149688042,0.834357919062878
2010-07-07,0.484418838452783,-1.13693380561077,-0.62725495424516,-0.552880515889864,-0.244019635664916
2010-07-08,-0.24688460455522,0.969696853320201,2.72230142810042,1.36267811885711,1.25457952907571
2010-07-09,2.28291539489982,1.62311913597879,0.518591658787493,1.42448304680771,0.688647309338375
2010-07-12,0.798127437948359,0.434656730954153,-0.388953229095002,0.638695164658643,0.278990816804203
2010-07-13,-1.63695215645951,-0.177855023925133,-0.114014224306302,0.0593808839833621,0.115476215509869
2010-07-14,0.819396868627287,0.633054473090766,2.66934664889327,1.31289656830473,0.819862077962075
2010-07-15,-1.88534495017052,-1.4954550785907,-1.12635342320608,-0.382982829273359,-0.31409234215003
2010-07-16,-0.00123747826679121,-0.0269591156278892,-2.90343634310606,-0.735874760967636,0.480236533261813
2010-07-21,4.48170232211798,1.16390704596654,-1.38631944668415,0.592449033466469,-1.07516404152657
2010-07-22,1.060075053263,0.498918553828709,-0.62649835640407,-0.76055597061977,1.00582986664133
2010-07-23,0.374724848548169,1.08987837188899,2.25274165215605,1.28980861184109,0.600426148677524
2010-07-26,0.645262290281146,0.118016378505459,0.767909334862082,0.624305640009304,-0.218165009786553
2010-07-27,-0.515488017104371,0.638459310412998,-0.0716822894922586,-0.0429696561688786,0.416725428468112
2010-07-28,2.23813006303679,0.56004522511035,2.66424487216188,0.291379117323842,0.201181674491657
2010-07-29,0.547544052437754,0.012516297278431,-0.588712136518943,-0.146148120868705,0.410160644412372
2010-07-30,-0.401845546632629,-0.303915162433555,-1.65050654962293,-0.654354342220831,-0.332478774534017
2010-08-03,-0.398898809878201,2.01407362212134,1.62977424536965,1.7617704463758,0.901968140525078
2010-08-04,0.437564319588457,0.428855690608465,-2.13391056766952,-0.0748632663055915,-0.428811421890352
2010-08-05,-0.675380185441021,0.00853796611313129,1.71949871715622,-0.302257081271851,0.162765924331509
2010-08-06,1.4256324345145,0.587919673613158,-0.122304902673598,-0.00168176046688728,-0.389882229750071
2010-08-10,-2.40301189418313,-0.951055082463625,-0.948990536388195,-0.151474379305849,-0.360240214977381
2010-08-11,0.470135044459941,-0.837357183440268,-2.74058088294211,-1.29631235607315,-1.18075711793386
2010-08-12,-1.23559833818696,-0.890708184117273,-0.867426046051989,-2.09436553410152,-0.756261794075286
2010-08-13,1.20491290202116,-0.161888141938604,0.442650883473306,1.41236895730597,0.440770373103305
2010-08-16,2.08837198611933,0.192254458962715,-0.615607362642834,-0.167930001780281,-0.219971894170712
2010-08-17,0.381731376999106,0.119811941323356,-0.381189402845195,0.670034579089496,-0.346601859397033
2010-08-18,-0.20943436045826,-0.544116924541882,0.857075752166203,0.395790134016138,-0.136580010380438
2010-08-19,0.809823859929804,0.236274135524717,1.3131248788314,0.996724452927822,0.934181566246828
2010-08-20,-1.71364475881468,-0.431062618844891,-1.97719100674707,-0.230649464591881,-0.349807011185721
2010-08-23,-0.111328225248464,-0.443316514142111,-0.685286461363965,-0.441967840013646,-0.357870017092932
2010-08-24,0.413636197204603,-1.10861611038082,-1.34223681278858,-0.407002353096431,-0.107371728468131
2010-08-25,-2.04814197541303,-0.114932826842029,-1.67880121362725,-1.47285314720218,0.1265087186197
2010-08-26,0.265381709041002,-0.111135258961781,0.688268234944189,-0.290369804689661,-0.0232382502643347
2010-08-27,0.278469442849971,-0.0713914643514002,0.945164862349657,-0.011562966144929,0.438904570306864
2010-08-30,1.59292040859729,0.67677265718018,1.74422513796095,1.75206290577652,0.621461344075325
2010-08-31,-0.523864177262023,-0.972684949392999,-3.61909201345494,-0.992334457426836,-0.227850299763777
2010-09-01,-0.60513176705701,0.424389951719029,1.1600551023589,1.25107121810677,1.09554857987124
2010-09-02,1.24654461621736,1.1813767489226,1.50999041293929,0.623656842023212,0.128319187251691
2010-09-03,-0.0146860296583284,0.490340228566133,0.564341979156957,0.241299421025598,0.530955194616567
2010-09-07,1.6052644494664,2.03101902757314,1.21996286256412,0.432765211152741,1.1105245243229
2010-09-08,-0.113837580545084,-1.47296244139277,-2.20714032285425,-0.477718628931356,-0.815877504878948
2010-09-09,-1.45528052100321,0.371118178565943,0.814329288606075,0.288474150403495,0.359978511606407
2010-09-13,1.1963463153565,2.29349406245749,2.42604138098539,1.91501236862379,1.46264199950306
2010-09-14,0.00743931380107199,0.173869402821225,-0.241768474465509,-0.198673193019516,-0.593906374303366
2010-09-16,-3.25298622693317,-0.0211581726304644,2.23510950812322,-0.187477654095858,0.6036880473685
2010-09-17,-0.145352216255912,1.2798856230269,1.21858215755868,0.851840719247754,0.301458033970015
2010-09-27,1.12042131316272,1.66993637323039,-0.238699218813387,1.81557948205882,1.19843174744272
2010-09-28,-0.634435604139316,-1.03886602037448,-1.1244745138546,-0.261515431005588,-0.518774077140449
2010-09-29,-0.0256605191343517,1.20805396104675,0.667748821525649,0.563076046734245,0.279847620644347
2010-09-30,1.70824875723969,-0.0916470695509375,-2.00791478904865,0.340174587115794,-0.270808043432069
2010-10-08,3.08047492483441,2.58725072131369,2.31603702406371,1.28706138623089,1.78249055877693
2010-10-12,3.68024472213984,0.770726093806573,-2.11036459540903,-1.54208377874578,-0.126295096673701
2010-10-13,0.69966284398566,1.44268023913554,0.158257603345646,0.433205189006891,1.66263245040348
2010-10-14,0.636825005335151,1.66768256162424,1.89608893546822,1.25057576607199,-0.223223450483268
2010-10-15,3.12871626169358,-0.397145647579755,-0.872579913822591,0.133086117932457,0.289094772773346
2010-10-18,-0.537596694314324,-1.22071492327542,-0.0185275445112154,-1.42257892456152,-0.720380718467695
2010-10-19,1.56522832655241,1.24638758935021,0.430299320203886,-0.969804586533485,0.345803945721457
2010-10-20,0.0699324015313252,-0.875867783367568,-1.66855076419239,0.703910883403847,-0.412466212631735
2010-10-21,-0.682092605571505,0.393933650954814,-0.0545898101206532,0.226961511315515,-0.492537273755111
2010-10-22,-0.284967894826238,-0.559460165762182,0.53427231744454,1.19937811018449,0.31686444589436
2010-10-25,2.53495717586159,0.468211467402746,-0.271406332035795,0.9651217577483,0.267793383388693
2010-10-26,-0.324308994627209,-0.112938737346902,-0.253267961314663,0.192953604995871,-0.616905491606978
2010-10-27,-1.47354945523226,-1.86748651206727,0.10285429545327,-0.515547179311682,-1.21301525994948
2010-10-28,-0.149257995230201,0.199588469082812,-0.223963542781291,-0.0874938823199223,0.163738387813872
2010-10-29,-0.460528561983686,-0.494697511662423,-1.76195608810588,-1.31477405827587,0.418359952809055
2010-11-01,2.49281495902327,2.38141226304656,-0.520015967147103,1.67421472298193,1.56472220643842
2010-11-02,-0.28166492647923,0.078099316881719,0.0574401998900242,0.172198812112434,0.409538107611063
2010-11-04,1.35382026864885,3.58579335386686,2.14709448363752,1.26719719585315,1.08695541884334
2010-11-08,2.32366432989597,1.73232614890697,3.91990138370897,-0.00463331196947081,1.83746690084128
2010-11-09,-0.778777819924237,-1.02173069316311,-0.395627107532981,0.259648925910394,0.399455627234246
2010-11-10,-0.628445869971017,-0.853428617314833,1.39341491721741,1.04156168139369,-0.738169446793968
2010-11-11,1.03400196370824,0.811737410924351,0.314239862727739,-2.73649556878341,0.126089436891519
2010-11-12,-5.29375953554556,-1.95301333231725,-1.39538786365385,-0.0841203336044316,-1.26472377358056
2010-11-15,0.965698313737029,-0.809956643241172,1.05052438275557,0.0360602366636265,-0.468500425422036
2010-11-16,-4.05779190502455,-1.40051995584134,-0.309917234944557,-0.770013298602468,-0.766025858114716
2010-11-18,-1.01007978582928,-0.235070964383688,2.18607414360292,1.50146928741934,0.0970855736159848
2010-11-19,0.803616408141483,-0.134114843219457,0.0874425216004227,0.677211659653398,-0.556718770510045
2010-11-22,-0.145506474725998,-0.346660512623664,0.921666425874079,0.173989182439893,-0.201932041023234
2010-11-24,-0.85058596390688,-2.1490957277905,-0.844668541506444,-0.948765875884483,-1.70391595085579
2010-11-26,0.410354331475205,-0.638810253475874,0.0941719589647505,-1.26341229828197,0.669413103904049
2010-11-29,-0.186125678072457,1.25522161609943,0.857209738838804,-0.329704776016282,0.00411634044716891
2010-11-30,-1.62422194245249,-0.685363623411561,-1.88361963895538,0.478400562957759,-0.428691531059577
2010-12-01,0.115882875593787,1.04549829387199,0.512018881131304,1.28798452345915,1.17725775770676
2010-12-02,0.711483027985871,0.85219381067283,1.79072950012884,1.07950877936771,0.502203284370317
2010-12-03,-0.0415051606017514,-0.548480826261155,0.0963294620474286,0.358283898129486,-0.801209861814201
2010-12-06,0.517580428417741,-0.35581302368648,-0.109016478771373,-0.185123681701693,0.282348684943123
2010-12-07,0.651663553933002,0.816276134914418,-0.257332970455515,0.45350625201328,0.328559014848651
2010-12-08,-0.95416670711268,-1.44295352359105,0.895584197395216,-0.347094962376548,0.341534232041418
2010-12-09,-1.32875883805008,0.342726652430692,0.521976542641944,1.68534769797333,0.230781328063756
2010-12-10,1.06476778205087,-0.0383729610440753,-0.721347777536785,-0.141883246865504,-0.774909203482288
2010-12-13,2.84231979471068,0.66565766144393,0.799191217035755,0.524766880055694,-0.0973657920990689
2010-12-14,0.141195880572909,0.485917172133732,0.222021123036242,0.622124813390812,-0.170146426694906
2010-12-15,-0.536783915905215,-1.96461387402955,-0.0677767272527774,0.418723432676771,-0.939585762155914
2010-12-16,-0.456834800578942,-1.34332546196863,0.0146452148477749,-0.409266673700159,0.0149327945095479
2010-12-17,-0.151936878748948,0.203024816766195,-0.0723740664680506,0.845492877230214,0.16950555427595
2010-12-21,0.357719191015171,1.22083281445384,0.645245912490289,0.531084900100076,-0.418252406204545
2010-12-22,-0.90661135231711,0.222984710886287,-0.232176465654454,0.0500588938604274,0.141944213668665
2010-12-28,-5.16646135534407,-1.85461221233112,-0.521826010866278,-0.235298271614504,1.24495722223674
2010-12-29,0.676087264554326,1.52475929509226,0.503073914491203,0.498920533265235,0.75755923103582
2010-12-30,0.291774988800331,0.130697816059744,-1.12398417403714,0.366834864498422,0.141736403407222
2011-01-04,3.3173516332905,2.8678685291128,1.64040946064343,1.65085201892845,1.17072243480969
2011-01-05,-0.471902025973314,0.376753428695231,-0.166804104536844,-0.124289490505092,0.121761123438269
2011-01-06,-0.530422791013763,0.119804524330114,1.42504777593562,-0.237490977360544,0.779012043395255
2011-01-07,0.515628901567577,-0.419903075067118,0.107067610888656,0.412603465886185,-0.561073471038043
2011-01-11,-1.23166269862853,0.310705022041269,-0.288432689090712,0.101568572303101,-0.610811945136547
2011-01-12,0.613297095083265,1.52561277231129,0.0201679265961374,0.316977175808209,0.106375936388048
2011-01-13,0.226942517400808,0.46881492283557,0.729393411969781,-0.261445554868533,0.336266105277261
2011-01-14,-1.29454295363791,0.18239075370623,-0.860367205478596,0.890504139659942,-0.304837489572307
2011-01-18,-2.99495869932418,-0.5336818812264,0.189742002170767,-0.556052471462198,0.111461106383182
2011-01-19,1.79698565942594,1.09377377132862,0.361737491677339,0.912125255378715,-0.23476720469553
2011-01-20,-2.96024926923506,-1.71789224137697,-1.14117329322116,-0.42772454992388,-1.13162400249784
2011-01-21,1.39592174984733,-0.529819604069282,-1.57198424558356,-1.75937957412318,-0.653515270927763
2011-01-24,-0.723343158828271,-0.314942129469209,0.684690033445179,0.589585723605257,0.0364186643398767
2011-01-25,-0.680795088256225,-0.0544225019163846,1.14669872269406,0.216367746320323,-0.144811244563137
2011-01-26,1.16520448543467,0.22845962254241,-0.599244975521707,1.1336439319324,1.23807996087972
2011-01-27,1.47823489294394,-0.26718276830433,0.735232635354599,0.21536074134163,-0.0295003115200032
2011-01-28,0.130863902061495,-0.686127277771931,-1.13557532967192,-0.338158167121971,0.305759426489516
2011-01-31,1.36884650731393,-0.721058291978949,-1.18865808469533,-1.8259794960918,-1.55930147954848
2011-02-01,0.295904252835033,0.151757028708843,0.35666234191023,0.111063906958542,0.15775104379756
2011-02-09,-0.893596853831991,-1.36739814337545,3.28695660873954,-1.28474351923735,-1.07904382242161
2011-02-10,1.57722386465897,-1.98560563869812,-0.114778550333483,-1.82931930473256,-1.50851524250157
2011-02-14,2.83265022621038,1.79993024152356,1.12409352150813,0.302752593240552,0.0331840056139399
2011-02-15,0.00379416974123359,-0.961658697691803,0.196812594703744,-0.202230566970663,-0.76830427019825
2011-02-16,0.846970789546742,1.11685116032412,0.571749313027325,-1.07060925643321,0.455357380259613
2011-02-17,0.104600017057255,0.623651228038469,0.261955258913815,-0.599548480147227,-0.384942725910875
2011-02-18,-0.932602116955916,1.25126693623816,0.0568280376779029,1.80038744636146,0.132582376891222
2011-02-22,-1.53843574517509,-2.59504259088477,-1.65620431077009,-2.17027593894406,-2.22084318604896
2011-02-23,0.249031285576073,-0.365639564519959,-0.805886548320522,-0.421717250761322,-0.573663292175475
2011-02-24,0.555978886510378,-1.34422523005338,-1.201908171514,-0.60079280601073,-0.963031277381265
2011-02-25,-0.00138957402606721,1.80359745209184,0.705931155708939,0.69251115559954,1.73655301458178
2011-02-28,0.916043275354106,1.40518929155196,0.920347759253737,-1.23658605564856,-0.485448302181801
2011-03-02,0.301090131669568,-1.24761570924683,-1.24747846640574,-0.571941345106008,0.563099987077464
2011-03-03,-0.372370758238194,0.319507634425342,0.888498330206922,2.17608422531388,0.324492523626851
2011-03-04,1.34571915303985,1.23118735723029,1.01167797702839,1.71159350012955,0.785750419758457
2011-03-07,1.81531695320594,-0.409528835784556,-1.77978043415745,-1.22512479773,0.170043922739005
2011-03-08,0.124413181162275,1.69493023905254,0.191819351157818,0.80722866344427,1.20966864444334
2011-03-09,0.0736410183742819,0.41416831839225,0.609151248348105,0.257642489915266,-0.353089249054506
2011-03-10,-1.51061136198827,-0.823283511479111,-1.47568208103657,-0.998740429190637,-0.566118165705376
2011-03-11,-0.792407396044226,-1.55817756579051,-1.73963159981945,-1.32281361570259,-1.04430971974327
2011-03-14,0.130462273866261,0.412485352743452,-6.38146084055791,0.799134326630302,-0.415847562316607
2011-03-15,-1.41828843110874,-2.90142077617404,-11.1534337694067,-2.42929420596374,-2.83709344956877
2011-03-16,1.18551738045705,0.0997374867077738,5.52232041599403,1.75434508965839,0.842312334369755
2011-03-17,-1.14961544758083,-1.8515461927251,-1.45158917295056,0.0541230546783567,-0.950990278012043
2011-03-18,0.330451233565388,0.0708763985702632,2.68687370163452,1.12179362049769,-0.241551763572367
2011-03-22,0.420527118903369,2.46997983156643,4.26924791176564,1.62865727870622,2.25553593878356
2011-03-23,1.00007309728101,-0.14228396583853,-1.66707345249844,-0.0735250316293623,0.645319869172667
2011-03-24,-0.0600489569695384,0.392998598540473,-0.153141657339972,1.21514179917908,0.687199541412831
2011-03-25,1.04988372619035,1.05652875013291,1.06605040770429,0.843845606507188,0.909741025003719
2011-03-28,0.207655132394535,-0.391461222087663,-0.605850182817136,0.114343280680629,-0.439279975080709
2011-03-29,-0.872427311774437,-0.0339486069915296,-0.205411420331458,0.762504542158204,-0.0140653187090223
2011-03-30,-0.0781217013446245,1.68163476758192,2.6056533989161,0.924707142262982,1.24736064901185
2011-03-31,-0.940202851091865,0.323932597624221,0.475856443770439,0.729860698583273,0.339613657450322
2011-04-01,1.33323547829676,1.15946096042912,-0.479976506519542,0.676964817833436,0.4696201566734
2011-04-06,1.13760007945594,2.00955252558703,-1.28568134726734,0.268379432792454,1.58520519156209
2011-04-07,0.217996615027793,-0.0133836145636224,0.0684213572244019,-0.215117114622565,0.0416273788015786
2011-04-08,0.732373473234915,0.469495521889662,1.83020665728932,0.274346012534288,0.492534365933928
2011-04-11,-0.240220708733929,-0.381937393777498,-0.496517298454791,-0.262566145256216,-0.846604245269766
2011-04-12,-0.045664216593444,-1.35339178211051,-1.70629655921264,-1.56658687618307,-0.712560410124929
2011-04-13,0.956235865493227,0.659555012570934,0.895171956399565,1.54443957770951,1.08018698246823
2011-04-14,-0.254716994985138,-0.502731851123706,0.132054271306004,0.897969430422307,-0.415732710601446
2011-04-15,0.25897864034139,-0.0246969779942319,-0.648467571176958,-0.0261586899724442,-0.178067351422762
2011-04-18,0.222664003742423,-0.743172399012515,-0.364212752927706,-0.12996060937871,-0.283279111197565
2011-04-19,-1.92497485950192,-1.30808166112484,-1.21721628675697,-0.706039924779756,-0.606405622366779
2011-04-20,0.266396875537822,1.58377824786466,1.74081785391671,2.20062507766139,1.28531120898625
2011-04-21,0.650679905350771,1.00849392278306,0.818453517289441,1.31078116586556,0.909678894682209
2011-04-26,-2.94004228881715,-0.543892185417683,-1.32071097016446,0.352340063563972,-0.719386882696504
2011-04-27,-0.462794057693738,-0.478245061553295,1.38336059721897,0.0181282574708952,0.341490076936957
2011-04-28,-1.3202886003123,-0.365672513933291,1.61607645391051,0.0747443438609885,0.0725540143044157
2011-05-06,-0.805091525826818,-2.75325882972073,0.0959970523679132,-2.7964538627363,-2.7201888509099
2011-05-09,0.298796495194065,0.760771353798262,-0.659627762790116,-0.38631883851199,1.20005416789208
2011-05-11,0.380828413590795,-0.189586526660079,0.710937219761831,1.27550616803376,1.27462084346224
2011-05-12,-1.37374486868307,-0.94053261653162,-1.50772151288745,-2.05076569290092,-1.48172467200141
2011-05-13,0.943120946453835,0.873834552490216,-0.701046277391626,-0.121148426335438,1.05591428041798
2011-05-16,-0.767822516662431,-1.36533765590929,-0.942055910421935,-0.752798127404297,-0.863475499040511
2011-05-18,0.828409586310652,0.219743639737757,1.07990589742624,1.49060769918332,0.15069240102914
2011-05-19,-0.460545722383987,0.659413683777821,-0.427944582697037,-1.90349590364294,0.87480470790684
2011-05-20,-0.0388245606945503,0.155340188867825,-0.142917347590732,0.760163488950205,-0.00852091174277092
2011-05-23,-2.97872380341406,-2.12757159795469,-1.53613496134408,-2.67773083311695,-1.84938588540753
2011-05-24,-0.271039553255026,0.0869683914169528,0.174677145239599,0.293869990744877,0.0838746942033453
2011-05-25,-0.919262935815635,0.0725624651710888,-0.574497414756259,-1.26367410060286,0.178441381550343
2011-05-26,-0.190206089540812,0.672582997227167,1.46613648761278,2.71542782826284,0.161798076099018
2011-05-27,-0.976050991366773,0.944315502933435,-0.420352966657589,0.39740996688078,0.377683291224606
2011-05-31,1.22933579830811,2.41906407810593,1.78806752002938,1.99077451444936,0.77548459061223
2011-06-01,0.00364495247024976,-0.243920294362177,0.266620945504847,-0.0527567761506198,0.408666561680882
2011-06-02,-1.40915385220781,-1.58957209624599,-1.70767302372141,-1.27553109441099,-0.387465807867038
2011-06-03,0.84076178100343,-1.31715154765857,-0.659730175078188,-0.0345343892619532,-0.47349789635529
2011-06-07,0.59499620010337,-0.353091265377437,-0.520303088313945,-0.653190650454949,-0.949282236264892
2011-06-08,0.218032733032025,-0.909466562144345,0.0689165676339698,-0.782206490705573,-0.417114159663612
2011-06-09,-1.72183151165779,-0.228841846963945,0.187031451795505,-0.574281261658083,-0.174500693416313
2011-06-10,0.0665621419125628,-0.841484683456883,0.498273304201646,-1.20202802775102,-0.622419398226448
2011-06-13,-0.176116311856678,0.39044352264721,-0.698533900138543,0.101088788486514,-0.629259790164483
2011-06-14,1.09237572562053,-0.0536840228269497,1.04844085254321,1.36177226847884,-0.0539530425436752
2011-06-15,-0.905539655946175,-0.678998062947933,0.277480016821841,0.465970636756197,-0.0840939742401403
2011-06-16,-1.53270122846259,-1.76387198648555,-1.717554441659,-1.93078610703115,-1.14207942661917
2011-06-17,-0.808732338394069,-1.18150116272311,-0.638290513933448,-0.720845771705036,-0.492913513495452
2011-06-20,-0.81952256421598,-0.44231742590668,0.031220397009335,-0.60618512301005,0.276463571272245
2011-06-21,0.95791519024031,1.15572942177522,1.11981729323194,1.40224824709403,1.31563712104033
2011-06-22,0.107254815976887,0.0429186912452195,1.77875924125637,0.765068528838952,-0.350374517361018
2011-06-23,1.4587420992334,-0.462321122992471,-0.340057655810178,-0.390314494394772,0.0620939478354288
2011-06-24,2.13313550057688,1.87940773105968,0.850517047619803,1.68572988141831,0.724203329783002
2011-06-27,0.436739036337297,-0.588868686839561,-1.04274607101438,-0.986285662040753,-0.607347908640676
2011-06-28,0.0351612982853133,0.0907410009988396,0.735104304741085,-0.357108673322593,0.082307635154244
2011-06-29,-1.11961050580263,-0.0027196724790457,1.52505444642621,1.51590580523644,0.944460436406303
2011-06-30,1.22393415036344,1.51566309595825,0.192012132402652,0.298919678801912,1.31288396813645
2011-07-05,1.94577012590873,1.54988976118275,1.58044176883134,2.86522166682239,0.295994059434435
2011-07-06,-0.208643308201584,-1.01800262782437,1.09719703693596,0.435732548148504,-0.479790812136649
2011-07-07,-0.578439544950982,0.0560738591309118,-0.112535625825672,0.432007804595091,0.35765944500632
2011-07-08,0.125177947833954,0.867282061662067,0.659019935346805,-0.0110068012970643,0.809607506413457
2011-07-11,0.17569989842583,-1.68261883578662,-0.675007486936963,-1.06928726190123,-1.08190218840214
2011-07-12,-1.73146893838236,-3.10892540433514,-1.43645148628249,-2.2232564539034,-1.35384656073612
2011-07-13,1.47388462113192,1.21001594713253,0.374276546493846,0.939297413751561,0.420840126162503
2011-07-14,0.533722761385391,0.0607289129314736,-0.271568054348315,0.0201891678758059,0.00906571347787377
2011-07-15,0.345611210336649,-0.295876705445153,0.385222611936875,0.70779450955385,-0.144501672657427
2011-07-19,-0.825690314513228,0.123441633774313,-0.853299472408509,-0.701222171583105,0.38444409814069
2011-07-20,-0.0990844606112873,0.461394670728588,1.1679085204312,1.15469550195932,0.977404870712562
2011-07-21,-1.01869552369021,-0.0745607429511352,0.044863459465283,-0.460932120563928,0.382440163244624
2011-07-22,0.177001426099643,2.05944023867826,1.20860351650371,1.21356270221744,1.40602747195935
2011-07-25,-3.00560764940236,-0.677322519712398,-0.813595924269883,-0.960275421127665,-0.358801234719941
2011-07-26,0.529696441205108,1.24280079881398,0.473602625979908,0.843683665657036,0.472467582882885
2011-07-27,0.75407800770817,-0.134726069653546,-0.501666237015463,0.25834631374213,0.218491617630967
2011-07-28,-0.541579706263651,0.128789355906456,-1.46218819388775,-0.852629548708705,-0.115612563575596
2011-07-29,-0.260604046198054,-0.579815576481124,-0.692398473598921,-1.05571898162493,-0.0184978782833412
2011-08-01,0.0758485359672711,0.989374334153226,1.33328304323044,1.81632299595771,0.812242053604884
2011-08-02,-0.91101569321923,-1.07314288019733,-1.21578914579903,-2.37761515609707,-1.19456520027992
2011-08-03,-0.0287434092781425,-1.93070464470484,-2.12976816123938,-2.62747560981094,-1.48240586472834
2011-08-04,0.206991922902411,-0.492189921592256,0.228437438686591,-2.34004111480708,-0.748077590623275
2011-08-05,-2.17014199654963,-4.38352091066534,-3.79072616428733,-3.77207017333285,-3.67900758347073
2011-08-08,-3.86601070018653,-2.19896008704303,-2.199525114926,-3.89748269870482,-3.76925536871031
2011-08-10,0.881014366792598,-3.51079303774782,-0.648646154215449,-3.43969334272591,-2.20548843314612
2011-08-11,1.26027602182894,-0.95752736285899,-0.630388954222738,0.618158096987464,-0.885482998103981
2011-08-12,0.450656648670389,0.126838751524616,-0.203057522102235,-1.3365843232453,1.92574852890424
2011-08-16,0.576776045549909,2.97304816454709,1.59052445024521,4.71395512462687,-0.628507942274492
2011-08-17,-0.26528829651582,0.379990042700662,-0.552391783977413,0.678590504984466,-0.148376890323032
2011-08-18,-1.6195737216397,-1.3534903051351,-1.26105636369402,-1.7100263490768,-0.12629368671444
2011-08-19,-0.985906612240672,-3.12765004927709,-2.54240042619465,-6.42024816924067,-3.28638089083304
2011-08-22,-0.732644627429391,0.447196309623088,-1.05042825228878,-1.97831419053509,-0.0666003127753001
2011-08-23,1.50538950224073,1.97484214058434,1.20823028764168,3.78438106958061,1.21304898807235
2011-08-24,-0.507546559613736,-2.07793900890731,-1.07526556045272,-1.24029612371777,-1.57977828741949
2011-08-25,2.87703961235319,1.45691163217396,1.52484264769353,0.556920879352507,1.60111300939869
2011-08-26,-0.117456899748536,-0.86233379321321,0.289354754555049,0.811060088311688,-0.636935587222265
2011-08-29,-1.37919928952153,1.43092114764798,0.607057282854306,2.80194028657448,1.57799114448567
2011-08-31,-0.352661361858519,3.3158516151417,1.16643793956435,2.72875802913504,3.28962313733481
2011-09-01,-0.441115760425248,0.245524340402703,1.17230472224463,0.0313762197420964,-0.628604888882212
2011-09-02,-1.09199562002038,-1.82571770090458,-1.22212059443267,-0.690955009212235,-0.8437479459249
2011-09-06,-2.31105748467817,-2.51700204984679,-4.10711204102192,-5.56154379827341,-2.42083097635577
2011-09-07,1.82774544654869,1.69779094772551,1.99200085861548,3.70858322017007,2.03458996278112
2011-09-08,-0.683946730286866,-0.67656527390767,0.338449891410875,0.716287946086602,0.870804215325194
2011-09-09,-0.0476315329748012,-0.232230565072911,-0.632717825674689,-1.84234505648888,-1.10907127186763
2011-09-14,-0.518607988527808,-4.22137369235269,-2.53939328875088,-3.58086482901721,-3.09257421872946
2011-09-15,-0.23288244729045,0.711857002201377,1.74888078790207,1.41463060006926,0.9663490454205
2011-09-16,0.132624142921056,1.41737676543201,2.22788861256475,3.65379392709544,0.831329416638305
2011-09-20,-1.40324284499753,-2.29024172039018,-1.62547507375059,-0.115821625913082,-0.294441026528069
2011-09-21,2.62921059523293,-1.00759409043061,0.228147432660997,0.883477884072281,0.392992683631999
2011-09-22,-2.82099892631074,-4.96735945406908,-2.09123404484881,-2.94043067667014,-2.6911751246729
2011-09-26,-2.06283264539788,-2.85497062308711,-2.19833718059981,-8.56758089338374,-2.3586482013128
2011-09-27,0.909696533667326,4.06799791285817,2.77713195036959,4.90001867411483,2.66175834103572
2011-09-28,-0.956507143812324,-0.661234711861347,0.0661805708718433,-0.729736093602007,-0.911730484028794
2011-09-30,-1.3823863452858,-2.35184546178306,0.977604150776124,2.66625962632165,-0.967582083849106
2011-10-11,-0.454571341023779,3.07395334154084,0.839997224784561,1.42343770198616,0.666518866804111
2011-10-12,2.99821976458539,1.03025090713711,-0.397200706309775,0.803440008220857,1.64620348623394
2011-10-13,0.773447449728781,2.31005975079643,0.960595924889773,0.748778480562162,-0.138164986560785
2011-10-14,-0.30430172737379,-1.37427148634224,-0.856975254161441,0.672409257549411,0.372389598925515
2011-10-17,0.370296290341532,1.99172996092027,1.49359806141156,1.60951217810634,1.2601694154629
2011-10-18,-2.35961601524215,-4.31742444363827,-1.56278096833198,-1.41899964191685,-1.97256952760174
2011-10-19,-0.251207861573199,1.27942187734948,0.349768690730201,0.921296322208232,-0.164557696595224
2011-10-20,-1.95976439113545,-1.79723301316912,-1.03571943152172,-2.7770077949107,-0.967829327626823
2011-10-21,-0.606630895922144,0.236719891972292,-0.0375553542680152,1.82742969902918,0.680674865884612
2011-10-24,2.26394173034787,4.05571822422477,1.88433612619114,3.20845354734267,1.77372848107655
2011-10-25,1.64606227059787,1.04070836447487,-0.927743275640758,-0.510699636768219,0.32508359114507
2011-10-27,1.07074298420589,3.72809743275369,1.85692929843775,1.75248338523852,2.76403396897269
2011-10-28,1.54005268270083,1.66489440192539,1.37878282645438,0.386341457611561,2.02152091269454
2011-10-31,-0.208836782593291,-0.77409660565575,-0.688294549502189,-1.06552769080031,-1.73396991099448
2011-11-01,0.0716850263673408,-2.52294327042524,-1.715378371083,0.031424636125621,-2.35329152415504
2011-11-02,1.37071342123347,1.86049285097898,-2.23287681135389,-0.610353713768141,1.61451560898023
2011-11-04,0.960980290976998,0.551237609244204,1.84596069940408,1.58898603042612,0.474750979235061
2011-11-08,-0.97176314624754,-0.831557227050439,-1.67146873708965,-1.31906755235534,0.639749082963181
2011-11-09,0.838382562435935,1.69283686985384,1.14791091022379,0.23040577862119,-0.274576692372897
2011-11-10,-1.81363199554214,-5.39168688389804,-2.95149447564338,-5.06883961832898,-2.5423116587481
2011-11-11,0.0620890150615061,0.909587264450273,0.160679236251582,2.73087930842735,0.144858967143691
2011-11-14,1.90153420304906,1.92013475855237,1.04252742170523,2.09021326295966,1.40148559788189
2011-11-15,0.0415145296929431,-0.822206871826658,-0.720536571056662,-0.880993206485936,-0.664670972392223
2011-11-16,-2.51378131890583,-2.02328320160525,-0.926435124893032,-1.60604597403573,-0.147356683162947
2011-11-17,-0.158620401168008,-0.759327039010316,0.194419044182048,1.10375805108083,-1.04518029916694
2011-11-18,-1.90553780856275,-1.74891280335387,-1.24264853917015,-2.01845467868011,-1.73950895169348
2011-11-21,-0.0591925409847427,-1.44556495921062,-0.318599961661903,-1.04613984247095,-1.19227987070385
2011-11-22,-0.103982195687724,0.141128348218622,-0.40244884034415,0.342812658323588,0.709859347536401
2011-11-25,-1.35203735404676,-3.12820869200063,-1.87844488992113,-2.76922666167616,-2.73354917338615
2011-11-28,0.117986682453353,1.94999977683388,1.5501754409291,2.16508813550673,1.89202326070133
2011-11-29,1.22451701258859,1.20346379925866,2.27061924077976,2.24640417459634,-0.235205485829759
2011-11-30,-3.32872403462829,-1.47248322363733,-0.510986227528498,-0.486498099137833,0.532784496174177
2011-12-01,2.2647977619985,5.47780033354801,1.91140266738135,3.6494834310834,2.17491379539592
2011-12-02,-1.10374536536462,0.200459288553567,0.537901074985392,-0.00730646988236217,0.414797423783053
2011-12-05,-1.16876672643382,0.728939430850772,0.602433347732756,0.357390701693117,-0.249105695422713
2011-12-06,-0.314221337965304,-1.2458085595819,-1.39911981382017,-1.0497466827502,-0.62440147025189
2011-12-07,0.292789521065284,1.56277692539302,1.69984084030155,0.868606072309408,1.2043263611397
2011-12-08,-0.124824414873537,-0.692443831423084,-0.662460904003481,-0.366928834543945,-1.96854035693166
2011-12-09,-0.626469996762502,-2.76761680346862,-1.48970491760085,-1.98784515251953,-1.24325995491192
2011-12-12,-1.03022307772571,-0.056886236329845,1.36544399991188,1.32522452050488,0.263883688574928
2011-12-13,-1.89207275176244,-0.694115041353349,-1.17409580319343,-1.89706578178592,-0.593231202251943
2011-12-14,-0.896566510120955,-0.504000892964562,-0.394566097290117,-0.339082653110978,-0.498309209545322
2011-12-15,-2.16000523697817,-1.80092038529569,-1.678020019828,-2.10187075606161,-1.39951489542254
2011-12-16,1.99473672791441,1.42406219270601,0.290242404013874,1.13964617593361,0.905479255651276
2011-12-19,-0.29709142551928,-1.18376543233865,-1.26485111682459,-3.48566760916436,-1.55878024255367
2011-12-20,-0.104190872653653,0.0552690841089998,0.485312930222648,0.903650136963474,-0.139129393646709
2011-12-21,-1.12456597789885,1.84268701049142,1.47057446219918,3.04021525515843,2.22673953190329
2011-12-22,-0.221590285876516,-0.207747499073996,-0.769146023759149,-0.0497848978057824,-0.319213776937044
2011-12-28,-0.747884146402367,0.761260042048129,0.338431529089434,-1.2182222808228,0.0543982906090257
2011-12-29,0.163460047400754,-0.654179763762208,-0.29401103419584,0.0339646004481331,0.244613843940655
2012-01-04,-0.192035426679915,1.77452715337072,1.90134862778848,2.19296104233813,1.42058185980165
2012-01-05,-0.96993701320427,0.458702715173409,-0.837599522259325,-0.132977316938909,0.0737457721787571
2012-01-06,0.693440630220543,-1.17815206185838,-1.16548093778039,-1.1114582649653,0.0946835448484507
2012-01-10,5.50087649071349,2.18758241427572,0.379596485219658,0.545402773916948,0.15601373435814
2012-01-11,-0.424833873285024,0.773979902223054,0.303732152739222,-0.414733059578598,0.998735199251577
2012-01-12,-0.0457036390687726,-0.295759500165005,-0.74007657730224,1.02531274597073,-0.126393486618603
2012-01-13,-1.34660267108728,0.569403989621797,1.35537598901365,0.594079683201887,1.7300619398271
2012-01-17,2.36861056527724,2.18039203668852,-0.396312763730222,0.905425432801721,0.867075495230107
2012-01-18,-1.40206820119113,0.301007459434466,0.98937281078264,-0.0184934203579346,-0.728896076293228
2012-01-19,1.30151208698175,1.29212415881508,1.03664281878366,1.18613762477358,0.563622938202624
2012-01-20,0.998883757957092,0.835990499929018,1.45561238221266,1.80710040145726,1.34899883041166
2012-01-30,-1.48042737136169,0.248517787608726,0.303996780693971,-0.480152267824341,1.35632047469327
2012-01-31,0.330737688574789,1.13478353875944,0.107527136521668,0.782276583584363,0.635034524174927
2012-02-01,-1.07572479371347,-0.280523690328494,0.0826695027294377,0.176243905820872,-0.0664206031525616
2012-02-02,1.94214774017771,1.97743048632439,0.757978164533313,1.27095641651334,-0.12814773189147
2012-02-03,0.768908174890459,0.0844892008435849,-0.506982098125697,-0.604555199707235,0.581202153674454
2012-02-06,0.0313200547442882,-0.226879740178276,1.09532414303857,0.0400459266225894,0.756227944778409
2012-02-07,-1.69762504269224,-0.0519209181236491,-0.13089241796358,0.427843837492681,0.599539256768278
2012-02-08,2.39825436881151,1.5306530135458,1.09374199624028,1.11108908535718,0.82222962294054
2012-02-09,0.0877133278295084,-0.0402108385760158,-0.148186573443887,0.542014839948202,-0.034544226175548
2012-02-10,0.10166817492312,-1.0822266865798,-0.613615409007551,-1.04333673523698,-0.712657257694627
2012-02-13,-0.00552741064332452,0.496938240286227,0.579618090690737,0.601584531915655,0.55050894209776
2012-02-14,-0.301493642790174,0.145579896937953,0.585999876480869,-0.154675984714725,0.371243352388717
2012-02-15,0.930926372248564,2.1162928981278,2.27473042076198,1.12614026394313,0.809127131289777
2012-02-16,-0.416635513637065,-0.412499755338835,-0.240452824297854,-1.38563457093808,-1.15148010901134
2012-02-17,0.0135764652184456,1.00232549577264,1.56879903254232,1.29424923710992,0.782567449480531
2012-02-21,1.02351582844031,-0.0600414164166452,0.836734388941274,0.038046204361919,0.812529571251197
2012-02-22,0.926230545572082,0.327972777023788,0.956834394924577,0.217622572557552,-0.979302455283459
2012-02-23,0.247655503318711,-0.78401958359926,0.434161866802363,-1.03309519208983,-0.913833315785428
2012-02-24,1.24063803862997,0.120922192408912,0.538484226092528,0.600345920952794,0.327592356763962
2012-02-27,0.304091551767627,-0.886815156290233,-0.13951336482414,-1.43256710042579,-1.05657487876085
2012-02-28,0.195961621583418,1.64013007523387,0.915360188125369,0.627309715746893,0.775799081093975
2012-02-29,-0.957725516893682,0.514928600525089,0.00740521327369237,1.31684575423545,0.815928628557927
2012-03-02,1.31721333927848,-0.544930230668683,0.551686068225443,0.215504600142769,-0.0190395070344351
2012-03-05,-0.639667549296341,-1.3867457750532,-0.80552428260372,-0.916887251080301,-0.0564717848229535
2012-03-06,-1.42316708629524,-2.18236842031221,-0.63052863448565,-0.781794730911844,-2.01870182984329
2012-03-07,-0.651790771758876,-0.86147113247339,-0.640899387362737,-0.914505018759382,-0.644979199795248
2012-03-08,1.05876916086238,1.31453755739912,1.99437781773089,0.934499420393564,1.94514880963093
2012-03-09,0.789346738178409,0.882522656430318,1.63242823538017,0.872846454570553,-0.243699908089301
2012-03-12,-0.188744332157231,0.228232190929134,-0.402430460972703,-0.785917296355976,0.0998438336621277
2012-03-13,0.855924172802158,0.967755260390035,0.0931833707834784,1.1193053489456,0.771097221744821
2012-03-14,-2.66406238322539,-0.149176100684834,1.51825509306622,0.984745508417362,1.24114921053593
2012-03-15,-0.732846931493469,0.213963892490554,0.721334755865577,-0.06456599161897,-0.0185055451071392
2012-03-16,1.29623810095501,-0.16723156511631,0.0646814264905871,-0.45706518685833,-0.502277201820434
2012-03-21,-1.10978905841721,-2.18728666252321,-0.428763161604806,-0.355026753682175,-0.167877027148577
2012-03-22,-0.102230355329702,0.215191402396719,0.401611932548818,-0.0547695130076242,-0.881560560714245
2012-03-23,-1.11020311533183,-1.1198480477562,-1.14815883009705,0.0350362085524303,0.362855190872846
2012-03-26,0.045105040189064,0.000290292193660946,0.0675995833969267,-0.377655527178433,-0.522418525168344
2012-03-27,-0.145600713706795,1.8125536226071,2.33725869025001,1.01357129802677,1.4819881438755
2012-03-28,-2.69011010237943,-0.770244813020682,-0.710258337213077,-0.393958510266579,-0.279298287508745
2012-03-29,-1.44237508447258,-1.33045106923309,-0.667872589793639,-0.856622022070663,-0.546251054361058
2012-03-30,0.470880946255203,-0.261436025089878,-0.309233426358979,-0.0183693480638958,0.545254533878392
2012-04-05,1.72839968593896,0.181877529262309,-3.18345651735239,0.728704301286243,-0.809121489423781
2012-04-10,0.157114678269377,-1.1563713430542,-2.37858929719135,-1.70814308312428,-0.125991867406405
2012-04-12,1.93275098411183,-0.142170473140446,-0.138804322386221,-0.390853139096237,-0.144281286248926
2012-04-13,0.352440481844507,1.82181464938882,1.18147071323165,1.11525505591619,0.324507991828327
2012-04-16,-0.0903271558110319,-0.437649324796752,-1.75160939061243,-0.81369122007553,0.143814176768409
2012-04-17,-0.939474346067293,-0.234765894586531,-0.0626341756964521,-0.368533800049953,-0.184989791343959
2012-04-18,1.94499583237526,1.0566326625348,2.11747737502215,0.96395830933016,0.46733349685617
2012-04-19,-0.0932875087613638,1.02586754532563,-0.819297008387387,-0.233244120436638,0.25396141655456
2012-04-20,1.17983017275396,0.0744185637948647,-0.282197230157699,-1.26860106510867,-0.457462369177009
2012-04-23,-0.761975972948914,-1.85546200520754,-0.20090534529178,-0.102348968217836,-1.07877215207699
2012-04-24,0.0100472640128579,0.255535342934721,-0.779900650681675,-0.467982714083615,0.40493795984311
2012-04-25,0.749851291913206,-0.149406720602485,0.97714536185709,-0.0733683224432902,0.181722042232124
2012-04-26,-0.0877063597606309,0.788406245144024,0.00857613200242469,0.104940891235827,0.0566995192376574
2012-04-27,-0.349092839033904,-0.32855911318066,-0.429079950992772,0.574202151854664,0.00368938714281342
2012-05-02,1.74242633131687,2.69991593902095,-1.48819167135699,1.19364745717165,0.820350241337131
2012-05-07,0.552513577380864,-3.69221781574876,-2.82309137207211,-2.15555772232419,-2.73794772452751
2012-05-08,-0.125284917108459,-0.25303879288554,0.683142564918349,0.538812808740996,0.24005761981174
2012-05-09,-1.65892631316389,-0.755159915728143,-1.49881747190221,-0.853654381113156,-1.06534818456216
2012-05-10,0.0680664587313196,-0.50969193569177,-0.392252718566688,-0.275209276141464,0.0926865555431533
2012-05-11,-0.634729853619387,-1.30699804467191,-0.627292882090913,-1.43967106481515,-0.561568337130858
2012-05-14,-0.596771675465035,-1.15664719431052,0.229038179239538,-0.177505880806805,-0.807451539525772
2012-05-15,-0.247709654647377,0.803802522793262,-0.817925876118153,-0.774784935876127,0.438265618362532
2012-05-16,-1.21373309270334,-3.24121814490965,-1.12497521571235,-3.12527942679628,-1.59608143084702
2012-05-17,1.38412564675603,-0.306286438675407,0.853280705278614,0.255577671086815,-0.302100071279465
2012-05-18,-1.45533022220663,-1.30571632674705,-3.03410187141804,-3.46149176716475,-1.55348545444243
2012-05-22,1.22049151321129,0.459583341634584,1.36075822621677,2.56054308561753,1.59386545201574
2012-05-23,-0.416742039781504,-1.33753600737574,-1.99811228040776,-1.10357399777721,-1.54637933721435
2012-05-24,-0.529017589987557,-0.639690918508506,0.0792057041476113,0.322929051379006,-0.0320146766643603
2012-05-25,-0.743729572997776,0.251526290712967,0.198439498218406,0.533167500950071,-0.244224115857516
2012-05-29,2.3752013763775,1.81132955221024,0.889811625522441,1.40119001946895,1.04403057885705
2012-05-30,-0.20819769957372,-1.93532822812141,-0.276340568456312,-0.273359540360829,-0.640913075050431
2012-05-31,-0.523030896557675,-0.325297301248284,-1.05334487355826,-0.0753728687945987,-0.410691499038585
2012-06-01,0.0509938544491995,-0.382813568332807,-1.20686998251198,-0.487224929171681,-0.972417393886893
2012-06-07,-3.44226830103889,0.644260315168665,2.33582458611679,0.729950070147822,0.492283422599904
2012-06-08,-0.510649081702397,-0.946467628257963,-2.11084755402293,-0.668372203537082,-0.777497708876229
2012-06-11,1.06425030770207,2.40982593399952,1.9391669304115,1.6961094534623,1.80687906163488
2012-06-12,-0.69935985112668,-0.428645465639477,-1.02765095639565,-0.660976456490214,0.331967451933046
2012-06-13,1.26414497456526,0.812478017586216,0.597039011221234,0.246630497167466,-0.365332536220375
2012-06-14,-0.995485883333647,-1.15302168741458,-0.220904656145571,0.651873220779642,-0.470086412604598
2012-06-15,0.473625635519159,2.23728482521537,0.00501802697119302,-0.714281090500446,1.33184655282035
2012-06-18,0.398019085226586,1.00291179267789,1.75478206533821,1.78944311407463,0.4691928354986
2012-06-19,-0.661060620335086,-0.0573569284769704,-0.749850005014707,0.0031716832125106,0.64200635927838
2012-06-20,-0.34438729024453,0.524868986352089,1.1079962020597,0.650706083515651,0.465770950975664
2012-06-21,-1.40545512921326,-1.30870537111942,0.816554930232449,-0.789296713275611,-0.898027959784375
2012-06-25,-1.63972824293781,-1.92666192757631,-1.01887753385039,-3.43388079225644,-0.527509411297977
2012-06-26,-0.0917641725324714,0.445574030667117,-0.811908399474603,-0.415570469528781,-0.342650698452118
2012-06-27,-0.231583793520862,1.02263043632576,0.764614107288963,-0.00880218734922167,1.27391611291374
2012-06-28,-0.955869468843762,-0.79409414981253,1.63165520731745,0.0841392141102126,0.183530803465093
2012-06-29,1.33854941252727,2.16398035929988,1.48395784136319,1.89650107621206,1.10493729744308
2012-07-03,0.168813541578761,1.50126655012066,0.661860165931216,0.742111454833694,2.29689103305084
2012-07-05,-1.2567482258854,0.372237793846431,0.145593722315951,0.409798319338783,0.883591470715395
2012-07-06,1.00477011031703,-0.0428682122112889,-0.652468676225659,-0.926168138902472,0.237982505655587
2012-07-09,-2.40181398401207,-1.89943034484692,-1.38268256974516,-1.19481814331923,-1.67482243702777
2012-07-10,-0.29387023051779,-0.163453736315411,-0.441012936393648,-0.364472055977583,1.20604817988141
2012-07-11,0.504169443587799,0.121134911220366,-0.0760077128513004,-0.167403426550905,0.829372919295945
2012-07-12,0.463669777492726,-2.0537083114009,-1.49100622775187,-2.27044622049322,-0.579400582536582
2012-07-13,0.0187583355043763,0.354271111661753,0.0471218693745001,1.52853782525568,0.788260667116791
2012-07-17,-1.13686471357921,1.88186717995507,0.353336233484924,0.499058768573679,0.640230060086644
2012-07-18,0.365333905942578,-1.11358603012945,-0.323309059813504,-1.4957963292499,0.0799070335835594
2012-07-19,0.72302643442832,1.64528867081515,0.785403662612794,1.55066721942534,0.388676295644785
2012-07-20,-0.744235635612611,0.417094037427646,-1.43921153187598,-0.00164568870708592,-0.444372382113833
2012-07-23,-1.26404222235781,-3.03597980783241,-1.88092881567439,-1.85423749714984,-1.101708036588
2012-07-24,0.24207157826357,-0.791801731275577,-0.23805038303113,0.250602218013807,0.652354222587093
2012-07-25,-0.487539317325858,-0.136948867807085,-1.45000846551024,-1.38191038496851,-0.370103193559679
2012-07-26,-0.476286343165366,0.0818636576394027,0.918561994356359,0.741040279655536,0.455343052347956
2012-07-27,0.129737065645497,2.00264764187175,1.45260506392972,2.58568022094607,-0.202563428616465
2012-07-30,-0.889435802638072,1.59775464826897,0.799907532672073,0.796639070630256,1.13774565999556
2012-07-31,-0.297611497569417,1.07364229066373,0.68803825855035,2.05064918668745,0.118631794048873
2012-08-01,0.933056213266603,0.118988766143779,-0.613836803413648,-0.10951855466903,0.482302314147098
2012-08-02,-0.575270683003204,-0.658965123125377,0.131020317637898,-0.561701833975459,-0.489218638156608
2012-08-03,1.01886375655367,-0.122064087105755,-1.13981182029335,-1.11456528615408,0.497412122374641
2012-08-06,1.03179294544926,1.67678623371881,1.98115429231898,1.99226845589715,0.669265867461633
2012-08-07,0.125216246239024,0.368493853792806,0.878747896377341,0.0487716964193474,-0.132908566757273
2012-08-08,0.156068766757755,-0.0350290887023874,0.880439197702287,0.86701703800065,-0.506211058434403
2012-08-10,0.361218000962804,0.351229813401588,0.115683705776881,2.24290696791991,0.0638668970116996
2012-08-13,-1.52062564562794,-0.272319567714163,-0.0707672310888086,-0.719805935518991,0.346788471768633
2012-08-14,0.301033275526041,1.04189282049347,0.502161309802318,1.26087956249306,0.748624009403187
2012-08-16,-1.42526480051393,-1.633289426481,1.80755355178785,0.0485329024282777,-0.811290264697462
2012-08-17,0.127274335920102,0.764094256691727,0.764057474671631,-0.582414021936994,-0.0254693878927625
2012-08-21,0.159691611859181,-0.0794705453778022,-0.0609189611086691,-0.17070466076099,0.11945405051037
2012-08-22,-0.499766775018884,-1.06188199066768,-0.275362064913054,-0.41408780784451,-0.533095630018821
2012-08-23,0.253981628101752,1.22170374020776,0.506613367856801,0.379088219247059,0.226013224624744
2012-08-24,-0.997352013139263,-1.26067998807322,-1.17663372912258,-1.17701722585863,-0.192570382064972
2012-08-27,-1.75470591467741,-0.410094655441817,0.161157549000102,-0.101102758189953,-0.196883400377068
2012-08-28,0.844790267531614,0.0662956055856867,-0.575098667182594,-0.0803296689172228,-0.145285798068429
2012-08-29,-0.965015643723266,-0.117625355383844,0.403467356874287,0.635134142140181,0.0493288004687287
2012-08-30,-0.032149485641586,-1.19773417699101,-0.953058656913441,-1.15570841903825,-0.982928227779212
2012-08-31,-0.24682337352111,-0.36039047621319,-1.61440335554275,-0.0661157048877925,0.451859884191386
2012-09-04,-0.189187990442541,-0.270658833090387,-0.731180828108435,0.105449547445957,-0.460824965206719
2012-09-05,-0.292551901362259,-1.47683901365667,-1.09640961911186,-1.75083019692055,-0.521020912475656
2012-09-06,0.696403440465954,0.33492955323311,0.00864035889129866,0.383994166032142,-0.221882212811408
2012-09-07,3.62938429703883,3.03964858975654,2.17736045960208,2.53712287682557,0.747883825076379
2012-09-10,0.334533994087938,0.126219662660887,-0.0257031446055933,-0.253225121561762,-0.0989964236174146
2012-09-11,-0.673963410601353,0.154768640231318,-0.701376148012045,-0.244492539925112,0.254932819907516
2012-09-12,0.282545925059896,1.08937811037944,1.7175756302354,1.55195710330078,0.438633465765115
2012-09-13,-0.763292219002754,-0.138374451521628,0.391978050336839,0.0338399068017026,0.0158421070333148
2012-09-14,0.636245335736696,2.86247206677643,1.80940393875773,2.87468604644507,1.32055369850193
2012-09-18,-3.07478225217102,-0.135090221751,-0.389648671969489,-0.130590617032844,-0.0794995480420724
2012-09-19,0.401709134290851,1.15811026299308,1.18153606116955,0.145532865271303,0.249039374368287
2012-09-20,-2.1009063146967,-1.21156614313822,-1.58558367097257,-0.877898495355378,-0.424226472947709
2012-09-21,0.0913235310401106,0.696999811018983,0.253009150748618,0.603102486762452,0.508726287850969
2012-09-24,0.320206782162824,-0.194257119560248,-0.447873025296452,0.0534224052288756,-0.335168939382058
2012-09-25,-0.192001004218678,0.0192301281618512,0.245032976275006,-0.602277250182226,-0.0260796146910991
2012-09-26,-1.2455968216976,-0.829327510227884,-2.05405082733492,-0.55238883111226,-0.668979777493384
2012-09-27,2.5687967541252,1.13617054795103,0.483520453330577,0.416211669235356,0.417615094724688
2012-09-28,1.44118714382078,0.375409038465335,-0.894617255135444,0.376922384256684,0.0297396799783911
2012-10-09,1.38337046871175,0.463885118340102,-1.14027794840528,-0.863850413132283,0.181840490832386
2012-10-10,0.222423276599493,-0.0844783512361502,-1.99663199528981,-1.56957434560789,-1.05251704451508
2012-10-11,-0.808470803946193,0.379068004987815,-0.576913122644207,-0.779637629447993,-0.0379133174243762
2012-10-12,0.0979134067482512,0.652089340414719,-0.14823577584604,0.00879382363772052,0.29928854934731
2012-10-15,-0.296410700340477,0.0559067743109765,0.512037958264067,-0.397528284367965,0.0427294247890231
2012-10-16,0.00524120252363147,0.277745689621867,1.42809633869057,0.824905831748701,0.123483970987159
2012-10-17,0.323944313751934,0.98335733218704,1.20221737606307,0.698544423253633,-0.0374231844276096
2012-10-18,1.23051317703977,0.475459928868105,1.98225543331674,0.202847599234879,0.481164630433284
2012-10-19,-0.159155336777062,0.153469448960486,0.220399365524848,-0.782999470477908,-0.374512655220371
2012-10-22,0.209337659114261,0.674186719801639,0.0891559060445246,-0.11581730987329,-0.106651975212912
2012-10-24,-0.789412749079865,0.304776919007921,-0.628000601097156,-1.43328308547668,-0.0308682519197134
2012-10-25,-0.683334530186741,0.213200564256866,1.12053144996072,0.54917995708692,0.418863194008523
2012-10-31,-1.56820447370496,-0.775157182541264,-1.41142911457965,-0.648499885168174,-0.627967181034883
2012-11-01,1.70372485697499,0.82851239705608,0.207886325956075,-0.714869859749001,-0.387800610658218
2012-11-02,0.597896358384453,1.31774689124065,1.15958048062339,1.06258007594944,0.466101421354459
2012-11-05,-0.142753174738264,-0.475682669338084,-0.48486527538838,-0.548742668965652,-0.298397570749209
2012-11-06,-0.380566474247601,-0.281997136648826,-0.359125517558567,1.04004962127595,-0.408526734008063
2012-11-07,-0.012821334718538,0.705747239346444,-0.0251838085043588,0.485292178890795,0.789764273860349
2012-11-08,-1.63843904211864,-2.44106255513667,-1.52433827635221,-1.20148071968718,-1.02452873861907
2012-11-09,-0.117857898286733,-0.849944664471458,-0.904253166982727,-0.52372318449958,-0.089341914770813
2012-11-12,0.491763961280611,0.214505947995391,-0.931058851449507,-0.186057321469768,-0.0661444932235966
2012-11-14,-1.15366639457664,0.0545340605304645,-0.135054345005337,-0.35995622423739,-0.987043565514423
2012-11-15,-1.23015666341413,-1.56549753621853,1.88625411901562,-1.23887303643686,-1.08408458794758
2012-11-16,-0.769841206670563,0.236964580881782,2.17821210611557,-0.530075875036395,-0.00984460796340514
2012-11-19,0.112111527976566,0.485844429211291,1.41981198282579,0.923800275442854,0.179765877979055
2012-11-20,-0.400407897294652,-0.159000879337157,-0.115436090090881,0.641143512717512,0.267016529898267
2012-11-21,1.05961518649549,1.3851061998098,0.869913507339959,-0.325365528063681,0.0500074345795021
2012-11-26,-0.635412165106075,1.55559619517209,1.78840817033521,1.29044255551829,1.4820550240227
2012-11-27,-1.31168887813864,-0.081362129092355,0.365294491334645,0.870702554034164,0.246326422128362
2012-11-28,-0.890365531745196,-0.620165783449877,-1.22734989165743,-0.647217721570481,-0.00464832129285497
2012-11-29,-0.509524827192376,0.980529662566987,0.989145511958789,1.14721228660049,1.12684781929495
2012-11-30,0.843394685388787,0.489156733467055,0.478912820709354,-0.100833826654778,0.786485082837451
2012-12-03,-1.03303295126169,-1.19887531813951,0.128754542577703,0.367681646987794,-0.137229901142
2012-12-04,0.78121624987757,0.147448303905762,-0.272304335826945,-0.249793688928346,-0.118148927067452
2012-12-05,2.8336955480027,2.13727489335191,0.38494754249303,0.610992519518927,0.449655696341722
2012-12-06,-0.131489867879431,-0.0947873330879645,0.80278121252384,0.132421118445514,0.0740967060869124
2012-12-07,1.59131988194634,-0.263900724207744,-0.186341156708458,0.400812398162653,0.934802314710659
2012-12-10,1.06042155797583,0.384772497850427,0.0667326323192441,-0.00153261794135773,0.232421806964567
2012-12-11,-0.436218820023271,0.211745824582366,-0.0884618247349422,0.367156280314429,0.128035032981622
2012-12-12,0.38629682210658,0.800454178421539,0.58764649570513,0.549231595419553,0.742507285152705
2012-12-13,-1.02553616938055,-0.257047417185774,1.66913846495671,1.37400639817455,0.475698406775393
2012-12-14,4.23320012171375,0.712076020272256,-0.0530792931868973,-0.386712206596762,0.375653803504683
2012-12-17,0.450944405488052,-0.409445781955675,0.933441781628552,-0.601795130108407,-0.307564651592607
2012-12-18,0.0980845826761723,-0.0838955673877706,0.953131195134915,0.504004929919422,-0.0604862032314912
2012-12-20,0.272004711890261,0.731048726102301,1.16540762777575,0.321095104048652,0.591570994543922
2012-12-21,-0.696031650752094,-0.679672111730945,-0.993732210153553,-0.958820588069376,-0.377342270211223
2012-12-27,2.41293957337705,0.502991903684347,3.7799421192716,0.349314957606239,0.641830705614232
2012-12-28,1.23223347116621,0.206728941493495,0.696975911708719,0.486899867647406,0.246873816710824
2013-01-04,1.93964717286255,2.88947717527499,2.77896714801251,0.742833904269879,1.04161439923729
2013-01-07,0.36691658422896,-0.00574357427058914,-0.837130812758957,-0.0343011394821069,-0.21603241437429
2013-01-08,-0.407328966781417,-0.941245433856785,-0.861801878762769,-0.6639769579035,-0.396651712962459
2013-01-09,-0.0320779717168485,0.463116680512776,0.66876748723157,-0.307287665822642,0.463435694123504
2013-01-10,0.364992728079105,0.58334668968385,0.697749214579702,0.749764054076607,0.181179140749599
2013-01-11,-1.79651635284639,-0.387143923534339,1.3883745174903,-0.50606207210242,-0.302666018176723
2013-01-15,3.61982138576034,0.503542878644225,0.715018509367304,-0.649684101894277,-0.637188182677129
2013-01-16,-0.698141850715128,-0.104924215580304,-2.59461693384768,-0.317581599804218,0.388160816628513
2013-01-17,-1.07044146265896,-0.0737952888881566,0.0867512105278578,-0.160942611643389,-0.418515196419733
2013-01-18,1.39768202123109,1.11637888869591,2.8219207106698,0.685494289786703,0.50325409976022
2013-01-22,-0.0833295602609141,0.242103664177762,-1.88108804118823,0.435201233025762,0.26869531084035
2013-01-23,0.248918927935371,-0.10102743083511,-2.1035907200325,-0.810177102430742,0.352498935007972
2013-01-24,-0.792043089356209,-0.153279447379262,1.26854920721531,-0.807631472034043,0.529661928244352
2013-01-25,-0.491957717426672,-0.0782970039784558,2.83838259636795,-0.909708485543348,0.641946448651787
2013-01-28,2.38055141691751,0.387071506889747,-0.941022880859776,-0.359201703633349,0.140603579210996
2013-01-29,0.530446596854706,-0.0706150106308812,0.391037715047204,0.83426441405452,-0.433448393994773
2013-01-30,0.991263974655698,0.703034643716016,2.24961683493383,0.432100539929614,0.799008169422954
2013-01-31,0.123324749790044,-0.389177803677043,0.222086399359789,-0.126834726926273,-0.0986517672904696
2013-02-01,1.39872900076607,-0.0324121308503678,0.471832492008417,-0.211749357768998,0.257993997494133
2013-02-04,0.376715105816761,-0.155378420670083,0.614744077882534,-0.234211306245502,0.189117170856967
2013-02-05,0.204884381976367,-2.29110789877591,-1.91360496309976,-0.77247845831323,-0.752207113536407
2013-02-06,0.055468701667305,0.467187254107593,3.70382268122018,-0.102726387773888,0.118182567628544
2013-02-07,-0.657326378075584,-0.344274451666848,-0.934942540096095,-0.228544345024151,-0.451494274449971
2013-02-08,0.571850667696872,0.164510592333933,-1.81175916646623,0.985412347653014,0.261173099758416
2013-02-19,-2.05559943803566,-0.307383457434263,1.9461225511499,1.77461582037211,0.775810423869494
2013-02-20,0.597061661671727,0.703965679383955,0.840087215177832,1.93549442115826,0.397295765644223
2013-02-21,-3.01644887654478,-1.73432012373347,-1.39745993962972,-0.466353639612382,-0.64549704232153
2013-02-22,-0.508178701479789,-0.543807074159908,0.676889679326109,0.181948484918326,0.0161198833026788
2013-02-25,0.502589431157663,0.165078634021754,2.40010201845333,-0.465196784729294,0.0191579911454909
2013-02-26,-1.40633947818474,-1.32508124895399,-2.28713170832258,-0.474370703470317,-1.05456867723142
2013-02-27,0.863122304635855,0.254209424937812,-1.27880086982639,0.20129625558134,0.210578739381617
2013-02-28,2.23869689938194,1.94430002719361,2.67745431011477,1.11400893544582,0.270399961419088
2013-03-04,-3.97509540193672,-2.11807888684561,0.800722882881999,-0.660457292792938,-0.921679668598685
2013-03-05,2.30068129558596,0.10062462169671,0.267058327865044,0.171722427650955,0.256157077034835
2013-03-06,0.893128635321627,0.958754400094719,2.10731841258074,0.204589715559766,1.33180971181037
2013-03-07,-0.979999152116573,-0.0281014323041617,0.29966110786539,-0.811901685846284,0.204238085668074
2013-03-08,-0.244674786605081,1.39769527615741,2.60235618493283,0.080291046875125,-0.273524890215882
2013-03-11,-0.346496501512039,-0.0048935999300781,0.531246948724373,-0.132689526022922,0.104519568952988
2013-03-12,-1.04369050514794,-0.870879000427749,-0.277653392427091,-0.500915554151149,0.304730837284417
2013-03-13,-0.994608875598146,-1.46964232448354,-0.612110419346656,0.320054767618227,-0.439958595075574
2013-03-14,0.278326253444039,0.276829622977637,1.14968864950331,0.119944240314851,-0.274664378933487
2013-03-15,0.357027033132873,-0.381243583658097,1.4414409706772,-0.783731757725725,0.199526381582871
2013-03-18,-1.69886478370023,-2.01613993444258,-2.74672878797038,-0.926503841034343,-0.904244895013839
2013-03-19,0.774220367779765,-0.188101100623683,2.00583017171443,0.526004952589432,0.388010784702431
2013-03-21,2.91661058050989,0.831400292829798,1.33415405989705,-1.41195103826366,-0.0452822345341275
2013-03-22,0.173669366941898,-0.498769898513274,-2.37984629748969,-0.108218180443309,-0.278262328234824
2013-03-25,-0.0670247071278496,0.612401598827184,1.6711667491025,1.47517688939276,0.273059677330068
2013-03-26,-1.25639844980672,0.268972338820817,-0.598289103250593,0.304440365700032,0.642161080799752
2013-03-27,0.156123303864319,0.686711396811823,0.177605781981605,0.48980018164908,0.742252209573024
2013-03-28,-2.8634084569596,-0.738044362601542,-1.27131465886841,0.00401308264992295,-0.148917206310095
2013-04-02,-0.383509578394303,0.305323240854527,-2.73261319947942,-0.3703828923177,0.28646092677338
2013-04-03,-0.110037446287503,-0.135688600094497,2.9450987439315,-0.147630507216778,0.125915767552165
2013-04-08,-0.617553034560991,-2.8122720777942,6.50118786143192,-3.30791248934341,-1.12498499664255
2013-04-09,0.639120930831094,0.698766894860725,-0.00181921960038522,0.106786694629513,0.363461056113223
2013-04-10,0.0161728700457608,0.748074888378447,0.723403938983225,0.769649471784106,-0.100761486076806
2013-04-11,-0.296017923235947,0.302294307372009,1.945339725793,0.73197800427609,0.47106667641188
2013-04-12,-0.577003315594737,-0.0553062313715103,-0.473621434053939,-1.32009154946262,-0.442527516848301
2013-04-15,-1.13200501542821,-1.44264970532575,-1.56560550373701,-0.196635414024637,-0.298545800107242
2013-04-16,0.589476160753222,-0.463302451249703,-0.409252904480972,0.0916032187634919,0.219283993617125
2013-04-17,-0.0473950936721756,-0.473432779886629,1.21372710362166,0.0847622936567483,-0.00364573206343977
2013-04-18,0.173065580383014,-0.265307002834447,-1.22408959805735,-1.2437724081205,0.14906276905009
2013-04-19,2.11792961893984,2.30239901567248,0.72662365069398,0.351475744105212,-0.0704052274613787
2013-04-22,-0.110100505682809,0.139815910673313,1.87389828008708,1.02060337096725,0.450404140506677
2013-04-23,-2.60388668635088,-1.08441056476725,-0.285777531729714,-0.399486609087774,-0.745308890293295
2013-04-24,1.53448725745067,1.71153488947784,2.29293455371309,0.865613068735982,1.16119517695719
2013-04-25,-0.860647783603241,0.978783073187373,0.595042220941799,0.83820285911802,0.450422806972561
2013-04-26,-0.977797346353437,0.651719421379049,-0.301687990256383,-0.361381856067577,0.333803240594754
2013-05-02,-0.174171637516451,0.533396404992104,-1.37857595696858,0.648425936078212,1.58551503499904
2013-05-07,2.7872244139286,1.65720414488817,3.48887445256789,-0.146233242473848,-0.566794187094288
2013-05-08,0.478818908193723,0.852257756448438,0.740889072375595,0.107394916735171,0.878734587444718
2013-05-09,-0.595188026223603,-0.141510787710608,-0.661655239615122,1.16874218390084,0.577289867579367
2013-05-10,0.618779598355257,0.471669185112411,2.88960492268799,-1.76855942365268,0.319637299427278
2013-05-13,-0.218769232337301,-1.43126014446686,1.1886596967047,0.202904948320537,-0.43097933204983
2013-05-14,-1.11732003630189,-0.25927664056784,-0.161066335708249,1.02769740989128,0.11075941275589
2013-05-15,0.350758271370655,0.495753880198357,2.26180279736461,0.123347451865108,0.255153761565907
2013-05-16,1.20628724492748,0.166670607526243,-0.39020043024145,0.785740525212297,0.311874238291132
2013-05-20,2.11748787126718,1.76212286625184,2.12896696608595,-0.220697250749069,0.0564684638643342
2013-05-21,0.222362255310582,-0.540597226873629,0.131482107028091,-0.0676166665516398,-0.299501682971659
2013-05-22,-0.117634050170423,-0.451623148857117,1.58825433887095,0.641021385323359,0.303554602521672
2013-05-23,-1.16775426117774,-2.57532288063356,-7.59736140946909,-1.24351214531977,-1.78755084639786
2013-05-28,1.98614748567607,1.11669533825705,-1.19462622917066,0.861104423116466,0.379748222655429
2013-05-29,0.116245540866444,-1.62416349003163,0.101122835139833,0.751366571608081,-1.14003493503461
2013-05-30,-0.270155729965982,-0.313593470376539,-5.28453275242189,-0.054982132192638,-0.938623848280429
2013-05-31,-0.743127572679558,-0.410683503036147,1.35591110481013,0.0474863485673716,-0.741348105584017
2013-06-03,-0.0582628977488397,-0.492319293372745,-3.79327304109065,-0.575350781000328,-0.614622265158182
2013-06-04,-1.17376398711837,0.0149435544532395,2.02980742951198,-0.00301577249031126,0.00820365731648565
2013-06-05,-0.0655903706920036,-0.975235641760541,-3.9094754614398,-1.53572547420913,-1.46664031463715
2013-06-07,-2.678976677353,-2.26374959080839,-1.06086178221876,-1.82027358923502,-1.82670387415786
2013-06-13,-2.86995668041881,-3.24184169436812,-3.41344623950821,-2.16055354426725,-1.71109455302449
2013-06-14,0.635211478862363,0.392296216667276,1.919054273489,0.345178061531382,0.977102934135132
2013-06-17,-0.269553177620541,1.21703010204861,2.6953797463376,-0.325527678949555,0.69379162337313
2013-06-18,0.142277530019896,-9.42245531376784e-05,-0.198460918275245,0.926079372299249,1.43804355267818
2013-06-19,-0.736278350906705,-1.13232348180894,1.81275319075631,-0.649789957239744,-0.489188260396922
2013-06-20,-2.81179596743462,-2.92031148443233,-1.75664651589518,-2.0231780275461,-2.53769299607249
2013-06-21,-0.52584729227414,-0.58829806306715,1.64265367626086,-1.5060230416255,-0.281572838009758
2013-06-24,-5.44491718199627,-2.24241124236499,-1.27298393292765,-1.31537248716995,-1.61777818632256
2013-06-25,-0.189663404413221,0.210437766877369,-0.717885452993805,-1.02692793277361,0.506795109605029
2013-06-26,-0.410125862519983,2.40259731452337,-1.04894318637339,0.158245639182031,0.46720230664743
2013-06-27,-0.0758682594382165,0.497957924513415,2.91441397291212,2.83312897418151,0.43809321437287
2013-06-28,1.48632744221713,1.76134680539839,3.44961683320406,1.5478862435697,1.03407334809518
2013-07-02,1.37240379037973,-0.697702937889488,3.03464451195161,-0.446436516579851,0.723623282313746
2013-07-03,-0.614374450189459,-2.50633371756237,-0.30673846521605,-1.65018093640992,-1.39083064667762
2013-07-05,0.646264747836689,3.45071232585656,1.79384500932631,0.472940790825938,1.27763587812559
2013-07-08,-2.46792856564566,-1.31517652416946,-1.41195076960212,-0.901884387018104,-0.450895597281509
2013-07-09,0.365979632294877,0.488645156742074,2.54409457799802,0.740297305025983,0.731283156612506
2013-07-10,2.14827140331613,1.06547266848303,-0.389761479243234,-0.338759829340152,0.295602154724328
2013-07-11,3.17880687456027,2.51739414629917,0.387550425911165,2.8874758451404,1.89163255222056
2013-07-12,-1.62922329144157,-0.750142169879098,0.232376635986853,-0.406662993254159,-0.39660929894012
2013-07-16,1.27790573222928,0.164828777439396,0.638166188452871,-0.193772575980322,-0.343599336346045
2013-07-17,-1.01201649980434,0.278744682261411,0.108988254845421,1.12578942514308,-0.516999452588252
2013-07-18,-1.05794041355116,-0.124774433172092,1.31502047597056,-0.63832774537973,0.30716444987533
2013-07-19,-1.53138536323336,0.0805476534406324,-1.48711463262661,-0.217246922153524,-0.153619892574675
2013-07-22,0.605894168837651,0.252834942112123,0.46587964781537,0.476577228867026,0.65419822900612
2013-07-23,1.9325609357483,2.30288456668664,0.81851081450246,1.25777850515778,0.598327029156209
2013-07-24,-0.517511903762902,0.243868379134859,-0.320097434292066,0.415593997940444,0.643333326038942
2013-07-25,-0.599829150780895,-0.309871095584491,-1.14938654003147,-0.129262203052605,-1.2005477168076
2013-07-26,-0.511903340552067,0.309962133204067,-3.0180477519707,0.0628203202508892,0.0129794276254813
2013-07-29,-1.73260486402382,-0.542230630358809,-3.37442072663574,-0.573124617047771,0.0268805993210108
2013-07-30,0.693331942366271,0.473974676543421,1.51606825920165,0.899155638422755,0.261630836545024
2013-07-31,0.187757657082166,-0.320729365613737,-1.46345102639316,-0.157657925469756,-0.727345654349065
2013-08-01,1.75351943956814,0.933000039917609,2.4388641235868,0.349956156331377,0.660768781804322
2013-08-02,0.0172477941730698,0.461520935844106,3.23427412185904,0.137352653665701,0.333671212801079
2013-08-05,1.03238741399254,0.139778979270844,-1.44911706493946,-0.372955948505105,-0.379931244342835
2013-08-06,0.487475971293083,-1.35149957103415,0.99808568498414,-0.502245460444684,-0.522680524625763
2013-08-07,-0.668084524607604,-1.5391728950636,-4.08276075487528,-1.49489567004286,0.155543193037921
2013-08-12,2.62788563040539,3.11214415380157,-2.23462974723905,0.345454695744696,0.0721122258370954
2013-08-13,0.231970138054383,1.20436844084715,2.53840068089701,1.48507413531371,0.366873161003944
2013-08-16,-1.80668497134677,-0.103508880067338,-1.57643365651712,0.369410355550581,-1.44654901808927
2013-08-19,0.825704911536551,-0.240587859768127,0.788234190045145,-0.128721273717591,-0.759712704234694
2013-08-20,-0.625755073848122,-2.2209586926035,-2.66454009007564,-1.56566479135609,-1.41479459505973
2013-08-21,0.0178504662099677,-0.696814413146996,0.208421105315715,-1.08593966284412,-0.63356491607216
2013-08-22,-0.282120339388214,0.355362710180884,-0.441666295892418,-0.986936854108045,-0.632101730511181
2013-08-23,-0.468412185604183,-0.145753199271148,2.18600475747959,1.13141384586513,-0.0178043944952577
2013-08-26,1.87827656518902,0.646520520186655,-0.17782289295365,0.941992372785538,-0.143846226000477
2013-08-27,0.338092340221952,-0.595032440414123,-0.691059885116907,-0.107056744994516,-1.64719182306321
2013-08-28,-0.107970054747053,-1.61351278836932,-1.51716975499312,-0.0700198418151388,-0.988382064914894
2013-08-29,-0.193877441622448,0.833372276780864,0.904918712036995,1.21413072490393,1.1204626829258
2013-08-30,0.0548192052550078,0.122432597370903,-0.527776074920006,0.981775798474338,-0.299655571128632
2013-09-03,1.1716376396536,3.00621265366861,4.30931246806168,0.382373979529227,0.849485360595459
2013-09-04,0.212198925470108,-0.305719277130478,0.538166009521746,-0.0367231569490478,-1.29684529772955
2013-09-05,-0.244232542197942,1.20983067091682,0.0778841443432654,0.958644861246949,0.793745403740509
2013-09-06,0.823949744257391,0.10283245696705,-1.46112105225225,0.187358000626681,0.292388263102339
2013-09-09,3.33309812814679,0.570531261264229,2.45447730443846,0.985254714290917,1.29879362762928
2013-09-10,1.14415358921978,0.988476643824399,1.52389077660526,0.977146557312203,1.1490623185276
2013-09-11,0.146899618982488,-0.172105198688399,0.0118550645701987,0.489756876403824,-0.503845689188864
2013-09-12,0.637334346175411,0.0722584005677263,-0.262387724751889,0.0104792772388507,0.413853257211017
2013-09-13,-0.86290725159035,-0.16760779174998,0.120867174065253,-0.487198278597223,-0.0249944725064566
2013-09-17,-2.29148518186708,1.15083338350832,-0.647717119530711,0.563015562583402,1.92413120815846
2013-09-24,1.00021548212936,-0.00638487509583285,2.89881158211944,0.0757598449266261,0.964549680293736
2013-09-25,-0.409438525339301,0.131885671367549,-0.763669881317597,-0.451418437781115,-0.0987488262316205
2013-09-26,-1.96133351803587,-0.365169805976961,1.21410141682841,0.462378925234841,-0.445736960232956
2013-09-27,0.19555874846553,0.35401002220663,-0.264215783431965,0.222934466025304,0.495590827121184
2013-09-30,0.675481840293202,-1.50731468035694,-2.08298436000618,-0.74038195300945,-1.3267572579478
2013-10-08,1.07619147612175,1.38576908332091,-3.95947229581157,0.290020504705701,-0.676871377181953
2013-10-10,-0.331273243149877,-0.986564516418298,2.13683648371372,-0.067929356084484,0.741247233410824
2013-10-11,1.68455335327673,1.15670424485987,1.4687959097694,1.16733809488681,0.308680134605943
2013-10-16,-1.58692560829623,0.0431032169380785,0.432255171184792,0.478383771334734,-0.178792380962811
2013-10-17,-0.20677338302626,-0.576170646123231,0.821725818873631,0.294462843008159,0.395872008111553
2013-10-18,0.239142851150298,1.05619634001624,-0.171332257960621,0.57610573191571,0.196880079646533
2013-10-21,1.60346368569666,0.419212534002433,0.902617671873429,0.0297168859865415,0.0895336484036946
2013-10-22,-0.837413027657163,-0.522564538622206,0.133846522255965,0.151370270292084,0.451142434583218
2013-10-23,-1.25361242618753,-1.36473492794362,-1.97128483077265,-0.995641028335559,-0.168666963342368
2013-10-24,-0.864424131198227,-0.716168623391411,0.417536852218703,0.535955271231714,0.409482491907021
2013-10-25,-1.45955379755165,-0.603856171973938,-2.78741108036229,-0.602783441791654,-0.395754028412476
2013-10-28,0.0426546177746623,0.475729675557801,2.16163110042515,0.673604455636223,0.0813960241973888
2013-10-29,-0.235060738392345,0.175059273955469,-0.48784966343387,0.176589718808451,0.0302337507582351
2013-10-30,1.47345368085912,1.98261943233078,1.22360331321065,0.38041171153278,0.671508255336484
2013-10-31,-0.876327936648824,-0.419906792790847,-1.20992281153374,-1.44219514729791,-0.613871276348732
2013-11-01,0.370528741371778,0.186928978388856,-0.885895526913494,0.458532665952571,-0.295389859304152
2013-11-05,0.356645683131429,-0.91098378619634,0.167446834312557,-1.25774167165611,0.135482340905213
2013-11-06,-0.82060574293541,-0.00872473652169248,0.78382401871,-0.0129109147065876,-0.00779930212235769
2013-11-07,-0.478331953646549,-0.679083152647131,-0.762245186125554,-0.479378473893899,-0.0995725330772856
2013-11-08,-1.09881096966422,-0.598966139964574,-1.00045898544465,-0.96117222926253,-0.779080178776681
2013-11-11,0.158459089993102,1.42080486327263,1.29100304019794,-0.382114306598691,0.297613187677825
2013-11-12,0.816766574820083,-0.732808949682351,2.20976664227912,0.915234516103958,-0.203236460263767
2013-11-13,-1.84264628745261,-1.92920205661675,-0.147620537827109,-1.6125470659019,-0.425714248920173
2013-11-14,0.600223841188008,0.821586348009795,2.10070567185401,0.20350441505057,0.765674992767629
2013-11-15,1.66751575284607,1.67687423356355,1.92740684523098,1.91690154222535,0.318818857897085
2013-11-18,2.83375950233111,2.68973285059566,-0.0106824151064444,0.257441414950765,0.0549630730699135
2013-11-19,-0.186773743805002,-0.00951014913255221,-0.249184206246689,1.03057226973355,-0.342449487218843
2013-11-20,0.613221369183492,0.181804142125053,-0.334275725601429,-0.711310817585087,-0.246224037600662
2013-11-21,-0.0380746903099194,-0.510014081086396,1.90218627703604,-1.16979060306628,-0.372840672221564
2013-11-22,-0.426610371805403,0.490688020424201,0.104854676615318,0.622500453939168,0.0148142778389371
2013-11-25,-0.468684186370982,-0.0499359138022015,1.53166536623974,0.484809052584367,0.245534081015286
2013-11-26,-0.139156568993126,-0.0133852048927352,-0.66736783552912,0.329815929065358,-0.224734756603162
2013-11-27,0.821146274620155,0.526748920454345,-0.423771184483712,0.304582545505916,-0.0457011750004455
2013-11-29,0.878878998584387,0.314295535233633,1.36440411125882,0.788480352127152,0.135151972006042
2013-12-02,-0.593063413536044,0.65634845422764,-0.0434269766259376,-0.691426208500001,0.389938766956988
2013-12-03,0.690741430471409,-0.534235338385081,0.602395155378943,-1.06036922987682,-0.0341884098348899
2013-12-04,1.30029567428211,-0.763115235240264,-2.19358167698545,-1.12909591571491,-0.849672034125071
2013-12-05,-0.208943754580915,-0.0679998685598093,-1.50695518149941,-0.102226584287024,-1.15576585499735
2013-12-06,-0.443784081779253,0.128667466761812,0.803026887753155,-0.219914443085312,-0.327319941835391
2013-12-09,0.0487117103196155,0.286283635479556,2.26406573967584,1.00332685348965,-0.0170204293734599
2013-12-10,-0.0317269518646413,-0.281692933419286,-0.2488683856539,-0.347035650242855,-1.03045771189283
2013-12-11,-1.50036810806435,-1.72446519859228,-0.618448645181502,-0.779573975948722,-0.683116587999244
2013-12-12,-0.0621742396309521,-0.516020868228217,-1.12287321488758,-0.508883735854049,-0.0555575541515196
2013-12-13,-0.305987912850547,0.119834518757678,0.398700411351172,-0.255416284005516,0.227916233359871
2013-12-16,-1.61631086734042,-0.566430522525785,-1.63768443643182,-0.0897030176917113,-0.400341069258836
2013-12-17,-0.453624900657346,-0.196735331965314,0.82625273143897,0.233772888486961,0.45088243354936
2013-12-18,-0.130251962890426,0.322809530090318,2.00334369789665,0.451227427059919,-0.188927103924819
2013-12-19,-0.958363956953789,-1.10822667760946,1.72624776576349,0.051641910075606,0.275603117041356
2013-12-20,-2.04157516455021,-0.335091962672074,0.0705964547039528,0.388987608443703,0.786740173711031
2013-12-24,0.388731130777042,1.59758205887837,0.119081555960499,0.915453049936765,1.05469357248058
2013-12-27,0.397696367915579,0.2743912632587,1.80625817292039,0.0344666538539151,0.715944463716767
2013-12-30,-0.177194374238887,0.00701254579134059,0.692144030936426,0.451463536077323,0.11200927706625
2014-01-06,-2.50155444953748,-2.44180198060597,-2.37543929202442,-2.92911558203537,-0.938974034983886
2014-01-07,0.0786703289755941,0.126131893921944,-0.595842352937126,0.314870733881722,-0.0941598545075806
2014-01-08,-0.145662177546502,1.24181824083465,1.92316630403599,-0.0244997959575777,0.949376742236474
2014-01-09,-0.821230757132962,-0.914126432129159,-1.50694469459047,-0.658121179916016,-0.166453344150597
2014-01-10,-0.708752459572004,0.258231033995138,0.199607582413286,-0.389739594669436,-0.0489722203742105
2014-01-14,0.670276311842244,-0.240898342147311,-3.12563142360602,0.387684191270754,-0.642032194454956
2014-01-15,-0.17233763669271,0.484623632610592,2.47413210415193,0.369805645390553,0.622309332412918
2014-01-16,0.0172965493814736,0.367892874056963,-0.389974739956322,0.206617983801127,-0.0894378999381829
2014-01-17,-0.930839630375235,0.637212757376737,-0.0809360160516803,-0.658160149144926,0.219155686600381
2014-01-21,0.167444959213103,-0.434211918208049,0.390099960553592,0.993261107676702,-0.432091280748281
2014-01-22,2.13995151438287,0.213074376667777,0.158143204399863,0.331951777886275,-0.000638213003689714
2014-01-23,-0.467522279643973,-1.52067213332234,-0.79367485350339,-1.16540072072988,-1.0747651571041
2014-01-24,0.596110216916834,-1.25639157663766,-1.95795874073372,-0.361611957385577,-0.78527271863944
2014-01-27,-1.03188779662533,-2.13377875892249,-2.53871790773843,-1.56953545270699,-1.0970262443184
2014-01-28,0.255905989879945,-0.0703739086606703,-0.170546921887471,0.344371132041754,0.654564946427705
2014-01-29,0.557674091459415,0.82068835824618,2.65954990954462,1.25556329454755,-0.473951600249833
2014-02-07,-0.264262892499278,-2.30607640850611,-6.17692885254169,-0.965415855598906,-1.14799472957703
2014-02-10,2.01286522399755,-0.266521138020792,1.75414656924495,0.041603828152148,0.13465246116926
2014-02-12,1.13870768997755,3.22165873925062,0.553689961351722,0.649888013184707,0.60304347044049
2014-02-13,-0.549384039178413,-0.541087614091218,-1.80895888219545,-0.459770924863001,0.146493643850221
2014-02-14,0.828147344401131,0.597699599220647,-1.53713347974218,0.68886609951857,-0.039153688596727
2014-02-18,0.152069017621148,1.28910202956583,3.63742315534026,0.341120780259008,1.04985177353267
2014-02-19,1.101939524961,0.339431036945648,-0.518140948878809,-0.204635737659142,0.58478274698075
2014-02-20,-0.176113542960632,-1.20040679236748,-2.17254677177419,-0.638184688255095,-0.0696307815607256
2014-02-21,-1.18003377536464,0.774696995282831,2.84168622084557,1.40214209488541,0.429640994718739
2014-02-24,-1.76599552339214,-0.799349405359351,-0.188463646589909,-0.449464267189637,0.190467960839591
2014-02-25,-2.06628269872207,-0.319243250114454,1.43144065505325,0.80789215857191,-0.0715038053096251
2014-02-26,0.344991226657321,0.537331053503998,-0.537130524495666,0.300333336332681,-0.496458471150518
2014-02-27,0.298390868563914,1.72647455466031,-0.32019744973546,0.38792715517646,0.274535782027741
2014-02-28,0.436197735715904,0.0384538407555368,-0.551268052832476,0.0788193309836593,0.452355334856946
2014-03-03,0.916855829951935,-1.48351895595695,-1.28057952567957,-0.775732212721003,-0.752151329593431
2014-03-04,-0.181830947363704,0.695157400001278,0.471510941577513,-0.539962524539117,0.556832797033024
2014-03-05,-0.891739552879756,-0.344184500628231,1.18944881724463,0.87279395429336,0.383518516811954
2014-03-06,0.316097387685765,0.544093739481433,1.57912844353518,0.221948678090111,0.401229522176472
2014-03-07,-0.0811173842108381,-0.187287356022203,0.916319507447838,-0.0475913230762792,0.226321354682213
2014-03-10,-2.90138346018445,-1.76100845523024,-1.01289894393322,-1.03128856803876,-0.307526001236624
2014-03-11,0.104994234962863,0.0210173946658898,0.685272543349136,0.482354206677282,0.0885545683450673
2014-03-12,-0.173549939155393,-1.664729481306,-2.62019015527137,-1.6081816453295,-1.02685574900754
2014-03-13,1.06653072302256,-0.668241525393398,-0.0972125837654048,0.0951661859499353,-0.519194151359414
2014-03-14,-0.734199075311004,-1.00052641327704,-3.35143932939577,-0.751376035172679,-0.249223944658183
2014-03-17,0.959786514340966,-0.30474219556158,-0.349515638451336,0.396628918658859,0.597485340171033
2014-03-18,0.0755766459691998,0.50885612773417,0.931376103629766,0.655682410302649,0.0549629983542133
2014-03-19,-0.171488058868619,-0.0686407831512525,0.354993603688492,-0.130483348365384,-0.423996398472504
2014-03-20,-1.40717253419549,-1.80834080817505,-1.66136269110275,-0.941622637145301,-0.767360944950468
2014-03-24,3.58680339209814,3.08791189696294,1.74969001383047,1.34695586618463,1.77115131880736
2014-03-25,0.0498356160779423,-0.523788353519805,-0.360642071469641,-0.221261796556771,-0.246460871217025
2014-03-26,-0.176229414911599,0.712656618067342,0.373490720617653,1.18089431364421,1.25331973242169
2014-03-27,-0.831095760968381,-0.243812188788439,1.00158740808514,0.693002763311412,0.607063956559273
2014-03-28,-0.238730147869681,1.05276646707182,0.498928007731969,0.153070146609835,0.306569053122985
2014-03-31,-0.412268499176349,0.386868850245925,0.892843114388953,0.232440400018952,0.517232503315235
2014-04-01,0.693499349924398,1.33402277893477,-0.242000238294082,0.320294723475723,0.30999815028796
2014-04-02,0.561557077257113,0.335316489764459,1.03792976462191,0.264211542865311,-0.179619218101124
2014-04-03,-0.745368077493858,0.182483502264752,0.836564032916165,-0.177902551337006,0.850798228453264
2014-04-04,0.737596975304822,-0.244036969788297,-0.0538232969640617,-0.281783002721259,-0.228206255629537
2014-04-08,1.89801012221649,0.385261760515121,-3.07998724535725,0.248171496233152,-0.268981166755289
2014-04-09,0.331151337942881,1.08363402573559,-2.12547918864541,0.296594889742874,0.181789601374405
2014-04-10,1.37092491803896,1.49378849359287,0.00300701298385775,0.4820897857571,-0.19770802417316
2014-04-11,-0.176325535034128,-0.79375874099874,-2.4068249849341,-0.557657989653926,-0.167452942999624
2014-04-14,0.0469254457143187,0.152728686118841,-0.358017060433014,-0.0210291254161277,0.518007411186794
2014-04-15,-1.41457637849944,-1.60817081012947,0.620993812364645,-0.238137725999099,0.97475679515302
2014-04-16,0.167351324619869,0.109109507604899,2.96257847479424,-0.00301168533933804,0.211708020582968
2014-04-17,-0.296383907770803,0.282601590527243,-0.00104039471171546,-0.00803160436744221,0.0184416782449404
2014-04-22,-1.24938102202758,-0.129960019100395,-0.199678608886877,0.609069838730569,0.726654583897179
2014-04-23,-0.2632718218603,-0.977189192829009,1.08865621430372,-0.192279418675323,-0.597351038905103
2014-04-24,-0.501891020819922,0.235887050489048,-0.975992903116385,-0.101532753032441,0.792429635120939
2014-04-25,-1.00207260815681,-1.51508949233712,0.168341508667957,-1.34410083968577,-0.49942865009438
2014-04-28,-1.63518090127166,-0.410316550535583,-0.982196799053625,-0.121798985856092,-0.763718943986547
2014-04-30,1.13504202547823,0.0065060485944457,0.111078712919621,-0.380051588829389,0.676153800338497
2014-05-07,-0.806655779713239,-1.76717437348959,-1.91031430333268,-1.12312062835258,-0.870006748928454
2014-05-08,0.257865918536382,0.416948532355299,0.924423626866933,0.551090206378468,0.347310392731792
2014-05-09,-0.205145598606027,0.118397885140631,0.252508915740712,0.30457006255169,0.13661918916501
2014-05-12,2.05370885907499,1.80684173750727,-0.353238969854885,0.427899232260209,-0.917443295637099
2014-05-14,-0.241905316488555,1.43235558551815,1.79474253508918,2.30858616561438,1.131228197724
2014-05-15,-1.12648752651907,0.653624647732265,-0.749377199761625,-0.0313352551538415,0.410314772229547
2014-05-16,0.07552814522791,-0.0789987315467755,-1.42014304421423,0.16104823991645,-0.302980455427004
2014-05-19,-1.05763347961814,-0.0370342566698767,-0.641570031582894,0.084396988562041,-0.00490419952843268
2014-05-20,0.146512870999782,0.571729023683254,0.490071200966113,-0.192728054887326,0.093138688391825
2014-05-21,0.834604789559812,0.00805759428708086,-0.235299079805174,-0.14578603882196,-0.113064472575708
2014-05-22,-0.180908744820041,0.512074860382761,2.08337638699216,0.360842555395902,0.118882761296035
2014-05-23,0.654857290835764,0.0527007857646922,0.863756569843765,0.078358249974908,0.377769533324113
2014-05-27,-0.000491505555189065,-0.0939225721928949,1.19835007311782,-0.973406111761932,-0.120877659679941
2014-05-28,0.767240267861968,0.589820182020873,0.234957270888358,0.967952778658532,-0.0678287198129013
2014-05-29,-0.471300025126098,-0.303275312580986,0.0733834467755656,-0.238253713807435,0.878507905645165
2014-05-30,-0.0676503775984827,0.310294121258003,-0.336630130847304,-0.863446852528682,-0.14734955429283
2014-06-03,-0.0441444806948965,0.903080770485154,2.70940503643349,0.679404739508449,0.0248766785455601
2014-06-05,0.126005424608344,-0.781802532508458,0.299665292744855,-0.653342450490513,-0.517920781349623
2014-06-09,-0.509901924653988,0.0337896818354722,0.29553015098962,-0.272988386878481,0.776332557004267
2014-06-10,1.07911104149734,0.854006022964526,-0.85794116959228,1.08751046811992,-0.344900039126905
2014-06-11,0.117833819276481,-0.25100377058429,0.496803206996255,0.142556655633541,-0.114826269554058
2014-06-12,-0.157792496688725,-0.354365682397173,-0.638753082558452,-0.150012943151445,0.0902317376143102
2014-06-13,0.922278110169827,0.620079463169887,0.826771165401574,-1.03935976246046,0.00728789935742213
2014-06-16,0.734239591814578,-0.0793653559131968,-1.09587382682523,0.137535032873526,-0.0908330117393774
2014-06-17,-0.928563651978731,-0.417510744267169,0.285396756519596,0.398484685546396,-0.481972691046373
2014-06-18,-0.542427498396059,-0.0942971023393468,0.92936378581161,-0.604355591884254,0.0720474323054887
2014-06-19,-1.55865139838953,-0.0603674927095454,1.61016913150878,0.127589480629187,-0.237709062071545
2014-06-20,0.145170872818845,0.113584927720822,-0.0764557398257537,-1.21008521867791,-0.313121634793134
2014-06-23,-0.114045082380088,-1.69247327843731,0.12930236479427,0.347452410038152,-0.042969829702777
2014-06-24,0.471628086658704,0.331965952565128,0.0452748896027089,0.979029151282962,0.142036981098137
2014-06-25,-0.415329842763335,-0.0609434359745364,-0.715537019226886,-0.632779794187055,-0.0150224493927098
2014-06-26,0.648595593907864,1.43770360262696,0.273948580326433,0.667872790987811,0.520787524692246
2014-06-27,-0.106498111994746,0.102069512204217,-1.40440132992108,-0.32834981151737,-0.229631743657244
2014-06-30,0.57872685295246,-0.132723628600218,0.443532988951922,0.686595592758543,-0.471294263217992
2014-07-02,0.539956275056852,1.53574858002141,1.36167126460176,0.650657306446334,0.252777153974471
2014-07-03,0.184832623903475,-0.0772285114379656,-0.141153851811104,-0.214095083330701,0.282696079081823
2014-07-07,-0.160071435725495,0.0402784144588608,0.202748531510011,-0.291328338633789,0.561183061613768
2014-07-08,0.198353585323741,0.00195402518574639,-0.423733727122944,0.0767739046329652,-0.250345762856874
2014-07-09,-1.23873344275198,-1.56394429048206,-0.0768199205170461,-0.307449907281221,-0.240287973150011
2014-07-10,-0.0132451955699331,0.271119065843628,-0.564762215055303,0.116902399820606,-0.182124921998472
2014-07-11,0.422001458519627,-0.0238420880256385,-0.345155838733469,-0.706490094023948,0.738359316364345
2014-07-14,0.95731731374622,0.486131091852471,0.871812818171591,0.258121681398116,-0.0835268420289026
2014-07-15,0.179356636534678,0.484077666894933,0.6408210648436,0.940455191902423,0.0133689839771023
2014-07-16,-0.148877165190076,0.269543089564728,-0.103072491956802,0.0377527201345096,0.394490986669993
2014-07-17,-0.567082218331105,-0.0102456947447038,-0.0587975909928318,0.367838843459545,0.074417820148831
2014-07-18,0.169151318930449,-0.281337371675683,-1.01060267416671,-0.073261527116486,0.110012674641169
2014-07-22,0.793802767856633,1.38588789261096,0.834914642505424,0.469821902407386,0.192532922842936
2014-07-23,0.1449216304791,0.79474422361514,-0.095983815318057,-0.0300696286695157,0.714673922258768
2014-07-24,1.27023017539853,0.705129168225582,-0.288374608345698,-0.0838483479212115,0.394050033455429
2014-07-25,1.01851922744878,0.308163339945011,1.12842498400223,0.356116786522342,-0.110977538440693
2014-07-29,2.62579474035496,1.73786635047986,1.03103184739108,1.37312879130684,0.17625354050228
2014-07-30,-0.0893587538238094,0.371379450980136,0.180141615933671,0.996007828496648,-0.072432127857347
2014-07-31,0.927267755631522,0.0995775714310199,-0.162855442652443,-0.312114769103111,0.606746206795528
2014-08-01,-0.741308109321537,-0.91063026617082,-0.627155769289267,-0.14556955443652,-0.882348159068869
2014-08-04,1.7252953113954,0.27537792289003,-0.313637340732953,0.352472484950006,-0.781054636872902
2014-08-05,-0.152139889989478,0.195661479638787,-1.00141087763017,-0.682958657962285,0.278962033550023
2014-08-06,-0.111776674653719,-0.260519695554606,-1.05328712191284,-0.267992086711821,-0.223830175128725
2014-08-07,-1.35298558457437,-0.802794658340744,0.477624084483708,-0.30229122658838,-0.181175580310899
2014-08-08,0.308528119501883,-0.230505796250569,-3.02581434498599,-1.14598584785011,-0.767218000259895
2014-08-11,1.36772681631765,1.28473187458322,2.35492707428566,0.406341841560387,0.532498445674356
2014-08-12,-0.137644413397453,0.175897975095829,0.203289207708401,0.102919996146333,-0.0925892372162451
2014-08-13,0.0580496678445286,0.810536963339281,0.344494848338961,1.01808215425807,-0.0599563971448447
2014-08-14,-0.740969897644472,-0.358128601363639,0.661292626807963,0.0416911082783855,-0.199507664443566
2014-08-18,1.48452772862351,0.619414555438169,0.0524199864667452,-0.490241121783797,0.543314274163897
2014-08-19,0.261327298203895,0.668913507921864,0.82665483117772,0.873372232190306,0.110118713054419
2014-08-20,-0.22828922375524,0.146412182540168,0.0301576743858334,0.0791521113160165,0.217467345134459
2014-08-21,-0.436176924614529,-0.66060958202101,0.84889196055542,-1.38792946448394,0.013237581513259
2014-08-22,0.462956541915371,0.471518144971483,-0.302068733888383,0.609134978315584,0.0424086303405957
2014-08-25,-0.516323002586372,0.217505794876516,0.475469269973416,0.203517176125967,0.143634579922924
2014-08-26,-0.999021017359514,-0.367864294456766,-0.59117928156045,0.346820596907449,-0.218237652938313
2014-08-27,0.106870031771944,-0.623086132220152,0.0875836125235452,0.332128387025588,0.553382921330048
2014-08-28,-0.619711468928674,-0.71587456282014,-0.483696854741567,0.039993351036216,-0.33694693493338
2014-08-29,0.968958548883858,0.00428429446426293,-0.228399827956061,-0.348430726755833,-0.0940319808039547
2014-09-02,2.17930891121947,0.0281262807192206,1.56957204723014,-0.823281642019502,0.0363615058871503
2014-09-03,0.991515759043615,2.27277380619917,0.380610677982673,-0.0185240252261742,0.613145110961533
2014-09-04,0.79339072119442,-0.0791451418125533,-0.332245367090245,0.246381099739068,-0.0725902967001701
2014-09-05,0.844761125662785,-0.228619831197285,-0.047854736905073,-0.333685189310895,-0.137857430621935
2014-09-11,-0.636037080839547,-2.31464326358672,1.52337428210281,-0.746898958234787,0.165943877303398
2014-09-12,0.873029450874085,-0.273336702997717,0.245405520760933,0.377819989090167,-0.0516971158248225
2014-09-16,-1.5296830626224,-1.88512647616772,-0.230760979267686,0.0518999810904752,-2.20402172354053
2014-09-17,0.492569038926938,0.991094518919944,-0.143772705440526,0.959201416990663,0.726434516925423
2014-09-18,0.347764753082913,-0.855662626433684,1.11966782693038,-0.723542514482922,0.0245686459816596
2014-09-19,0.582085348198724,0.567058106331864,1.56600832684202,0.296472778815904,0.235068281042494
2014-09-22,-1.71371408151213,-1.45322910180017,-0.708766467736233,-0.710957310345428,-0.256906779368649
2014-09-24,2.31803603915122,-0.141529063603585,-0.237541175564182,-0.178163491228123,-0.114123040652814
2014-09-25,0.0652637124944455,-0.643662682545276,1.27032993484324,-0.0751888972089887,-0.0552872215546785
2014-09-26,0.111659951680032,-0.378194519303499,-0.885050557010736,-0.121502812709551,0.0370640422275414
2014-09-29,0.424616454177329,-1.91531240357499,0.496490010522876,-0.248383663418927,-0.0756617016220318
2014-09-30,0.260929752116734,-1.2834489279685,-0.844231861983857,-0.321744715604222,-0.395342906406704
2014-10-08,0.79719635282629,1.43022518981812,-3.63621482340211,-2.75226011843097,-1.53859834262171
2014-10-10,-0.346833550339198,-0.754191054254605,-1.91244132747279,-1.24573762223621,-0.0880541031504478
2014-10-14,-0.636247874060203,-0.175869438138854,-2.40802241199631,-0.603076111379064,-0.918322448388409
2014-10-15,0.599602485177364,0.398718637378259,0.913101066122302,-0.173274304343707,0.135145301746498
2014-10-16,-0.725981324639235,-1.03869247711028,-2.24845863051257,-0.368295801685647,-1.40126613420382
2014-10-17,-0.652239161092094,0.532487978142271,-1.40667669948549,-0.95144310202766,0.427717460510024
2014-10-20,0.661998922452423,0.204150463573249,3.90499673099587,1.53498962414655,0.419608792364379
2014-10-21,-0.726944532788476,0.0793780821265244,-2.05218478638169,-0.768726447288515,0.679536246172674
2014-10-24,-1.61056834021203,0.920965372406712,3.23899456837697,0.54205190297747,0.616627818186366
2014-10-27,-0.515599741758255,-0.684547955676962,0.632849966581439,0.325586264609523,0.110410546118089
2014-10-28,2.04963195767487,1.61641318773391,-0.382895147670759,-0.32610556034065,-0.449225330465808
2014-10-29,1.49273611743324,1.2653677277866,1.45062319380944,1.82620818048074,0.384730604084815
2014-10-30,0.757752712155657,-0.495898592747324,0.668268746442635,-0.114282811346467,0.31834832733928
2014-10-31,1.20967708475144,1.2411873361291,4.7125266008667,0.280372109767679,1.22732221419746
2014-11-04,0.435382017475305,-0.637076362163569,2.69704350004769,-1.4996614029295,0.223313118480917
2014-11-05,-0.426292197654021,-0.631200919077912,0.442902884051044,-0.194485167157232,0.181759831805728
2014-11-06,0.223267346950617,-0.195628189836583,-0.858830412689393,0.261123080395453,0.103975079671947
2014-11-07,-0.274925043546226,-0.419792754334125,0.522083361248171,0.174906851251144,-0.138961762272061
2014-11-10,2.20885331801961,0.822333618918414,-0.593271500200565,0.942004349182657,0.443575496681525
2014-11-11,-0.104778346765766,0.267407165172706,2.02681262340825,0.243291128183021,-0.268460608820931
2014-11-12,0.954312189016271,0.544125451387778,0.425044548685882,0.217287956299828,-0.256696603470452
2014-11-13,-0.305564437353922,0.340964488222717,1.13178950486255,-0.344215138047499,0.64414123009513
2014-11-14,-0.301257210518102,0.280373316070559,0.562099106316438,-0.787068956238635,0.324442178080808
2014-11-17,-0.164301423026814,-1.21251678161443,-3.00057648419436,-0.0776595209225128,-0.81764871049792
2014-11-18,-0.713209920113744,-1.13219560758999,2.15791059093,1.19572645728505,0.759121541964625
2014-11-19,-0.259131890680386,-0.664615490319953,-0.319408370406471,-0.00711765483742965,0.626629348597518
2014-11-20,0.0591379338128029,-0.10132066586106,0.0700210294061421,-0.449947382087057,-0.570213389530849
2014-11-21,1.39645529151569,0.373952382869014,0.326905451411541,0.346684416080567,0.892375144123392
2014-11-25,3.18502166163563,1.72077485502236,0.288277562619932,0.779208261882847,-0.00986501373674287
2014-11-26,1.44188373707568,1.11799736052056,-0.138195887615211,0.0318097476836421,0.139514410984454
2014-11-28,2.95153058040807,-0.517803550861018,0.437787679425483,-0.00302906386799862,0.0250740282142559
2014-12-01,-0.0812877818519908,-2.61867485643403,0.743228447236888,-0.788650818484893,-1.34794878834814
2014-12-02,3.03399795651789,1.22008882445002,0.414826772938426,0.0310349654618847,0.503323351784601
2014-12-03,0.592454277195475,-0.958656465536833,0.323369973718712,0.207330843070253,-0.571412014929606
2014-12-04,4.24774690700502,1.70943610155039,0.936772106409123,0.84418120853087,0.0432794969386308
2014-12-05,1.31596620229972,0.711111134541653,0.185658652634402,0.000503368795623516,0.590418974506157
2014-12-08,2.77654867844452,0.187428606318463,0.0847275924883206,-0.386830118461123,-0.801848992111331
2014-12-09,-5.49663636138646,-2.36408497996461,-0.683993444619091,-0.405074100053149,0.664888028651234
2014-12-10,2.79152038787034,0.164602087563814,-2.27569268213834,-1.29658066473857,0.179666446651083
2014-12-11,-0.516141615139887,-0.905186821730908,-0.895189649930472,-1.50022880267136,-0.214011348126597
2014-12-12,0.423949842933702,-0.272069038103062,0.659450054738286,0.266784932744457,0.163484575381467
2014-12-15,0.517688232156654,-0.956636985615411,-1.57921623702961,-0.0702746204810367,-0.90628533648669
2014-12-16,2.27961951356566,-1.56398331267926,-2.0327555390347,-0.848745711445353,-2.42897812932714
2014-12-17,1.29881777279799,-0.374135861425096,0.383678231391471,-0.208711819610485,0.376883308181242
2014-12-18,-0.114406390470911,1.0849097067533,2.29409134095562,-0.140086286555618,0.507505478173798
2014-12-19,1.65683342169594,1.23800136247372,2.36205570093748,1.6972409881153,1.10008805052733
2014-12-22,0.604551195424108,1.25499226963477,0.0779429898429385,0.678528848411553,1.55604312878079
2014-12-29,1.28888110426644,1.54558598716825,0.535559337806468,-0.788434920897796,1.09664986549856
2014-12-30,-0.0697840039814324,-1.15108259370604,-1.58653220433109,-0.638491026775956,-0.0469274415337395
2015-01-05,5.67066106478418,0.932699325704078,-0.241311806200883,0.00835216921979409,-1.13021209379767
2015-01-06,0.0277530339875653,-0.999484454385424,-3.06522033316021,-1.75350709541657,-1.40178960964175
2015-01-07,0.669107679681247,0.830464078123683,0.012674526469425,0.0732818623021991,0.498761730628594
2015-01-08,-2.41454809177792,0.64933065571342,1.65495637809432,1.09913261274315,1.40742026972394
2015-01-09,-0.244723000076696,0.353551416241693,0.178263696408898,1.04718467742773,-0.199594593122754
2015-01-13,-1.53697945333153,1.22994940890599,-0.6417906705531,-0.393561926479524,0.0787482954860863
2015-01-14,-0.398282278311335,-0.427780741851258,-1.72211103602908,-0.181685337646265,-0.447262951944971
2015-01-15,3.47715281055336,0.983469504375023,1.84487247581799,0.0250796803655362,0.380495582838414
2015-01-16,1.19293053539202,-1.02113325710889,-1.43964460779031,-1.36815143162874,-1.14949334239789
2015-01-20,-6.21463995980882,-0.634113100043088,2.9340886644583,1.58576688104812,1.00502752599247
2015-01-21,4.6358271155146,1.66210418192243,-0.49540058566695,0.152101583155773,0.611202055804405
2015-01-22,0.591876573187555,0.69585659549869,0.2805012024238,-0.0213427728195548,0.4707990405457
2015-01-23,0.251527368946292,1.32794963343574,1.04895314014488,0.791829717828119,1.2153283198991
2015-01-26,0.933051458449441,0.238945378341526,-0.247168029339839,-0.021178944076361,-0.381203453686041
2015-01-27,-0.897255779798733,-0.412815633286989,1.70155668357648,0.860069909444316,0.401720182219023
2015-01-28,-1.41831863795847,0.219573267432693,0.154257014400194,0.469088591835831,0.203473761345663
2015-01-29,-1.32278833303445,-1.07551616354442,-1.07062921792149,-0.539795820752786,-0.00292474627840988
2015-01-30,-1.60493877013881,-0.361689826085332,0.386445046371975,-0.0902499368999443,-0.817889365305291
2015-02-02,-2.58933543737641,-0.0910764907434469,-0.66047344992306,0.175297461046675,0.943576275338742
2015-02-03,2.41942828425241,0.285647362062136,-1.27353529835954,-0.0368792005491336,-0.448812631522877
2015-02-04,-0.965042980765674,0.507693454429514,1.9586176019935,0.553293448038694,0.279829472081872
2015-02-05,-1.19164857370002,0.34676773161042,-0.989794161396063,-0.508220716277918,-0.322091674454228
2015-02-06,-1.95163008727306,-0.348266947054832,0.818594784450966,0.137141942914365,0.724782857891704
2015-02-09,0.622588516046463,-0.643858909153927,0.358762990350669,-0.436641633435109,-0.389524799829033
2015-02-10,1.49023635869945,0.0289505823740654,-0.335081062327092,-0.573805420005069,0.473421332366009
2015-02-12,1.00808295014208,-0.432889169932338,1.83568428511371,0.297615429516362,-0.439781781297555
2015-02-13,0.953709843519945,1.06056036884574,-0.369765289630486,0.814032239764551,0.205978110599503
2015-02-17,1.33568057213225,0.413767873919113,0.410747517985754,0.201584676386002,-0.301368369300192
2015-02-25,-0.558083523923614,-0.0266326845947518,3.27112867109705,1.46867961079238,0.726879237693012
2015-02-26,2.13024356412124,0.498306799556225,1.07351679146284,0.131038916216575,-0.426678342562603
2015-02-27,0.361344447791012,-0.316820558881936,0.0646556391462383,-0.365932529941393,-0.682968342428403
2015-03-02,0.781759410504534,0.258093315506436,0.153834653333895,0.552905157589567,0.0302640763319317
2015-03-03,-2.2194073012173,-0.744747063071394,-0.0622708034883956,0.228603542613914,0.533842463247147
2015-03-04,0.503777862986965,-0.965673089419816,-0.594690916134866,-0.154512778042193,-0.192464125960434
2015-03-05,-0.951292481395427,-1.11940685225829,0.257586223378858,0.00450374937210896,-0.594939207111445
2015-03-06,-0.224664830917831,-0.120106621459826,1.16196164354161,0.725948762143425,0.652892916014558
2015-03-09,1.8711958638626,-0.169610733382974,-0.955741348464834,-1.00456189085847,-0.379356897558125
2015-03-10,-0.496018307762469,-0.941572382191325,-0.669807815324042,-0.404768263735189,-0.185511083170553
2015-03-11,0.146876171498356,-0.751910244107812,0.312448182874903,-0.198708961893868,-0.580507322370671
2015-03-12,1.75962565594894,0.336687403836144,1.41904873714314,-0.518295849245742,-0.147803924606116
2015-03-13,0.701853308693323,0.106045283500045,1.37608406537275,0.768382955403268,-0.321538434815061
2015-03-16,2.23954386608245,0.52892189833198,-0.0425451126162102,0.0775209446038261,0.393838590268913
2015-03-17,1.54056109530583,-0.200873444590677,0.987210167566488,2.11994277986394,-0.180551754580094
2015-03-18,2.10314030652565,0.910388851262134,0.551442748517061,-0.0719502490160728,-0.243623573710927
2015-03-19,0.138835175808438,1.43578261552904,-0.34812023765749,0.464300425372777,0.723486426903364
2015-03-20,0.973674248302991,-0.383465176907727,0.428622074265661,-0.031900823066433,0.77310419480483
2015-03-23,1.92776724369104,0.488114781870408,0.987631448982818,-0.0319110029390224,-0.0677164203011671
2015-03-24,0.0997406284492186,-0.388227208582848,-0.20730825780042,0.234431048325945,0.0917432601546864
2015-03-25,-0.834591780970761,0.525796040182236,0.165992387260516,0.070515993892073,0.16861139662403
2015-03-26,0.581794467255392,-0.127077234970763,-1.40287256454599,-0.99622752560844,0.366975031617578
2015-03-27,0.244399086007441,-0.0444233223211299,-0.957208312295599,-0.136553915479087,0.537950551056809
2015-03-30,2.55360795204318,1.4954073986333,0.650026334583131,0.505700068274351,0.120503580444797
2015-03-31,-1.02649130062762,0.183977826638859,-1.05862470699627,0.539908510373888,-0.210106333097393
2015-04-01,1.65096186037808,0.727681307271766,-0.900329104861974,-0.61826277914605,0.000290106077294183
2015-04-02,0.40570663304127,0.766072717334865,1.44965864960085,0.0305605396806463,0.195050759079862
2015-04-08,4.32336505799906,3.73242062315082,2.43995880334449,1.47691349622248,0.200450429620957
2015-04-09,-0.937592535036913,2.66098201393614,0.744625620704475,-0.0189406357335109,-0.0109811038431218
2015-04-10,1.92151900940658,1.20997226939767,-0.151033963661718,1.39344322782202,0.348494730055826
2015-04-13,2.14328424146668,2.69130762774896,-0.0109009373657543,0.533120583957736,0.345275521009114
2015-04-14,0.335462277203114,-1.63684028474584,0.0161751579062397,0.607985457266125,1.04747677088355
2015-04-15,-1.25066717561459,0.20779158590436,-0.195683955526782,0.389443928389444,0.534484201939733
2015-04-16,2.67343539623202,0.436753621053221,0.0805422584756244,0.93618783885745,-0.235874513311174
2015-04-17,2.18067333992131,-0.31263999521336,-1.17805081040352,0.168090808592947,-0.181952209817737
2015-04-20,-1.65142187568978,-2.03919351499202,-0.0936178794516351,0.149643052392001,-0.62432264526695
2015-04-21,1.79872545485793,2.7503934961203,1.3888697689362,-0.0894792090459617,0.152883858035224
2015-04-22,2.41311002402735,0.298865459546604,1.12285502159111,-0.0419709567145432,-0.353184232596604
2015-04-23,0.363554241346087,-0.380728757447457,0.266606972388672,1.36754267996757,0.186026894662739
2015-04-24,-0.472742189656472,0.834807173037255,-0.833725940874963,-0.628173790536302,0.292199901448598
2015-04-27,2.99784025643159,1.31911935276214,-0.18358463045729,-0.104694103611447,0.0810943513146256
2015-04-28,-1.13711170476929,0.032210230402363,0.377751261025772,-0.458515022120043,-0.592219036965425
2015-04-30,-0.77507772076526,-1.09500305340848,-2.72353449128655,-0.959107575824181,-0.220552099577098
2015-05-07,-7.70653321437997,-3.04240291065074,-1.17501094228807,-1.71500373544697,-1.57831769009569
2015-05-08,2.25324597648928,1.04751855974961,0.450982606650641,-0.262419581124451,0.558624155791065
2015-05-11,2.99009335976574,0.509481613502949,1.23960243817471,0.567072212192787,0.542844484883354
2015-05-12,1.54877849682151,-1.12842142862295,0.0200276463726112,-0.0290881348688821,-0.823654725194167
2015-05-13,-0.580155620979639,-0.577792412032885,0.710241942345213,0.825950507902196,0.314408206212136
2015-05-14,0.0582586173544897,0.136680805269584,-0.988848519078012,0.291416645994769,0.0755541760804945
2015-05-15,-1.60288915825824,1.94432317703512,0.827826205486737,-0.654393451052648,0.211595019168342
2015-05-18,-0.586581571995026,-0.833844509159931,0.794236037784479,0.342162590766648,-0.101983780996484
2015-05-19,3.08171458870632,0.370047952523933,0.681973700327099,0.336752337922164,-0.159974345655911
2015-05-20,0.648479681850667,-0.39252136964727,0.846188843761908,0.877390093314467,-0.416611663078115
2015-05-21,1.85238553923384,-0.222578095354109,0.0312380647514487,-0.785016993708521,0.00523290801535126
2015-05-22,2.79063980315879,1.69002276062358,0.304147189729242,1.09115587254172,0.299563071258646
2015-05-26,5.29569303889303,0.914009587321196,0.850432464364381,-0.121223438940365,0.283640511080385
2015-05-27,0.625420075041383,-0.598783243065348,0.171595977188588,-1.69375961620215,-1.01788553935389
2015-05-28,-6.72582802041184,-2.25775010165208,0.384555481168292,0.160724860895645,-0.209566169663589
2015-05-29,-0.184791880150748,-0.109769775137458,0.0568654320934669,0.185058587632803,-0.753614496680655
2015-06-02,6.27766528115892,0.154961936359577,-0.0971139808054744,-1.72464116703956,-1.52568139700904
2015-06-03,-0.011201047615117,0.692076423659849,-0.339764374179552,-0.747504567114365,0.271725082330931
2015-06-04,0.753167783416409,-0.382471844289078,0.0716767157051379,0.469050816196681,-0.144588992215056
2015-06-05,1.5245726678458,-1.0644840129828,-0.133287474960575,-0.22989848230921,-0.339289435441259
2015-06-08,2.14247907922065,0.205656579211855,-0.018133788796959,-0.140807951089883,-0.400962364663471
2015-06-09,-0.358209571336943,-1.20342189418121,-1.77986914195394,-0.0561849468187603,-0.761855468519812
2015-06-10,-0.146581536035129,-1.12481056304681,-0.248812738188953,-0.617689402429455,0.925560535097425
2015-06-11,0.304078500723115,0.82175287207793,1.66521571493412,0.257550782226268,0.656335521608575
2015-06-12,0.870150533946479,1.37555619032543,0.118215117695541,-0.216122631449434,0.184435822077766
2015-06-15,-2.02092251839296,-1.54680522277797,-0.0945707214544456,-0.481135330727955,-0.920182979858986
2015-06-16,-3.5290614913972,-1.10470234405593,-0.638937678082563,-0.668136426695654,-0.756359685191121
2015-06-17,1.63306126458345,0.701759371660771,-0.191070539519345,0.30219681525594,0.839980784236793
2015-06-18,-3.7435958419497,-0.221260014548896,-1.13629418909085,0.344393164071732,-0.769358777243134
2015-06-19,-6.63043492067974,0.246449534048132,0.913337488108112,0.248481359690533,0.0163602156279197
2015-06-23,2.16754207865577,2.1183551987729,3.09992257390448,1.65888847371845,1.1691601298228
2015-06-24,2.45322361247986,0.261279107498424,0.28125539655619,0.207836915694681,0.345234541704897
2015-06-25,-3.5232811741098,-0.950388743332198,-0.464128223959293,-0.0225387775825148,-0.0435742858922339
2015-06-26,-7.68462894944637,-1.79110308674044,-0.31462829326383,0.249082833818637,-0.868570858482798
2015-06-29,-3.39207141103373,-2.64837346179672,-2.92160401384436,-1.4344641559334,-1.23375315899388
2015-06-30,5.38385163023882,1.08414010060862,0.62351363266,0.663171857951195,1.12619435659713
2015-07-02,-8.90577027757811,0.122933788671453,1.40719914574259,1.58462061726494,0.316320237509515
2015-07-06,-3.56041498164448,-4.06138280730879,-2.01992268230811,-2.56667122647176,0.153135248323544
2015-07-07,-1.30055957967823,-1.0394904837753,1.30640744748263,-0.666307646588837,0.239441398090356
2015-07-08,-6.08206704065903,-6.01828830397899,-3.18592202385286,-1.18724431647221,-1.68856035523834
2015-07-09,5.60361202684856,3.65827429993661,0.595357418629661,0.573688152617002,-0.536904618163803
2015-07-10,4.44167151962152,2.06316109423543,-0.381831522210341,0.165558872794325,0.381227475066659
2015-07-13,2.35963441352336,1.28771109185806,1.55479986617824,1.48315930863641,0.950986517951158
2015-07-14,-1.16279201638143,-0.409575163200948,1.46047942345149,-0.111144827312515,0.159330844302374
2015-07-15,-3.07364636301113,-0.259682584004217,0.38189793643113,0.66212906529115,0.671942137783788
2015-07-16,0.458259419213292,0.426217735568457,0.666239714298378,0.720056946922831,0.436023528945562
2015-07-21,4.96220845602302,1.47401415239141,1.16718411467041,-0.204722102612198,0.534138783573646
2015-07-22,0.207864097957611,-0.998885694906804,-1.19849951465039,-0.91072983551248,-0.363713483632111
2015-07-23,2.40209047364477,0.458669425998259,0.437429018216307,0.0164656884482639,-0.0833886824365138
2015-07-24,-1.29376056382693,-1.07008392945378,-0.676331174226519,-0.929700714735304,-0.110895492374041
2015-07-27,-8.86493855834605,-3.13907190120641,-0.950889957993972,-0.350081267848434,-1.17701893021405
2015-07-28,-1.69346923060552,0.622158184528487,-0.104279884638458,0.014222972085598,-0.980520433580168
2015-07-29,3.38645139527554,0.47028599977903,-0.127880150721893,-0.0726073934446347,0.0886507326047337
2015-07-30,-2.22559333340175,-0.494611577345694,1.07736994954539,-0.916526204279933,-1.05548984638109
2015-07-31,-1.14093102751021,0.562948806963348,0.303638910558846,0.549740962041234,-1.45755383376187
2015-08-03,-1.12041838276706,-0.916909764876017,-0.18053482191327,-1.0731411716856,-0.303661208837624
2015-08-04,3.62207506675141,-0.0217135071567398,-0.135140190142558,0.966195878543452,-0.0548260227429154
2015-08-05,-1.6634146829583,0.44169892589796,0.455580324529237,0.0872404713085473,0.0109676095265243
2015-08-06,-0.898035020675714,-0.568140578285004,0.244098138329996,-0.814735959521684,0.164995615111607
2015-08-11,7.02236538622838,0.503054965966854,0.272126501046976,-1.33203967559652,-1.37331048417444
2015-08-12,-1.06447833549126,-2.40515263785372,-1.59551873806159,-0.564345838706704,-2.94716843197396
2015-08-13,1.74066489992359,0.428832975729776,0.989460677573284,0.403644967118399,0.984525127760882
2015-08-17,0.984126419375109,-0.853591951080013,0.119905458417691,-0.756080302596818,-0.793298018365718
2015-08-18,-6.34455547448027,-1.43661903868111,-0.319565208992678,-0.624750425601484,-0.578716671559043
2015-08-19,1.21848113402319,-1.31692054034058,-1.62761611643223,-0.866615274698557,-0.275821482060934
2015-08-20,-3.48152720881796,-1.78720985851282,-0.939540373913061,-1.28857262936801,-1.04016287269904
2015-08-21,-4.36626366938242,-1.54031121963882,-3.02886007835887,-2.03034447529422,-1.2965024043722
2015-08-24,-8.87290560919087,-5.30595559591163,-4.71510329304525,-2.49670269942248,-4.39049600479748
2015-08-25,-7.93759850110352,0.719189587870162,-4.03924459492391,0.915021997177501,1.49749381069659
2015-08-26,-1.27898339989549,-1.52794464221149,3.15158410066765,2.53761558160379,-0.461516040672194
2015-08-27,5.20174222792402,3.53330743745186,1.06958101242114,0.731706091176676,2.48980366347045
2015-08-28,4.71149242399509,-1.04095374760451,2.98016579355203,1.54306473056565,0.356188854850359
2015-08-31,-0.818849184398651,0.268881895388695,-1.29300085758626,0.196949918786071,-1.17400597740751
2015-09-01,-1.23561620432149,-2.26418990503934,-3.91234413725687,-1.4140266519215,-1.33250079414733
2015-09-02,-0.2038949367547,-1.18941477996071,-0.387688776259587,0.0517045540250116,-0.161085976265873
2015-09-08,0.324771003023017,1.53626832200544,-3.76324440795948,-1.92630959654281,0.249503465109679
2015-09-09,2.26530453711309,4.02111312997597,7.42617030010653,2.91244017255075,1.47452572661155
2015-09-10,-1.40353616991273,-2.60376531813833,-2.54067266424158,1.43266205104,-1.38064608311046
2015-09-14,-2.63262726016844,-0.00278264741098155,-1.84159101445847,-1.57442311946632,-0.575051502192903
2015-09-15,-3.5830805954312,-0.495942981957853,0.337740352352611,0.315325589134652,-1.03371762073152
2015-09-16,4.77855171370045,2.35574108522787,0.80181477850747,1.93667709931056,0.938599142284602
2015-09-17,-2.12244595072235,-0.511305094255654,1.424299707522,0.0526323792368721,0.9391955654519
2015-09-18,0.383572215340777,0.302452791884633,-1.98382068350327,0.979758318202872,-0.561694173394311
2015-09-25,-0.179959888768444,-3.40816359520542,-1.05534331801476,-2.69641602659663,-1.64387839020002
2015-09-30,-1.28786687741993,-1.61792159107073,-2.79223531001147,1.02211527738705,-1.48485976199328
2015-10-08,2.92396406166819,6.98695092691644,4.23950012248593,2.84876910899454,5.44373421671462
2015-10-13,4.65765545768271,1.09242763205408,0.514462491124767,-0.0237707314084901,1.27616614838066
2015-10-14,-0.939346440609512,-0.712919010213753,-1.90307727568193,-0.471628735011009,-0.0321672700804854
2015-10-15,2.29174139857644,1.97791132418725,1.14428597773575,1.17345180761106,1.0408391264642
2015-10-16,1.5835276547433,0.779888162700537,1.07122191094646,-0.148147081503947,0.511765579581613
2015-10-19,-0.137207625482461,0.0357150755656122,-0.881700617544645,0.000492546539554439,-0.201813082628099
2015-10-20,1.13418214842813,-0.375080517096293,0.417850825838251,0.446724400835841,-0.181020082424865
2015-10-22,-1.66590302271015,-0.627693941657625,1.24838493348243,-0.805447495818346,0.630002380910355
2015-10-23,1.28858602695221,1.33301073287466,2.09034864016875,0.856430888102544,0.994019552717518
2015-10-26,0.501315722059381,-0.15427449000569,0.645023127269617,0.375690184770772,0.47500467267092
2015-10-27,0.138696277434747,0.11448589178702,-0.901709421249564,-0.16761432115171,-0.995509883931334
2015-10-28,-1.7370185647124,-0.807652228719036,0.668685078642817,-0.104718200195641,-0.394549045889647
2015-10-29,0.358151424391906,-0.596945488972445,0.172785968942435,-0.40964864347206,-1.29097691336497
2015-10-30,-0.140327680722585,-0.79146950400304,0.775356926724236,-0.230828204458788,-0.105335800908257
2015-11-02,-1.71390852959323,-1.19974565083592,-2.11762613193667,0.283907283701712,-0.801643736064417
2015-11-04,3.96708034449187,3.0098074534509,1.29578536358466,0.857635252836708,2.19696976889265
2015-11-05,1.80972678215259,-0.0109750413354703,0.996240955385019,-0.163815373844844,-0.555068681284077
2015-11-06,1.88987537760354,-0.800163334132975,0.777399366823595,-0.407776669563553,-0.436849812742857
2015-11-09,1.57114485174574,-0.616572957011385,1.93866822413487,-0.755886031523634,-0.424421302894018
2015-11-11,0.0923650870845449,-1.66201167501487,0.247367997247316,-1.41340717388143,-0.539528444835824
2015-11-12,-0.476443100035517,2.37295426066613,0.0323946997387026,-0.195959096744147,-0.760196234087296
2015-11-13,-1.44338176379897,-2.17643280923596,-0.513353062032884,-1.01194566041354,-1.13278206351417
2015-11-16,0.726790255061971,-1.73544719461667,-1.04241453171419,-1.54587368241232,-0.340671503046774
2015-11-17,-0.0601795698822016,1.14481024130217,1.21433460779024,1.05258740729761,0.0360050822490798
2015-11-18,-1.01265841129958,-0.341893288011086,0.0944505657182404,-0.0356555272390757,-1.05810880941446
2015-11-19,1.35246086652554,1.39617667702279,1.06624844378409,1.31739674756011,1.16262154120994
2015-11-20,0.37088386729156,1.12475094646332,0.100655223621082,0.0477534523509959,-0.0657788825549233
2015-11-24,-0.397151741694124,-0.737018510751497,0.226506011971317,1.31949045673609,0.191050148842997
2015-11-25,0.87610210102671,-0.397599492683476,-0.388761861504783,-0.341306585375634,-1.09750425360744
2015-11-27,-5.97645722943074,-1.928332043118,0.183028538300789,0.9692009078897,-1.12891803570339
2015-11-30,0.264759930935554,-0.326338309538521,-0.688698885072547,-1.84140334872716,-0.111284932378108
2015-12-01,0.315863554662421,1.73483099362457,1.33266995577568,1.59170670388722,0.500158214948954
2015-12-02,2.30519186138238,0.438421211450546,-0.371810264148209,-0.72597400085348,0.465076699874256
2015-12-03,1.3454798979053,-0.279218921314062,0.00887706840675406,-0.760364959895554,0.00866922235882583
2015-12-04,-1.68306642052638,-0.811239553559417,-2.20785667035539,-0.991322151048557,-0.167969860451755
2015-12-07,0.338151986357893,-0.147032674082226,0.988053993238225,-0.544938335426437,0.75675494407319
2015-12-08,-1.90843525783944,-1.35164674389117,-1.04898163380778,-0.747822771453954,-0.861705710255478
2015-12-09,0.0682750213414351,-0.46384239795465,-0.987437157814774,-0.0410542743265019,-0.517324874984038
2015-12-10,-0.489035233006163,-0.455775160676808,-1.32745519790927,0.196394708679737,-0.445912484771771
2015-12-11,-0.607251709303469,-1.11452377775034,0.961053747811569,-0.176891826810532,-0.486708016271109
2015-12-14,2.47566649502868,-0.721003546563104,-1.82122319070626,-1.07315989014607,-0.693494611633572
2015-12-15,-0.293556480029622,-0.16663453368313,-1.69577236071188,0.26678493544372,0.0170498139142161
2015-12-16,0.166226943694348,1.98649575604541,2.57358123786737,1.86712476430326,0.898097415535215
2015-12-17,1.79847833693962,0.784200385066391,1.58140047297355,0.433708271756394,0.710618377689975
2015-12-18,-0.0290544997405107,-0.534066616092765,-1.91323809989719,-0.133560000427124,-0.291913781273045
2015-12-21,1.75897675365242,0.165888852121299,-0.37348187958095,0.29672637283582,-0.255861882988562
2015-12-22,0.254995860823648,0.175784116036581,-0.155121144083203,0.572256987909547,0.260418641801863
2015-12-24,-1.08146962913356,1.40153744701994,-0.514965549425206,-0.0959025583079587,0.860300668246339
2015-12-28,-2.20291657140912,-0.991933503891396,0.444255894346668,-1.34474592054286,-0.0799591208162198
2015-12-29,0.844243565330061,0.364305431874179,0.575240428163326,0.11449305005824,0.447642301128592
2015-12-30,0.256143804693743,-0.535394450149163,0.270833926335001,-0.254607253300243,-0.0938734647795592
2016-01-04,-8.05835008235434,-2.56917337103317,-3.10941320333527,-2.1933473265209,-1.7317630432097
2016-01-05,-0.259721864048679,-0.651053766616094,-0.418086375779225,0.611543255077596,-0.0613734984520775
2016-01-06,2.22971693433944,-0.986075418272492,-0.999206460743274,-0.264525719866882,-1.06270398006423
2016-01-07,-7.30541599457748,-3.13463070471585,-2.35826167696107,-1.10190787394355,-2.68746139290235
2016-01-08,1.94606080299451,0.590238075344729,-0.391256177201704,0.695459310859992,0.777944278864506
2016-01-12,-5.26914881043865,-3.69488721751328,-2.74382764141379,-1.40530817540112,-2.18453995917551
2016-01-13,-2.45338351761255,1.12555492993049,2.84361984811401,1.33540546252053,0.175195097777792
2016-01-14,1.94894749968881,-0.591011697340349,-2.715993264151,-0.852665734220004,-1.94461545894304
2016-01-15,-3.61138791105242,-1.50818173499587,-0.545772183322235,-1.1188617015649,-0.523570337677715
2016-01-19,3.61438023573983,0.587591311562186,-0.577504830606301,0.571580243739156,0.292642587336189
2016-01-20,-1.03770212461844,-3.89181485467844,-3.77865549909675,-2.36631845460309,-3.02817929970196
2016-01-21,-3.28549980082,-1.83902726028187,-2.46011521883442,-0.266957656955391,-1.06314833363133
2016-01-22,1.24478926769154,2.86208763283842,5.71040612718914,2.09149657580676,1.73749280220381
2016-01-25,0.749781055750454,1.35153336594307,0.894531968258505,0.742145971898367,0.215127618710476
2016-01-26,-6.63817416832861,-2.50970347609076,-2.37747601661003,-1.15482330477574,-1.44418246374878
2016-01-27,-0.51847403641716,1.01100081059933,2.68679946047286,1.38904386393977,0.0223889831426405
2016-01-28,-2.96429567423848,0.749736571793846,-0.716089452261137,0.476765840108317,0.636963530699131
2016-01-29,3.03884127840393,2.50678396490969,2.75974371592653,0.268133179761065,2.5681553797579
2016-02-01,-1.79680312438757,-0.446095955471471,1.96103168909225,0.665126198425448,-1.02074471001723
2016-02-02,2.23309429041318,-0.761535904069888,-0.643254068101484,-0.951090579689584,-0.894703400027197
2016-02-03,-0.376037551268293,-2.36883394015788,-3.20232915999963,-0.839028747063431,-1.11073916261457
2016-02-04,1.51336065802798,1.00329122000442,-0.854421453939658,1.344410610933,0.303372756518261
2016-02-05,-0.63233931986133,0.546279281298467,-1.33120404028375,0.0798111699751303,2.49815179636714
2016-02-16,2.61012020956715,-0.864826629294768,-4.65594545518933,-1.54965280103925,0.8113503852754
2016-02-17,1.07891949507168,-1.03826105200842,-1.36762619537727,-0.23116248921129,-1.17109872055812
2016-02-18,-0.155316659002214,2.29070823066895,2.250512986347,1.31303992028498,1.66108961066307
2016-02-19,-0.100298632709439,-0.401464189362954,-1.42789526021101,0.386920494837195,-0.0263433213677722
2016-02-22,2.32108844173275,0.921771118133918,0.897063271347243,0.00626206752798453,0.142171562559312
2016-02-23,-0.818114814161408,-0.253659771694537,-0.366880469724329,-0.111732438567191,0.428299909143703
2016-02-24,0.876857182758162,-1.15176591424646,-0.852486906874894,-0.0883256084076578,-1.96944024551495
2016-02-25,-6.62129051676379,-1.59504657863732,1.40100300875456,0.315314400788225,-0.634076743066547
2016-02-26,0.942557164553381,2.48569116350144,0.297382580063399,0.0828399023076187,1.75073673103165
2016-02-29,-2.90496102384621,-1.31106709843891,-1.00357289267272,-0.182442802676341,0.644485092533742
2016-03-02,5.8416725117822,4.55940109341793,4.39324417378852,1.59213317392792,2.24169343365164
2016-03-03,0.353099795183898,-0.309073289766992,1.26747973744639,0.550494401495616,2.20007495646017
2016-03-04,0.50192731349874,1.17124478745065,0.321531381990603,-0.129797146333566,1.7558970639719
2016-03-07,0.803609632815139,-0.0841919089646481,-0.609915791814863,0.114475545911308,-0.476636399867214
2016-03-08,0.139685781491217,-0.737544821966196,-0.760781328173366,-0.601950080788427,-1.59724080767933
2016-03-09,-1.34736031453686,-0.0765849930854046,-0.843376870919599,0.35034031119503,1.13291127983199
2016-03-10,-2.04090517021802,-0.0592286091489314,1.25484747569313,0.835233345110531,-0.0466229510807104
2016-03-11,0.198751988832147,1.07098322550776,0.512086802843115,0.105563939420428,0.700253660472772
2016-03-14,1.7351986827717,1.16029527678005,1.72586895259901,0.0436140870269774,0.641307924593537
2016-03-15,0.170164632499681,-0.719822399406844,-0.679345929687258,-0.116684943634127,-0.2680033258045
2016-03-16,0.211341363450934,-0.153256281403991,-0.836693887608142,0.249944995225615,0.167849924604813
2016-03-17,1.19130244653247,1.20757543436554,-0.224530133846734,0.660631388084099,1.25639713061334
2016-03-18,1.71745421929987,0.815150629895101,-1.25707252816785,0.207532027120294,0.92034995767829
2016-03-22,1.484952158492,-0.023610020628162,1.91719104142081,0.235150888140456,-0.903685663320442
2016-03-23,0.352785705995551,-0.249600560572105,-0.279416667129873,-0.0846708284447217,0.046159480085084
2016-03-24,-1.64098722800707,-1.31649592202603,-0.641131669766715,-0.459673914009784,-1.2074772712487
2016-03-29,-1.39915219485625,0.101641027312205,1.24252021969991,0.449147677355288,-0.999219462844891
2016-03-30,2.73035364586374,2.12343801225234,-1.3216999057498,0.361767197570551,1.88696114693805
2016-03-31,0.108917052287438,-0.128378768134851,-0.715213959882277,-0.314658375322008,-1.11592986775149
2016-04-01,0.186581800048025,-1.34599646854934,-3.61192905893208,-1.12259392958274,-0.791962283223935
2016-04-05,1.43604459708531,-1.58288599971979,-2.70474694347218,-0.550262927803935,-0.625334590472182
2016-04-06,-0.0809351825491689,0.146940609105251,-0.111039823570103,0.436191293665544,0.368128964942915
2016-04-07,-1.39199905345251,0.29343242859099,0.21916284531045,0.130284591366614,0.0832023714449015
2016-04-08,-0.782867758036332,0.513579455708069,0.454083214438938,-0.0932604212614763,-0.187480822127295
2016-04-11,1.62823505040386,0.345052596378359,-0.445892990450858,-0.0852268455258098,0.0327544346023778
2016-04-12,-0.340398604573977,0.310805532862446,1.12160549940441,0.554194687627696,0.192393580556249
2016-04-14,1.92308264664245,3.98391683684505,5.98390906947994,1.73173381344656,3.46647655853927
2016-04-15,-0.137651633297864,-0.100060307103966,-0.373351840179303,-0.0605362938519427,0.342933631961273
2016-04-18,-1.45492096475284,-0.72965204099642,-3.45451778899548,-0.278840384357348,-0.211925053083029
2016-04-19,0.30149056488078,1.28980552420224,3.61114928959072,0.112424958240709,1.16057702128733
2016-04-20,-2.33544544195716,-0.936909572087963,0.190047829646289,-0.275316999847686,-0.0630320467651657
2016-04-21,-0.664591077922516,1.80104246338146,2.66766835202077,0.807863517363927,0.366452608034784
2016-04-22,0.214812679755472,-0.720414150607596,1.19573981573318,-0.327423334477484,-0.689691797663539
2016-04-25,-0.425675940903059,-0.760323389854456,-0.760833093615076,-0.046649661891518,-1.37485451035113
2016-04-26,0.61001276896322,0.48150822655515,-0.494474254390553,0.251848092306073,-0.193962379660029
2016-04-27,-0.372738195493927,-0.213566630863404,-0.362489814211564,-0.209663945475214,-0.691238205702316
2016-04-28,-0.273932834038071,0.12365020875027,-3.67829232990786,-0.720561438321621,-0.432978075835244
2016-05-09,-3.92871197117755,-5.92892231853526,-2.73734569028647,-1.66908232270755,-3.42015724625044
2016-05-10,0.0169470581372622,0.425105016504368,2.13032464802225,0.743742527299229,-0.904638460487028
2016-05-11,0.156976766166217,-0.93002873690633,0.0833931776957897,-0.121132604525354,-0.302520133823769
2016-05-12,-0.0416012979963298,-0.699664481776452,0.405293501288106,-0.131898472473946,0.457080233415574
2016-05-13,-0.309025368783455,-0.989897006452622,-1.41648024291623,-0.532390824696094,-0.382461280397894
2016-05-16,0.836571468753,0.831552917514067,0.329637104909963,0.046761036710663,0.042040077607286
2016-05-17,-0.25217151182817,1.17418276610852,1.12564293932866,0.0076220093177426,1.63311992423987
2016-05-18,-1.28010185176262,-1.46398139936164,-0.0487123813858403,-0.577357334938888,-0.143930995553898
2016-05-19,-0.0213735346584087,-0.668411025441884,0.0118349060779011,-0.509798696536912,-1.34127530517176
2016-05-20,0.659402750417026,0.798405516840539,0.53734049628904,0.0457060696885669,0.861571519514648
2016-05-23,0.641017659415688,-0.21769378836094,-0.489654612028367,0.388427614725995,0.112462155323811
2016-05-24,-0.775953001246155,0.107973227077629,-0.940122797810083,-0.902668134364948,-0.605385778314549
2016-05-25,-0.233467558980927,2.67498700298496,1.55517414266733,1.17132623209137,0.595627194819404
2016-05-26,0.260752640411877,0.142572750468872,0.090128760185948,-0.1761296360689,0.24007361750904
2016-05-27,-0.0492602991449154,0.876954544668251,0.371229296247222,0.616878705666135,1.0473891532377
2016-05-31,3.33162554993516,1.15154348480235,2.3490490980425,0.720040959706747,-0.409399220625328
2016-06-01,-0.106687168038633,-0.260294109332548,-1.63352097420653,-0.0342904403630051,-0.0186326501900425
2016-06-02,0.401457017805562,0.472079338624454,-2.34617071869216,0.120468885463598,0.16291809541249
2016-06-03,0.458739086615623,0.421083871047934,0.479931822719948,0.0367670209004523,0.504611799620669
2016-06-07,-0.0898766299571641,1.80251207403064,0.199413710729601,1.29033402762602,1.37381697313899
2016-06-08,-0.302906494394684,-0.142447894078757,0.928009305433086,0.765099517779166,0.500485243023174
2016-06-13,-3.26717403613266,-3.75491932413112,-4.94309166859495,-2.39743493805156,-2.72511865795018
2016-06-14,0.321395243580369,-0.613490456821353,-1.00495917962231,-0.35585154569624,-0.615800972224623
2016-06-15,1.57157561355614,0.391579999096692,0.38126356422179,-0.16240113596071,0.213619009603239
2016-06-16,-0.499651214918728,-2.11878086338224,-3.0967859281942,-0.859009265990629,-0.821241683113438
2016-06-17,0.426543564983906,0.654392960091066,1.06671802694454,0.0722079004281007,0.430101950793826
2016-06-20,0.12850912156841,1.67269629835669,2.31684979495537,1.40908973174909,1.34610401298456
2016-06-21,-0.355448351392074,0.768557576987661,1.26850147806135,0.0797210813649585,-0.408563942158757
2016-06-22,0.933253202082351,0.611044464873167,-0.641482238565239,0.497072927845821,-0.119090763378349
2016-06-23,-0.468822818477488,0.351483411988873,1.06879190958811,-0.295027718903285,0.276703677277546
2016-06-24,-1.31113472767526,-2.96276217746954,-8.2529320820516,-3.14293689587046,-2.11465512364235
2016-06-27,1.44037523318454,-0.157237901973417,2.3608200310921,0.0835909905401166,-0.202735905377871
2016-06-28,0.580554154067947,-0.271486928057207,0.0909496069366966,0.485107356339753,0.972597972257816
2016-06-29,0.651251841918388,1.29856156008668,1.5778264310697,1.03479849955264,1.30469696881574
2016-06-30,-0.0675629589612647,1.73783535498639,0.0583763492828737,0.712558818653797,1.71118513138317
2016-07-05,2.58707150666071,-0.210133212188168,0.597916664370857,0.984806706703534,0.832169692957496
2016-07-07,0.347321724358274,-0.211300094730049,-2.54066184346424,-0.795679197186239,-0.0873081894660288
2016-07-08,-0.957885337886921,-0.691770288936233,-1.11417914878196,-0.557761060728623,-0.530022031760424
2016-07-11,0.22831327264683,1.52654680546451,3.90654493813862,1.28758446965147,1.01692593202092
2016-07-12,1.80207712415292,1.63517733289655,2.43267110955987,0.135183712106812,0.888900895498246
2016-07-13,0.37020894743911,0.458927392964092,0.840043693822778,0.716579910629811,0.303829758868801
2016-07-14,-0.218162517780307,1.11321536063382,0.947111256303046,0.160425710486134,-0.128232251992433
2016-07-15,0.00916782356519263,0.454370498174228,0.680947073668747,0.421756051737177,0.632003022679495
2016-07-19,-0.581196533317296,0.0643859300913263,1.35734851848941,-0.0183433933313104,-0.198806202122359
2016-07-20,-0.286915853516412,0.960984241620544,-0.24798547068503,-0.0709263858517772,0.893398926054978
2016-07-21,0.366249455456114,0.537840918586774,0.766333491873361,-0.160886698987195,-0.178722555395883
2016-07-22,-0.865528724355968,-0.16476836536512,-1.09441190524571,-0.0934728201385404,0.165482221244861
2016-07-25,0.0998565267551044,0.132718489119377,-0.0418677598503336,0.0984423321831684,-0.527642836359021
2016-07-26,1.13222442616117,0.617772628080715,-1.43775847414549,0.743630365692471,0.12245686120318
2016-07-27,-1.92552666587193,0.40253752770365,1.70532572308453,-0.113019736193198,0.274045989927973
2016-07-28,0.0775100601421386,-0.20115641271321,-1.1344152098669,-0.195247395911391,-0.780535386196224
2016-07-29,-0.501536123594981,-1.28432692738869,0.559401642337676,-0.243232585259712,-1.72554222532746
2016-08-01,-0.874813635398031,1.08027968016291,0.40054214003149,0.663406457003468,0.827261492035447
2016-08-03,0.845272529405872,-1.77818895406237,-3.37855433361742,-1.73048747266469,-2.27068723422521
2016-08-04,0.133201605363809,0.427391585212078,1.06241335742912,0.26233988040687,0.154782928452057
2016-08-05,-0.192310010553332,1.42736388619227,-0.00270691438224446,0.891500863362893,-0.133919205616362
2016-08-08,0.922263424690239,1.56214359916866,2.40777326341295,0.65101759667483,1.49539104685585
2016-08-10,0.480489980595777,-0.0103585042857901,0.506505516340994,0.663436983043297,0.166714561745618
2016-08-12,1.05184002073333,1.21293578362742,1.09821207963936,0.284730028678482,-0.284521963776019
2016-08-16,1.92743492186871,0.63019950128762,-1.92991937396005,-0.132252235477104,-0.30037394663438
2016-08-17,-0.0157566656648456,-0.48592742139153,0.89454935851645,-0.19601571468435,-0.541902188067489
2016-08-18,-0.175098135073171,0.974977901921825,-1.56257834139488,0.571817659680729,-0.224282838153478
2016-08-19,0.128456718258541,-0.373974715443914,0.36213594804515,0.0374540037601179,0.247843816359516
2016-08-22,-0.752478158588232,0.264242357923017,0.316015132646719,-0.687100107056082,-0.0995565769336793
2016-08-23,0.159040993858639,0.00443508728054098,-0.609328516787677,0.379757499857902,0.324688159698727
2016-08-24,-0.124036747615719,-0.777616871467757,0.60396634258737,-0.301439760803657,0.669233266983138
2016-08-25,-0.570342824628156,-0.0255501556861049,-0.249447770227107,-0.0411091649862527,0.256156061061219
2016-08-26,0.0645094049712469,0.413739485920495,-1.18628250628525,-0.26565908350733,-0.672414462574977
2016-08-29,-0.00912001616182323,-0.385735456487879,2.27683847904014,-0.253080715446785,-0.992433080624
2016-08-30,0.151349726435868,0.849834239116554,-0.0724983110004018,0.362958977475358,-0.0367632767289905
2016-08-31,0.350964700523626,-0.170591255379193,0.964165128286787,-0.249853482260409,-0.276156224913038
2016-09-01,-0.721771156046103,0.803919090239447,0.233274607887424,-0.0949016265966662,-0.146175514669356
2016-09-02,0.132123040433108,0.44954698935431,-0.00685325642191259,0.274623548007558,-0.446588968319706
2016-09-06,0.758684132676279,2.21446458291652,0.919211145634158,1.37498390193862,3.2501935523702
2016-09-07,0.0394653421786018,-0.193017068943746,-0.407926554733251,-0.225268418902314,-0.10016925986962
2016-09-08,0.129931432592478,0.744970782484522,-0.315973700396022,0.0896837133901762,0.0286793836934862
2016-09-09,-0.553865508656948,0.751205555783052,0.0412091197661724,-1.2609880370424,-0.733383894279438
2016-09-13,-1.81377424888698,-3.73680338960938,-1.40510639428211,-1.90780153894927,-1.93093841191079
2016-09-20,-0.0168692353508249,1.34813927673854,-1.4261621281495,1.30931270415573,1.28010039816022
2016-09-21,0.0948937641364722,0.589144760224869,1.89478448831224,0.506193069428207,-0.138464607613997
2016-09-23,0.265026715541161,0.070022246960022,-0.319412552967435,0.884100368500906,0.217601252008404
2016-09-26,-1.77813351843374,-1.56822575502495,-1.2580882592939,-0.339414835814988,-0.245668079307926
2016-09-27,0.593451713265392,1.08331609660279,0.838863380661614,0.764493629538077,0.360409975132914
2016-09-28,-0.344469045252893,0.202366806326992,-1.31847711992474,-0.474261557373534,-0.0776462726830296
2016-09-29,0.354808151262986,0.506007103421702,1.37707922768229,0.759869539415003,0.964539175035828
2016-09-30,0.207223579029936,-1.88080282490759,-1.47162510466252,-1.2202420184245,-0.564362647366234
2016-10-11,1.99514027375454,1.07744025954215,3.43530042996036,-0.574155803930498,-0.465978207986684
2016-10-12,-0.220453242987695,-0.606817905048906,-1.09117462057338,0.0885465148392939,-1.49636644149833
2016-10-13,0.0931395444668581,-1.61830986879945,-0.391263249691853,-0.903401160840467,-0.292924990427323
2016-10-14,0.0803244366601064,0.873286444308441,0.488425058443553,0.357594298988673,0.347286817683834
2016-10-17,-0.741692971542385,-0.846196549975708,0.259209559383855,0.244428270929475,0.0649822209500606
2016-10-18,1.39462346418835,1.5371190736877,0.374973899165632,0.630281041482483,0.480196400534716
2016-10-19,0.0272347049635968,-0.382960748435579,0.207876286634168,0.0249916083400414,0.493018927364552
2016-10-20,-0.00842899705162381,0.29747638496449,1.38219859284643,-0.0166603782290942,-0.0703328884466004
2016-10-24,1.40971412456956,0.977817204912412,-0.00626633308318247,0.349286373396396,0.493394926495228
2016-10-25,0.117887809390638,-0.165235014069687,0.756253591636202,-0.517515616778841,-0.0921073202877487
2016-10-26,-0.500301127570779,-1.02230465856454,0.153004783699373,-1.1493414696738,-0.89677545778386
2016-10-27,-0.127154172279376,-0.831211098231321,-0.319163972194048,0.506686307676762,0.0130799592232833
2016-10-28,-0.259948478431404,-0.770457013347148,0.632440584137406,-0.232469673437219,-0.44923196076363
2016-10-31,-0.12184195577678,-0.0883429437038785,-0.122679240184276,-0.557652260380692,-0.084900353759565
2016-11-01,0.705458394432945,0.922413548130585,0.0996919269589114,-0.0398448050136224,-0.00639708861607247
2016-11-02,-0.633237834873235,-1.46472503808912,-1.77995437656584,-1.42740229987366,-0.233061770765008
2016-11-04,0.7254308833895,-0.738698524542691,-1.34737485182281,0.155517885601952,-0.655477566411466
2016-11-07,0.25596588316521,0.698796656299017,1.5952773822919,0.781992124464814,0.434724956744237
2016-11-08,0.46360503463081,0.472842461114098,-0.0339460807909475,0.289930619795697,0.686334236059594
2016-11-09,-0.622028499101646,-2.18115081570609,-5.50563709066285,-2.27181532514233,-1.08234035560608
2016-11-10,1.36231897459389,1.87355632654143,6.50831673149987,2.2328735426143,1.57223138422333
2016-11-11,0.777725159153775,-1.35782840918015,0.174946421568478,-0.9114617041309,-0.690074241749983
2016-11-14,0.447365182669301,-1.38034439999295,1.69962442038187,-0.506716452132405,-0.975753340909247
2016-11-15,-0.105339276978356,0.456561217068163,-0.0252965627169033,-0.34856057593915,0.368141197396632
2016-11-16,-0.0601991580939654,-0.194509845553625,1.09237243712048,0.614111243488846,-0.127335241490645
2016-11-17,0.105714353472841,-0.0792485394526921,0.00235130514241177,0.0454522506688981,0.695146955201764
2016-11-18,-0.487088762251098,0.364650956252,0.584874025764925,-0.301886640084792,0.89064357624915
2016-11-21,0.788959342838069,0.0607131826427576,0.768491835503937,-0.43292637587431,-0.777325091258163
2016-11-22,0.934051482774656,1.42240193154546,0.313877468396484,0.882138232690988,0.1961386509298
2016-11-25,0.417493529153568,0.199905267983702,1.19462368780994,-0.455289283231064,1.30706090114687
2016-11-28,0.460625931056491,0.470299646184991,-0.132451035488224,0.185701074721312,0.534359605507717
2016-11-29,0.180490054973603,-0.410379520293347,-0.271929554296335,0.013142862938853,0.156071073549846
2016-11-30,-1.00690431981398,0.231511888540226,0.00786551713982675,0.256949511239757,0.900026994155034
2016-12-01,0.713747829501088,0.387405231829874,1.11153294231841,0.0136115123356539,0.802575552891582
2016-12-02,-0.904389215138757,-1.37937470876004,-0.471261754924335,-0.664585336855072,-0.314982433661992
2016-12-05,-1.2136210552498,-0.263011083186626,-0.823359392833467,-0.368584824383067,0.807861899613282
2016-12-06,-0.158017383560072,0.750766573449368,0.46703380844626,1.34069932567051,0.206036219162353
2016-12-07,0.703534105261561,0.553127482919891,0.738800063292899,0.101965225133771,0.362839205577181
2016-12-08,-0.213433327211732,0.266825904276757,1.44266817452241,1.94788110305764,-0.033115380369253
2016-12-09,0.543094422155654,-0.442147873863519,1.22294293792979,-0.314614536489266,-0.0923078549193157
2016-12-12,-2.50285150560554,-1.45136857531671,0.831743604011415,0.125865961980942,-0.133371265741733
2016-12-13,0.0656308431439712,0.0609629490723407,0.497272903386481,0.430201341768033,0.102921419785673
2016-12-14,-0.460959871555566,0.0441838160803343,0.0160502263348405,0.0437040408640677,-0.0395986663470183
2016-12-15,-0.730244000786051,-1.78466333199463,0.104756624352831,-0.0108014690102465,-0.791530820674957
2016-12-16,0.169853870398917,-0.175362424604764,0.658620080006678,0.274094349183152,0.241623801446167
2016-12-19,-0.157024640263437,-0.857726079875931,-0.0492360051449481,-0.188696409249012,-0.847048445607967
2016-12-20,-0.488671531338269,-0.475739469700542,0.52939307866513,0.174005577770497,-0.0607788988886249
2016-12-21,1.10732809862473,0.370887490178973,-0.257017395641412,-0.195102883036036,-0.330637957093671
2016-12-22,0.067866926082516,-0.799157224674119,-0.0865400896154611,-0.109483059474336,-0.679839540530036
2016-12-28,-1.19582315123079,0.546382700636272,-0.133661661248929,-0.553665994115082,0.562598147790183
2016-12-29,-0.198117625310168,0.166124553512503,-1.33128244162695,0.0972611439438609,-0.316201699323226
2017-01-04,2.00457879296714,1.56432115565384,2.31826651373606,0.942027054261096,1.10698045965609
2017-01-05,0.209354619332736,1.44524434247444,-0.375663393327663,-0.180546532424142,1.1175430538322
2017-01-06,-0.350964721073055,0.20605126986375,-0.340526132506369,0.350519905116897,0.286981100392225
2017-01-10,0.232742715484413,1.0689668103506,-0.788996286928878,-0.195396521584446,1.45395573135865
2017-01-11,-0.791313695689766,0.834064230734377,0.327056724155561,1.45866105578341,-0.16913717457907
2017-01-12,-0.558182023548426,-0.464685480578986,-1.19468310901265,0.575162974335086,-0.26493440522426
2017-01-13,-0.209561938359748,0.473536054771095,0.794237059502123,-0.497127536507769,1.06580028403727
2017-01-17,-0.128264286984603,-0.42120409554478,-2.48695194320749,-0.237185129970996,-0.407431035436545
2017-01-18,0.136295422093546,1.12014367773519,0.428770225069464,-0.0642138294230321,-0.417430204388403
2017-01-19,-0.376872536453554,-0.209325593214338,0.937040492692276,0.108608304005298,0.266292239830435
2017-01-20,0.701752756138418,-0.714259673061868,0.34367856417532,-0.346994355511132,0.0950276681747297
2017-01-23,0.435470207695943,0.055084229808422,-1.29839784289985,0.0183948107789433,0.477093818804519
2017-01-24,0.184096419116742,0.223955661938291,-0.54693703212827,-0.011133297040633,0.542900056633933
2017-01-25,0.222501323497681,0.431575456959443,1.42428889703154,0.0571055257854169,-0.0660978765871789
2017-01-26,0.304974938062763,1.40039756832575,1.793552947729,0.80231147895784,0.388724856336964
2017-02-03,-0.603239628823182,-1.05352456402201,-2.52718326804207,-0.501835418968177,-0.322955716791462
2017-02-06,0.533893584547407,0.942528565903977,0.308801612117193,0.216824712369412,0.490913207054078
2017-02-07,-0.123295002837942,-0.07142274447407,-0.348030796172161,-0.117990704463988,0.480701907118863
2017-02-08,0.439552801271681,0.656007581478235,0.510676935115484,-0.489338679839335,-0.166499174200041
2017-02-09,0.510224471332954,0.170218165777314,-0.527123933905749,0.0387319175204404,0.436998071172923
2017-02-10,0.423833057637779,0.211634359328272,2.46187335313888,0.4443421398447,0.661130014158218
2017-02-13,0.628048353980226,0.575225183126982,0.413100308155023,0.171893737871098,0.361879461633308
2017-02-14,0.0338784450859109,-0.0336187697980606,-1.13789671824236,-0.196474124292489,-1.26649062714961
2017-02-15,-0.153632791938385,1.22380132040174,1.02904548890859,0.446803983954425,0.51972621228451
2017-02-16,0.516251548195967,0.469123404122129,-0.466412141910411,-0.0969825075414654,0.2654738615675
2017-02-17,-0.856388460760549,-0.307261511860979,-0.58529823938489,-0.0605417059539981,0.35330144384087
2017-02-21,1.58784885190251,-0.292141214669428,0.760412675247402,1.06849093876527,-0.434065410704676
2017-02-22,0.242227133349537,0.989635734244843,-0.00810086140461408,0.174841001033865,0.901172209596446
2017-02-23,-0.302183689703917,-0.360537362968039,-0.0434049625241073,0.0484073057024581,0.491073342556447
2017-02-24,0.0630302827559603,-0.620460654032229,-0.454896658188453,-0.643067605508296,-0.656798958803329
2017-02-27,-0.764263395526932,-0.169761424752934,-0.917252421710124,-0.411519276139138,-0.27017275676009
2017-02-28,0.40399474456656,-0.773388870284997,0.0602723890663626,0.293022262923248,-0.387093306665776
2017-03-02,-0.361571280348549,-0.053340300577176,2.30499513141016,0.525000669417075,1.27931872562748
2017-03-03,-0.363504806051118,-0.741742276100332,-0.489984448558367,-1.14317024336543,-0.451843128803908
2017-03-06,0.482318539299875,0.18477597570925,-0.463495895574262,0.125477467780666,-0.0265861609388907
2017-03-07,0.263731801279654,0.358692231730728,-0.180718164819282,0.607846370640974,0.285671064963466
2017-03-08,-0.0536781912849449,0.426435026938599,-0.466965871244973,0.0649248374622324,0.473252600606955
2017-03-09,-0.74085654666014,-1.18735431495693,0.334693764603244,-0.207812384442807,-0.844495794150646
2017-03-10,-0.124115228445199,0.285148576807259,1.46974155435728,0.300352865579168,0.464158192589181
2017-03-13,0.752277268690449,1.10131552304669,0.148528151314586,0.960400649723869,0.439456164604479
2017-03-14,0.0713364811339545,-0.00721815315483099,-0.123588148721865,0.761640518918849,-0.119226472859069
2017-03-15,0.074987389894865,-0.147414601839202,-0.163932454909599,-0.0365615292416521,-0.190102320805074
2017-03-16,0.834938114115857,2.06088140993312,0.0651560295439779,0.797561126043433,0.828133824436073
2017-03-17,-0.967979044590983,0.0890979376904966,-0.350534584852369,0.672129650420494,0.185065346760638
2017-03-21,0.74349556071418,1.1581820174861,-0.337169458413022,0.635513403110188,-0.341659163410313
2017-03-22,-0.503779402995796,-1.11508135167853,-2.1534832273236,-0.463803089691961,-1.28666882531192
2017-03-23,0.10255984711165,0.02997033206249,0.230442345980464,0.203638846512266,0.279898727518635
2017-03-24,0.641303210476885,0.125580342827725,0.924282888711581,-0.173665937186485,0.509424802169178
2017-03-27,-0.0761886148650248,-0.677915356515513,-1.44814877081973,-0.614623831382044,-0.511023827403534
2017-03-28,-0.429761194958189,0.626995659471596,1.13794766624409,0.354251499790426,0.984621380930406
2017-03-29,-0.358470786960297,0.189503424930493,0.0760534493007725,0.169503699692353,0.843535595151934
2017-03-30,-0.963186837398666,-0.373605422868017,-0.805945737636549,-0.108042728938695,-0.356412412252816
2017-03-31,0.381485830495087,-0.782856754943317,-0.810907497548996,-0.20393683641089,0.0589129475875083
2017-04-05,1.47211648131353,1.19232808887748,-0.254113595038774,0.0286965297682684,0.04534247817638
2017-04-06,0.326653015867784,-0.522163500497719,-1.41071095107552,-0.375556821235001,-0.0302260342911254
2017-04-07,0.171142708370553,-0.0264518546888581,0.362678526205151,-0.047392484996589,0.052889565932901
2017-04-10,-0.525625789757456,-0.02110057647009,0.711380854833266,-0.859271806618622,0.131473019793305
2017-04-11,0.59710226867562,-0.71858716876303,-0.266395155644794,-0.444897226103258,-0.210817862290824
2017-04-12,-0.461389250269839,0.929886399547541,-1.04696659988122,0.237963223306803,0.35404611278782
2017-04-13,0.0650402554917662,-0.213442507161865,-0.680218256055731,0.92110097828817,-0.527753870382242
2017-04-18,-2.44887999814338,-1.3992616162664,-0.0447816738079254,-0.00698150135143294,-1.00527581304437
2017-04-19,-0.817292610402909,-0.413232555416521,0.0738654483054546,-0.469342057681565,-0.359525405543337
2017-04-20,0.0444599308263349,0.96527982840442,-0.00927767344816033,0.501452928883417,0.370361333667191
2017-04-21,0.0330956230119028,-0.0622050374534666,1.02701918927615,0.736642190294923,0.0621245665287873
2017-04-24,-1.3841951824439,0.404554166733995,1.36083662575128,0.401034929639277,0.133675817902379
2017-04-25,0.160917006036243,1.30244567732465,1.07206335347509,1.057532982054,0.630950926069751
2017-04-26,0.200146033138537,0.499609783053145,1.09517273923441,0.499014586981872,0.310207911171112
2017-04-27,0.360398544243345,0.487247424844206,-0.194907861907012,0.0733479760319788,-0.075648691102792
2017-04-28,0.0783275367666647,-0.338040875008616,-0.286772592204088,-0.182110630410826,0.128568745257951
2017-05-02,-0.34770936074846,0.328525666763113,1.28854929803879,0.643150070891529,1.1170466341218
2017-05-08,-2.09254347086372,-0.479847915204346,2.2877662048483,3.23977958356991,0.802412460327773
2017-05-11,-0.557320448240439,2.20371846425831,0.330429519921793,0.157328327793227,1.04885804858608
2017-05-12,0.716356657622086,0.122469556527882,-0.389756412832298,-0.451730105913128,-0.484801145656277
2017-05-15,0.217696328447126,0.852009184293934,-0.070685158431516,0.202330584442922,0.273640787361806
2017-05-16,0.732852023888242,-0.14061030333643,0.251170850476434,0.204100394010531,-1.12448658051356
2017-05-17,-0.274069718310166,-0.167135568598198,-0.528204536515631,-0.0980731966125248,-0.111906592932343
2017-05-18,-0.46169475256761,-0.623081661628078,-1.32604612084695,-0.273368584398526,-0.07570868653346
2017-05-19,0.0158556296716128,0.152450597876452,0.188531711023465,0.0725635509295053,-0.14723746094063
2017-05-22,-0.484893860097202,0.856189626941628,0.445746292300697,0.67719218577551,-0.104191136384912
2017-05-23,-0.44740471168474,0.0465011075524657,-0.330860160784674,0.334072415678399,0.28339458330624
2017-05-24,0.0695393292502899,0.0997410160856305,0.659109730148977,0.24194884218165,0.264954996469768
2017-05-25,1.41773722566683,0.792338075506827,0.35468641148988,1.09823066914876,0.0968199518531776
2017-05-26,0.0717285154808067,0.0331187509182485,-0.639445702481289,0.526582503788653,-0.463294490238475
2017-05-31,0.2286728342769,0.0833529613219142,-0.184404668624794,-0.336829530734484,-0.267486287531149
2017-06-01,-0.468183111858878,0.57731023076979,1.06028236617579,-0.118073581649281,0.779928194732982
2017-06-02,0.0940697474074881,0.443931684908527,1.58480497332469,1.1496353556554,0.125077803881268
2017-06-05,-0.447944981896775,-0.235812003523961,-0.0320213346116205,-0.130792324682272,-0.0524827436441555
2017-06-07,1.56165420668,0.428920843201119,-0.927402785521636,-0.358656776414179,-0.241776026754792
2017-06-08,0.318250369952544,0.341678846364779,-0.377802758906931,0.145224859393611,0.202859271056255
2017-06-09,0.255836100186713,-0.125812620315635,0.521010373383923,0.763713182074088,0.528097554068019
2017-06-12,-0.588098762764311,-1.24570764918523,-0.524425927819117,-1.0051650598573,-0.179930014264329
2017-06-13,0.440446751034251,0.558805212211766,-0.0493878901187017,0.711244459058058,0.282207305184379
2017-06-14,-0.734201098671505,0.0920198023484531,-0.076566775822684,-0.0867854473997731,-0.125634524546392
2017-06-15,0.0581176291593266,-1.20745057129827,-0.260352947770137,-0.464273195800935,-0.658083762442452
2017-06-16,-0.297970378688639,0.238905423325697,0.560352319071455,0.00762149940660706,-0.020112848619469
2017-06-19,0.676504046334081,1.15638140925647,0.622280725840341,0.383288761622413,0.485906905148248
2017-06-20,-0.138756749259095,-0.314907714881407,0.807286900418624,-0.0704622054287896,-0.517476763005753
2017-06-21,0.514595606543367,-0.57612443352788,-0.453911186290412,-0.495054705346032,-0.89083778525918
2017-06-22,-0.277933950722264,-0.0780624815892139,-0.140524206153714,0.543160031617607,0.429463426468502
2017-06-23,0.330514850496932,-0.0174507222041598,0.110130472988246,0.346601820567738,-0.189260167745786
2017-06-27,1.04992719174142,0.659834923728297,0.458004416282343,0.559685354887307,0.312957169414219
2017-06-28,-0.56564791633491,-0.607452954779575,-0.469230581803437,-0.393339300012308,-0.119032278635522
2017-06-29,0.467203888231715,1.09168904168602,0.445544322269775,0.548322715228444,1.32679357983179
2017-06-30,0.13698009661649,-0.776497232294204,-0.928467212492023,-0.161672741979668,-0.992123947450629
2017-07-03,0.108948501307893,0.0760057263970992,0.111601057549748,0.112404869897897,-0.0936442888054501
2017-07-05,0.350458890895666,-1.02210878728908,0.128707809970763,-0.256333733648528,0.780267765070342
2017-07-06,0.165431678788863,-0.222605024652012,-0.437023738704134,-0.022612307891734,-0.690962664403472
2017-07-07,0.171684540802453,-0.489588147343056,-0.32547560678271,-0.333076353300488,0.082722087950593
2017-07-10,-0.165770208349869,0.626308696811329,0.759262504056046,0.0936587237219122,0.535569958972459
2017-07-11,-0.298955748737484,1.46984702636495,0.568571857889566,0.581822867316717,-0.852266900526288
2017-07-12,-0.17185946753937,0.639431715116245,-0.481960219039479,-0.176700263404861,-0.307730367570791
2017-07-13,0.642800349148409,1.15493208616417,0.0071147482044509,0.738142923184526,0.830470063171873
2017-07-14,0.132286241960777,0.163305899148014,0.0947321302501081,0.213095940609076,1.58700882556726
2017-07-18,-1.08737590492431,0.512945010980204,-0.592991004267063,0.471423217500799,0.565709303163331
2017-07-19,1.35266257614344,0.553490231016163,0.104695646353825,0.160626725749768,0.572752898463591
2017-07-20,0.428670913881568,0.254810025541552,0.616103598401807,0.488528778686348,-0.965224622286165
2017-07-21,-0.212252734386098,-0.12767957608002,-0.222838881468768,0.336066057622464,0.635364807197725
2017-07-24,0.388991610282474,0.525612138483922,-0.619234415950487,0.0599805387260233,-0.10022763378057
2017-07-25,-0.212802403577683,0.0194417463323049,-0.102527201601887,-0.475526458124254,0.513058789437437
2017-07-26,0.122932462715575,0.330786404737715,0.474737276940296,-0.221155060688538,0.266784862378344
2017-07-27,0.0646406464410276,0.703321925123035,0.146923260534848,0.357952306758058,0.537703998837991
2017-07-28,0.106412107805021,-0.561001024830787,-0.598411155683642,-1.74438750202333,-0.716782467745603
2017-07-31,0.606473855910039,1.26918297071459,-0.173799630661264,0.0716114692218106,-0.0369354399742505
2017-08-01,0.597351323222384,0.788277386346969,0.303726251673275,0.839266624615487,0.260359010373712
2017-08-02,-0.230475800214514,0.243528353039046,0.470476582417056,0.192553954999841,0.317033314741977
2017-08-03,-0.369930842625088,-0.277012255294196,-0.253208244128267,-1.6940967790803,-0.175739615923476
2017-08-04,-0.332057945422015,0.114967806615773,-0.384827591596348,0.359659965726156,-0.491796404336675
2017-08-07,0.531374596653755,0.462165438379536,0.517694770178245,0.137666368577882,-0.176014271002423
2017-08-08,0.0734607193473735,0.592491426800912,-0.299012254673414,-0.167727869624734,-0.0780267409197677
2017-08-10,-0.614952072577601,-1.48616876211456,-1.34056116051955,-1.48334720982204,0.155390827073276
2017-08-14,-0.750567831632409,-0.708560338803821,-0.981191995650832,-1.07592293398158,-0.438787000005725
2017-08-16,0.28039087991143,0.581201907556839,0.978860462835129,0.599684016829638,-0.902909146358866
2017-08-17,0.674765564286339,-0.236880853457855,-0.13516973465233,0.569436753235664,-0.307583060009975
2017-08-18,0.00887236793385426,-1.09080043657919,-1.18562521709453,-0.139829346263465,-0.518030194467656
2017-08-21,0.554944274831115,0.395223959976576,-0.397699755906267,-0.142997497512631,-0.153870330005823
2017-08-22,0.100955743134001,0.90545532262567,-0.0479150391468508,0.437681962514969,0.516068344674636
2017-08-24,-0.570581912356083,0.425817923626504,-0.1552496710028,0.443351207208309,0.256122050367402
2017-08-25,1.81770042794476,1.19047562899794,0.509401875327598,0.112318204620721,-0.385503246213581
2017-08-28,0.930069729415273,0.0543155863722333,-0.0139322630049676,-0.345771179716081,0.246660632874196
2017-08-29,0.0766957831135784,-0.353345697260998,-0.450114061224305,-0.234845008928541,-0.560999237139548
2017-08-30,-0.0475563477365881,1.18011481350582,0.740900590541571,0.318765403345544,0.488749322778226
2017-08-31,-0.083873160153658,-0.443451006027473,0.713617744904482,-0.384333212324517,0.36683154064594
2017-09-05,0.697098357032999,-0.821915304542742,-1.33446162701336,-1.55958306371549,-0.796509391380695
2017-09-06,0.0316113986833955,-0.460988067592005,-0.143713415632618,-0.292697413707366,-0.579606263774401
2017-09-07,-0.589257343916927,-0.329508712501259,0.198944755638664,1.13031394078078,-0.136521328279571
2017-09-08,-0.0077257478414694,0.527438563960203,-0.62940876508204,-0.10533252145013,0.0154879798099472
2017-09-11,0.331669358845055,1.03072270714772,1.39593138495471,0.653230187071507,-0.00154869004056479
2017-09-12,0.0908833957620203,0.0611865014706225,1.17415371825942,0.270502117508631,0.222146683355184
2017-09-13,0.137795646644534,-0.279810988071461,0.450023512885167,-0.223884638500405,-0.164861119453441
2017-09-14,-0.376578029775843,-0.419893962297202,-0.294304234833298,0.737892343906044,-0.291723903315066
2017-09-15,-0.529662727776703,0.109346470600968,0.513938005518177,0.353085029471423,-0.354249100345783
2017-09-19,0.0959695832218443,0.872989306930805,1.93933389571779,1.24863141734259,0.509362441719219
2017-09-20,0.272504050918876,0.271951303979101,0.0545680567810791,-0.159478105565558,-0.24456795378498
2017-09-21,-0.243612001243854,-0.0621286680830835,0.182104701962338,-0.236578440597857,-0.132154020623609
2017-09-25,-0.485420455932051,-2.19387562115223,0.245919506555659,-1.09048689724673,0.0650105081740904
2017-09-26,0.0607318051375927,0.0460615476933768,-0.330929297142291,-0.255746008761992,-0.120411654340558
2017-09-27,0.0505318563268631,0.469292738936034,-0.311055879215694,-0.0737324892416957,0.747810233772306
2017-09-28,-0.168439106318807,-0.802088709877502,0.472851590949475,0.0240216954993322,-0.278805556811434
2017-09-29,0.278086110750664,0.482757927455957,-0.0335466718144772,0.894793924689541,-0.224288722156629
2017-10-10,1.01160559821327,3.34236778400516,2.26931730835656,1.62960187027616,2.12149560471087
2017-10-11,0.156248416507765,-0.35604569226475,0.276994804580255,0.995517188418482,-0.263958029599465
2017-10-12,-0.0643601355475809,0.244368496552561,0.351133440210738,0.67303190244612,0.692960938758169
2017-10-13,0.130448531178828,0.0611218405602187,0.952087344099084,-0.0460756861909495,0.483828070760595
2017-10-16,-0.356035766900575,0.756949264895113,0.473371544299184,0.259605650406769,0.118937048152645
2017-10-17,-0.190504182488027,0.0163442283021453,0.378290295523342,0.174038501594076,0.179492508454437
2017-10-19,-0.0554714269638268,-1.89394470682629,0.525423416371851,-0.456285600503392,0.176472222918456
2017-10-20,0.251303323035224,1.15860522933673,0.0425113789598086,0.664170417956633,0.174365348477679
2017-10-23,0.0606567218106591,-0.638671080136355,1.10771116345614,0.0204836141843856,0.271129658075786
2017-10-24,0.223077526971238,-0.534566374287238,0.498922689257775,0.0176687668864695,-0.452691861530852
2017-10-25,0.254968709197811,0.524002640071508,-0.44837466606289,0.0806744588697228,0.275808546417977
2017-10-26,0.313617629161023,-0.355754803067931,0.14804110659572,-0.477366267963131,0.369246986393357
2017-10-27,0.270793995831475,0.834979656590917,1.22827084767323,0.642926233061836,0.895494283347631
2017-10-30,-0.777715590748684,-0.361638184258872,0.0146296739114149,0.21206115305894,-0.30965316702094
2017-10-31,0.0884475740475565,-0.320421724675768,-0.000272583051419417,0.855665312696718,-0.0559995866517227
2017-11-01,0.0757079242259096,1.226343492457,1.83869444483111,1.30083135130006,0.518204033248004
2017-11-02,-0.3717246086957,-0.264109537249269,0.529548026555737,-0.396251226417998,-0.328110735567222
2017-11-06,0.143543238242927,0.273691487938876,0.0409426394027079,0.119707143933656,0.0399269490024778
2017-11-07,0.746871185051567,1.38058150700893,1.71155929384383,-0.155843677576417,0.919807219302449
2017-11-08,0.0553519328002849,-0.299610219920154,-0.103726349727573,0.273056993726151,0.238501214110798
2017-11-09,0.360355484388464,0.788954989571522,-0.197062130896342,-0.0717229408931708,0.0777191514556463
2017-11-10,0.142264536869696,-0.0537269984562272,-0.822351354318229,-0.299203917318813,-0.11133824741858
2017-11-13,0.440956399475212,0.210143277265828,-1.33341492985561,-0.496719133764145,-0.0283657665118398
2017-11-14,-0.531889077675274,-0.103061158394624,-0.00437881191288625,-0.146727625152732,-0.587838400857876
2017-11-15,-0.791272367864337,-1.03590673301426,-1.58392514508048,-0.332614100011241,-0.898083547495965
2017-11-16,-0.0961514503408978,0.577394729623038,1.45475334004441,0.654657753436449,-0.816696044603127
2017-11-17,-0.481853321523573,0.619331463063943,0.204165985224058,-0.0315657813770187,1.22196508966539
2017-11-20,0.280134966698498,0.209615818288711,-0.604768320270388,-0.24972057721433,0.124391171562266
2017-11-21,0.532127260722959,1.88825953743983,0.692599433124208,0.119801452341317,1.08048516864141
2017-11-22,0.583545486033543,0.619912265054978,0.47472665142525,0.386890396440975,0.193772494751343
2017-11-24,-2.25943682750636,-0.458228412673733,0.122909009571437,0.15025057695599,0.353018408951122
2017-11-27,-0.946375050310522,-0.604946959707853,-0.243568814690498,-1.44574917213207,-0.168350452859656
2017-11-28,0.343455532944503,-0.0179897802363271,-0.0433504526238693,0.254082175719628,0.174160606104046
2017-11-29,0.125908355362903,-0.192295169859946,0.492243821901361,-0.0513219388677655,-0.0976554062733115
2017-11-30,-0.621184407812869,-1.51863816610049,0.563787508851732,-1.46436864636792,-0.158602469321956
2017-12-01,0.0129619386418867,-0.354016457534456,0.413095707134126,-0.0387739363229223,0.464908988961454
2017-12-04,-0.241427921301529,0.220021486218158,-0.491454370171596,1.05524699946882,-0.321428381518452
2017-12-05,-0.179638050514974,-1.01923785476306,-0.374061148004934,0.337205190436496,-0.0119246189717259
2017-12-06,-0.294347442215148,-2.1659370988834,-1.98821623208172,-1.43447426019145,-1.19528522953569
2017-12-07,-0.667682444851359,0.277349505084956,1.43702303668718,-0.501991391149748,-0.267340826988338
2017-12-08,0.546782546164515,1.1824585503831,1.38186330083627,0.0820141418855336,1.07152584506345
2017-12-11,0.974268881585694,1.12991119334538,0.558036552530616,0.30351619595832,1.04022817155709
2017-12-12,-1.25368709467093,-0.593535202143869,-0.316822264404948,-0.425343622193797,0.146982623895298
2017-12-13,0.67529134100397,1.47624077627153,-0.473871793967717,0.791253837325989,0.0931599606479594
2017-12-14,-0.321432530354038,-0.190859624756179,-0.279940656964506,-0.447270762185781,-0.955609012908276
2017-12-15,-0.802007171407482,-1.09721965327427,-0.624255165570631,0.508528728644286,-0.549856041619101
2017-12-18,0.054483737340405,0.698811725258253,1.53363506034978,-0.00765519395207193,-0.0620630721233084
2017-12-19,0.871973668524184,0.697209725954373,-0.147564674796996,-0.135069500678586,-0.303550895983307
2017-12-21,0.106721654612763,0.386894399981585,-0.00830889861660467,-1.98443464429703,-0.646532383233556
2017-12-22,-0.0909487839175327,0.71575417787102,0.160196289966485,0.439803023726171,0.0939683059110408
2017-12-27,-0.647515361748852,0.0664124317385273,0.0368883119966412,-0.158697321305024,0.175879219886177
2017-12-28,0.627192162139956,0.894872672565405,-0.556865301500054,1.25690865506858,0.218826523792792
2018-01-04,2.67357029721218,2.88061918937945,3.12120891607002,-0.0417515384210532,2.95836514575036
2018-01-05,0.178237912109402,0.25396789533918,0.881819387210214,1.25143152683425,-0.335021148445414
2018-01-09,0.650932040590213,0.63652995582828,0.569585759405733,0.507614289522262,1.00370098824083
2018-01-10,0.232016289624326,0.200724459852886,-0.259413863757629,-0.418365553791666,-0.11923182062894
2018-01-11,0.10252411748084,0.150078548466404,-0.32746236889345,-0.474772628461118,-0.22095434496876
2018-01-12,0.105043865468701,0.934394488199075,-0.239041162717157,0.341470499306062,0.224078896702373
2018-01-16,0.222852515859095,1.5547725279859,1.25192710207127,1.00914338625255,0.838668880183668
2018-01-17,0.234840820240656,0.246242933734919,-0.349100054145879,-0.250537635244008,-0.234062700273441
2018-01-18,0.869442510681218,0.43219548957083,-0.440757511897694,0.0151056201144861,-0.58330501976851
2018-01-19,0.376583364378824,0.413037389416004,0.187885935515197,0.176725151087176,0.821592732964227
2018-01-22,0.386309682309438,0.428534739456587,0.0347301039786529,-0.722769489794128,0.535691238182956
2018-01-23,1.28097372103912,1.64503463256356,1.28419335951424,1.36902257447602,0.632550272849386
2018-01-24,0.365045571624734,0.0849605731170655,-0.763013239102861,0.0551767641003842,0.476580195836007
2018-01-25,-0.314022357775023,-0.927381864296173,-1.13964040200187,0.950160376730036,-1.01980036844438
2018-01-26,0.276369215821859,1.51858520060681,-0.159022911707396,0.487835282895599,-0.15350659058857
2018-01-29,-0.992222659762021,-0.566326801155981,-0.0107487703553844,0.905872286522413,0.277987528213153
2018-01-30,-0.998152634399929,-1.09678414519063,-1.4380494233885,-1.17889141576137,-0.795141864957571
2018-01-31,-0.206060191956503,0.85497697979573,-0.835007716450065,-0.0498617126921452,-0.41650666687314
2018-02-01,-0.977228572443423,-0.748309289467919,1.66505937595751,0.0810126626586083,0.37394729802589
2018-02-02,0.437107914597057,-0.12356717996358,-0.904955295449206,-1.6942137849874,-0.492013907529909
2018-02-05,0.731558263041165,-1.0997072906779,-2.57844442059927,-1.34102313804245,-1.33729845787709
2018-02-06,-3.40795430435694,-5.25194906487148,-4.84079089861726,-1.55471417075477,-2.22237497261464
2018-02-07,-1.83810046639952,-0.893722845134981,0.162429833835454,-2.34037573421615,-0.66596713077125
2018-02-08,-1.43687673389508,0.421460490151304,1.12776233439273,0.460433186900122,0.94505289620983
2018-02-09,-4.13707520199491,-3.14859438614459,-2.34907555858701,-1.83809055983097,-1.13821936188465
2018-02-13,1.74546499945425,1.11922673989895,-0.647193143727343,1.32047575714003,1.11391827421823
2018-02-14,0.444854527096261,2.24040037229631,-0.426946190695965,1.10608930839797,-0.358173611443213
2018-02-22,2.14612456001504,1.4641466162395,2.715306565538,-0.312234673478251,2.48441235831276
2018-02-23,0.624012711740285,0.96891708688851,0.716678726649889,1.53071343393103,1.27492583786069
2018-02-26,1.22535184612609,0.737443510393909,1.18444635817259,0.249736847002247,0.638449807095576
2018-02-27,-1.13266202670825,-0.732678242225937,1.06068121173237,-0.0614596898739883,-0.435724396574422
2018-02-28,-0.997034885387649,-1.36507330030948,-1.44687069728402,-1.17867648999557,-0.636129954403941
2018-03-02,-0.149832541072215,-0.850657200091298,-4.10047021120672,-1.04359144209099,-1.10732087236656
2018-03-05,0.0737161898769045,-2.30558201506987,-0.66100511778675,-1.1345632271345,-1.17350623416126
2018-03-06,0.999310240537454,2.06752322012989,1.76957668509257,1.51889383356494,1.53844082478045
2018-03-07,-0.547757838930529,-1.03384925989367,-0.773559720871475,-0.398485536324689,-1.18775171615493
2018-03-08,0.510360737530213,1.50401905363964,0.541286454978795,1.29311611796217,0.858451152960171
2018-03-09,0.56886735028634,1.1084815985253,0.472159817272733,1.07798032339677,0.147286636895139
2018-03-12,0.588798285848213,1.91127351670595,1.63923063918965,0.998072437174269,1.55488090772735
2018-03-13,-0.496012733184692,0.0225331502518245,0.657974479746315,0.416582740839111,0.381735808757888
2018-03-14,-0.571376459424933,-0.528076566435942,-0.872371740672406,-0.337712671159807,-0.403770952075533
2018-03-15,-0.00820358253932341,0.336921732249884,0.122346235790971,0.253090448165771,-0.614415137086688
2018-03-16,-0.647160690555815,-0.124137371561872,-0.586196028884522,0.0637741054634766,-0.159035691362774
2018-03-19,0.286145072502286,0.0374192289372743,-0.90650175490925,-0.762330115689736,-0.39512606272023
2018-03-20,0.346733702125412,0.114709443631078,-0.466289413230392,0.422937603159212,0.428433537994088
2018-03-22,-0.828796404978149,-1.52948527931311,0.982113850915667,0.421557010468554,-0.626440372687576
2018-03-23,-3.4515851001661,-2.48222513081426,-4.61647221132964,-3.22696631532216,-2.02473080783179
2018-03-26,-0.605746243344107,0.78701567582673,0.71641589657645,0.837280120851158,-0.261346242097638
2018-03-27,1.04534495171507,0.789249543595893,2.61980383979914,0.612788624425686,0.784906121231721
2018-03-28,-1.41075398137254,-2.52688185744745,-1.35076080931551,-1.34543789031003,-1.65846433965537
2018-03-29,1.21730281012127,0.235711420831741,0.60568480456169,0.703511796328993,1.32703925922417
2018-04-03,-0.759075988509039,0.28775527757503,0.62759075727552,0.248421870809512,-0.46256580902071
2018-04-04,-0.176140089638821,-2.2159144733001,0.127945677627217,-1.41720012837485,-2.14616085532189
2018-04-09,0.229049131944414,2.37972931577257,1.66854229149429,1.48473299181768,3.24816541779196
2018-04-10,1.64431596532228,1.63774578123164,0.533947033916782,0.272124576996635,0.474818497917084
2018-04-11,0.555140210387428,0.548369810118032,-0.493177165420633,-0.26639661430865,0.385250413858351
2018-04-12,-0.874111735742567,-0.215231208689559,-0.123744518918478,-0.0617974903693863,-0.320938855316477
2018-04-13,-0.66601605034684,-0.0743028143036284,0.545409604792724,0.504719535724085,0.938039076653396
2018-04-16,-1.54396419198477,-1.61246292484289,0.260419500750686,0.0985229776635066,-0.117453921417088
2018-04-17,-1.41970348658464,-0.837523780697502,0.0552158376343925,-0.151488648998921,0.0288761600716114
2018-04-18,0.798939003347954,0.734091155152505,1.4117013167585,1.06248782633198,1.68994472538646
2018-04-19,0.836884271340566,1.39097599855003,0.148728149432209,0.246472191272584,1.14330076988765
2018-04-20,-1.48138409594853,-0.949214814591137,-0.130497283442566,-0.393759211650391,-0.706907885280472
2018-04-23,-0.114992153789117,-0.540375878601296,-0.335365423874912,-0.0896890033539322,0.172237394597907
2018-04-24,1.96619501197386,1.25419934927216,0.856874532414587,-0.403787315192705,0.140143237018364
2018-04-25,-0.350894403482904,-1.01072978111798,-0.282288992277913,-0.624066996547157,-0.462771550250629
2018-04-26,-1.38674917285684,-1.06229752266138,0.468352327652788,1.0896756178151,0.0563180612333625
2018-04-27,0.233870367069855,0.905620624108749,0.662062440450839,0.674715323625108,0.201196895172906
2018-05-02,-0.0340720481084134,1.45306472465343,0.0218510414047302,0.52861161784783,1.05861406911689
2018-05-08,2.57339580184652,-1.05051640364433,0.159665780726215,-2.25217473374162,-2.01475009911984
2018-05-09,-0.0743594443067153,0.437586183391758,-0.444414799261494,-0.238261255918193,0.151444461952188
2018-05-10,0.481878423160431,0.890309564757175,0.393265914678587,0.822312065820796,-0.309054694613842
2018-05-11,-0.351864691720927,1.01028966597099,1.15478551745447,0.548376786761118,0.916750936358035
2018-05-14,0.339893246753142,1.33739306886032,0.470714527684457,-0.064596616576118,-0.216189624385699
2018-05-15,0.568319901049819,-1.24114115313159,-0.209439379875143,-0.712110250898323,-0.625962067503671
2018-05-16,-0.709249587231575,-0.134367195950169,-0.442690726866246,0.0520498714570827,-0.203017623113944
2018-05-17,-0.483251623583492,-0.541640762506646,0.531834881047644,-0.463300524943921,0.104953325211099
2018-05-18,1.22946040890799,0.341216326012272,0.401978048634355,0.497037139855561,-0.212000311497818
2018-05-21,0.641161902646559,0.598695541524208,0.313545739583709,0.199747540136741,0.535783690741631
2018-05-23,-1.40630255224821,-1.83756411805565,-1.36844141651178,0.256811307973592,-1.47522016675303
2018-05-24,-0.452590353514104,0.308566398766175,-1.12010123637543,-0.238967128170398,0.929518919235939
2018-05-25,-0.424082783627178,-0.561939066382244,0.0613975308787928,-0.21149595547838,-0.445603287689522
2018-05-30,-3.23056395036829,-1.75204906878843,-1.94418854687743,-2.126232347387,-1.99167737900918
2018-05-31,1.76086649668381,1.36067400856348,0.829035008993984,0.578639208570131,-0.458956034931823
2018-06-01,-0.658932376516752,0.079886529294626,-0.137335262678384,0.656114999427881,-0.0195458079968347
2018-06-04,0.520570136380449,1.64278434975476,1.36444888591463,0.360160169293788,1.15940553174596
2018-06-05,0.74193784764045,0.307514499938044,0.282569650787678,0.244822136679801,0.451182239310555
2018-06-07,-0.151356695577753,1.33912317814975,1.25090911335608,0.683139889322959,-0.289811940221796
2018-06-08,-1.37131498982157,-1.77501873399954,-0.565758699236518,-0.772022622977264,-1.06261266595258
2018-06-11,-0.469614077590563,0.340170438878573,0.481510886471703,0.754616288241916,0.154694813971368
2018-06-12,0.881200892448852,0.126627172654104,0.325333528051353,-0.0534523335356418,-0.320122268961853
2018-06-14,-1.163965877622,-2.15430888931554,-0.612668784197723,-1.85398304636486,-2.17941213185107
2018-06-19,-4.58213414922852,-3.24530986597686,-2.04431705739356,-3.50065869301535,-1.66358100822386
2018-06-20,0.271655772319068,0.770806218910813,1.23546450769823,1.01190909413891,0.439760427622815
2018-06-21,-1.37858435681277,-1.35653866157899,0.608243435640787,-1.10938790663075,-0.480661153044792
2018-06-22,0.483907999448352,0.145476897307084,-0.779523994622089,0.825980990159092,-0.382548968214635
2018-06-25,-1.05826247235408,-1.29439000181559,-0.796705048693624,0.0279951646543708,-0.811214789089654
2018-06-26,-0.520000821095312,-0.276577429927904,0.0172336037794096,-0.295616932916332,0.612380022815451
2018-06-27,-1.10753046739429,-1.83499722179601,-0.314835791778556,-0.378866624784546,-0.798701848585992
2018-06-28,-0.938564910419526,0.496223067929513,-0.00619637664840411,-1.19367347564481,0.0859906016128065
2018-06-29,2.14834541439313,1.59366519036741,0.153090670596434,0.51246025729883,0.341083368917872
2018-07-03,-2.14870423666671,-1.42449419812927,-2.35424532101991,-2.32109905083471,-1.00852559768132
2018-07-05,-1.92044331530843,-1.28150878920934,-1.10103153398953,-0.671479750817916,0.641038696677221
2018-07-06,0.487128570635331,0.472692605172398,1.11296534358782,0.676319564002004,-2.01261963168644
2018-07-09,2.44082058936286,1.30827497537034,1.2045678162929,0.567272238336791,1.15254583896149
2018-07-10,0.44340312211304,-0.0217881063948155,0.654072575554565,0.365069096011883,1.41492139332779
2018-07-11,-1.7786920897815,-1.30036709745998,-1.19958564284932,-0.591942761678155,-0.789407999824654
2018-07-12,2.13313213549329,0.595643581506877,1.15934668689714,0.19449463824186,0.120884222721429
2018-07-13,-0.228618300124239,0.156509131736016,1.8282843350887,1.12447768377768,0.225383000697477
2018-07-16,-0.607241264950087,0.0498378178408032,0,-0.386309280329122,-0.848901009531922
2018-07-17,-0.566983630987661,-1.2622577430319,0.441597539859195,-0.176960030178641,0.211667103622659
2018-07-18,-0.389230249754746,-0.228280835416861,0.425706076112853,-0.340451459280988,0.0265426365803734
2018-07-19,-0.529516687443277,-0.379702096790346,-0.129546690368088,-0.34205264738425,1.13777063204008
2018-07-20,2.02548602997563,0.759739436156437,-0.293868396645358,0.301871833182155,0.615933121105883
2018-07-23,1.06420448847668,0.112038481566223,-1.33449532236956,-0.872222267603373,-0.125008739582277
2018-07-24,1.59653700753362,1.42820190983297,0.505440371548893,0.47873378885317,-0.0321877337150056
2018-07-25,-0.06575765272121,0.897242674180809,0.459926000320365,-0.314941521798495,1.03271869622574
2018-07-26,-0.740426619952306,-0.48442056226925,-0.121147455411474,0.702750974718569,0.0531896524110564
2018-07-27,-0.300218091928617,0.0803675695879136,0.555767681991881,0.25872332578567,-0.108813611835501
2018-07-30,-0.158115464171615,-0.247317480109999,-0.742022588577385,-0.064509101071053,-0.53768677503232
2018-07-31,0.255854772368558,-0.523832704976712,0.0393804153159039,0.0762731662227623,0.383280988301493
2018-08-01,-1.81975331705164,-0.851213993579591,0.852006084667067,0.513219431130096,0.273733776988472
2018-08-02,-2.02097159128396,-2.23424385585531,-1.0348036836227,-1.6110387828256,-1.28885412447595
2018-08-03,-1.00137717134814,-0.138073293203256,0.0561751489257745,0.767027025724776,-0.628507651166466
2018-08-06,-1.29574311774592,0.516219647625782,-0.0793204949154358,-0.0515939480377092,0.598682614348789
2018-08-07,2.70632230437062,1.53144403783436,0.68815765726189,0.595642161697452,1.65006596468356
2018-08-08,-1.27820635732707,0.389556601474261,-0.0813559965459731,0.0560673344240037,-0.397796148813789
2018-08-10,1.85007930578731,0.0263724982911384,-1.54080301367916,-0.814097999161234,-1.26931668872299
2018-08-13,-0.338280041213146,-1.52765185573749,-1.99596665989308,-1.51572891511167,-1.20795573665173
2018-08-14,-0.176042468095527,-0.659516302484242,2.25574103530022,0.464130612029834,-0.0761381064831923
2018-08-16,-2.76276375796671,-2.38054782989181,-0.736465383654838,-0.804945109099453,-0.958673761007311
2018-08-17,-1.34795199330995,0.417392461066868,0.35238784153897,0.278529988327136,-0.0775535477568923
2018-08-20,1.09923155330209,1.40341645032809,-0.32103016189442,0.0369304976688412,-0.147486443485079
2018-08-21,1.30186106850143,0.559234465982783,0.0933390103904586,0.981871303833959,-0.15051684445524
2018-08-23,-0.337458756246356,0.135642065509956,0.856324502854733,0.550888127530147,1.55047154001586
2018-08-24,0.176382733822589,-0.427642259995231,0.848434384448815,0.46374386238659,-1.14160694812853
2018-08-27,1.86818201287702,2.14297209098273,0.87165245664842,0.265214602458919,0.392009969874074
2018-08-28,-0.105057143473797,0.283807675421599,0.0606404624628354,0.165999664402516,0.677568607044599
2018-08-29,-0.313307522746697,0.228367952580122,0.152206397567411,0.256279749561727,-0.111839086627974
2018-08-30,-1.1458207122125,-0.89215089527972,0.093093013111023,-0.0727843060651878,-0.562629389281
2018-08-31,-0.457259550626699,-0.983013164400326,-0.0190227760052508,0.670811524953052,-0.380171907756299
2018-09-04,0.925163150486252,0.303570341480075,-0.738556604840568,-0.30871408125277,-0.0924659039510445
2018-09-05,-1.69539086100716,-2.64241061776413,-0.512703504596779,-1.03962095247594,-1.70356840798878
2018-09-06,-0.472579285829511,-0.992396928776529,-0.412215072801736,-0.181684033398177,-0.272526846306675
2018-09-07,0.397116517943719,-0.00500479255336472,-0.807594522134991,-0.263941902205111,-0.423427268400722
2018-09-10,-1.22158193110309,-1.34381905083512,0.29556770991146,0.309830803796363,-0.430674764966277
2018-09-11,-0.175843503390016,-0.719778761663292,1.29493094342017,-0.238852571854764,-0.353404328446771
2018-09-12,-0.326636147809989,-0.293779025142271,-0.265433904542611,-0.0122642418662444,0.472849005024401
2018-09-13,1.14063628463752,2.50933667421744,0.954131897995936,0.144884741320261,0.227606301167249
2018-09-14,-0.184046160345019,1.00153873315207,1.19066682158575,1.3908417963223,0.942295382470704
2018-09-18,0.680470665813715,-0.742126009104815,1.40115601464306,-0.400672212168995,-0.70087070081577
2018-09-19,1.1379661726922,1.18444393706749,1.07014666175314,-0.0225233030509919,1.17894115705184
2018-09-20,-0.0589733885947297,0.256171949386541,0.0101800625042614,0.647251450561726,0.121440946181828
2018-09-21,2.46994044160873,1.71716024444795,0.820282543273265,0.674301554206647,1.16441952028232
2018-09-27,-0.204678329399943,-0.854732005219461,-0.307091128950887,0.692713544067658,0.575773909569577
2018-09-28,1.05396905194279,0.262502855488123,1.34944337267928,-0.526126572792585,0.640353565179552
2018-10-10,-3.44388563082347,-5.91281138061674,-2.57856208300034,-5.00839625637237,-3.93161414794658
2018-10-11,-5.36470517413825,-3.60206094764699,-3.97120097046759,-4.5411034601667,-2.72202496854277
2018-10-12,0.903602616269694,2.09579797114934,0.458425482507607,1.49972984655413,0.712168017764547
2018-10-15,-1.49992860363559,-1.39106241328442,-1.88308004624123,-0.776884173546932,-0.758776129732475
2018-10-16,-0.85132190611219,0.0675737817449118,1.24025084378623,0,-0.38353543893237
2018-10-18,-2.38091819015036,-0.0302846940289925,0.48186894516391,0.14859916602834,1.15860129118914
2018-10-19,2.54337309952533,0.418889214999396,-0.55799804177763,0.369375293654084,-0.233522279312659
2018-10-22,4.0121800020203,2.2886241055069,0.366537204698325,0.252433569203703,0.50646872324478
2018-10-23,-2.28784520577037,-3.13270160464398,-2.70731102315782,-2.60616791946751,-1.5278268199939
2018-10-24,0.32550258438091,-0.382518328879122,0.364610049395253,-0.4053596689789,0.0227592452169745
2018-10-25,0.0195886762713648,-1.01632425008304,-3.79405149215852,-1.64776564664644,-0.636569713756074
2018-10-26,-0.19028769929319,-1.11374461043958,-0.396341630354335,-1.76757770904423,-1.36412992107848
2018-10-29,-2.20785283916589,0.381226502583942,-0.16440534335409,-1.54606380428808,0.319808924879705
2018-10-30,1.01563449465845,-0.917096074071821,1.4433998591711,0.929510973354297,-0.507399386173901
2018-10-31,1.34332485334365,1.59050362004667,2.13559994865733,0.741773462356221,1.74934497335482
2018-11-01,0.132846505056783,1.73158022747302,-1.06774731514125,-0.258007370287139,1.38332537403869
2018-11-02,2.65939287508647,4.12506089786753,2.53140500781495,3.4727768128838,1.79826254697524
2018-11-05,-0.41371029315842,-2.10596187584446,-1.56165071503285,-0.91447393985824,-1.80577708188618
2018-11-07,-0.907903130363952,0.819096290150867,0.849435103616614,0.085186054852926,0.15475078096685
2018-11-08,-0.216412154267598,0.305601664158495,1.7998938763645,0.66837604857426,0.905406763148697
2018-11-09,-1.40455074299419,-2.41495180573832,-1.05805623331214,-0.313014767192499,-0.494879648051416
2018-11-12,1.21048101069192,0.12202573579021,0.0881848335668067,-0.271209061890065,-0.319551468447088
2018-11-13,0.921791065524058,0.621049111384586,-2.084267063635,-0.443677609647164,-0.475355164714131
2018-11-14,-0.856426121607168,-0.538183088904631,0.164738796218877,-0.153649940357692,-0.341491510006975
2018-11-15,1.35576494481233,1.73470092340704,-0.196379911038846,0.962927093610499,0.371942728536645
2018-11-16,0.409180565218836,0.306731165478524,-0.567015195000131,0.207632727460272,0.947201096879091
2018-11-19,0.906627892532352,0.717225410633837,0.647428212304391,0.389224333248972,-0.602733797640553
2018-11-20,-2.15585539984451,-2.03660045284781,-1.09686135355389,-0.859646615965293,-1.25016811933651
2018-11-21,0.213314285158894,0.506179112373495,-0.350795636482459,-0.28996469093272,0.384461140530412
2018-11-26,-2.8961469837153,1.54627022856406,1.40567057358343,0.311090099115763,1.78510063845962
2018-11-27,-0.0438793209241339,-0.16779195917298,0.641619588799358,0.784235233658759,-0.0963811853166519
2018-11-28,1.04551974129619,1.32267579280896,1.01801446689116,0.418287345434099,0.131934672680245
2018-11-29,-1.32711584501264,-0.871506952333156,0.385152284347789,0.278520045903452,0.482276657220027
2018-11-30,0.804949619742956,0.210431859346727,0.396560676380631,-0.818820236886086,0.262403696386748
2018-12-03,2.54105325807146,2.51570435556907,0.995872078929771,1.65866850938565,2.31485726457734
2018-12-04,0.419489560338882,0.288010590972476,-2.41527193950652,-0.828023608601836,-0.718107140232505
2018-12-06,-2.30624471861649,-4.13434291950416,-2.45514674899905,-2.18318799564337,-1.66381113793914
2018-12-07,0.0272496820957535,-0.354729409465548,0.820100797673895,0.341179498273636,-0.141328251910089
2018-12-10,-0.821124859009892,-1.20187936910821,-2.14087188774723,-1.06404849372987,-1.25107557819852
2018-12-11,0.367276180570464,0.0748776577202293,-0.337428614284896,-0.0399341578713575,-0.429244003513674
2018-12-12,0.31022456484191,1.59762035625981,2.12743373124269,1.4315182771103,1.32192915188085
2018-12-13,1.21845592851511,1.28111488531193,0.983173330852516,0.621334081279024,0.357104710953671
2018-12-14,-1.54217361092384,-1.63275014716877,-2.04382931347933,-1.25670032471925,-1.09855876080616
2018-12-17,0.162952126987381,-0.0261005693591443,0.615882236971466,0.0825993231311273,1.20040076031422
2018-12-18,-0.824026523262855,-1.05480068173875,-1.83678839221209,-0.434530829856072,-2.23101274435873
2018-12-19,-1.05693103425653,0.197911659959438,-0.605796590714114,0.808031539966958,0.429541680625256
2018-12-20,-0.522629747767667,-0.939471167349915,-2.87759249194615,-0.904581230527057,-0.262879349719825
2018-12-21,-0.792479981289151,0.505636386509423,-1.11636694701076,0.0664788784216164,-0.150246228642281
2018-12-27,-1.3265945626685,-1.07175601306135,-0.440167782334022,-1.61619975956562,-0.0426874725318882
2018-12-28,0.43439978778359,0.0993270790297984,-0.313526090531902,0.619245715119643,0.285003726763833
2019-01-04,0.8373362131886,0.476548728851256,-2.28836369115335,-1.52003894257016,0.189770140679002
2019-01-07,0.721878902434714,0.814862462549115,2.40920136046796,1.32681353952533,1.41416793223623
2019-01-08,-0.26207879336555,0.153738634044132,0.820370671963211,-0.582420283763785,0.646993618593328
2019-01-09,0.705217090095456,2.24271916207837,1.09779080436834,1.92867557118728,1.11862156950782
2019-01-10,-0.363820034968665,0.223125107313571,-1.29715749492458,-0.0692831163449092,0.80232801512139
2019-01-11,0.73611091428365,0.548388531725763,0.966853929543454,0.593886520287512,0.474448412458095
2019-01-15,0.644399273696905,0.609450242541065,0.956087194003885,1.03577703908408,0.425834568257777
2019-01-16,0.00311238027084215,0.267287729998777,-0.549003233652456,0.424431081942345,0.521936599631978
2019-01-17,-0.420268607652563,-0.545943198862631,-0.19821272337861,0.0455714958185638,-0.455339846718594
2019-01-18,1.41090273116991,1.24496374956209,1.28470558230411,0.813931050982131,0.307511913794123
2019-01-22,-0.630253781172385,-0.315585849538635,-0.209063123962494,-0.306927316301664,-0.985819220990791
2019-01-23,0.050380763365343,0.0101826112560488,-0.141641880377641,0.471553440602257,-0.678840160414573
2019-01-24,0.413325183561675,0.416707451313414,-0.0927411536691736,0.80743556198497,0.61680464152527
2019-01-25,0.386259219676877,1.63912467309704,0.962226084738482,1.51295115879204,0.360395698687022
2019-01-28,-0.182353331159035,0.0281796645873911,-0.601413217542124,-0.0197472807947463,-0.0859140131730385
2019-01-29,-0.105177395402123,-0.164329985968159,0.0757134967876993,0.27793975687862,-0.369803104617361
2019-01-30,-0.722270603243746,0.402976338686223,-0.524488856499694,1.04066039082218,-0.41841788658612
2019-01-31,0.348439835882886,1.07806486271418,1.04985160988811,-0.0612099179174486,0.49618692275164
2019-02-01,1.29393671223363,-0.0419879229145437,0.0717003207666878,-0.0630627177338638,-0.0467168855545097
2019-02-12,2.02875702103382,0.857691970674601,0.364059308387255,-0.591271952190908,0.390308218863744
2019-02-13,1.82390981439786,1.151472817428,1.33436276422714,0.501372878271678,1.35343491238498
2019-02-14,-0.0503605198880486,-0.230249230295065,-0.0225616241920079,1.10090036806696,0.258236227920605
2019-02-15,-1.38133919492542,-1.88602340916493,-1.137396022086,-1.34603587240711,-0.413375197830668
2019-02-19,2.69451612827583,1.16622025833841,1.90521760651166,0.433467596193271,0.61727641326943
2019-02-20,0.201926160761445,1.00779497704533,0.602985764431985,1.08807739858676,0.568355414364774
2019-02-21,-0.341736803695447,0.405537657955968,0.152649291619333,-0.0493448361670978,-0.0143373768032973
2019-02-22,1.88737484744461,0.648887442787327,-0.180556051489766,0.0825267586016309,-0.244662077721358
2019-02-25,5.44926158104175,0.495019669241792,0.478282896035687,0.0923133521077091,0.0748977833170628
2019-02-26,-0.669515274510157,-0.6486618590964,-0.366889038700435,-0.267315079478969,-0.32721130019393
2019-02-27,0.417279337493781,-0.0508260990091713,0.498165235615389,0.367150560702623,-0.357511806416255
2019-02-28,-0.436658951900171,-0.433033112987857,-0.798063556666229,-1.77647819000315,-1.15525577275921
2019-03-04,2.90309621313227,1.13352247150011,2.02232447130779,-0.217961373081721,1.18786563907083
2019-03-05,0.877044276343142,0.00694046514162494,-0.439788053104806,-0.523126489052483,-0.524584288967134
2019-03-06,1.55452381989853,0.262072730309093,-0.597696911433054,-0.166711483145399,-0.347844753084914
2019-03-07,0.139163623446414,-0.892995113002648,-0.654082598909334,-0.451929759669412,0.205817515063345
2019-03-08,-4.4956124079043,-1.93323189116192,-2.02659521466195,-1.31763397106095,-1.04617823301574
2019-03-11,1.90539127767622,0.969059817360929,0.472259312650003,0.0308732934432676,-0.139339241524539
2019-03-12,1.09474915894054,1.45436097804268,1.77631147250175,0.888422896657648,0.650566736476144
2019-03-13,-1.0960706124072,-0.392944558022279,-0.99757965742846,-0.407377949534116,-0.519989186339131
2019-03-14,-1.2051381888293,0.152413779070315,-0.0151254449260563,0.33781853603676,0.0728864146031682
2019-03-15,1.03320037471892,0.556032723380362,0.766677433785823,0.943266016120159,0.0706459759614475
2019-03-18,2.44104716839413,1.35825907096887,0.621119287620253,0.155202529087717,0.398557240830399
2019-03-19,-0.175841271025412,0.194546873784063,-0.0818050929312975,-0.0858367181373332,0.247440240146624
2019-03-20,-0.0110003526694769,-0.494359902658736,0.194877883193456,-0.0238821326042249,-0.412533368342771
2019-03-22,0.436173669121587,-0.710578434135911,0.0852062649009611,0.451416309467767,0.138322950014569
2019-03-25,-1.98861963373211,-2.04741252708818,-3.05264118149626,-1.94335968800816,-0.912591438792809
2019-03-26,-1.52119116446539,0.152600490707577,2.128483509704,0.183526460217642,0.543929151551126
2019-03-27,0.851527037189825,0.563190421155824,-0.232017581549648,-0.14809918830645,-0.0590747781950896
2019-03-28,-0.923289030780161,0.163329338580276,-1.62677365881319,-0.819899204728269,0.162137627542336
2019-03-29,3.14928173825546,0.955104545380792,0.814643480028465,0.588930128881682,0.28987966923637
2019-04-01,2.54281307496651,1.74251312970028,1.41976462232165,1.28153623842966,1.16441759438146
2019-04-02,0.203555034852343,0.211703081888182,-0.0172965574238404,0.409623489551159,0.896443986838413
2019-04-03,1.23478249221272,1.21361519048868,0.962094970609151,1.19121590304676,0.955545462518792
2019-04-04,0.937053303513657,-0.167115311215937,0.0540538562676218,0.147852537252202,0.149076297925532
2019-04-08,-0.0542257591799711,0.469328830692639,0.168787666605219,0.184282606661412,-0.0238252135218886
2019-04-09,-0.158841079773886,0.266756961247339,0.187952375857314,0.133810732056006,0.306579651125105
2019-04-10,0.0700445444037356,-0.125852227361278,-0.528948470988588,0.488064151157097,0.0616240202871765
2019-04-11,-1.6160453937081,-0.934345106095336,0.10972616797833,0.00224778200124121,0.095217076580667
2019-04-12,-0.0417020068471885,0.235350500713949,0.730489316626048,0.404227662352064,0.0348201960653327
2019-04-15,-0.34053708286752,-0.331678817034309,1.35584382695999,0.421327915944136,-0.183843460453303
2019-04-16,2.35760889748402,1.06489781292236,0.236761040854816,0.25603875494955,0.185644175337174
2019-04-17,0.292171729711832,-0.0172269148565718,0.253080891034152,-0.121926271968587,0.496956422507111
2019-04-18,-0.3967259998225,-0.53728048693138,-0.846784806251932,-1.44049346417203,-0.03165965302383
2019-04-23,-1.6006445207811,-6.67484334471169e-05,0.764921589584056,0.303995471217178,0.175793391090551
2019-04-24,0.0943720578774787,-0.526728503339768,-0.268737675719599,-0.881146661054455,0.266829622719911
2019-04-25,-2.45939951975487,-0.862703632102146,0.48342421453178,-0.479560434772353,-0.362000243365834
2019-04-26,-1.20544499138582,0.18666281247679,-0.219223981362049,-0.512151533333949,0.198889920241818
2019-05-07,-5.32357816885538,-0.820754427255821,-1.51651354996964,-0.106512417387883,-1.33235946061951
2019-05-08,-1.12128869107959,-1.23298907653862,-1.47559408010256,-0.413349265171004,-0.869575969855418
2019-05-09,-1.49044224992982,-2.41532744850925,-0.932276512417296,-3.0915666295515,-0.431523175016935
2019-05-10,3.04885656885929,0.841244812998987,-0.26766775324738,0.286457601378221,0.116151131777009
2019-05-14,-1.9097856329636,-1.51124430160721,-1.30950196190511,-1.2506487774905,-1.53268786726137
2019-05-15,1.89175195076006,0.520263989762171,0.574266075424923,0.524120760390456,-0.153357122355757
2019-05-16,0.577839178801653,0.02249584313887,-0.594441621734454,-1.20612835387943,0.356333034818768
2019-05-17,-2.51503061864637,-1.16899608452421,0.884413348515878,-0.576697552467564,-0.77070235361969
2019-05-21,0.81786550873284,-1.04029986614229,0.105167763077674,0.264752829498693,-0.694977690486098
2019-05-22,-0.491921898280978,0.175929245975404,0.051320831038737,0.174983261286066,-0.00376979140543909
2019-05-23,-1.36487141986024,-1.59648831761885,-0.623221184782174,-0.255549363818108,-0.70682812492624
2019-05-24,0.0171763786656953,0.317826395410492,-0.160498336256332,-0.695756661802083,0.289703722501145
2019-05-28,1.97510806387111,0.13473442591625,0.674513664217358,0.171953126533264,-0.144273064119282
2019-05-29,0.164474568419859,-0.567857578268693,-1.21510569895538,-1.25291719179108,-0.0644692371347233
2019-05-30,-0.305815889917138,-0.444632520329336,-0.290088150043921,0.76216728879972,-0.643170614369204
2019-05-31,-0.244637903040346,-0.791584845558191,-1.64331784211562,0.144098600122966,-0.806296256059014
2019-06-03,-0.297817722258742,-0.0268798466901643,-0.928074910554777,1.27070346813669,0.182656646769708
2019-06-04,-0.966567337051494,-0.493297292334205,-0.0114651310703096,-0.0425653360139222,0.60359305667248
2019-06-10,-0.355242647069076,3.00765252116122,3.49495503103636,1.56106912857421,1.44509724349113
2019-06-11,2.54745206781815,0.761093386786094,0.330005708253367,0.585094158401933,0.671182273580939
2019-06-12,-0.560060417509867,-1.74559496274078,-0.352246785532451,-0.145004479792732,-0.0573448121777176
2019-06-13,0.0467344324430741,-0.0503633774032508,-0.463549281111852,-0.265913402492757,0.401966815894639
2019-06-14,-0.993325630315756,-0.648229000738887,0.402810677969789,-0.368698256927402,0.0611488870246646
2019-06-17,0.195854534068118,0.400438400147962,0.0336640637408792,-0.223595099533025,-0.455322357497145
2019-06-18,0.0879230487705662,0.992627188466422,-0.718776604409754,0.380958297581113,0.953670486076774
2019-06-19,0.951804374200993,2.52565851901512,1.70738818245582,1.23453973407557,1.51499013671934
2019-06-20,2.3479804859071,1.22741356949163,0.602804889982345,0.305916259693717,0.797862072068156
2019-06-21,0.496235844916626,-0.269079187481047,-0.95605985538505,-0.26639056747948,0.207658104944564
2019-06-24,0.205320090165628,0.137891821533742,0.128570885526891,0.0333964419430011,-0.297606254998506
2019-06-25,-0.870758162011498,-1.15354324281576,-0.43399519152878,-0.220811441964663,-0.219474679229492
2019-06-26,-0.19434916788974,0.127641577138071,-0.507186449712727,0.00989751361126778,-0.091438681903
2019-06-27,0.686751724289536,1.40542815825579,1.18601943307759,0.585974511424325,0.825061054128362
2019-06-28,-0.599432486344664,-0.275697973456168,-0.292157097703161,-0.173507759932701,-0.210219002834044
2019-07-02,2.16053379524874,1.15971537769752,2.22341433374442,-0.4044551959967,1.47004997739124
2019-07-03,-0.946666694817111,-0.0707422596699203,-0.535163746837775,-1.23281568200593,-0.0890392721990096
2019-07-05,-0.139388571467336,-0.278709331226779,0.498888426415967,0.692722085642661,-0.0294003663798392
2019-07-08,-2.61436525518102,-1.55200805441833,-0.979797227273593,-2.22393206857854,-0.972394037834867
2019-07-09,-0.175037875722683,-0.76321981337184,0.142925116268522,-0.589866148395046,-0.143163947143776
2019-07-10,-0.44254144676481,0.313950816606479,-0.146965254813303,0.328402726784649,0.328641890543757
2019-07-11,0.0843468143939319,0.801996088754819,0.509763127700325,1.05331266441686,0.299811758801383
2019-07-12,0.437392012073268,0.139956461315904,0.195571524965032,0.291800055390468,0.205432860096622
2019-07-16,0.240961097610803,0.518469493859186,-0.697115232213541,0.249370122980341,0.0800908731777739
2019-07-17,-0.202068114233445,-0.0924618494725138,-0.307270911315527,-0.910016148485404,0.143942685710918
2019-07-18,-1.04614977731918,-0.460995967917555,-1.98964964883928,-0.307769111898359,-0.113590420663279
2019-07-19,0.790338821700143,1.06153575689696,1.97944845948346,1.33674672660282,0.501855183211219
2019-07-22,-1.28134297841616,-1.37966150598867,-0.234121259506459,-0.0487140922306395,-0.615872643507309
2019-07-23,0.448253790618303,0.335059378089575,0.948432058994264,0.38667061305393,0.472784614045985
2019-07-24,0.801622641265265,0.201998576507201,0.409366271783895,-0.915453061933125,-0.1391367517245
2019-07-25,0.480494522418073,0.246015677054601,0.216168447031073,-0.376253216451872,0.379869191700699
2019-07-26,0.244138919950831,-0.68978327275655,-0.453303459412702,-0.397031004018533,-0.518902516732034
2019-07-29,-0.119954818947399,-1.03119003312298,-0.191103687396144,-1.79606072225491,-0.517724307163014
2019-07-30,0.384501648763447,0.142534872550826,0.42704106409488,0.452293699542938,0.12393740209955
2019-07-31,-0.673936465836888,-1.31876724046691,-0.868737137584219,-0.695508595842309,-1.49718114992901
2019-08-01,-0.812840018287098,-0.766309428427725,0.0903802254240915,-0.356764169606105,-0.273037712285706
2019-08-02,-1.41711782408978,-2.37554917415821,-2.12933072285395,-0.956806877041494,-0.935171003199109
2019-08-05,-1.62904747485291,-2.89170872512354,-1.75509110139807,-2.59322890511466,-2.06339167866236
2019-08-06,-1.56958139685166,-0.671739319275666,-0.653569881450622,-1.52571998643669,-0.755386955245285
2019-08-07,-0.320217213387419,0.0800026671743836,-0.334534969417177,-0.407085618918313,0.447511116369625
2019-08-08,0.9300419531308,0.474848257248972,0.373584322174914,0.569144584432735,-0.495780593488249
2019-08-13,0.0969274783001239,-3.2665791292791,-0.671934636229565,0.271419972992781,-0.703332870666706
2019-08-14,0.415614109800266,0.0829518242996485,0.971485292138752,0.649037007426845,0.0276439273296347
2019-08-16,0.529407048580577,1.69271134774629,-1.15071798659034,-0.579480814640654,-1.04014746670327
2019-08-19,2.07755259228097,2.14370011539415,0.704459043632966,0.658381978271549,0.429889121685889
2019-08-20,-0.107580999773926,-0.22961213270225,0.553148592847741,1.04355907739704,0.239448425498701
2019-08-21,0.0114576769163932,0.146662279120235,-0.28404851649082,0.224209627925909,-0.427577778284061
2019-08-22,0.10791548940432,-0.846049562994189,0.0457734928074771,-0.696692520368725,0.165431832312102
2019-08-23,0.484011137133056,0.500153738351017,0.40107536011309,-0.138998973476134,-0.55754389718885
2019-08-26,-1.1755039020886,-1.92448388927833,-2.19607843894138,-1.65557356014023,-1.45800292489806
2019-08-27,1.33965262455007,-0.0633369969991193,0.958031863596176,0.431669207186136,0.0714186746158418
2019-08-28,-0.290892983702928,-0.189510300079476,0.114033064353514,0.853151702337662,-0.360876225864537
2019-08-29,-0.0981904004431655,0.343031316332798,-0.0903265421872135,-0.39643876931077,0.826292109851146
2019-08-30,-0.162017358831523,0.0825616639184901,1.18275750657109,1.76258023489257,0.797955222557789
2019-09-03,1.50989992805979,-0.768277298050357,-0.383309933520692,-0.106775689695571,-0.51281749911336
2019-09-04,0.926026904218613,3.82509397153559,0.116198228428743,1.15523435782077,1.28401429751115
2019-09-05,0.957392725231987,-0.0290353698090939,2.09327956101113,0.812369240439104,0.525358707895407
2019-09-06,0.459113389276311,0.658683902035406,0.537443079258537,0.218242784462497,-0.0820149007912718
2019-09-09,0.83461909305349,-0.0350744661485436,0.559058928004141,0.517292176883011,0.0588159570336089
2019-09-10,-0.117103391847806,0.00854491364545851,0.345020725995049,0.618518470153795,0.297681605533739
2019-09-11,-0.410945170453481,1.76585498010926,0.956791061542717,0.838957406291563,1.53488028707365
2019-09-17,-1.02524228023091,-1.36730502883697,1.85128459495729,0.638693850430005,-0.673816486599321
2019-09-18,0.252859898166857,-0.134916190907575,-0.184750392786981,0.40647905260327,-0.508990301747048
2019-09-19,0.455143193152097,-1.0716132269879,0.380592190013296,0.463494667507458,-0.254203664119501
2019-09-20,0.238772086206751,-0.125811335152903,0.157013726081701,0.535492558101947,0.0278548007017321
2019-09-24,-0.704633751986883,-0.586798990969406,0.0894111666877251,0.454138586536601,-0.133647096600598
2019-09-25,-1.00694868596243,-1.28538418389699,-0.356717519791161,-1.32475113355035,-0.943763691479482
2019-09-26,-0.895236176189762,0.371552853345847,0.127483685264274,0.0544852722433653,-0.000319916565771905
2019-09-27,0.105096865980947,-0.335098244709542,-0.771007804612189,-1.19241553957794,-0.00575867320318224
2019-09-30,-0.924397060384852,0.528215298946222,-0.56404748263521,0.637982411827664,-0.180606618176782
2019-10-08,0.288034075769605,-0.76509919027572,-0.775481338290085,-0.817662064092239,-0.293379594269183
2019-10-10,1.1649464312959,-0.718860535942412,-0.165972217824617,-0.888480221246812,-0.689320878682054
2019-10-11,0.876491964909842,2.30902956323149,1.13904419097288,0.808301477028817,0.789564749549498
2019-10-15,0.583097896531193,0.74032236335011,1.85588773359129,1.145709603552,0.0706244190803673
2019-10-16,-0.413417543608308,0.603181811707643,1.18940178750737,0.706338759367142,0.593198217405089
2019-10-17,-0.0463395150030799,0.688473901176501,-0.0937567264333694,-0.235052754727061,-0.273764915386288
2019-10-18,-1.32501976591186,-0.481295103013935,0.181646140883451,-0.833614016886397,-0.383956371253902
2019-10-21,0.0503593216217624,0.0228270945878961,0.249636132640418,0.201186339684511,0.799260968470428
2019-10-23,0.0680128706563643,-0.596521986292053,0.338600075398077,0.761318464927374,0.163286648846928
2019-10-24,-0.023799243296363,0.866571098880264,0.551923365049767,0.241942570279541,0.779012833713999
2019-10-25,0.475250434440877,-0.488392141589777,0.216068391678448,0.106863471731167,0.524362274109613
2019-10-29,-0.0253845335093317,0.446626495521407,0.761659768542167,0.229633309696631,0.360670152528719
2019-10-30,-0.50428544977601,-0.445426535270066,-0.571882236737764,-0.59526267560317,0.339737030827791
2019-10-31,-0.34967096384575,0.892259929542405,0.36670220964794,0.154187962099162,0.682223280417915
2019-11-01,0.989942281224554,0.718570223703097,-0.333218520377976,0.799300568751882,-0.0139333768073513
2019-11-05,1.12140152193607,2.12711838032682,1.7405904965397,2.00061352892389,0.592771793422919
2019-11-06,-0.434159900486275,0.0189265196501864,0.222657586294339,0.0704489868853742,0.431863949317091
2019-11-07,0.00369294194904057,0.571127925368664,0.1136506553026,0.00652918077665987,0.703379750179423
2019-11-08,-0.488988655425615,-0.70665432514776,0.263472391193531,-0.329789719482143,-0.654046135981901
2019-11-11,-1.84576624829553,-2.65541680727051,-0.256957476322306,-0.616712269745001,-0.727141767570672
2019-11-12,0.166529647277969,0.51389369579109,0.803259686724189,0.789216782913194,0.83430486473528
2019-11-13,-0.329206525434156,-1.84140182071619,-0.854576134771534,-0.866456139261373,-0.878441553379261
2019-11-14,0.159240357564272,-0.936841325414228,-0.767608375223716,0.787486940152693,-0.227783139005133
2019-11-15,-0.63883441622874,0.0112819762950522,0.696613659095924,1.06710207942378,0.216668734725722
2019-11-18,0.6158066814546,1.3372960823915,0.485616561151758,-0.0689356866621083,0.60946518945233
2019-11-19,0.848514210044105,1.53498446375622,-0.531414514006912,-0.345393059521815,-0.609156439319136
2019-11-20,-0.784943055461262,-0.756495278048952,-0.620485259684145,-1.3051305259383,-0.281048007956386
2019-11-21,-0.254871850821292,-1.5845826636788,-0.476280558209652,-1.36053942380689,-1.17005565625536
2019-11-22,-0.633970749691493,0.483209626808723,0.321983591379826,0.255325774164294,1.04210134295695
2019-11-25,0.721064825398798,1.48528187221668,0.775469136120499,1.0195427993211,-0.155748773394393
2019-11-26,0.0306198105684885,-0.293543011192376,0.345047167518153,-0.101299230071827,-0.397606178650278
2019-11-27,-0.133212876289246,0.148808446274096,0.275362273016988,0.305940180267594,0.23912655516618
2019-11-29,-1.08084450622998,-2.27966500635333,-0.615687064715509,-1.89245675243761,-0.674319384191335
2019-12-02,0.133268632530292,0.372145716560013,1.00630000276141,0.189479180492125,-0.186465192097529
2019-12-03,0.308653471921527,-0.202210606334496,-0.638212363776702,-0.375959197523823,-0.468162557945639
2019-12-04,-0.228360520005033,-1.25346086710447,-1.05162654505673,-0.731048100896814,-0.419715532131271
2019-12-05,0.739065845144893,0.590977932528958,0.71006592687386,-0.394708997226711,0.454691199191792
2019-12-06,0.431560272513032,1.06736406264982,0.232817996861456,1.01917798906035,0.644383520052116
2019-12-09,0.0847851844923753,-0.0137376375631604,0.326172510672507,0.326100276993646,-0.467172547033279
2019-12-10,0.0973970377758704,-0.219567509030583,-0.0875730640931494,0.446658571634728,-0.533842480801106
2019-12-11,0.243078380619011,0.786748353024969,-0.0783299062208087,0.36254506098885,0.315982958044891
2019-12-12,-0.29862422279523,1.30021516806025,0.140761850172488,1.49567833437763,0.683779992123057
2019-12-13,1.7670574585507,2.53706328691052,2.52201503427649,1.527562436201,0.604802802259208
2019-12-16,0.561486807143385,-0.651029505273115,-0.294942731286696,-0.0968098913890714,-0.247969797505121
2019-12-17,1.26624641486845,1.21269448542272,0.473860216228772,1.26175241632964,-0.16513475967681
2019-12-18,-0.178161670847388,0.14534907145336,-0.548703422794361,-0.0419092397784482,0.272684613161367
2019-12-19,0.000994347136540341,-0.300693235594451,-0.29113429803207,0.081979910405483,-0.0660749039150588
2019-12-20,-0.402856069821134,0.254563306209654,-0.202258891454221,0.34630574018939,0.154833273660593
2019-12-23,-1.41397099792817,0.125713204034561,0.0188086169210067,-0.0213253961319992,0.0501058925364006
2019-12-24,0.670433413604687,-0.15133419013047,0.0397467545209196,-0.620423084444788,0.238359133747679
2019-12-27,0.74686538241977,1.28799207084942,0.0299570156830242,0.643109521682561,0.150739769866348
2019-12-30,1.15732152971919,0.332373869534841,-0.762620883736176,-0.297145983630465,-0.126841977815495
2020-01-06,1.4172033068105,-0.32964586939439,-1.9281251709895,-1.9574502595332,-0.111157697005915
2020-01-07,0.691317366059785,0.339073594150641,1.58556293878718,0.945370396059353,0.89690583189288
2020-01-08,-1.228528225041,-0.83014156224035,-1.58599388392311,-1.11999506715073,-0.0606737265966828
2020-01-09,0.908511434949943,1.67025601933339,2.27984831355617,1.62022650968972,0.0489730303918634
2020-01-10,-0.0837216417613362,0.269934009133266,0.46522032431966,0.907847176411369,0.260478079690074
2020-01-14,0.468777828055167,0.85857850724409,0.729391437402604,1.46180450483975,0.447101713309728
2020-01-15,-0.54156592249015,-0.386932348922819,-0.453008852218417,-0.353479000492296,-0.415472323508581
2020-01-16,-0.517836630843327,0.379661910418783,0.0691749256576557,0.762222295663495,0.643309466659758
2020-01-17,0.0461820165032378,0.598488551748488,0.45078294108496,0.112034368921421,0.0923917169320276
2020-01-21,-0.76245057365103,-3.75590128549845,-0.737700769289873,-0.484605403356131,-1.03735497198354
2020-01-22,0.281700004211238,1.26304865316698,0.696471469943027,1.22301799129092,0.20796488090884
2020-01-23,-2.79017914595832,-1.53574137033523,-0.986526226384044,-0.935890802755157,-0.597059024262769
2020-02-03,-8.03907685398189,-5.72203815891701,-3.52204945584802,-5.83210881214713,-3.72432967563565
2020-02-04,1.32662572386968,1.20303994877968,0.48918242274123,1.82478793627663,1.28363854596927
2020-02-05,1.24256692996711,0.414345392312754,1.01271980290374,0.357578563649152,1.37054389395885
2020-02-06,1.70359114242791,2.60498985627891,2.348033365144,2.83660795245977,0.977046431130546
2020-02-07,0.329126962110582,-0.32580468497212,-0.191230661377872,-0.720291229405845,-1.56154009637817
2020-02-10,0.503950636910666,-0.596316823280496,-0.597720849912342,-0.493087366213807,-0.577813079669021
2020-02-12,1.25178045270502,2.11510654352143,0.737081595515754,1.68087841714488,1.88590295888496
2020-02-13,-0.714218950081857,-0.337187824310625,-0.140409937819896,-0.242433035940692,-0.101808664391712
2020-02-14,0.375746610776773,0.308215476165152,-0.589874618753683,0.474920194341255,-0.00186331931715245
2020-02-18,2.30305774834605,-1.03134304591759,-2.10662807301087,-1.55916617803884,-0.72935464031918
2020-02-19,-0.32112128017987,0.45522485469629,0.888093486852704,0.0660750111159736,0.532890312172896
2020-02-20,1.82336395054365,-0.168823075738089,0.334685683633573,-0.673653883076675,-0.468780829748638
2020-02-21,0.313683364784545,-1.09382409659915,-0.394359820172241,-1.49876381208349,-0.55331809850756
2020-02-25,-0.879610212775894,-1.53347786833411,-3.39799369184881,-2.77672564215807,-0.719013330653695
2020-02-26,-0.837201481187577,-0.734248598007703,-0.79597858505398,-1.28411143543818,-1.29770964641125
2020-02-27,0.113726460011954,0.307171185164634,-2.15429738551602,-1.05914835878487,-0.186861330743859
2020-02-28,-3.78236491652224,-2.45224073261738,-3.73795088947322,-3.3591322265341,-3.28703822482517
2020-03-02,3.09805797228107,0.617113870887032,0.94674282902929,0.777039743606345,-0.111650174421385
2020-03-03,0.736778190701326,-0.0260953088886851,-1.23201959228592,0.579587646671609,0.392880875941515
2020-03-04,0.62519251629567,-0.239016364799483,0.0821662150606528,2.21834170077315,0.180988338106047
2020-03-05,1.97299010107042,2.06008650997518,1.07973911059958,1.25128605359857,-0.223718922426208
2020-03-06,-1.21746814688706,-2.34804475415427,-2.75390767745129,-2.18359025374175,-1.91635249429343
2020-03-09,-3.05219584215903,-4.32289234758159,-5.1978508810917,-4.27851057211797,-6.22172121207027
2020-03-10,1.80037017452905,1.39613319783258,0.85104143343564,0.416571549641986,1.7870753119742
2020-03-11,-0.946819293250201,-0.635667511038029,-2.29655452804121,-2.82411825054254,-1.73856729192883
2020-03-12,-1.52854040451764,-3.72480418036609,-4.51117668398684,-3.95177802313045,-3.84789596681214
2020-03-13,-1.24112749403693,-1.14253906912261,-6.27356931331438,-3.48865170694683,-1.68055997123435
2020-03-16,-3.45940906386657,-4.11698246547907,-2.49197618245791,-3.24613305150532,-5.39063044956407
2020-03-17,-0.345131957686728,0.864117898058581,0.0558012595927693,-2.50478066954347,-1.66620019356074
2020-03-18,-1.84741293573518,-4.26757003399647,-1.68940720972728,-4.97951893796555,-1.18481350753328
2020-03-19,-0.980694266704241,-2.64868856406046,-1.04401931718403,-8.76697590395832,-4.84068305222642
2020-03-23,-1.56503203639895,-0.0599005760532734,2.00331992761384,1.6884180557442,-3.41194240779297
2020-03-24,2.31385064887322,4.36213559997167,6.88989135358291,8.25126752069076,5.59689788380773
2020-03-25,2.14941696372124,3.74015139657882,7.73136960602923,5.72087930817791,5.89464556356134
2020-03-26,-0.601462193605329,-0.745958036687711,-4.61742114038213,-1.09231401606813,-0.717403132527572
2020-03-27,0.26331440813232,0.563406791570564,3.80993905742422,1.85024535199512,1.64267536522553
2020-03-30,-0.905537757277664,-1.32524032075523,-1.58269579454462,-0.0355182908373664,-4.55164511277388
2020-03-31,0.112414541325201,1.83153008531551,-0.883959697240932,2.16152388559658,2.65417920802316
2020-04-01,-0.575407890828483,-2.21768820586021,-4.60624571457267,-4.02251840909766,-1.66457160465558
2020-04-02,1.67251993049806,0.837992345022975,-1.37494701050596,2.31073641893724,0.521530620318966
2020-04-03,-0.600582908041503,-0.188966602702756,0.00824941055057593,0.0336202652212236,-2.63277444447674
2020-04-07,2.03310642326935,4.28447441317523,6.14813460009103,5.53304789355078,7.36447865077237
2020-04-08,-0.191266051108663,-1.17337939954503,2.10464171553699,-0.90670842678513,-1.26974529051882
2020-04-09,0.373320625659357,1.36714462124274,-0.0386056392283507,1.59581796531798,1.24758014453672
2020-04-14,0.0488220798704475,0.554297004804738,1.50339195321205,1.13016969371058,2.43005950937052
2020-04-16,-0.259951060284891,-1.771035630812,-1.79105155290245,-0.000538481213752107,-0.850806188886821
2020-04-17,0.656013550071677,1.54405798119921,3.09848388780676,3.04721848326936,0.0899203213539757
2020-04-20,0.49375874556139,-0.205214522761743,-1.15321405880966,-0.848180615775895,-0.642694228459817
2020-04-21,-0.899371506034896,-2.22964432808546,-1.99411484246195,-1.0048420326334,-1.78381628322217
2020-04-22,0.598486354355376,0.418606052471837,-0.743547004513623,0.888357941149298,-0.0736971706986722
2020-04-23,-0.19287359388187,0.350778748457081,1.51161668133533,0.975110589763784,-0.30123284652559
2020-04-24,-1.0614528836701,-0.610728199904464,-0.86551984251404,-1.35237382135704,-0.956824075910134
2020-04-27,0.247865092059296,1.86576306823785,2.66998605045998,1.77139723576216,1.23295612692251
2020-04-28,-0.194826495448819,1.21099971224936,-0.0608276061806023,0.587007695647568,0.530090143635142
2020-05-08,2.99109472396584,-1.41701784601995,2.04210921745975,0.6046550429331,1.12245423189901
2020-05-11,-0.0186523987870224,1.52316283701612,1.04300331146803,-0.536945859033011,0.746853000383041
2020-05-12,-0.111987513345646,-1.45917220857221,-0.118654070608848,-0.685926729629571,-0.904005294734045
2020-05-13,0.2241948151398,-0.270020512643754,-0.489399756583708,0.944968832056059,-0.612426378581787
2020-05-14,-0.960760737394217,-1.46038716233114,-1.75342449757654,-0.799925618589281,-1.95125460850134
2020-05-15,-0.0655189261606459,-0.135510792835269,0.614185111873411,0.120449415430457,0.0491492044949027
2020-05-18,0.24234501439464,0.575294093371426,0.479249732354603,0.508748920378643,0.621393592720842
2020-05-19,0.802221136359726,1.87643250821452,1.4776745817219,2.22077064062089,1.64241937031768
2020-05-20,-0.513289910693793,0.0484544594961278,0.788234730016235,0.454883978121412,-0.753998598645733
2020-05-21,-0.550103444729544,-0.492688134135122,-0.208226779873755,0.434810549760911,-0.257949678719616
2020-05-22,-1.90653611370388,-5.72019993856081,-0.801900318339577,-1.42022929258214,-2.19625576473153
2020-05-26,1.15860674774604,1.96280494478316,4.23982945509174,2.98278823761526,1.2115143222772
2020-05-27,-0.343107834815459,-0.356852387064244,0.69364819095501,0.0699338611799938,-0.428534176076578
2020-05-28,0.331514181800507,-0.726193329110636,2.29419918320382,-0.13104289341932,-0.168430458987423
2020-05-29,0.215141776426009,-0.743220088371643,-0.175457069001794,0.0522406828796562,-0.178671314287016
2020-06-01,2.18741058679255,3.30286657075458,0.839781104232351,1.73302372797481,1.58490439233328
2020-06-02,0.204563164657667,1.10383898713025,1.18601011721058,1.06496971385175,2.35439902606247
2020-06-03,0.0674106962155641,1.36454665571506,1.28241205445701,2.82528551754435,3.34216595483641
2020-06-04,-0.141032642304229,0.167091416665066,0.361867111573311,0.194500989617286,0.25186834061337
2020-06-05,0.394868932998449,1.64487655504804,0.737457048267132,1.41657784747311,1.62313270879091
2020-06-08,0.237536683630779,0.0256725005739256,1.36560551785223,0.110852568289488,1.63904708670062
2020-06-09,0.622342470286608,1.12554889043341,-0.376363691206549,0.211743855424373,-0.100158473373035
2020-06-10,-0.418993606025442,-0.0298960525666914,0.146789080706,0.30880764218546,0.228786424092586
2020-06-11,-0.779249081409095,-2.30004639533394,-2.86015374139197,-0.864962728045349,-3.50131500048594
2020-06-12,-0.0397216748593721,-0.732944621887022,-0.747819563278895,-2.06455112960366,-0.726690202891866
2020-06-15,-1.02276885266059,-2.1816514861932,-3.53409533069922,-4.87615569718125,-2.67072083662772
2020-06-16,1.43326316657362,2.35724856018358,4.76709932768351,5.14545462935345,2.00622931567311
2020-06-17,0.140431748378056,0.562494442727157,-0.561527672145345,0.1402164236179,0.103813953747522
2020-06-18,0.117443023852726,-0.0672981769698211,-0.447656490931791,-0.354191357360811,-0.148445844536482
2020-06-19,0.958539237992717,0.728792732631334,0.550161142771088,0.366801197255917,-1.16330179576254
2020-06-22,-0.0795563762906681,-0.539313197304025,-0.184878245448417,-0.683687249748299,-0.195269526309882
2020-06-23,0.180259453886933,1.60266715400876,0.496952095856962,0.211838114715057,0.198685248118657
2020-06-24,0.300159716600845,-0.506190388229655,-0.0653456053713697,1.41030815751169,-0.239382735135152
2020-06-29,-0.606963235670488,-1.95716114096545,-2.42225070102702,-3.19792984797687,-2.09590351916331
2020-06-30,0.778653792280171,0.516783228439976,1.32377250305922,0.70684118646378,0.61231676147937
2020-07-02,3.48663519479686,2.81342709128385,-0.639961134572253,1.27437688566836,1.79012165568819
2020-07-06,7.54812551597901,4.72256780924365,2.53457585156447,2.43159575873317,1.98718590604701
2020-07-07,0.373153758280864,-1.38968594363771,-0.440115047494238,-1.09189752363648,-1.05363867492061
2020-07-08,1.72183521791567,0.589275177669357,-0.781477670276054,-0.244734742386754,0.302762799015177
2020-07-09,1.3758546075648,0.309442437059282,0.403132199310896,0.416938835199332,-0.632830260001871
2020-07-13,-0.211782123520621,-1.68538343753291,1.12747732246348,0.834187971783873,-0.81647320458611
2020-07-14,-0.836119664023371,-1.14822702536781,-0.871605136617859,-0.112136626186032,-0.414757405776012
2020-07-15,-1.57384091306003,0.0144820972684201,1.57468765807511,0.833207039441408,1.08976252554118
2020-07-16,-4.60257146040046,-2.02531011309262,-0.766214862194659,-0.826337916831754,-0.957035850501242
2020-07-17,0.125462523248032,0.473354185273323,-0.32524874285027,0.794996148218097,-0.198010423042128
2020-07-20,3.06444659655387,-0.124354017328443,0.0927469409571557,-0.135927956392656,-0.0832890828658783
2020-07-21,0.20346500263404,2.27916122054292,0.731291785555399,1.38379404580871,0.501359292569425
2020-07-22,0.368497244486399,-2.27936075789561,-0.581167794026527,-0.0076276110583251,-1.33693161642343
2020-07-27,-3.9136952305574,-1.83117888921291,-0.157299340554395,-0.485774099200054,-0.724909950047348
2020-07-28,0.706650808888121,0.68657079214951,-0.257729204490253,1.74893001572487,0.27836164644981
2020-07-29,2.04192293092085,0.444580329050659,-1.15536939929264,0.272999959383302,-0.369248851593884
2020-07-30,-0.234905606417968,-0.695856900712499,-0.258760695647453,0.169971587242834,-1.70992571651025
2020-08-03,2.43896569747637,-1.02692207010229,-0.64601666112285,-0.706945098490941,-1.7911712374449
2020-08-04,0.110391336588833,1.97760669471236,1.68995807321171,1.27699533382799,1.23146532560625
2020-08-05,0.173945297035161,0.62302933025169,-0.260864833858676,1.38901103584219,0.673088416069234
2020-08-06,0.263157268493153,-0.687387382973448,-0.430419287780559,1.32132970622632,1.03736551732263
2020-08-07,-0.962252009331799,-1.61322647357522,-0.394251974810089,0.38600216643756,-0.5324611325074
2020-08-11,-0.410497833811796,1.45305385437453,1.86473159116112,2.80920882434597,-0.0534416849993669
2020-08-12,-0.631275033344636,1.40958597739189,0.411105500239195,0.564006590934341,0.74598718880825
2020-08-13,0.0439759043231902,-0.0528978001105074,1.7601607904874,0.212736328352392,1.27037646427972
2020-08-14,1.17860971604866,-0.18907571991793,0.170824621456944,-1.24005205113136,-0.565934653112965
2020-08-18,2.67193877360832,0.729453590884255,-1.02839809049122,-2.49185996020653,-0.708733413866369
2020-08-19,-1.25263693936279,-0.745735734254005,0.257919642893256,0.522429502995614,-0.0800135870624885
2020-08-20,-1.3062738626644,-1.55103238836176,-1.0001555391165,-3.72532699519024,-1.3016595780023
2020-08-21,0.497585753939944,1.29226731264538,0.173271671956066,1.32656499694628,0.024523085443473
2020-08-24,0.146608522458891,1.72800656700574,0.284103662964696,1.08925171018361,0.397462607456323
2020-08-25,-0.356846286926427,-0.256124032500793,1.34507069568954,1.57139520420753,0.801159329510259
2020-08-26,-1.30802721815098,0.0218525596514141,-0.0253715418951472,0.10937385619636,-0.6645636883853
2020-08-27,0.609895825276396,-0.829738078924258,-0.352690661364363,-1.05521613352062,-0.879914169905494
2020-08-28,1.59022113482798,0.555824227985902,-1.41551208369552,0.398021065018472,0.783489927285341
2020-08-31,-0.239135696187276,-0.968443575072975,1.11733685778166,-1.1807905191298,-0.280749532807434
2020-09-01,0.438712542260333,0.0309757974276792,-0.00730371324983992,1.000068218781,0.238214608236742
2020-09-02,-0.17049602026642,-0.257469885760209,0.470323094615743,0.628778122121965,0.0547406821598706
2020-09-03,-0.583820279784675,-0.448814572656531,0.934999194817188,1.32473414760206,-0.321389625047086
2020-09-04,-0.878595042491881,-1.25607625307893,-1.11462328121839,-1.16076573816706,-0.878724589138891
2020-09-08,-1.16761596249955,-0.288363147025805,0.295614029175084,1.41129684062928,-0.19463949986589
2020-09-09,-1.88072899528695,-0.633123518265677,-1.04344446264442,-1.09258222068451,-0.217022560794078
2020-09-10,-0.610531294162797,-0.637075267246168,0.877199176063215,0.866256210591043,-0.290098011285878
2020-09-11,0.786126659604847,0.777481365264165,0.733334389997786,0.0087624682677756,-0.080286144114794
2020-09-14,0.564600010946847,0.557429177107771,0.650731263029591,1.29421862033858,-0.303259668045808
2020-09-15,0.513196826690887,0.374617840644298,-0.444164502895106,0.643337214944673,0.132035008453801
2020-09-16,-0.357468919777304,-0.0288323176286909,0.0879600111431955,-0.313966852848857,0.774200517778834
2020-09-17,-0.411329832536644,-1.56843485784535,-0.667425636928876,-1.22882368378612,-0.174592977132182
2020-09-18,2.04742546968539,0.469545044959219,0.175365466334121,0.258583084666952,-0.122837112248941
2020-09-23,-1.76437832759131,-2.95843470178916,-0.0591348726917573,-3.33642430075125,-0.665618011284064
2020-09-24,-1.73865539910043,-1.83387572804641,-1.11414458730703,-2.62893075893533,-1.22954695402617
2020-09-25,-0.11672307536994,-0.325051648830588,0.504619103464421,0.267604834211532,0.871813935276933
2020-09-28,-0.0587234654396696,1.03029139767958,1.31433702481871,1.27714097502549,0.433073211469193
2020-09-29,0.212049648760093,-0.857815841092702,0.116810127983769,0.854626780352863,-0.460177374551396
2020-10-12,4.07510321841063,5.7361324542395,0.083188621503183,3.20594196596966,3.21721685851424
2020-10-14,-0.528120046753777,0.0706047890940198,0.288394369100153,-0.971954953258525,0.124118801919426
2020-10-15,-0.257756820404609,-2.08320257739096,-0.507066480495055,-0.812794851073306,-1.25887380936138
2020-10-16,0.125364788917892,0.940365147314282,-0.4117840690121,-0.836963765091614,0.371788809477103
2020-10-19,-0.712588159311167,0.63549373316647,1.10659694243918,0.222256915438024,0.415633927015513
2020-10-20,0.464705983425873,0.111093475725532,-0.440703644825113,0.496053215314252,-0.588699723344721
2020-10-21,-0.0925881457130018,0.749659458962171,0.306822394430739,0.526509535753394,-0.119899109184907
2020-10-22,-0.377249781498001,0.128016359651184,-0.701242193820661,-0.669079985874355,0.110802896960038
2020-10-23,-1.04697109907033,0.533751353427903,0.180120182697863,0.24428218243715,0.354534699599807
2020-10-27,-0.725013585590695,-0.529474859538936,-0.131014633103632,-1.27760628607323,-0.971046745002901
2020-10-28,0.457419752853028,-0.316753197752995,-0.286924788635368,0.616755232343724,-1.1764723842508
2020-10-29,0.106695699646409,-0.495787640679346,-0.37034979962236,-0.795820918267776,-1.32952653151621
2020-10-30,-1.48372957976832,-1.96819021522661,-1.53238639012603,-2.59145246932473,-1.10124776390075
2020-11-02,0.0182955664771001,1.45198621621461,1.37599769252716,1.44551496562926,0.792694469433375
2020-11-04,1.6092470994181,1.7271482900906,1.70144117250395,2.45466948096924,2.93823855587929
2020-11-05,1.29413089363091,3.20212024438806,1.715714157584,2.36727458051327,2.84625254993882
2020-11-06,-0.240339425339542,0.066330942469861,0.908317968282013,0.112208595522922,-0.384727508005867
2020-11-09,1.84184126760716,1.17227339252235,2.09347325004234,1.2624301551555,1.18273404372333
2020-11-10,-0.403334137518563,1.09069435802738,0.264346044602704,0.229794612582435,3.59969317608781
2020-11-11,-0.535634304864807,-0.283655945568206,1.76706745532726,1.33802389009166,0.305632283505641
2020-11-12,-0.105375349526327,-0.219862689709771,0.673398982069351,-0.413182918128996,-0.0508738891525695
2020-11-13,-0.859711887890491,-0.0478536208177616,-0.530422062061753,0.734485109903638,-0.0188077717217183
2020-11-16,1.10770585253697,0.855796201624237,2.03177804631665,1.95205626614046,1.34119558353447
2020-11-17,-0.211459251771196,0.126598694554581,0.414818719481858,-0.152690410565182,1.10558345370384
2020-11-18,0.221318429852424,0.487922087908643,-1.10733531540212,0.255271251094147,0.360688284638133
2020-11-19,0.470614350068566,-0.708190250640506,-0.365247567013327,0.0698990419304657,-0.416488341886012
2020-11-20,0.434369201923168,0.35816235336128,-0.418164896657025,0.23838848205191,1.28838761003083
2020-11-24,0.740061337588038,0.515312866971129,2.46939788895624,2.48540231470677,2.75652725441757
2020-11-25,-1.19703135858966,0.306245598021171,0.500435164409119,-0.62154128778511,-0.76651339162348
2020-11-27,1.35823812424913,0.839853321037864,1.31410914254051,1.21911962461718,-0.47962057718296
2020-11-30,-0.486760656210805,-2.07832348593886,-0.795394703969521,-1.61196571841797,-1.76168547189448
2020-12-01,1.75874311324105,0.855017676431125,1.33001692256656,1.64233950607295,0.290743914407443
2020-12-02,-0.0741887093315796,-0.132202761764866,0.0501599980063716,1.5687260862463,-0.112709720433113
2020-12-03,-0.210113375962706,0.735700003407302,0.0312999264822977,0.75650197346917,0.404382359908784
2020-12-04,0.0708610224345207,0.401087677255063,-0.217062586941452,1.2981811630798,0.619899092766119
2020-12-07,-0.815607668243601,-1.23380984707087,-0.764750621434906,0.510874982972087,-0.507643975052918
2020-12-08,-0.188082870476869,-0.766088197042158,-0.303162460198969,-1.63451954078155,0.00424693070844029
2020-12-09,-1.12708981530059,0.750958887635989,1.31693699601456,1.99918688182512,0.61531056588624
2020-12-10,0.0391387116501107,-0.348683097899816,-0.230334938504662,-0.327521726166058,-0.63902490379224
2020-12-11,-0.776437691729903,0.360115181432086,-0.388401192573617,0.855617091052885,-0.115466500982819
2020-12-14,0.653039479583661,-0.439925625457427,0.299410394630328,-0.284151695278645,1.28315234160468
2020-12-15,-0.0561134753862547,-0.692934530287026,-0.166977823263714,-0.194962210831839,-0.0496950066746216
2020-12-16,-0.00742477588655532,0.960750222717976,0.260303964495812,0.541547932877595,0.561305038413895
2020-12-17,1.11905595689663,0.820838099745025,0.183966654870282,-0.0490778073515052,-0.515808654591599
2020-12-18,-0.293245422847299,-0.67615981557978,-0.161582829724871,0.0631471475768031,-0.31680418997091
2020-12-21,0.753289835798476,-0.726900207938463,-0.183141432633249,0.233118395989695,-0.0863839927302656
2020-12-22,-1.88250227070323,-0.715030896196467,-1.04620244151423,-1.63165114160604,-0.676792905253798
2020-12-23,0.757968342242599,0.853379074703753,0.333829729986412,0.951677338276902,0.214813745884346
2020-12-24,-0.569572345514757,0.164840849878267,0.539770160414399,1.69009606132029,0.304470020810399
2020-12-28,1.01089703372672,-0.272973132732268,0.693843378842729,0.0619717727732727,-0.0668757438451628
2020-12-29,-0.538346596741945,0.96008688592768,2.62452180599908,0.423158111032684,0.281280291215324
2020-12-30,1.04247803954429,2.15446678976523,-0.450736162013321,1.86026390192042,0.73740661850632
2021-01-04,2.55918994868853,1.19261932445518,-0.679276247221061,2.44016837651557,-0.360328036630442
2021-01-05,0.731553796976847,0.642387637782349,-0.366613717749864,1.55419622388413,0.0272794996253545
2021-01-06,0.627159675625677,0.153373154641656,-0.378828506099183,-0.750492716635254,0.116378848962473
2021-01-07,0.710812032696495,-0.520558256304504,1.59204566272777,2.1157843794076,1.52377826564907
2021-01-08,-0.17071727774578,1.18969251561687,2.33305494291667,3.89773556509034,2.92284067063839
2021-01-12,1.06514251520071,1.41941734138769,0.0899058145360954,-0.83560399743714,-0.536652344160515
2021-01-13,-0.268905766181504,-0.14563190974286,1.03231294627584,0.712121130467125,0.0114195893102575
2021-01-14,-0.913949437183526,0.921031264587491,0.845672555435328,0.0520782074003634,0.752490790418037
2021-01-15,0.0131794977679789,0.269840810567423,-0.625965037037268,-2.05368813594653,0.162201715198762
2021-01-19,0,3.67094066744578,0.399912068125907,0.218821301319139,-0.298294279132882
2021-01-20,0.467448088521039,1.07438779620566,-0.385606929681792,0.705311750231452,0.0950841566361049
2021-01-21,1.05964749519654,-0.115912074093849,0.815645271244314,1.47531355345727,0.611047260905906
2021-01-22,-0.401494173125627,-1.61655754282837,-0.437058347359454,-0.641439832107693,-0.852771499268279
2021-01-25,0.483752130976178,2.38628153281031,0.664328212103982,2.15328291493382,-0.599480771650551
2021-01-26,-1.52386919751368,-2.5786366430383,-0.962591932423962,-2.16347247255673,-0.950478251977405
2021-01-27,0.109481346607865,-0.319413910868427,0.31139527017956,-0.566834295642771,0.444095138041245
2021-01-28,-1.92588582696818,-2.58193061622514,-1.54065951045279,-1.72851107486185,-1.30399726267845
2021-01-29,-0.632778557585922,-0.939788542322439,-1.91206060172391,-3.07173884592462,-0.610702555114262
2021-02-01,0.635631437425666,2.13084852280225,1.53411418883049,2.66296065891041,-0.21383595210418
2021-02-02,0.80722475785322,1.22406224749394,0.960519468871368,1.30922638293249,0.721413749681421
2021-02-03,-0.464615784029121,0.200696287882529,0.99750566925092,1.05582134879914,0.348346563216495
2021-02-04,-0.440223700276299,-0.664010699780881,-1.06882324143793,-1.35528667488849,-0.750554264441305
2021-02-05,-0.158040897747114,0.599910912173662,1.53095172834661,1.0657008359642,0.0526434416882715
2021-02-08,1.02778342635315,0.105070720821665,2.09508848420725,-0.946259960366014,0.83206640529454
2021-02-09,1.9911139104023,0.53310183493771,0.398781873331977,-0.212762248103004,0.131931762357329
2021-02-10,1.42178964028652,1.89043973284946,0.192995150718644,0.514450833497193,-0.321782329177278
2021-02-18,0.553037034919512,1.8358205712385,2.25150324087924,-0.449959060444272,-0.582380487065226
2021-02-19,0.564606134187962,0.161528447923054,-0.724170734675944,0.676755974771304,-0.974532238983539
2021-02-22,-1.46433616442678,-1.06587524279007,0.459036651291456,-0.900873504819977,0.0197853120736724
2021-02-24,-2.1747830702644,-2.00409551831608,-1.61911735816069,-2.79108711111569,1.49405358271233
2021-02-25,0.586646490996579,1.19056650923017,1.65969802024204,3.43645527419785,1.66022816045492
2021-02-26,-2.14185260964275,-3.70534805643423,-4.06676361857272,-2.83824412363547,-0.827346857366251
2021-03-02,-0.0139647490062345,0.398271277205886,1.51494532855558,1.02100668685381,0.838444124927662
2021-03-03,1.92822561288288,2.66075203755776,0.511912217060129,1.27701731818988,0.8871479486114
2021-03-04,-2.0736888962249,-2.177556865729,-2.15087278049193,-1.28950220492232,0.479124462942693
2021-03-05,-0.042823618736243,-0.474843816919623,-0.227669096892491,-0.567734957129318,-0.030852781059032
2021-03-08,-2.3278631536515,-1.93437159482368,-0.420327322434666,-1.00127530825347,1.88370091792258
2021-03-09,-1.83231046896317,0.810974737108516,0.985585737501893,-0.669434186324214,1.20946052431616
2021-03-10,-0.046151350448298,0.465632789562243,0.0296911195768246,-0.606650732148761,-0.931126187564502
2021-03-11,2.32814062867188,1.64033298570274,0.60115343396383,1.86146283322532,0.850026053423569
2021-03-12,0.471705149442414,-2.2224960655457,1.71799423996646,1.34113402692382,-0.34799582950491
2021-03-15,-0.964065531435843,0.326678476381659,0.165218715295978,-0.284585690667605,0.347673872521703
2021-03-16,0.780002440052918,0.670327916668434,0.516419339202301,0.70212692418572,-0.0157771621077885
2021-03-17,-0.0342412093393918,0.0221488101258771,-0.0225953123710099,-0.643372998045244,0.133222655967558
2021-03-18,0.507193551180762,1.27175231278027,1.0058776588572,0.605545964961784,0.896711950849216
2021-03-19,-1.70103974448494,-1.42058458618308,-1.41548269926997,-0.867414382055998,-0.0994866317189036
2021-03-22,1.13258902596947,-0.364916740275945,-2.09585361809381,-0.133992010157513,-0.206303505280836
2021-03-23,-0.931596318743644,-1.35220467550177,-0.612791278162561,-1.01719363194483,0.116936283058067
2021-03-24,-1.31150484929705,-2.05354964603792,-2.05716379559018,-0.27961605196527,0.0501193137440126
2021-03-25,-0.103110407090945,-0.066394652886359,1.13542036861372,0.399022625530954,0.267728390267941
2021-03-26,1.61432717546042,1.55355457326909,1.54327493772062,1.08045895648168,0.515584522824852
2021-03-29,0.495213038358955,0.00659906099489405,0.709755952544633,-0.163566240463986,0.556406088802852
2021-03-30,0.620433274123755,0.840544834016121,0.16382960900323,1.11235269219492,0.481273095900292
2021-03-31,-0.428204098762208,-0.699316441095199,-0.866388296505605,-0.279870098619917,-0.803939996257164
2021-04-01,0.70698475197144,1.95546513934541,0.717361304836217,0.845045215269735,0.514888438956973
2021-04-07,0.382956891613873,-0.916249362584054,1.15671779028581,1.60683060219036,0.441557204044152
2021-04-08,0.083881777581496,1.15553788625391,-0.0733852132293933,0.186285911908968,-0.293317833171081
2021-04-09,-0.919347099994461,-1.07187570922509,0.198664961912343,-0.362701468829307,-0.0583901293325084
2021-04-12,-1.0994293121497,-0.859186613535989,-0.773372300294106,0.118389092674676,-0.333728392124932
2021-04-13,-0.484036296071366,0.154414748157095,0.718096454783357,1.06239708017366,0.439182513666303
2021-04-14,0.594436956217947,1.40627230382098,-0.440001653069366,0.418801958592674,-0.26730383152298
2021-04-15,-0.520269788269978,-0.373315010451414,0.0732320401629849,0.374801864569818,0.169071842366542
2021-04-16,0.809602392125619,0.611363705096224,0.137140428256011,0.134210361224341,0.532058569529426
2021-04-19,1.47536702681847,0.4698690678822,0.00673755245870211,0.006877729601662,0.248304731194615
2021-04-20,-0.132652537475941,0.101576400155068,-1.99030993410432,0.681048314792676,-0.54827696083013
2021-04-21,-0.000287940891574578,-1.77923982239676,-2.05471902278269,-1.53436171011041,-1.1693423069767
2021-04-22,-0.225423990392315,0.465063129439791,2.35594479141703,0.184590818465757,1.03172365188229
2021-04-23,0.261122339722775,1.11841777456991,-0.57565338112795,0.11197434567265,0.196182343211326
2021-04-26,-0.954407172899963,-0.433971288122947,0.363218636729101,1.13932226791214,0.339431544188429
2021-04-27,0.0418374794373122,-0.0390020658073809,-0.462300705052421,-0.0655997660690133,0.296915939865983
2021-04-28,0.41915048727752,0.447487580683514,0.21389991868368,-1.061463266144,0.159465622019894
2021-04-30,-0.295773782273834,-1.19891629592477,-0.834130221282336,-1.06204972467214,-0.0400756160775728
2021-05-06,-0.16201764832342,-0.304799517173215,1.78437590746068,0.398523740554602,-1.41664354948396
2021-05-07,-0.65334080785302,-0.0936624875825132,0.090135855651674,1.15673324790304,0.855454390402066
2021-05-10,0.266399645782833,-0.0524068073715966,0.545281478040494,1.61641617579384,-0.559328510989054
2021-05-11,0.403503394696969,-2.0557355188398,-3.13047427085742,-1.23462372466339,-1.20570226529253
2021-05-12,0.605395354768135,0.772447895696082,-1.62481264138048,-1.49961451568998,-0.670442062458321
2021-05-14,0.794754173548284,-0.723341323814708,-0.224214144369661,-0.26413400672034,-2.20911888707054
2021-05-17,0.777401175453818,0.592371292264104,-0.92879669934387,-0.597981374242984,0.804280332237362
2021-05-18,0.323275378995369,1.40778793220644,2.07011737097762,1.22172181201741,2.02310863945829
2021-05-20,-0.627351598122239,-0.503190699224376,-1.09226644187643,-0.339998401819663,-1.04983978866446
2021-05-21,-0.582828560534843,0.0286423543652603,0.778434477564183,-0.185481243927654,0.259485991096398
2021-05-24,0.306994673969641,-0.162403522903531,0.165059974909099,-0.384718411509333,0.183289324725067
2021-05-25,2.37515085490188,1.73965609214015,0.665408959448932,0.855661514057715,0.717102774727252
2021-05-27,0.765212998193832,0.697437649772503,-0.0174071445735891,-0.183372494702816,0.593576995817635
2021-05-28,-0.223867337722972,0.0384974594199505,2.08124129606588,0.730853834838463,0.432893602022766
2021-06-01,0.662379644656852,1.17282746506184,-1.15614925652494,1.03392179265764,0.27270830532693
2021-06-02,-0.763519982706917,-0.579864476571501,0.456368190679513,0.0732225719564994,-0.825111363768194
2021-06-03,-0.360099813326009,-1.13825199796995,0.386075637837457,0.716975223778427,0.125196821937479
2021-06-04,0.212651887188287,-0.165606742138991,-0.402037589002191,-0.226589343052908,-0.44204985188383
2021-06-07,0.214145350198969,-0.453407374197923,0.268181599347805,0.370907051633118,0.783016084049848
2021-06-08,-0.541253332245972,-0.0204972636870693,-0.192057013856051,-0.132001034559259,-0.27337454652816
2021-06-09,0.314857242810973,-0.13472637203602,-0.35542151500092,-0.979276112847138,-0.43255386154577
2021-06-10,0.540387249436236,-0.0130476739576224,0.338156953509028,0.262699621019813,0.285942021657881
2021-06-11,-0.586340892767367,0.358625563046466,-0.033950820680495,0.762442757070403,-0.143343794865558
2021-06-15,-0.928877662445338,-0.708415148590547,1.68721161769145,0.286111797139377,0.533727051951693
2021-06-16,-1.08073403544555,-0.706752630890328,-0.511780749070567,0.613404071934731,-1.11808387570012
2021-06-17,0.206418933220043,0.427227885412584,-0.935294372321138,-0.419339086654347,-0.0401409398369523
2021-06-18,-0.0141829889468426,0.846171688711017,-0.187125770833418,0.0909245434904449,0.18623253881902
2021-06-21,0.115674468689519,-1.09014355331727,-3.34616504236678,-0.833962969598545,-0.839668748412947
2021-06-22,0.796720265399387,-0.631142634058612,3.06975181919409,0.709954447641792,-0.278461799926255
2021-06-23,0.247345931544274,1.7761298374916,-0.0319950029583183,0.376449014688873,0.302513790825465
2021-06-24,0.0120568579133007,0.226657055938695,0.00117748673087448,0.302028942133603,0.0320603249816642
2021-06-25,1.14048636525741,1.39508969461595,0.659116480919053,0.508125313561081,0.0634491354711386
2021-06-28,-0.0329917260298629,-0.0680368326820613,-0.0624976360033003,-0.0287672624482482,0.169001141291858
2021-06-29,-0.924577067780596,-0.94126580595475,-0.813718409035857,-0.461709506615549,-1.20296735556735
2021-06-30,0.503045287947934,-0.57469583763794,-0.0731891872389312,0.303796471437856,1.31739298660598
2021-07-02,-2.03777536654659,-1.81154678749795,-0.0286583665893403,-0.452994332396095,-0.0482473597125832
2021-07-06,0.326286780366836,-0.842666144049709,-0.487824618129196,0.71140532520797,1.95083676602277
2021-07-07,0.662341953680823,-0.40061816655399,-0.969168170696832,-0.602986403406014,-1.54736283914545
2021-07-08,-0.797267198363727,-2.9304766468524,-0.881372752109577,-0.999087542398414,-1.08847181100753
2021-07-09,-0.0400023269099492,0.702454938282493,-0.633662166164406,-1.07347610693029,0.763268272369899
2021-07-12,0.671672069399065,0.6223158419564,2.22485280115627,0.882374135444586,0.501391501031279
2021-07-13,0.525136285706118,1.61568368832032,0.520954702592036,0.764366203015499,0.623066816633511
2021-07-14,-1.07174790001636,-0.631203007877446,-0.382893404471574,-0.201034615355944,-0.432281890130959
2021-07-15,1.01761887810756,0.74864472225773,-1.15808646276623,0.653639999438838,-0.418552269749917
2021-07-16,-0.712007276028892,0.0300352049857011,-0.980815816717318,-0.283706287842023,0.391591465837493
2021-07-19,-0.0050858807483678,-1.85573398305543,-1.25896852261054,-1.00814385621231,-1.31238412720993
2021-07-21,0.662934819489358,-0.969405753220087,-0.379488121709137,-0.870910078286968,0.250393376626512
2021-07-26,-2.70908873426077,-3.86540036776513,1.03028486188101,0.280708040107669,0.638228300466359
2021-07-27,-2.51918085289375,-4.31391755347121,0.490758645192813,0.23476661116888,-0.00509734332947431
2021-07-28,-0.581068466514267,1.53265509806495,-1.39893136568698,0.133861172276539,0.093622231608137
2021-07-29,1.48024866258201,3.24976656255487,0.725238746671586,0.178717265382566,1.22930327824893
2021-07-30,-0.421790353161988,-1.3554711622545,-1.81180240055934,-1.25153496197221,-0.430718029273969
2021-08-02,1.95090460163598,1.05283228150821,1.80676311573365,0.644946643354238,-0.180779296282019
2021-08-03,-0.471625287559441,-0.156320899295004,-0.502284861335589,0.436521037794435,-0.379369978977095
2021-08-04,0.844167139529439,0.880750531508134,-0.209141039232641,1.32690454124464,1.06284016538662
2021-08-05,-0.307326089375692,-0.843078423060106,0.520826601012736,-0.129642160089638,-0.245360299248532
2021-08-06,-0.240296558258102,-0.0965560419770028,0.330956358956236,-0.176277715054418,0.0654882994560069
2021-08-10,2.05211432360812,1.61496297061348,0.244524311190197,-0.834265725623062,0.945415794814863
2021-08-11,0.0761764555317512,0.204784456588136,0.651769165160765,-0.698352573094674,-0.856697206227963
2021-08-12,-0.223313059691321,-0.535335640566004,-0.197876415203702,-0.380775075095308,0.0880115729158248
2021-08-13,-0.239737426355724,-0.477042430716246,-0.135268934118571,-1.16276916798714,-0.54534505827899
2021-08-17,-1.9910815044005,-2.47723096234633,-1.99524250375163,-0.893205270713082,-1.49525382896805
2021-08-18,1.10527691526254,0.469418573220715,0.586945458197974,0.502697019588894,0.41376390041048
2021-08-19,-0.567990431942889,-2.15187695661161,-1.11084145049141,-1.95314962866799,-1.43029353530615
2021-08-20,-1.10898178129979,-1.86031571892116,-0.986923424740915,-1.21202976330963,0.509878772767713
2021-08-23,1.44257084888402,1.0403360006551,1.7649041817192,0.965748102183639,-0.490768006383924
2021-08-24,1.06814906523756,2.43269386589109,0.861405882793065,1.54422022702398,0.647602494449195
2021-08-25,0.73453344849117,-0.132122791106681,-0.0263267511964926,0.270798926366211,-0.00418335315117702
2021-08-26,-1.09969242456938,-1.08888557763223,0.0630644246152556,-0.582599562901542,0.0620887245272428
2021-08-27,0.583729600410088,-0.030694414133059,-0.365272112850512,0.17149896497628,-0.925664788121594
2021-08-30,0.169921647169069,0.516808376873357,0.534545204747339,0.327806999086455,0.69029593778378
2021-08-31,0.446544832942131,1.32036031170397,1.07465703780782,1.73663534702531,-1.52865660167905
2021-09-01,0.651383816994766,0.575258082186991,1.27867472546725,0.241949826832411,1.06758582469251
2021-09-02,0.835834428285409,0.238455700541351,0.324557746819032,-0.976684399912742,0.0323798548325982
2021-09-03,-0.426536111663012,-0.724878069257429,2.02740975306135,0.790669190410043,-0.161679951107452
2021-09-07,2.61397682455566,1.72862266792766,2.6694446787447,-0.42701928241442,0.797112925182297
2021-09-08,-0.0380860150036355,-0.124158623064652,0.882141122418822,-0.769402936733776,-1.28177205333806
2021-09-09,0.486950497522898,-2.3251073899937,-0.574920090824449,-1.53849433477404,0.0898929162387319
2021-09-10,0.269867015047609,1.88715915690381,1.23747170910828,0.354461420474905,0.878378550886616
2021-09-13,0.330526230749761,-1.50753378096695,0.215455783002305,0.0671611028153052,-0.793445394028858
2021-09-14,-1.43049917171307,-1.21437207176509,0.728861931046332,0.668189062124469,0.196923380527636
2021-09-15,-0.174345088854899,-1.85625559956293,-0.51776942803734,0.145028055180774,-0.708915524436549
2021-09-16,-1.35284737428165,-1.47025669671628,-0.619283133709736,-0.741947768895912,0.193691216250791
2021-09-17,0.190553799077087,1.02004146881391,0.581060993774862,0.332344898128056,0.218065626679653
2021-09-24,-0.0249064625254647,-2.96725773146402,-0.827147809620143,-0.487412687416899,-0.322213768038537
2021-09-27,-0.840483553572646,0.068676354852748,-0.0289309423735062,0.26841879196926,1.26428858571774
2021-09-28,0.539733114483987,1.19736585109393,-0.185687798062339,-1.14643496095184,-0.731956540755085
2021-09-29,-1.84721670808461,0.66353821251397,-2.14201640857787,-1.22277711836674,-0.109882975945652
2021-09-30,0.897470433552172,-0.35687094959993,-0.310626477054399,0.278997552526405,0.402207323241477
2021-10-08,0.670361739160619,1.06129909535468,-4.88333870060629,-3.73546364568504,0.842329615707271
2021-10-12,-1.2671216769256,0.500960476952628,0.645600865681217,-1.35953652775465,-0.0244182199688581
2021-10-15,0.714398113151127,1.46490588755093,2.92527355871144,3.32766093218781,1.96825932895521
2021-10-18,-0.118478946036404,0.31055956184165,-0.148620997234872,-0.278325049225714,-0.00283565936189945
2021-10-19,0.698480348684427,1.47456739380605,0.65266990588988,0.740925764995737,0.790547721830848
2021-10-20,-0.171305655284648,1.34358069509819,0.13692243447565,-0.526633205321403,-0.0290757205714698
2021-10-21,0.216659464460456,-0.454389792725252,-1.88732664772164,-0.192676366733835,-0.300004296045842
2021-10-22,-0.339399939588603,0.419604155513298,0.334774295016693,-0.0389125121939671,0.520518439269502
2021-10-25,0.758019663048159,0.0195181841206704,-0.712272235413458,0.477210655570559,-0.102388022055422
2021-10-26,-0.339091549333581,-0.359438611413765,1.75236286754608,0.940428242319946,0.0846025059709987
2021-10-27,-0.986886409684651,-1.58530008532214,-0.0266990814113299,-0.776684393678728,0.423495901319093
2021-10-28,-1.23971856349598,-0.285282037760659,-0.960497785086822,-0.528249591280705,-0.446902716554121
2021-10-29,0.818600164608618,-0.700884832269999,0.251590854903405,-1.29996830860799,-0.176507662988534
2021-11-01,-0.0806563098061375,-0.882305814916151,2.57750163537107,0.277664970431779,0.650751374738867
2021-11-02,-1.1021216193587,-0.217495253782296,-0.426515122820526,1.15313429935204,0.412932933431698
2021-11-05,-0.40187557659852,-0.917193440139563,0.306667626293411,-1.47827441777268,0.307967704498502
2021-11-08,0.201997150312216,-0.430106630135896,-0.353594549061853,-0.305929773624758,0.662750802813328
2021-11-09,0.238950786226333,0.199125061509342,-0.753807072615231,0.0763170639439537,-0.629447072487821
2021-11-10,-0.415461218846502,0.734846439400449,-0.612001038828325,-1.09595624367218,-0.373760616985663
2021-11-11,1.14815680710585,1.00251356451153,0.586046226011483,-0.179331194122856,0.208675082176946
2021-11-12,0.178453049313454,0.316277008565891,1.12795299513593,1.48907008818107,-0.297532740850137
2021-11-15,-0.164017909062153,0.248191727848734,0.561843787287408,1.02944451024936,0.375018023295759
2021-11-16,-0.326289535973423,1.26357990182839,0.105127280139072,-0.0770419916941378,-0.0549435299296519
2021-11-17,0.441413009406944,-0.248034445454337,-0.402680031724323,-1.16753540725831,-0.189137626151314
2021-11-18,-0.472083936164935,-1.29631517572832,-0.302494926376795,-0.508986174479897,0.134163891710593
2021-11-19,1.12017982317578,-1.07109088376465,0.496120879033413,0.798868806554687,-0.144682033968735
2021-11-22,0.607916523321173,-0.394510175520146,0.0948925121248223,1.41139022883481,0.146535573456852
2021-11-24,0.296037167856333,-1.07115014487551,-1.59609270613466,-0.631208879210199,-0.307229408939946
2021-11-26,-0.799524714439137,-2.48128118295661,-1.89841834032833,-1.95091784101784,-1.90451558564906
2021-11-29,-0.0390077445139525,-0.95250816323027,-1.64006681982229,-0.927858638329759,-1.45353569539051
2021-11-30,0.0333960564887548,-1.59310326141959,-1.64749969505547,-2.44639770490762,-2.57371144647571
2021-12-01,0.364106284246546,0.7793110202023,0.408412871144215,2.11587807552114,1.85556684471013
2021-12-02,-0.0853059809266199,0.548013557496496,-0.654530278416132,1.55863131091882,-0.198373019129683
2021-12-03,0.935495949030063,-0.0935325903494544,0.990275009217179,0.779901139219685,0.31707926417841
2021-12-06,-0.503562398803403,-1.77145892189827,-0.365281281064433,0.165612551696004,0.462832008611969
2021-12-07,0.160904215996993,2.68023338424914,1.87377662159296,0.61928422201607,0.586789675342736
2021-12-08,1.17468506685423,0.0550640033939231,1.41330583785244,0.33636358946989,-0.156119582889858
2021-12-09,0.970378075995448,1.06936044984636,-0.469385048152837,0.920858651900858,0.404323103273896
2021-12-10,-0.18230402943118,-1.07415285634183,-1.00659944833321,-0.640420745741466,-0.217901794708197
2021-12-13,0.400957062104368,-0.171594380408813,0.710325971304471,-0.285101883266847,-0.500675645768567
2021-12-14,-0.532509453659102,-1.33906792432139,-0.728366987762463,-0.45779354395119,0.0365323732159695
2021-12-15,-0.380345121921621,-0.914604952430764,0.0951973236656301,0.0481819681617424,-0.199167156121405
2021-12-16,0.748093319728049,0.233451558230513,2.10903613265305,0.567732269778354,0.445891623626871
2021-12-17,-1.16760000570419,-1.21227683321266,-1.80745044023318,0.375821721401692,-0.55028398130883
2021-12-20,-1.07280892078325,-1.94953699858225,-2.15246426587719,-1.8302624531481,-1.25021839925044
2021-12-21,0.873566417058846,0.990773083149143,2.05401213627106,0.405185438893518,0.393306829623796
2021-12-22,-0.069262877454257,0.568656160643144,0.156342555820821,0.317140433375229,0.0787351865435326
2021-12-23,0.570332238679683,0.394462491655645,0.823427288798229,0.457657522829891,0.300760860059768
2021-12-28,-0.363789249689539,0.37405743981811,0.935903006646477,0.733419588545026,1.01523388465488
2021-12-29,-0.91627861344481,-0.836891383796079,-0.559818931466438,-0.896318150135222,0.306713951443349
2021-12-30,0.615007918080401,0.110263212072859,-0.399213058608083,-0.523871811436205,-0.363308224782344
2022-01-04,0.362407174816148,0.766481813190012,1.7561107823429,0.388477567907319,1.72775340546245
2022-01-05,-1.02802561818507,-1.6563759630019,0.103591870293229,-1.18691461546616,-0.557643649344541
2022-01-06,-0.25343755471372,0.720358068505433,-2.92061423699206,-1.13849216774318,0.657244155895143
2022-01-07,-0.182538337672256,1.80616443105137,-0.0326859172423255,1.16963184637608,0.656072567811528
2022-01-11,-0.338604880966997,1.04031134414306,-0.903269996886102,-0.935360007961261,1.27442387140437
2022-01-12,0.83714499060914,2.75502699925667,1.90634911038323,1.52887961737402,0.264868220712167
2022-01-13,-1.17915046247301,0.113040780026452,-0.965970358968882,-0.35015209579381,0.0712500106919478
2022-01-14,-0.96093169034166,-0.190317859494371,-1.28893508161152,-1.36541658132421,0.754522050296202
2022-01-18,1.37215052847193,-1.11573015775299,0.471680163800769,-1.99378899756883,-0.0588234414653499
2022-01-19,-0.329120720650877,0.0624784563974856,-2.83564040891733,-0.769649748074386,0.118830357768296
2022-01-20,-0.087723743331658,3.36012311761156,1.10681475499064,0.715170201002557,0.330761721638595
2022-01-21,-0.918110390684035,0.0528868414242822,-0.906667350930768,-0.996678410238783,0.00121401949719768
2022-01-24,0.0437085272643856,-1.24579394329345,0.239917532102218,-1.50332799969179,-0.349943578754797
2022-01-25,-2.61759303678932,-1.68858576148736,-1.67047898390731,-2.59829325175458,-1.08987147014403
2022-01-26,0.656436852378839,0.190754857979414,-0.44331096542134,-0.410709962683597,0.730446406778107
2022-01-27,-1.79335367733557,-2.00809710046919,-3.16312276298856,-3.55991029401128,-0.353359422121535
2022-01-28,-0.971336990507332,-1.08504375961136,2.06876128305389,1.85119244202205,-0.421127027930268
2022-02-07,2.00683511075894,4.27855789189167,1.96992595448062,3.02219584102579,3.634256058643
2022-02-08,0.669845476565634,-1.02256016030307,0.130745604036342,0.0513518101871391,1.04193773237125
2022-02-09,0.78816664006478,2.03630019812273,1.07666503936041,0.811562079260053,0.536518149144882
2022-02-10,0.17112033415394,0.379304049178408,0.420472813994088,0.111175694297216,0.232475382298247
2022-02-14,-1.64954519657368,-1.4865801727753,-2.25105793289408,-2.46341712638234,-0.198563401104401
2022-02-15,0.500657775918967,-0.821311658699031,-0.794891104968798,-1.03847415893901,0.0052611734183472
2022-02-16,0.571188719463578,1.48018142591191,2.19135703213134,1.96594705789659,0.522398384797462
2022-02-17,0.0637450680452289,0.298394519155032,-0.832026728689605,0.52651219502815,0.065980031081736
2022-02-18,0.652988467279769,-1.89360485259815,-0.407691199619187,0.0156688123542637,-0.36882525832187
2022-02-22,-0.967492732905484,-3.37649068526744,-2.5106374198943,-1.38427653133126,-0.829350472535495
2022-02-24,-0.789595091862694,-2.66460925197052,-1.8267813323801,-2.16567237189187,-3.7304524467471
2022-02-25,0.623424389985239,-0.588500527209135,1.92839470360173,1.05004006720923,0.560382440295726
2022-02-28,0.315315315951281,-0.238169689674983,0.189874955448133,0.834091525627834,-1.59808562933126
2022-03-02,0.6299596158863,-1.63840800849329,-0.505633651816773,0.160660445093264,0.0665984262989028
2022-03-03,-0.0884384075559908,0.550845087051322,0.695637906395774,1.59839017381636,0.284700987156405
2022-03-04,-0.965836891643868,-2.53345389626993,-2.25188035516553,-1.23250121210106,-0.829270711513175
2022-03-07,-2.19317903880629,-3.94651954040732,-2.9844298671426,-2.31596597721619,-1.2147438368034
2022-03-08,-2.38011112325438,-1.3952191132093,-1.72145697666686,-1.09639284677652,-1.22968150301475
2022-03-10,0.0776979591778471,0.597224800890928,3.5638714044552,2.18462613724428,2.87581304957296
2022-03-11,0.413574033595943,-1.62376694762099,-2.07514626872385,-0.712898031978337,0.275176241642505
2022-03-14,-2.6395625456141,-5.10086134449477,0.57487057133212,-0.589042824872621,-0.543995269047137
2022-03-15,-5.07655716717927,-5.88668445442035,0.152524009256183,-0.915866501652296,0.123993726529292
2022-03-16,3.42440768662975,8.69278368914888,1.62610617624175,1.42784904089641,1.68107235393204
2022-03-17,1.38842617178181,6.80124117359213,3.3996661366654,1.31797624444099,0.961963142689193
2022-03-18,1.1144373634508,-0.413994932951312,0.65272840437629,0.463202920933625,0.23807602620316
2022-03-22,0.270007674486727,2.20268257924037,1.46781061900363,0.110023603406084,0.58496155305594
2022-03-23,0.342067035018623,1.20246589118125,2.95347905413088,0.920108235087813,0.419693724771797
2022-03-24,-0.63699268795574,-0.943906592775434,0.250149060416227,-0.197265792617607,1.0479164369233
2022-03-25,-1.17664800479389,-2.49636788320888,0.1402411844591,0.011722384639512,0.410662523678873
2022-03-28,0.0703311505727555,1.30004604271825,-0.734309968049018,-0.0153859116639232,0.534645019673441
2022-03-29,-0.329052216059722,1.11280916126653,1.09805465878701,0.420793107326034,0.0556373623599171
2022-03-30,1.9368386197895,1.37865563912936,-0.800186644540624,0.206639880665627,0.253326314016178
2022-03-31,-0.441799822741729,-1.06347805569147,-0.737066415150522,0.396411383888928,-0.995172514509868
2022-04-01,0.934065662627326,0.193930536476827,-0.560308750004879,-0.647569338897824,0.310210380244413
2022-04-06,0.0216260671098922,0.185720520281052,-1.14760018141542,-0.176076964072003,0.112246908187785
2022-04-07,-1.43343154635911,-1.23739602741413,-1.70262084832125,-1.44251418168437,-0.548397637543196
2022-04-08,0.466977291723225,0.288592560497314,0.360951248484476,0.167894410530156,-0.617312284746774
2022-04-11,-2.63982501357507,-3.08151226949409,-0.610625135945142,-0.270326057501791,-0.584571626320241
2022-04-12,1.44819675846595,0.521217721869505,-1.83064568819429,-0.982869404937503,-0.995256063600536
2022-04-13,-0.828422821698815,0.258774899345227,1.91252399671384,1.84763533959886,0.358788060214721
2022-04-14,1.21078257792,0.670097127819247,1.2163697872456,0.00809835824631122,-0.190773739477024
2022-04-19,-0.984793781176307,-2.30500424440034,-0.6902540077796,0.0802119404254675,-0.864677567642325
2022-04-20,-1.3547711732194,-0.395927081381764,0.858851681282324,-0.00735621361300787,0.848788300808501
2022-04-21,-2.28678238566697,-1.2609804749296,1.22405921473376,0.349556984477228,0.393191186083897
2022-04-22,0.230592328527202,-0.211516135928314,-1.63857952189854,-0.86510188118849,0.377073791275251
2022-04-25,-5.26800687969624,-3.79813925073549,-1.91632658315317,-1.77481047362456,-0.642323159942215
2022-04-26,-1.44733168573028,0.328459334015641,0.410314608700268,0.419872026520984,-0.526598271081546
2022-04-27,2.45875739598471,0.0584237099525708,-1.18102427733184,-1.10225200601324,-0.0415492454854061
2022-04-28,0.579735215893162,1.63996343232853,1.73301631310441,1.07151622107171,0.433309571323193
2022-05-06,0.87267829941835,-1.36160361193554,0.578110355885819,-0.865216240834155,-1.30377975914424
2022-05-10,1.13560037074141,-1.85833005441793,-3.14658126718061,-1.82983008846209,-1.76833577165709
2022-05-11,0.750183187196996,0.967510929193516,0.177698949066318,-0.165355233356657,-0.251383203650946
2022-05-12,-0.121366979856674,-2.26629273316838,-1.78949688469849,-1.6409208504478,-1.90547521487812
2022-05-13,0.954192346432059,2.63987706065851,2.60258934139923,2.10161547706784,0.817456104380909
2022-05-17,0.304954282800196,3.47554776359438,0.874412681190506,0.620135660621468,0.335677339467289
2022-05-18,-0.249851254953271,0.20248850465272,0.938761947038458,0.211191710123249,0.730021103549205
2022-05-19,0.355171214419414,-2.56901415803075,-1.90709767086528,-1.28932169782416,-1.07980089263524
2022-05-20,1.58919854956743,2.9218062008427,1.26527156487626,1.79489988664709,1.55088635645964
2022-05-23,0.00921596014276105,-1.20028730979396,0.976886494329499,0.30605300935429,-0.834496331243884
2022-05-24,-2.44246829591788,-1.7641706796157,-0.942822250182296,-1.58038791098267,-0.58077555037368
2022-05-25,1.1825224915528,0.293769079167028,-0.263317933732843,0.434609316147849,-0.485049471528853
2022-05-26,0.502362798685496,-0.273385418837258,-0.273860475380694,-0.182420738699562,0.926634019752726
2022-05-27,0.228037870573239,2.84806953112486,0.662491755540273,0.975152951654579,0.663694858139152
2022-05-31,1.77914889259831,3.40947943659113,1.84284298915962,1.79758594577368,0.0600336701696236
2022-06-02,0.282988457218991,-1.56751880600545,0.490295290406628,-1.00695158846076,-0.178659666887526
2022-06-07,1.43853397687295,2.10991123430269,1.91512637359033,-1.23551094560579,0.149266238737056
2022-06-08,0.67727046010706,2.2180540813725,1.03364785033015,-0.0072346639435672,-0.177782229581958
2022-06-09,-0.763989358996042,-0.66330201236422,0.0433421476232709,-0.0270394301278287,-0.502843142879961
2022-06-10,1.4065697010146,-0.287897938602555,-1.50612379752815,-1.13267804983588,-0.872747605086488
2022-06-13,-0.895366801625563,-3.44580498836375,-3.05378076273612,-3.58286139258448,-1.34093018993227
2022-06-14,1.01949706914084,0.00194609922203881,-1.33384300036177,-0.461833584582827,-0.975002282276449
2022-06-15,0.500431718035266,1.13376174920123,-1.14700209567093,-1.84567061761971,-0.0978319364115521
2022-06-16,-0.607819750483962,-2.19577048914736,0.398200891008393,0.164530461975687,-0.271469453933371
2022-06-17,0.951512517303499,1.09527643198533,-1.78726829739393,-0.428425499040941,0.0213057177605336
2022-06-21,-0.304068620980225,2.27332252744699,1.08529601652059,-1.31964487175615,0.623919058117295
2022-06-22,-1.20234125426499,-2.59012274221746,-0.369342577810983,-2.78316018890896,-0.778326815642139
2022-06-23,1.6076613642463,1.25600573250786,0.0829498067471235,-1.22351557330687,-0.0164885526173109
2022-06-24,0.887575355590897,2.07106569792046,1.21801881874237,2.23384180802197,0.607630265290737
2022-06-27,0.875031961848904,2.32309192558429,1.42160179130748,1.48140915561426,0.828592125578176
2022-06-28,0.884455709610421,0.848634016435135,0.660972563705009,0.836238628846342,0.0850623284136987
2022-06-29,-1.40873402670945,-1.900639573552,-0.909389717579323,-1.83752107676458,-0.170197074428913
2022-06-30,1.09762142425573,-0.62522036142969,-1.54731755486317,-1.92549196709066,-1.04729451983552
2022-07-05,0.159055695664279,-0.0307461010462973,0.115229133341188,0.39106505826636,0.0612279115275172
2022-07-06,-1.44039369431859,-1.2265883795747,-1.20242555333707,-2.1482162112318,-0.0144979598402983
2022-07-07,0.269355421605155,0.263334336763421,1.45589358033504,1.82700465630186,0.825923264683759
2022-07-08,-0.24760148830385,0.379069916781738,0.10058913021691,0.697566053278997,0.0594186572891786
2022-07-12,-2.24821334938525,-4.13979356042553,-0.683131700203354,-1.40736669157047,0.462321379533037
2022-07-13,0.0859001904851553,-0.224721408202377,0.538139490492284,0.467032101256848,-0.544430666169049
2022-07-14,-0.0776725092087815,-0.224986592826859,0.619780998965069,-0.27048370260907,-1.22394329689666
2022-07-15,-1.64924319464639,-2.2095993760594,0.543048123480894,0.372209399692913,0.275292672140459
2022-07-19,1.57882892111143,1.77422047795499,0.644502757932841,1.70103741059124,0.599653715668325
2022-07-20,0.768212278700098,1.10303376192107,2.63029251262417,0.66753508825883,1.66986488532768
2022-07-21,-0.995033085316877,-1.52223434553616,0.442440477445771,0.930363403111478,-0.569072122324954
2022-07-22,-0.0620608185348814,0.167590330254974,0.400807031312134,-0.66718278429887,0.917014655122728
2022-07-25,-0.600582141292882,-0.224424024197845,-0.774666184205408,0.439874542602325,-0.0273507069662671
2022-07-26,0.828764070977073,1.65400326421441,-0.159120003310065,0.384915301935607,0.365628825282371
2022-07-27,-0.0512726618079995,-1.13451502515378,0.218670668247611,0.106451509382577,0.407049829999551
2022-07-28,0.20797953318521,-0.229386781818519,0.359185659030636,0.813890862030764,0.482743137280472
2022-07-29,-0.897827574498855,-2.28641279077078,-0.0497688491805093,0.664244876478026,-0.282640213902319
2022-08-01,0.206350254391197,0.046277065530731,0.687197020527286,0.0305888353136829,0.843065249451769
2022-08-02,-2.28639717048402,-2.39193138361191,-1.43421695052428,-0.51636809904716,0.0123496812394208
2022-08-03,-0.711820755040371,0.394766367553245,0.531909322945268,0.890831772060618,0.397769199328657
2022-08-04,0.79871849567752,2.03781957483731,0.683623951264423,0.472586074582626,0.545852883711895
2022-08-05,1.1842278520664,0.138201001885996,0.868579268297687,0.712747607791098,0.397391538022696
2022-08-08,0.306314016201625,-0.776048047345412,0.260061668825706,0.0922972035263925,-0.363145171777823
2022-08-10,-0.213702058304044,-2.19356843471896,-1.53354517636561,-0.49135801052218,0.46818064231946
2022-08-12,1.44064727002711,2.83924702077041,2.58200483604458,1.87914058795338,-0.520472222579116
2022-08-16,0.0302070097815132,-1.72527797041777,1.12140863341086,0.220489829441828,-0.474624763826981
2022-08-17,0.445939424715469,0.462507147893731,1.21829624064045,-0.675251427622836,0.275299220147929
2022-08-18,-0.456312520575253,-0.798968932235766,-0.964953534817248,-0.335156706782858,0.328017625174937
2022-08-19,-0.595507618528046,0.0461340718919345,-0.0408138797737934,-0.614311014144153,-0.827306600987576
2022-08-22,0.603134999609445,-0.588639643210342,-0.470612908493173,-1.21853545705486,0.49346551554148
2022-08-23,-0.047909601298457,-0.785137317686768,-1.193957997274,-1.10907168868257,-0.502706634832428
2022-08-24,-1.88007546503233,-1.20970246718581,-0.490715356739457,0.496028902737855,-0.392920537180963
2022-08-25,0.961091984196649,3.56659287774939,0.582966156160758,1.21064444783459,0.441888741165108
2022-08-26,-0.309450194258964,1.00483126527777,0.56852005855248,0.152068585197984,0.0532526450367499
2022-08-29,0.139263101580234,-0.730573499275344,-2.69802428185688,-2.20631942622411,-0.84273937797601
2022-08-30,-0.417752754666978,-0.371207951476116,1.12929456002053,0.985694209387145,0.528354157729716
2022-08-31,-0.780174922932098,0.026864865378684,-0.369712065582917,0.858022156149207,-0.546665964395743
2022-09-01,-0.537332672248247,-1.80568573341375,-1.5427637254291,-2.30959227268297,0.0747779579505448
2022-09-02,0.0470849704058196,-0.743779261513744,-0.0384362906951097,-0.256993894838509,-0.572028241939293
2022-09-06,1.77207188322583,-1.2902062878382,-0.0880288276160712,0.025314197042281,0.5751298538474
2022-09-07,0.0875227722925587,-0.828461222478616,-0.712757715749035,-1.40230607678982,-0.414918365394712
2022-09-08,-0.330151428880576,-1.00098674993916,2.28849833638005,0.328520651544295,0.70696894934521
2022-09-13,0.868086917470023,2.47378615229579,1.9384900312275,2.7003059855538,1.73127204001826
2022-09-14,-0.807837855301052,-2.51367823201907,-2.82125448322077,-1.56844662225879,-0.97922316946395
2022-09-15,-1.16879726685113,0.440898307179438,0.205729432339119,-0.398483880534606,0.305240813155727
2022-09-16,-2.3243626626849,-0.895101416794475,-1.11198911616324,-0.796307354794923,0.00948553227555493
2022-09-20,-0.127704332257039,0.105105846672515,0.437129141858783,-0.628550282970419,-0.0413145373370227
2022-09-21,-0.167639259144181,-1.80953542278992,-1.36467362929462,-0.875498162794219,-0.157764253328807
2022-09-22,-0.265656450956442,-1.62151223739251,-0.584943438060748,-0.636819603481431,0.0392345587926002
2022-09-26,-1.87273944298987,-1.62661847168053,-2.69597321954915,-4.89286630688444,-2.51679681935464
2022-09-27,1.38747142454836,0.0289510563977302,0.529476504787851,0.131389507742607,-0.518948083642279
2022-09-28,-1.58956128549583,-3.47177758516359,-1.50873499071871,-2.48444996923398,-1.56614114208171
2022-09-29,-0.127171503123158,-0.494004651121038,0.943310130086417,0.0755722096138278,-0.0394775488606669
2022-09-30,-0.554275611658106,0.331271912520315,-1.8520271611278,-0.713757127097203,0.485484483618137
2022-10-11,-1.48565900200213,-2.29326051236374,1.7732740310695,1.68282269829865,-0.809596354335973
2022-10-12,1.52268440780388,-0.783282999179313,-0.0167430331190488,0.473315496762527,-0.704894009623303
2022-10-13,-0.30288658958888,-1.88533042894203,-0.605729111390829,-1.81434143959205,-1.39592445101027
2022-10-14,1.82747536541026,1.20437641230957,3.20060742650696,2.27096530604989,-0.0276313064457412
2022-10-17,0.420664814990701,0.151864800264967,-1.16945893022535,0.323086020598051,-0.788066225129214
2022-10-18,-0.129097148924195,1.79964698880717,1.41050507906186,1.35314370265558,0.335340280451213
2022-10-19,-1.19439687819085,-2.41321881946064,0.372113830611909,-0.55756385823198,-0.101840410344067
2022-10-20,-0.306936911021261,-1.4092909700679,-0.922969956754649,-0.868588996343878,-0.00330824580299094
2022-10-21,0.127758093630526,-0.425344748346212,-0.431857115832734,-0.224318056875195,-1.76053540503354
2022-10-25,-2.08312812101052,-6.66683807551713,1.32877568810255,0.986926285290934,0.476983151856913
2022-10-26,0.77714095444712,0.997801821496225,0.664058625353015,0.646209405170417,0.80867787212604
2022-10-27,-0.554962643900936,0.717308733256239,-0.316190903749636,1.72842829748676,0.227770110523551
2022-10-28,-2.27071733006943,-3.73012112768016,-0.881688210436238,-0.894418735442404,1.44707460400237
2022-10-31,-0.772887840767567,-1.1914829509406,1.76357302522767,1.10522583779264,1.10268822065649
2022-11-01,2.58326262976238,5.09859349866062,0.330979099746287,1.79791095623392,1.20156789555121
2022-11-02,1.14424352734055,2.37780379261316,-0.05612342675132,0.0706322039428997,0.338987158978199
2022-11-04,2.2203122436947,2.08815117272323,-1.69024639469821,0.493459264395213,-0.351446008850864
2022-11-07,0.228344020292148,2.65466843031703,1.19831763832075,0.989792455118632,0.357176266522963
2022-11-08,-0.434039341127246,-0.232858331358088,1.24359564594485,1.14237129999912,0.143785593409262
2022-11-09,-0.533975021596866,-1.20788336140834,-0.560116912634889,1.05195384858181,0.623325469821978
2022-11-10,-0.395773243129049,-1.71079242584664,-0.98012967900587,-0.919072320594605,0.242321863797379
2022-11-11,1.67100053305607,7.45477013121629,2.93496148827241,3.31344700171678,1.72307360257768
2022-11-14,-0.126079920245559,1.68295222143264,-1.06746807110731,-0.343297075028293,1.00075883804749
2022-11-15,1.63027858476585,4.02364105131561,0.0954361575994156,0.229264396140483,0.443079756956166
2022-11-16,-0.450907854732563,-0.473448681618827,0.136133692650553,-0.116181045708075,-0.278531698311646
2022-11-17,-0.145940709835379,-1.16148728452607,-0.349292612103014,-1.40439472245832,0.606514776280775
2022-11-18,-0.585579210817677,-0.294798510860517,-0.110334284636515,0.0646563211799567,-0.421148272695326
2022-11-21,-0.394676910026703,-1.88866560217509,0.16123328665465,-1.02715141196219,-0.662596229028978
2022-11-22,0.126336674842875,-1.31984748482061,0.609878393500018,-0.589874388261347,0.274646956600577
2022-11-25,0.411913424892596,0.852454117052126,0.593241627884034,1.34584419235004,-0.461555128891966
2022-11-28,-0.748841732161765,-1.58092185772318,-0.425895474669602,-1.22119578853788,-0.138481750407493
2022-11-29,2.28643776952282,5.10912846151168,-0.480472148457523,1.03766994795711,1.1141201911947
2022-11-30,0.050467459875847,2.13339410132498,-0.210190547095834,1.59565710229552,0.430343979436643
2022-12-01,0.447378457397285,0.745764588356579,0.914997681018015,0.295212405733292,0.0680518070623748
2022-12-02,-0.295178183227662,-0.32658183046923,-1.60056327377323,-1.85224772979655,-1.02536510329045
2022-12-05,1.74848792102491,4.41475022121534,0.152882402080579,-0.618505572115424,0.257405132104438
2022-12-06,0.0224147539828579,-0.395847790998616,0.235054438732973,-1.087184057649,-0.465344686505631
2022-12-07,-0.402673594479452,-3.2748639613958,-0.717879102798946,-0.433420486407687,-0.831148595394104
2022-12-08,-0.0709711033591631,3.3214038022674,-0.405242386812432,-0.493491595532713,0.329024537215794
2022-12-09,0.299798797381179,2.29045541804407,1.17739948605671,0.754606405919755,0.30515061359857
2022-12-12,-0.87410652719182,-2.22158535205921,-0.210536439600517,-0.672820604265567,-0.19458408792854
2022-12-13,-0.0852822153312616,0.678807404158022,0.403318420487331,-0.0261304585697175,0.971295960020591
2022-12-14,0.00629637675206851,0.393434113348512,0.717722546606936,1.12540875331657,0.222600609486534
2022-12-15,-0.248377636286889,-1.56173292317199,-0.371869797103486,-1.60836369732573,-0.147123488151557
2022-12-16,-0.0249348617485268,0.422883498139726,-1.887753565995,-0.0402457964461256,-1.01128182803389
2022-12-19,-1.93600289260143,-0.504388820124824,-1.05718603028944,-0.333178724193051,0.486347847104263
2022-12-20,-1.07914308933399,-1.34215818941161,-2.48912269782267,-0.80590175497699,-0.0810987698390164
2022-12-21,-0.174530911194282,0.343429965186992,-0.680986283117235,-0.186176655581871,0.0682010914033526
2022-12-22,-0.456651628780769,2.67129103638748,0.454291961349007,1.18575427648899,0.408844344590698
2022-12-23,-0.280642119837005,-0.438783479019556,-1.03377436859997,-1.8431412354607,-0.362481878321042
2022-12-28,1.35427381265831,1.54895344588404,0.400375232295147,-1.44708607278279,0.284152493148859
2022-12-29,-0.444726512475668,-0.796017326325327,-0.941492249287101,-1.95053617424641,-0.544182699879059
2023-01-04,1.60785233636158,5.19168987341683,-1.45459482429402,0.871703817793623,-0.208882186952408
2023-01-05,1.00976531440189,1.23819608693125,0.403356073682559,0.383575326011698,1.53634477749165
2023-01-06,0.0766688986781006,-0.287937947680206,0.590989399339747,1.1118495435249,-0.485282668444853
2023-01-10,0.375208867362176,1.6058715111436,0.773588832265659,2.64339026051683,-0.422348681144946
2023-01-11,-0.242286518738943,0.489110581878904,1.02787671465272,0.348982701282097,0.263221677378311
2023-01-12,0.0509067579438138,0.363444998050078,0.0144434853515563,0.235785768643559,-0.114079675454803
2023-01-13,1.0020905525856,1.03837081237863,-1.25664254715883,0.883573864979059,0.791587803728078
2023-01-17,0.901315383429235,-0.743464892820356,0.0733282082372,-0.281189068660037,-0.402783519358074
2023-01-18,0.00527242136065809,0.464032806286774,2.4654279727983,-0.466330928430558,0.27518791928447
2023-01-19,0.490975804866345,-0.12472023806005,-1.45083927344523,0.506249159616612,-0.407266777045656
2023-01-20,0.754182225617583,1.80192230548943,0.560059894302789,0.624844984654782,0.533647948492799
2023-01-30,0.138044413447602,0.113704432441786,3.25985536101285,2.27880584233375,2.53550752946268
2023-01-31,-0.418392056145755,-1.03571562243197,-0.388199939999723,-1.0415329356996,-0.374261256912867
2023-02-01,0.894420686724118,1.04681618424518,0.0723195832668111,1.01418750354281,0.355314966628661
2023-02-02,0.0228290002345588,-0.517005939647142,0.201538253529243,0.775821793729925,-0.41445886783773
2023-02-03,-0.679792756321795,-1.36589922922035,0.391211740450892,0.4655230984838,0.61085227370139
2023-02-06,-0.760064623870704,-2.04430215527882,0.667319951801026,-1.71638767393558,0.0484474664656176
2023-02-07,0.289511655493158,0.360011922000858,-0.029541820308765,0.552977952584488,-0.15044108075184
2023-02-08,-0.493195654199141,-0.0712973660979443,-0.285792352618763,1.29394857519154,0.226904856444143
2023-02-09,1.17710113754619,1.58873926762997,-0.0801220390959756,-0.0853950377764257,-0.860704779977972
2023-02-10,-0.297349037424688,-2.02712642503595,0.313562767537512,-0.476244273019422,0.0360109941587083
2023-02-13,0.717821574084887,-0.122772288908912,-0.88446136596243,-0.691937435227796,-1.07668655617417
2023-02-14,0.277311715334072,-0.239650922750734,0.637653307436814,0.526195011203345,-0.195697724621979
2023-02-15,-0.38912271462106,-1.4387048878211,-0.366249125705842,-1.54247224961583,-1.13290760758584
2023-02-16,-0.963631122766806,0.839721067131194,0.705024632938667,1.94076304231512,0.922633041954235
2023-02-17,-0.772746215558939,-1.2844874965344,-0.664053980548651,-0.985253642050221,0.516297309297364
2023-02-21,2.52672487071717,-0.922785843786755,-0.14560011505349,0.315671613636059,-0.648359600234016
2023-02-22,-0.465922903232574,-0.51595430395821,-1.35142193469004,-1.69300936693526,-0.206450905034039
2023-02-24,-0.731594175978501,-2.04686983934756,1.27998111010399,0.244976151631349,-0.539019344237701
2023-02-27,-0.279838777355579,-0.333037046732443,-0.107585203855542,-0.869003137639801,-0.582382931628445
2023-02-28,0.660179464698274,-0.793219267757195,0.0787322401063051,0.424048863125481,-0.0186948254185637
2023-03-02,0.942003184478324,3.20063923128977,0.194050668024204,0.619747061820508,-0.853560302424761
2023-03-03,0.534415886068729,0.673612811276136,1.54658793331013,0.173665453777705,-0.0890686815484543
2023-03-06,-0.191266173832183,0.173181330086081,1.10500053846643,1.2483077256821,0.225301540292833
2023-03-07,-1.11789489811738,-0.334049370778544,0.252462955248234,0.0296388327718056,0.183820746393337
2023-03-08,-0.0563307390416767,-2.38139285190684,0.47584946014041,-1.28452553287648,-0.56890234446012
2023-03-09,-0.218314734219938,-0.627913269000935,0.627190917407816,-0.528552044762787,-0.383459268229203
2023-03-10,-1.41437334112258,-3.08756752698542,-1.68827089168371,-1.01794101635058,-1.16022415573909
2023-03-13,1.18854476172867,1.92773582999788,-1.11121921229831,0.666365294302729,-1.42827874132134
2023-03-14,-0.718147516673362,-2.3008965196853,-2.21939906165378,-2.58987449689672,-0.0836777370244235
2023-03-15,0.553114051527004,1.50519124808817,0.0273270610124499,1.30058995004632,1.36991703931475
2023-03-16,-1.12231925943593,-1.73430894389863,-0.807045814110907,-0.0760883081418307,-0.549266130945725
2023-03-17,0.730538769179567,1.62534406353458,1.1893913996083,0.744933895656708,0.875247351615371
2023-03-20,-0.482310593807966,-2.68909978801055,-1.43010492306406,-0.690699285499718,-1.37657478794964
2023-03-22,0.948833852964981,3.06158788297761,1.91484685953807,1.57462554191925,2.55392972000159
2023-03-23,0.637936355512636,2.31189727600754,-0.171263430012125,0.310651626276925,-0.0614908761328081
2023-03-24,-0.640998486143474,-0.670383731173985,-0.125390355898958,-0.393434458534792,-0.197772327836532
2023-03-27,-0.437315126024096,-1.76276245394291,0.334001256873151,-0.237968015652079,0.818087322593186
2023-03-28,-0.185322628223439,1.10266478836003,0.150486107891545,1.06190719100363,0.508425825415237
2023-03-29,-0.164059838446207,2.03999114766695,1.31957368368063,0.368119197549976,0.214787259166016
2023-03-30,0.65187093175112,0.576424264518138,-0.362335443699457,0.377368185339666,-0.164424276121622
2023-03-31,0.355366292213866,0.446975435905017,0.926303918711469,0.961463952327701,0.0527924776845268
2023-04-03,0.716674351615154,0.0444506638039854,0.521683435013109,-0.182655833535872,0.6782921366149
2023-04-04,0.489034044875325,-0.661642178173771,0.351550598738548,0.32991136054159,0.911386424346716
2023-04-06,0.00211314694382736,0.278827411933591,-2.9226946518893,-0.86158913791925,-0.32185882948923
2023-04-11,0.0283722195620228,0.754797485174663,1.62737362835248,3.54054983285161,-0.0803236023308784
2023-04-12,0.409894034724445,-0.859814440742568,0.568975576527642,0.109051692674456,-0.355713890520093
2023-04-13,-0.265441338965466,0.170313960912871,0.264119768751137,0.431117777453238,0.255901523400581
2023-04-14,0.594607633958688,0.462592244103632,1.18800121461575,0.383001159769147,0.246165164021583
2023-04-17,1.41173356055475,1.66733360872691,0.0747611126197256,0.171737229916058,0.501366213200072
2023-04-18,0.227764321188673,-0.636886411125914,0.503904877826855,-0.187293623819773,-0.292661647878312
2023-04-19,-0.686042084761063,-1.37867578823183,-0.181854458672603,0.155066808889703,0.436866895866928
2023-04-20,-0.0920269139749408,0.143310185050893,0.177457811289905,-0.465923667836599,-0.320604843232886
2023-04-21,-1.97268363679139,-1.58747375987716,-0.325749467474168,-0.732649909338701,0.253495493104339
2023-04-24,-0.786116168904982,-0.57843579412733,0.101998175675178,-0.824803902433224,0.082150110617718
2023-04-25,-0.322310638825485,-1.72858695748399,0.0928101239786372,-1.37577680894445,-0.845482607491199
2023-04-26,-0.023587181548379,0.708012958836868,-0.713931331693018,-0.168481196302306,-0.0804191550168198
2023-04-27,0.665042649720249,0.419268978006215,0.144916476859969,0.440907906918575,-0.361317558386531
2023-04-28,1.13147375678775,0.273261551422976,1.39151201945733,0.228921886362876,-0.351619734304442
2023-05-08,2.13545230581271,2.00277397507449,0.323286731906691,0.465827585113932,-0.39367898189262
2023-05-09,-1.10564799658128,-2.13853124245169,1.00680145269898,-0.125416328920913,-0.452573684865598
2023-05-10,-1.15385549925993,-0.531823534610965,-0.413399029590167,-0.541290068210198,-0.0203539114135509
2023-05-11,-0.289649756717125,-0.0932010630926072,0.0155882772350679,-0.220952027831167,-0.393706162584628
2023-05-12,-1.13007913469421,-0.592061424141654,0.894067001805965,-0.627415768659478,-0.652368695028294
2023-05-15,1.16602922186004,1.73693334218044,0.806719454567606,0.158635045588618,0.192114044643255
2023-05-16,-0.5983297990241,0.0356451092626386,0.72861408882865,0.035890063878341,-0.02115493508974
2023-05-17,-0.205620568795162,-2.11283765104309,0.836222087752425,0.579711768432656,-1.25865015327999
2023-05-18,0.397779163268908,0.848512338132146,1.58354927834949,0.827938925847338,0.274055098930681
2023-05-19,-0.418790861380636,-1.41245531200518,0.763807208443978,0.886178692115802,0.627709519326736
2023-05-22,0.393009027118119,1.16335239479533,0.899817801321134,0.757235893161479,0.265058592772682
2023-05-23,-1.53547954560036,-1.26273046706675,-0.415991744324096,0.408615434395454,0.217446505668129
2023-05-24,-1.2863319302495,-1.63605759696637,-0.892569169496582,-0.00389483933833645,-0.120330410070402
2023-05-25,-0.108960190361351,-1.9492546598757,0.385305160959959,-0.498230286383272,-0.202119992258964
2023-05-30,0.71434766930274,-0.80947989993323,1.69659959691391,1.19957627014795,-0.630467056268458
2023-05-31,-0.611316354282287,-1.96318827016242,-1.41534996368513,-0.325415191167711,-0.906352519550602
2023-06-01,0.0021843633907892,-0.0952506959309929,0.838648481208359,-0.308960681345471,0.237150511929407
2023-06-05,0.864063091608536,4.77829786395745,3.37572516832498,1.78379834430986,0.714681004166096
2023-06-07,-1.07867053154038,0.748168920504888,-0.947097238556793,0.00726437151072901,-0.296141120458948
2023-06-08,0.493812759185097,0.244765652074364,-0.857435690189234,-0.181767789142295,0.22085432126584
2023-06-09,0.552988220657191,0.469228264084087,1.95260390827379,1.15423757788093,0.0112966339289144
2023-06-12,-0.0798731978120415,0.0740315740310749,0.521893505606741,-0.4481547237841,0.285130789254495
2023-06-13,0.149787262048129,0.601711789797221,1.78652980464751,0.32654330081261,-0.208911871041195
2023-06-14,-0.144832029476305,-0.580533171259567,1.45451216842361,-0.717898929367244,0.897074157491318
2023-06-15,0.740210446408796,2.14344855854627,-0.0505464354999319,-0.403243322282432,0.764901987979805
2023-06-16,0.623631606641162,1.06072610064789,0.656602584278154,0.659112530129757,0.528382500381497
2023-06-20,-1.01233806248402,-2.18580136196689,-0.945442759729964,-0.798367748329198,-1.2283612213416
2023-06-21,-1.31900903635724,-2.00251737183397,0.556210325140505,-0.858986610048884,0.106457444926633
2023-06-26,-1.48950855126042,-2.23209647439155,-2.64472263660664,-0.0166510805193809,-1.05967617407163
2023-06-27,1.22460939301643,1.86604736898701,-0.491990678033716,-0.031373521392819,0.490069049304864
2023-06-28,-0.00188122568136606,0.124842853591822,1.99500564158406,-0.668537426749971,0.0601937132900687
2023-06-30,0.396781214739228,-1.34226326620173,-0.0149134500464498,0.00350981871823919,-0.0427244482336775
2023-07-03,1.30066183185154,2.04156318050686,1.68593781792161,1.47832565987889,0.0371120585702656
2023-07-05,-0.650388178982553,-1.02148454754847,-1.23601947570986,-0.9059267163817,-0.679551084520114
2023-07-06,-0.54071675426286,-3.06760182297232,-1.71132684352937,-0.884473829089938,-1.10326397118214
2023-07-07,-0.279904840222756,-0.907083017506238,-1.18046644199516,-1.16389273734256,-0.348495559304673
2023-07-10,0.221551859210578,0.61891200568791,-0.615349392812981,-0.238142050687706,0.313256065309453
2023-07-11,0.550034304642821,0.969917039752666,0.0429858392507754,1.64428012898821,0.459992320889491
2023-07-12,-0.786603198830704,1.07205621114854,-0.809513754632007,0.476134832134445,0.363453201710939
2023-07-13,1.25456165478326,2.56308132135334,1.47726714148977,0.639187611615188,1.96768964235634
2023-07-14,0.0376881709943433,0.325866289124654,-0.0866216516625329,1.42045829029067,0.313546084048966
2023-07-18,-1.23938735299145,-2.07171176904808,0.316343833952004,-0.789932143143712,0.17315382565819
2023-07-19,0.0318916437217709,-0.334018167149885,1.22999101357877,0.0237736443431835,0.642624158056115
2023-07-20,-0.920808722094257,-0.128245996426912,-1.24036273197401,-0.307576171687884,-0.0262610656784901
2023-07-21,-0.0558600168849566,0.774884361277373,-0.574955395729582,0.365836043017698,0.119645716489458
2023-07-24,-0.1133939169911,-2.15733442882833,1.22050231471853,0.716649148227422,-0.402235452402344
2023-07-25,2.10649972509707,4.02258284941013,-0.0563751239436527,0.301235367838615,0.641706901880212
2023-07-26,-0.263070388991515,-0.357014921132759,-0.0433659247647711,-1.68684505094951,0.570466050815099
2023-07-27,-0.197524793634685,1.40484437388437,0.679751547744445,0.4407099279784,0.977368304565296
2023-07-28,1.8255135289488,1.40285602633821,-0.401917422263942,0.173057890942285,1.00618117181632
2023-07-31,0.460182600654946,0.811995810489208,1.25280242311909,0.925801800401338,0.0833191304138836
2023-08-01,-0.00273473523986212,-0.338338554226603,0.91333111995926,1.30161376466296,-0.00563149010854858
2023-08-02,-0.893081093412817,-2.49827683782762,-2.32358714146965,-1.91544105086567,-1.45610523955249
2023-08-03,0.573819050404545,-0.495708962915131,-1.69091624507729,-0.424370497421744,-0.63236738271808
2023-08-04,0.232015133295072,0.608774957769143,0.104021591915604,-0.0994587453032381,-0.353827048641975
2023-08-07,-0.587168507919777,-0.00788179760675689,0.191815667563411,-0.852323376558406,0.529516887950088
2023-08-08,-0.251476137398576,-1.82717328402688,0.379782251369498,-0.261121573712941,0.118363577166036
2023-08-10,-0.186027147296208,0.333520724082881,0.297174014485613,1.06579259634261,0.275437438326165
2023-08-14,-2.36697256870304,-2.4971702729756,-1.28226513127547,-1.18669020769389,-2.28998703465972
2023-08-16,-0.894364235777445,-2.39480919474495,-0.918399109809798,-1.77498670655218,-1.05614730078898
2023-08-17,0.431115023896034,-0.0145679021359868,-0.444278174181179,-0.229512001474763,-0.525091178451476
2023-08-18,-1.00990583051708,-2.07177257658717,-0.555641890484004,-0.611026212666133,-0.716410103841802
2023-08-21,-1.25207862930292,-1.84161448587119,0.364603903948968,0.171543735841695,-0.628956744397691
2023-08-22,0.880373799099488,0.947195081956487,0.917884763277499,0.276244369168754,0.185305196747443
2023-08-23,-1.35287839697398,0.30816371362139,0.480844154196625,-0.407867944799722,0.451527907704907
2023-08-24,0.124662388885,2.03151412630458,0.861470016700316,1.27619623950181,0.205825498712642
2023-08-25,-0.591250780771801,-0.510741634468026,-2.07459965874222,-0.733270437640243,0.287571227594086
2023-08-28,1.12192079820534,0.0626204671315023,1.7108850412173,0.958812690543098,0.743339941839416
2023-08-29,1.19497197899179,1.92982757716944,0.176964921543288,0.343435910031253,0.292382878483011
2023-08-30,0.0398531496434984,-0.00632998881098246,0.329892773567053,0.354364802962603,-0.0890846533787126
2023-08-31,-0.551701729552256,-0.546862715065011,0.88027566489064,-0.193454273237936,0.405360730596271
