"Date","corr_SH_Hang_Seng","corr_SH_Nikkei","corr_SH_KOSPI","corr_SH_STI"
2003-01-07,0.508289513274817,0.291496551366364,0.319647219200052,0.322187172219855
2003-01-08,0.508316098519137,0.2918111528375,0.316111203271296,0.32189999072467
2003-01-09,0.500276305315063,0.245988858983089,0.304752252064502,0.33672715694315
2003-01-10,0.493434635774688,0.24053224883338,0.248660194963338,0.335833452118879
2003-01-14,0.489233252077679,0.242844627929989,0.250647134293981,0.325841977672699
2003-01-15,0.475023576595609,0.256739942797613,0.32629795164723,0.442825250041422
2003-01-16,0.471809536460898,0.254778981424248,0.326485367309413,0.441886122839184
2003-01-17,0.451112956869595,0.252727578041029,0.324825780011878,0.433471886953435
2003-01-21,0.451008845510719,0.24907240021528,0.325138926060549,0.432761628457544
2003-01-22,0.454134750646198,0.246707257995627,0.327563876502094,0.430503133575477
2003-01-23,0.454210604001606,0.241308150660039,0.321391340333364,0.429356403844223
2003-01-24,0.453222349489202,0.22495286979607,0.319395519804722,0.428879650381423
2003-01-27,0.425420872910098,0.213394005694193,0.283283590656264,0.416888072904575
2003-01-28,0.402263515064421,0.199312940106839,0.261423007682432,0.38909154725817
2003-01-29,0.403822934757367,0.197093928082361,0.262581764190282,0.388490811400865
2003-02-10,0.403371669244807,0.19359931585695,0.258432587427185,0.373793894165769
2003-02-13,0.404307512359383,0.176071542451797,0.264287537967457,0.381036506283569
2003-02-14,0.391870673727758,0.188130520777521,0.260278305343728,0.364068621735116
2003-02-18,0.393937593479338,0.191375869855634,0.260465801609145,0.364023996893525
2003-02-19,0.363089234909526,0.193221267765436,0.218215747273145,0.34817287212756
2003-02-20,0.366060914775619,0.192029464000324,0.216534209884763,0.353797168626752
2003-02-21,0.367895568560766,0.193426394771234,0.217017126151192,0.353345745461711
2003-02-24,0.38993236956518,0.219871899566199,0.218791809302227,0.344797134071982
2003-02-25,0.391035165145558,0.221157157386714,0.2198911074235,0.34256680270138
2003-02-26,0.363895346605823,0.169013397750049,0.167631029514699,0.312869593005175
2003-02-27,0.364954031819521,0.170388398360717,0.169104961385996,0.312422694711999
2003-02-28,0.366849327715673,0.171872979305632,0.170156095120177,0.309338652425932
2003-03-03,0.368954970976217,0.173396441304045,0.172342285546847,0.309060595390736
2003-03-04,0.378491753929182,0.18476321855848,0.184140350144533,0.311223575008149
2003-03-05,0.378510819069743,0.186253387959035,0.185128298269463,0.310629017073847
2003-03-06,0.38292165636055,0.188246581521471,0.192238280338723,0.311888810004072
2003-03-07,0.400229147102596,0.205586370173853,0.198906218783595,0.330197257887696
2003-03-10,0.403197623467351,0.208468643933601,0.203130364411231,0.331499553794814
2003-03-12,0.409438489356521,0.22521861336754,0.205360153933187,0.344124952379245
2003-03-13,0.410890351475272,0.219539014310521,0.197872968129263,0.345159897540451
2003-03-14,0.417717075975184,0.225889507989624,0.19895658540658,0.345190867044471
2003-03-17,0.409320009259226,0.225304390715725,0.200436833919544,0.341172497951978
2003-03-18,0.397398748577858,0.219843528832982,0.186620637667796,0.333648973289127
2003-03-19,0.360516626834672,0.212610004407978,0.164096459371404,0.290406550194078
2003-03-20,0.368190377755741,0.219917162279535,0.168485819811316,0.29443393382388
2003-03-24,0.36788434497329,0.210296354150408,0.152628274957564,0.283680182512954
2003-03-25,0.354788401436258,0.230694272639617,0.154674270306213,0.275160368830309
2003-03-26,0.360791161296825,0.250241843983114,0.17175829884397,0.261925422609867
2003-03-27,0.363469495461356,0.243981852427173,0.173438518548831,0.255886679299618
2003-03-28,0.257630577808929,0.231744550284791,0.144210030165758,0.208843205562663
2003-03-31,0.261437973099921,0.236000106654966,0.142078414276529,0.208073371839646
2003-04-01,0.217158707593639,0.184087230828131,0.112129676639892,0.143328812356217
2003-04-02,0.216368927627366,0.185202712160878,0.116233210463785,0.151012875875601
2003-04-03,0.217518784391834,0.185295935509458,0.118080273731623,0.151224621514944
2003-04-04,0.225484472494959,0.189658862930017,0.118531881211346,0.151845983432177
2003-04-07,0.237819984668952,0.193486063667213,0.12905129963045,0.157736023978597
2003-04-08,0.231692919847869,0.18346309483785,0.112053390611396,0.149969840695958
2003-04-09,0.225208631482193,0.178546911277732,0.114862912988304,0.145337009750858
2003-04-10,0.188390117524328,0.161938872353212,0.083310850138995,0.11352490937674
2003-04-11,0.191482173337673,0.157929745223715,0.0898641769644941,0.116769828633278
2003-04-14,0.195031214135523,0.118145981739454,0.0998346008427277,0.122732880950852
2003-04-15,0.154126993514265,0.0952144634049807,0.127266536361423,0.0839947868961794
2003-04-16,0.167145155050791,0.105118686310769,0.13767435342924,0.0918869340500794
2003-04-17,0.162126511144002,0.0996373235375285,0.111436726948271,0.0934515100954287
2003-04-22,0.160289844466976,0.0983719257390116,0.109760503477119,0.0924010614422987
2003-04-23,0.161872088536573,0.109710730467669,0.134043199060818,0.110752417238102
2003-04-24,0.174901120843045,0.111214189640234,0.142969938472388,0.123004644849631
2003-04-25,0.19690422755856,0.0936632375541223,0.164048690895629,0.164122871596381
2003-04-28,0.204326536866162,0.113910253288559,0.182254896123075,0.174854837814995
2003-04-30,0.208309663891599,0.0777947437975172,0.182750223432447,0.194342287572253
2003-05-12,0.16943615710814,0.0561967560444554,0.152037746517671,0.160732208070388
2003-05-13,0.178554667538088,0.0726728387909159,0.161020272988373,0.169618614663215
2003-05-14,0.183798824842979,0.0788224027421986,0.184632313840303,0.172194270237787
2003-05-16,0.182139526841468,0.085841459556815,0.177910898437746,0.159022264568652
2003-05-19,0.18248644879063,0.0728639094659051,0.17828142625473,0.154045460296994
2003-05-20,0.1861483954255,0.0749343665283517,0.178217094686441,0.155209466065914
2003-05-21,0.192154178999549,0.0759562819499289,0.174766134712426,0.152964789907749
2003-05-22,0.195791284691738,0.0788200129394155,0.176451386218927,0.155227176948838
2003-05-23,0.20237584074748,0.0826567019923384,0.174605687410987,0.161897494615824
2003-05-27,0.214036304972482,0.0933538820090612,0.184253041696979,0.168615759317572
2003-05-28,0.219887137669343,0.0928542122265218,0.186382416389989,0.171743196344868
2003-05-29,0.215190625340757,0.0842823873483727,0.174310035097008,0.163763924791017
2003-05-30,0.217448139514388,0.0975703143969149,0.178192544305256,0.168205082853561
2003-06-02,0.219759724838359,0.10155503710487,0.179940228903703,0.171166436393913
2003-06-03,0.221011928347719,0.103009906273952,0.179430070306516,0.167451907610593
2003-06-05,0.22214833797135,0.103980240987525,0.189252737836433,0.17040501461735
2003-06-09,0.226723591088395,0.102063102738413,0.188415457481605,0.149214478372822
2003-06-10,0.210870040121737,0.0723229560025829,0.173811372117538,0.135004390614433
2003-06-11,0.212453780211126,0.0727629764178589,0.174853908089466,0.13604430221038
2003-06-12,0.204394556761695,0.0914683835538448,0.176490681952604,0.143269509027273
2003-06-13,0.205709369438064,0.0933508548741534,0.175827043701094,0.138524648378746
2003-06-16,0.211454973452414,0.097429289063698,0.179187636387367,0.140549172411536
2003-06-17,0.215167543045407,0.106981835144139,0.184549176145744,0.146344199784047
2003-06-18,0.211357825782896,0.102760284067616,0.178264060676051,0.142951136185171
2003-06-19,0.216692113107294,0.103606807958853,0.1797391656578,0.146111646503119
2003-06-20,0.218761432697966,0.104110110370146,0.158187598558935,0.121314394285224
2003-06-23,0.226551446680997,0.106082378888198,0.163434910812956,0.124528952324295
2003-06-24,0.255936765801727,0.105828371107094,0.182507045646899,0.147278434378232
2003-06-25,0.256679588810741,0.102490808963006,0.181885427536831,0.146540598162577
2003-06-26,0.259767353366881,0.104043432060201,0.171531484532696,0.149261861437268
2003-06-27,0.258122024396473,0.10407304258574,0.174306545019599,0.147240770366156
2003-06-30,0.249505649666537,0.0726750199473727,0.171718445238811,0.128286222473077
2003-07-02,0.260722407354735,0.0779992499198203,0.181645626232207,0.145601353144239
2003-07-03,0.265462336724785,0.123558912167274,0.201442981955075,0.163478201324066
2003-07-07,0.270307357174582,0.125915874530014,0.203145690778839,0.166335009021767
2003-07-08,0.25105449789608,0.124482456886864,0.193261035131239,0.159774260986869
2003-07-09,0.261646988715706,0.130926194705014,0.197909489909938,0.162240392980621
2003-07-10,0.261473956465266,0.127881197941778,0.201878999739696,0.162003295514413
2003-07-11,0.241878287496157,0.118488000879522,0.17911148155404,0.152611546368814
2003-07-14,0.247093161884136,0.123809565271112,0.179427107302128,0.148470449225463
2003-07-15,0.226884185057244,0.12053099134395,0.162544896337689,0.136394490632779
2003-07-16,0.230962023158059,0.122266926125876,0.161020695714949,0.140797635281135
2003-07-18,0.236580888775415,0.123722871597231,0.164154034658772,0.144266143305328
2003-07-22,0.251457107164017,0.155282634105602,0.207340224283516,0.163003783247131
2003-07-23,0.263886853500548,0.159212702755574,0.208055985763019,0.177219929318235
2003-07-24,0.260968222552782,0.16288132037927,0.20731679775698,0.179914263597019
2003-07-25,0.26177366713496,0.160450716709112,0.198925863087999,0.18532754942277
2003-07-28,0.260118016858238,0.164059076945997,0.194029819698053,0.166113144392138
2003-07-29,0.239254174680944,0.151120137059717,0.178996911512005,0.156815730110708
2003-07-30,0.246245952995632,0.151825817035282,0.183965302232862,0.155530294788843
2003-07-31,0.246948005856206,0.147076498936222,0.181915027247868,0.157215178810918
2003-08-01,0.250279113034809,0.150705692002782,0.184147663290056,0.162589425132301
2003-08-04,0.251767992600583,0.152353358661285,0.1819943842956,0.164752099684244
2003-08-05,0.234726696808158,0.120855870884591,0.155767608793927,0.133097523107736
2003-08-06,0.238809758327409,0.123069313503498,0.157712397283614,0.133296193581646
2003-08-07,0.256736772836412,0.13035916299748,0.174907249558283,0.134752660605241
2003-08-08,0.259848910709084,0.131624978583679,0.177031271456943,0.136819260215756
2003-08-11,0.263017448501543,0.120411621242989,0.191614643607204,0.136592508203956
2003-08-12,0.267784388947275,0.126089745401446,0.193329953012566,0.141975303657144
2003-08-13,0.274754819877035,0.131502428496865,0.191547196753174,0.147445258080138
2003-08-14,0.251308801676935,0.0996547317657149,0.157915334409528,0.113114646621698
2003-08-18,0.243371867556466,0.0833264828456696,0.131427664719291,0.109533513854234
2003-08-19,0.219831758812195,0.0717747842761357,0.127793272121718,0.0895361446672667
2003-08-20,0.222554083620925,0.0802248895787342,0.136070385438999,0.08991005145416
2003-08-21,0.230141809405439,0.072304226874955,0.142557535426235,0.0955801799083303
2003-08-22,0.227740675504121,0.0745730864354339,0.137959118066693,0.0954910894936002
2003-08-25,0.226038002859112,0.0800405394951828,0.140420695729237,0.0976657059740539
2003-08-26,0.225531703251583,0.0838020096903784,0.13465495645193,0.115359649103053
2003-08-27,0.228996317572847,0.0882219259413514,0.135027654852575,0.106894013674254
2003-08-28,0.232337909985067,0.0911334201973544,0.136979698129174,0.109902814431608
2003-08-29,0.221692035116342,0.106402203737006,0.150591836684018,0.113525188626488
2003-09-02,0.235296897770176,0.117666344070508,0.159376633623929,0.119078777432737
2003-09-03,0.237303146907327,0.214326082442059,0.184961627122019,0.10761310097942
2003-09-04,0.239118802610545,0.215324328337002,0.186701045421231,0.111111789071258
2003-09-05,0.242639870798722,0.216315178141302,0.188743696976346,0.113655152173598
2003-09-08,0.236307574026584,0.214037466643784,0.196619970969012,0.102217626750012
2003-09-09,0.240732703658615,0.212785188796092,0.199847665865301,0.102535764906981
2003-09-16,0.252105956060878,0.192950102160824,0.190426343351467,0.124566843901022
2003-09-17,0.248291251035103,0.197478857195412,0.202120103648664,0.120918616004126
2003-09-18,0.231306266654212,0.17804481208234,0.190087310062702,0.0954545263018667
2003-09-19,0.233902705293815,0.179506464663175,0.188411828616886,0.0984084825723152
2003-09-22,0.234757411199727,0.179375393138688,0.185280906768945,0.100387993668349
2003-09-24,0.25132228359885,0.214900068810346,0.222668000848939,0.106419570790469
2003-09-25,0.29255437254633,0.215016908591003,0.234488864699535,0.154389223033211
2003-09-26,0.29126259917198,0.23676148551549,0.25358969537773,0.159043219120725
2003-09-29,0.293621630589437,0.236772397487561,0.261068848304362,0.161922376048591
2003-09-30,0.313159302237998,0.245218584845024,0.260358634847867,0.160688290173021
2003-10-08,0.321449597447492,0.241863019329772,0.26036393166327,0.162653637891083
2003-10-09,0.316133511043068,0.246139752836988,0.263573554812434,0.160297236479239
2003-10-10,0.316566309508785,0.246796157611136,0.258243512803588,0.161506455682939
2003-10-14,0.324873546794791,0.288810533168018,0.305911829820175,0.15969758973325
2003-10-15,0.331020038885551,0.268349899797307,0.292411509380555,0.166908579190594
2003-10-16,0.324031997348561,0.270175643382856,0.293234344015745,0.165108199969319
2003-10-17,0.32552726821681,0.25283224425949,0.26995782275465,0.161868820416311
2003-10-20,0.327716057034838,0.253058216896968,0.265524269901223,0.165770196507676
2003-10-21,0.320060894382748,0.241873428404604,0.255683124748799,0.163416363122795
2003-10-22,0.324247735779422,0.236190551076091,0.257213237024585,0.166779028565884
2003-10-23,0.306796932197517,0.187453285975393,0.242715648676842,0.13083472997752
2003-10-27,0.320244679346225,0.209439452366944,0.258281216858477,0.146179534580606
2003-10-28,0.318599994740172,0.200028733020914,0.246448459512459,0.158614628630047
2003-10-29,0.313536972282136,0.200486640240388,0.244775393198848,0.1591802386942
2003-10-30,0.313737065631638,0.193714355612257,0.242269834082056,0.164619657681573
2003-10-31,0.311936320068544,0.196819502641167,0.231464478805923,0.169672834282137
2003-11-04,0.314715752539766,0.194453007399604,0.23098835325659,0.172216361743348
2003-11-05,0.34620419629146,0.239501169605622,0.26303142699128,0.265564018021533
2003-11-06,0.348000273421179,0.24017594309565,0.259254233224037,0.267421435471017
2003-11-07,0.374567814642812,0.268684621215249,0.284322810917066,0.27343994300613
2003-11-10,0.366183647592601,0.259529806738235,0.258159273306077,0.267543241533884
2003-11-11,0.365967927159307,0.256129192143662,0.255381433115488,0.262387814695107
2003-11-12,0.36296104439724,0.246638567926851,0.252646781516227,0.253790596719299
2003-11-13,0.362932574918148,0.241237867462863,0.231287511321164,0.235522396999927
2003-11-14,0.360824166280418,0.241842453208667,0.230506653022701,0.235936085110311
2003-11-17,0.359575640164962,0.22980443769313,0.227563046687829,0.232137790399839
2003-11-18,0.3607618401917,0.228538690808207,0.229319291776834,0.23367672732784
2003-11-19,0.359388613667713,0.222342251963637,0.222944247045806,0.229674336106116
2003-11-20,0.333234133350124,0.186226761671746,0.156571156879214,0.200963238908638
2003-11-21,0.316213292081131,0.215989611377194,0.146335479620977,0.175824619698617
2003-11-26,0.317863248216487,0.216791500140638,0.146614842826871,0.179118892957571
2003-11-28,0.357743180032831,0.255377458385988,0.175202740679073,0.21517674245096
2003-12-01,0.340363755112228,0.257030840404335,0.164664837069468,0.20504139519408
2003-12-02,0.352292880315011,0.280703396185473,0.181761369280827,0.221116524904652
2003-12-03,0.353347767047265,0.280664249170095,0.183210472615053,0.221372522892117
2003-12-04,0.352235192943872,0.277269061456614,0.184558456333861,0.2238153615967
2003-12-05,0.352906889259667,0.278950777342549,0.184225516217332,0.223259549718048
2003-12-08,0.354888078957618,0.279162819331721,0.184674191742059,0.224253911121484
2003-12-09,0.363211041859679,0.290330585127792,0.189875062176011,0.230762360064798
2003-12-10,0.365540812144723,0.291371972208656,0.192084477077609,0.229288104889194
2003-12-11,0.362657744204131,0.262184424628589,0.203314882817951,0.22665481227461
2003-12-12,0.361693568761411,0.261170716316211,0.204328009552744,0.227425591408797
2003-12-15,0.36341140638261,0.26110808433274,0.202653002898401,0.228336795972686
2003-12-16,0.364630846652312,0.254460253855695,0.199610575083137,0.227603907335392
2003-12-17,0.362679242365659,0.256199636373415,0.202953486386578,0.230349760179368
2003-12-18,0.367776068925885,0.263744432125324,0.212821251296162,0.234264660684417
2003-12-19,0.369961483728136,0.263919792127079,0.214990244152294,0.233288501995998
2003-12-22,0.359022595683216,0.251990761851199,0.212072197807269,0.236988761091425
2003-12-24,0.371289358887448,0.255653701792491,0.173360033740422,0.253957203730288
2003-12-29,0.365961276662337,0.253311634847965,0.153094630795272,0.255514599260934
2003-12-30,0.365647077976906,0.241791771585149,0.154831428070086,0.239494508144416
2004-01-05,0.370231115492902,0.250609765749207,0.172195584530696,0.251984581513671
2004-01-06,0.453219265856169,0.269919507124991,0.210333066578768,0.358424518085402
2004-01-07,0.453976549469974,0.269490965504418,0.21109883230582,0.357657929549293
2004-01-08,0.457016558110312,0.265584857421353,0.214073535736033,0.358229857208812
2004-01-09,0.457533390406515,0.270449664510829,0.209173615230911,0.358212090212868
2004-01-13,0.431473436193417,0.250941122569698,0.164274300483304,0.345345191269701
2004-01-14,0.427745933152283,0.230018417658773,0.168674162957615,0.347711745142833
2004-01-15,0.4318740586902,0.229047508647452,0.168627697364194,0.346609276593544
2004-01-16,0.433608520224026,0.231184250747807,0.171691190108265,0.345445607619081
2004-01-29,0.42728150910654,0.239435369258557,0.174622428890755,0.346483959434419
2004-01-30,0.438954346552353,0.226212160013455,0.183783245659467,0.346469065831844
2004-02-03,0.439239624301464,0.223306126868894,0.195418289165466,0.332616006387592
2004-02-04,0.369883402814432,0.175103557508304,0.154050593726335,0.312477404153574
2004-02-05,0.36644778553278,0.14442225633595,0.144468823486359,0.296774064314714
2004-02-06,0.36567761256069,0.146245363576019,0.148339115668922,0.294869695901048
2004-02-09,0.342369498044358,0.148290145156604,0.140853762638409,0.277907628185278
2004-02-10,0.355788493683977,0.142138444279233,0.159749188625298,0.292551522887041
2004-02-12,0.359329678143694,0.146123771858556,0.160127963564763,0.296426024440929
2004-02-13,0.347927445053411,0.134614472094727,0.140750006839793,0.301982398550493
2004-02-17,0.346437558625707,0.133205246003687,0.141323808575858,0.301930317298116
2004-02-18,0.35147349722831,0.161152073359841,0.146836186634974,0.329918108310997
2004-02-19,0.35620884727222,0.160400936669537,0.141112956499618,0.326908829428192
2004-02-20,0.357610080554212,0.161310597644584,0.142902993781755,0.326694138696118
2004-02-23,0.359287707249539,0.161713427478134,0.143347218655543,0.326563937006941
2004-02-24,0.37144870368321,0.126509575558437,0.144011181302453,0.331293031467765
2004-02-25,0.373082977839444,0.12388922821699,0.142506458696353,0.330481731209823
2004-02-26,0.390851286987294,0.123089911129405,0.137676138455537,0.33918802064559
2004-02-27,0.393410315435459,0.128692206318217,0.138481557093298,0.339620211930755
2004-03-02,0.404337485411093,0.147113623122024,0.161771972283238,0.337009201821165
2004-03-03,0.390703808506382,0.158450981160537,0.171835428778683,0.337651456241816
2004-03-04,0.408684061151777,0.160315101676241,0.178209129039842,0.34714851245888
2004-03-05,0.409372807645672,0.162729302552598,0.182842455386866,0.348108503205402
2004-03-08,0.410412855184024,0.159544672457906,0.185479509282418,0.348045456762485
2004-03-09,0.392742016466143,0.164342837658583,0.19536164502484,0.349091514491083
2004-03-10,0.389669483440286,0.165814151872862,0.195678891725097,0.348390792572229
2004-03-11,0.34017941657877,0.140370857493239,0.138144560975523,0.312138390045111
2004-03-12,0.325759744961263,0.131456302080943,0.133843619013932,0.280434468231048
2004-03-15,0.325797421564191,0.130351276655191,0.126632302218789,0.277196964649293
2004-03-16,0.316668034757651,0.157229662417594,0.13361668898767,0.275553307705986
2004-03-17,0.319055668434544,0.154849920885791,0.134337998764816,0.268743023052844
2004-03-18,0.321195534588573,0.153433259154907,0.130579854168591,0.268560189369483
2004-03-19,0.33960944860252,0.148228827708094,0.131303286967079,0.264906801161718
2004-03-22,0.332596822607805,0.136862237198556,0.148727545938954,0.267090417208
2004-03-23,0.316237076721302,0.133929403308519,0.138586901618587,0.246339173517686
2004-03-24,0.315597203312681,0.138891389567358,0.138666732823587,0.242508520301983
2004-03-25,0.316316803482658,0.139534663043096,0.141258367900903,0.239188211826732
2004-03-26,0.31843325520605,0.135825399420664,0.144963158854692,0.240950843027107
2004-03-29,0.321349982852115,0.130587432127674,0.14411932266977,0.242355508108554
2004-03-30,0.327493861359036,0.136783506623965,0.133926277540248,0.234963092268532
2004-03-31,0.328341448968175,0.137869079412155,0.135726810300996,0.237331251019907
2004-04-01,0.332041162968555,0.140385891891447,0.145569349097827,0.249558913895145
2004-04-02,0.331413558470531,0.13715159615547,0.149367901966453,0.258839382983464
2004-04-06,0.335926452880195,0.146274515466056,0.151723708915443,0.263804645443686
2004-04-07,0.342383541732638,0.157374702086147,0.163261394184594,0.264319647063555
2004-04-08,0.343903356994823,0.160186137642202,0.164247201359289,0.264408534225709
2004-04-13,0.346596511001096,0.159664125762871,0.163215682601575,0.25481856278585
2004-04-14,0.273680959407295,0.139897437949345,0.151141782517959,0.263903310984419
2004-04-16,0.294937943138373,0.14502717042803,0.15462132564314,0.281952117570281
2004-04-19,0.296722352639465,0.146982516976304,0.157503928124808,0.282374812939533
2004-04-20,0.298875173065213,0.154242180542595,0.154641307449069,0.289968641291859
2004-04-21,0.303126752063937,0.147160797143367,0.144943033354566,0.287750314980297
2004-04-22,0.317916552061579,0.149663861949337,0.130885028054446,0.289108932364377
2004-04-23,0.317459388461288,0.152227385841568,0.130067146516682,0.29167957253825
2004-04-26,0.282931138132259,0.132250711377314,0.109077890381276,0.283740000241473
2004-04-27,0.279837271685708,0.134172988704266,0.11020036899728,0.279455248364192
2004-04-28,0.276767177013932,0.154294446078333,0.119847764258883,0.270365574492696
2004-04-30,0.279478411372945,0.157626356091745,0.126794299577797,0.272637539521212
2004-05-10,0.292316716965126,0.174718064698347,0.151722368029163,0.277195491891126
2004-05-11,0.35922153290277,0.294630610927842,0.259641571133435,0.359044617498607
2004-05-12,0.361019621006699,0.294227955965192,0.259728314205174,0.36056461254772
2004-05-13,0.354806053901993,0.304358653329007,0.278534539609404,0.346794315900606
2004-05-14,0.35859137772085,0.306452179221313,0.281423071327929,0.347974797562179
2004-05-17,0.370165503423596,0.297065285921831,0.295881170435067,0.370406119009188
2004-05-18,0.390430660734875,0.310694847905472,0.314371388649553,0.391655765911044
2004-05-19,0.395405901636444,0.315147433886485,0.31765911027,0.396498924203922
2004-05-20,0.38684654669183,0.314609395594254,0.315701288329217,0.390541474546524
2004-05-21,0.391135802799815,0.316075345659954,0.317383917305038,0.393142289941819
2004-05-24,0.396099700046974,0.318924243739902,0.320362631018826,0.395501005141948
2004-05-25,0.393620624309578,0.317316636846982,0.315782236792304,0.390295710835578
2004-05-27,0.381632460283673,0.323891128778141,0.32360849560357,0.393313231087694
2004-05-28,0.408957661284362,0.335942956097012,0.333858426459169,0.393341848622063
2004-06-01,0.404550032459548,0.330539820458964,0.328899232170487,0.389478006942633
2004-06-03,0.397206514951223,0.322518016480673,0.322305050032064,0.385980549994993
2004-06-04,0.411218869472982,0.343779641783385,0.356010394873893,0.389634703854869
2004-06-07,0.411092779918969,0.342063628652031,0.354506022603629,0.387417914417206
2004-06-08,0.372560309407074,0.308143022343977,0.3272475528119,0.356428475259886
2004-06-09,0.369851802620076,0.299594349635202,0.324354162025606,0.351557698952615
2004-06-10,0.368360447816297,0.302510904691488,0.330993934387266,0.347843990858251
2004-06-14,0.369496783342978,0.301456322684089,0.329994208225579,0.34690974700712
2004-06-15,0.39741227478123,0.306247880845649,0.358040370810165,0.357554070025618
2004-06-16,0.391622904217037,0.291358816988665,0.362335121030013,0.358607993539196
2004-06-17,0.39566250851033,0.297183489035373,0.360929566304738,0.360925404157809
2004-06-18,0.400467596544164,0.297095563522916,0.3473824541924,0.374664267637229
2004-06-21,0.411536846592438,0.308407170297923,0.354363113281817,0.384379572918628
2004-06-23,0.411989613294809,0.309634661996068,0.354737200072015,0.381679995985472
2004-06-24,0.412687076769291,0.308176661581382,0.350317850269037,0.382055692247094
2004-06-25,0.382486640061639,0.296353406060038,0.33204000763676,0.376979201886511
2004-06-28,0.376441489393431,0.288453734792108,0.309093451624574,0.362708949778036
2004-06-29,0.375841035823816,0.279052029105652,0.312369981545269,0.350012498428645
2004-06-30,0.36321928400026,0.272290994474631,0.315619860465633,0.359961758621283
2004-07-02,0.353708987225197,0.272402176425731,0.311780389029739,0.354229761790189
2004-07-06,0.328659539214164,0.228724015372711,0.238465620237917,0.342901482404009
2004-07-07,0.332396178542254,0.212800681515357,0.239826141378307,0.341094370848606
2004-07-08,0.33188324590066,0.217943625547793,0.238417062824739,0.340655639554115
2004-07-09,0.327768717688464,0.217983769549953,0.236152178810807,0.337565837525709
2004-07-12,0.325107347063736,0.21312946635747,0.235004069581968,0.336277239050978
2004-07-13,0.323076178354448,0.179572823173919,0.232930307246857,0.313040323857774
2004-07-14,0.32225859750621,0.180981759552739,0.234110353425457,0.313177175682101
2004-07-15,0.317930398127585,0.171433323963978,0.229851747706699,0.310475432496713
2004-07-16,0.318354937934894,0.17549646476588,0.22503124439405,0.30399657225918
2004-07-20,0.334628049610274,0.175874489476033,0.232962475129369,0.303175818733662
2004-07-21,0.333122858210117,0.182899341424367,0.23485149615412,0.305665249127622
2004-07-22,0.324448896759597,0.182114311715905,0.232584888018622,0.304821640825405
2004-07-23,0.333045368295699,0.209044766543123,0.251864074780116,0.32206719206489
2004-07-26,0.335114841815477,0.20930823331511,0.252312833902432,0.318998296873118
2004-07-27,0.339066273353469,0.212352498478299,0.253179903261313,0.309795611592723
2004-07-28,0.341630136422992,0.214485130778227,0.253233384019365,0.303926832886504
2004-07-29,0.343993376324812,0.217023291849186,0.255125617737726,0.304995388602388
2004-07-30,0.322192631629567,0.205406950142413,0.230304244891685,0.318899150789434
2004-08-02,0.31400642417901,0.175916330120854,0.221404936607283,0.317291772630862
2004-08-03,0.319090384096498,0.18409253837588,0.234660510608838,0.320314378451805
2004-08-04,0.309262127068856,0.188393569408701,0.23092183771144,0.297119518767148
2004-08-05,0.27789677874696,0.149765609645433,0.232220699546419,0.264894860857216
2004-08-06,0.252326325840367,0.146890249992384,0.212590710592984,0.22463915240345
2004-08-09,0.255538464643132,0.147353228729481,0.211584727704979,0.223650125350177
2004-08-10,0.258153264093262,0.146285425512203,0.214933368165836,0.224474862756125
2004-08-11,0.258629116806851,0.149059438925105,0.217806948704327,0.215773546592522
2004-08-12,0.268463834667259,0.138715367581117,0.21148012477207,0.220961748827591
2004-08-13,0.260445770307126,0.143489573015948,0.187335954289821,0.229037400041307
2004-08-16,0.263334429136048,0.138542730109368,0.1877610657301,0.227963943207328
2004-08-17,0.279703003314748,0.146730587939769,0.191605963779796,0.223983624731129
2004-08-18,0.283923396230361,0.149486176509907,0.191179693474243,0.225766047515382
2004-08-19,0.287584171288559,0.150410440815583,0.192280012941717,0.224452240959793
2004-08-20,0.25382902274248,0.131119050656671,0.156772968477313,0.198939588253036
2004-08-23,0.257114085705154,0.132953607564159,0.158740727835256,0.198126791029026
2004-08-24,0.24974327059858,0.123799957145941,0.159923655534558,0.190200898877642
2004-08-25,0.281147148093005,0.12715811273662,0.169534468654051,0.19459769933959
2004-08-26,0.274742802236302,0.121035951941695,0.162064431311957,0.190305559589263
2004-08-27,0.278487187467471,0.123639590698536,0.159365972199507,0.191242996262253
2004-08-30,0.275825642671296,0.114231702117925,0.160758166755089,0.196592317254943
2004-08-31,0.277981821654569,0.117024128234437,0.163378241349863,0.198333298030986
2004-09-01,0.267552469401008,0.0886672640267075,0.155832114707177,0.220426617111327
2004-09-02,0.227486153223785,0.0818736695795779,0.113694372852694,0.197076385921777
2004-09-03,0.229253407950857,0.0856887646579278,0.120560339643635,0.203075446779154
2004-09-07,0.233453646026401,0.0888587785288276,0.123625113158506,0.204897251897564
2004-09-08,0.226541804061111,0.0784096779752184,0.127224070542069,0.192280435831219
2004-09-09,0.241453447492835,0.0841296874793757,0.136184998995708,0.196259075728191
2004-09-10,0.265953397338444,0.11043712098939,0.11192585654911,0.179946419967835
2004-09-13,0.270169551924851,0.11020848814024,0.116666468924329,0.18214841685204
2004-09-14,0.228507158805636,0.0692024912073355,0.0585192933866353,0.132489957561277
2004-09-15,0.221201561470849,0.0785216206617546,0.055080155763136,0.151289280174945
2004-09-16,0.183595939731657,0.025717192809708,0.049187867133181,0.174835789967359
2004-09-17,0.196259259040345,0.0266047685177815,0.0574561215186385,0.169187065739667
2004-09-21,0.19756313485461,0.0142760589914342,0.0334077167449205,0.179435856145209
2004-09-22,0.211317423846792,0.0157280706520711,0.0565007175287279,0.174825674837886
2004-09-24,0.219108524250871,0.0291041596407157,0.0980935398462475,0.187287531441534
2004-09-30,0.19820745453666,0.0213444745221966,0.0974819158332298,0.167729913572673
2004-10-08,0.189596644290265,0.0405843430719366,0.0922808830973446,0.146815376327905
2004-10-12,0.205435267255475,0.0957579507280993,0.140172468067672,0.166907951975022
2004-10-13,0.205639197133187,0.110925138215547,0.166209967655776,0.211814371004204
2004-10-14,0.207599698813575,0.112718481467386,0.167552004256075,0.212966006276567
2004-10-15,0.242713521174001,0.136589987315827,0.18110305360854,0.245498808048051
2004-10-18,0.245743624576755,0.138514773932641,0.182753827067985,0.244507694008927
2004-10-19,0.248101806475675,0.139703005632679,0.184818446099424,0.241840701713449
2004-10-20,0.250321112251967,0.141578279200156,0.186365897154201,0.241128850369787
2004-10-21,0.255544278247013,0.146702837124273,0.190621240894156,0.244374396985265
2004-10-25,0.256438331586645,0.154883222294376,0.197156978346583,0.229924320860006
2004-10-26,0.252075609250154,0.155250324773414,0.197139078581454,0.228781625739027
2004-10-27,0.256752264778812,0.156647014461953,0.200792515796778,0.230944671566054
2004-10-28,0.256636468699103,0.158352654490333,0.197523692726448,0.231570768467761
2004-10-29,0.246340846989589,0.15726717809326,0.1929326315266,0.224297397882442
2004-11-01,0.25510045836842,0.16689758711821,0.191892176733516,0.230917130884757
2004-11-02,0.254336595992022,0.171250844860348,0.192132613167485,0.232919143045988
2004-11-04,0.2470666733122,0.167510326620081,0.190244790399984,0.228801622449608
2004-11-05,0.251073760164667,0.169590408052538,0.192194456593422,0.230416284489799
2004-11-08,0.252900804025374,0.170115370305597,0.192920978399768,0.231373523067994
2004-11-09,0.255472515694082,0.171616532278428,0.193465982160164,0.232544133727155
2004-11-10,0.257508361214034,0.172390232379221,0.194355965463422,0.233709094178135
2004-11-12,0.291794847872775,0.17228253067889,0.233861484098488,0.252363458275123
2004-11-16,0.291576233423769,0.173372243910346,0.229910868971579,0.248912562565268
2004-11-17,0.287670350875024,0.188088457870621,0.229113953347366,0.245454056355152
2004-11-18,0.282362416582293,0.192226631591808,0.221222897184494,0.236937564500962
2004-11-19,0.28218619957506,0.187799959344958,0.213638806463868,0.225216349144024
2004-11-22,0.282886876390208,0.187789547802472,0.206230969885687,0.228902379117807
2004-11-24,0.286080797727775,0.17545358101715,0.200703006652318,0.222836318998424
2004-11-26,0.245277970284086,0.172202503260687,0.159198843477039,0.189193411802288
2004-11-29,0.249317642584597,0.174299167660322,0.161988474987638,0.191672927100698
2004-11-30,0.223868085775577,0.152220494291924,0.153508837364048,0.179500900844457
2004-12-01,0.227467294764115,0.151319505443068,0.156821569478852,0.17795565538086
2004-12-02,0.225712207088183,0.157494105882332,0.159282029191302,0.174641973423176
2004-12-03,0.227147317466798,0.153182473042054,0.159723750194526,0.169223727680224
2004-12-06,0.228900107908397,0.15688982875777,0.160999603325267,0.17063999375975
2004-12-07,0.233464613372595,0.156054294749903,0.159331894431174,0.162226777152786
2004-12-08,0.239584538444291,0.171209459802441,0.173597007771857,0.179193359458717
2004-12-09,0.23104551585835,0.173591901118417,0.176509867789518,0.181515138924202
2004-12-10,0.231522559646697,0.152340683791102,0.163679569671321,0.160680102891841
2004-12-13,0.252559342568466,0.15667929030041,0.194648691805127,0.135370881570283
2004-12-14,0.257362702122884,0.156161247710324,0.196464148009398,0.137460441097965
2004-12-15,0.253922371767191,0.153773516264311,0.196466203830286,0.136860748194018
2004-12-16,0.258680966298787,0.156981091172156,0.203291838117019,0.144297200272463
2004-12-17,0.266319244305787,0.161733185827214,0.200204824817337,0.154757604311938
2004-12-20,0.273367021168003,0.135416216751895,0.198028142733315,0.127241750148479
2004-12-21,0.230657422533874,0.13333323901936,0.181702362632087,0.131389111119239
2004-12-22,0.234811181536324,0.135379649498195,0.183546393772729,0.13353420324048
2004-12-28,0.215541974747382,0.157860577662395,0.177270956974903,0.107871232234619
2004-12-29,0.203487677374585,0.0931878049446427,0.189695719859286,0.10465008985681
2004-12-30,0.204556331174481,0.0975941075222008,0.187935230759531,0.107873982923204
2005-01-04,0.208214992722635,0.0988296007713904,0.186361305202491,0.110546467205337
2005-01-05,0.23997282511552,0.0924695929723482,0.211993128183289,0.0945927798539092
2005-01-06,0.209509854355461,0.0875748423354631,0.210822310105276,0.0985610320531313
2005-01-07,0.217916716637193,0.0844408901039867,0.226652054784442,0.081415835840004
2005-01-11,0.213778688905687,0.0836188205802635,0.227117364891128,0.0825491717572303
2005-01-12,0.208896307539524,0.0973330419530898,0.241436647116397,0.0911150648591285
2005-01-13,0.212483431207931,0.100090897694922,0.242316547053837,0.0944051197826479
2005-01-14,0.216671415909906,0.102864319773178,0.242096712248533,0.0974514816652128
2005-01-18,0.227912073043569,0.0962188046237373,0.208650652073976,0.107227902080116
2005-01-19,0.206037364786873,0.102583580645669,0.170467685833888,0.0937081354480713
2005-01-20,0.204394399226791,0.107193580125024,0.175319121726819,0.0867546359989266
2005-01-24,0.224648372326574,0.129018249724255,0.186119270424531,0.106283846074101
2005-01-25,0.12954891871711,0.116854118444816,0.23530987178968,0.0444445824941898
2005-01-26,0.129659977341087,0.119325025424623,0.236195297091931,0.0490104362119602
2005-01-27,0.131506011326831,0.110150672902775,0.222949529902723,0.0337121999416589
2005-01-28,0.135924046635395,0.118099459718008,0.225885245413776,0.0527059199366339
2005-01-31,0.139136857104724,0.123300793533798,0.229801143864597,0.042621410578357
2005-02-01,0.13117257922044,0.11069987919294,0.204635404244033,0.0369437821463799
2005-02-02,0.138094353893713,0.113418519982213,0.207129329574134,0.0412497681312366
2005-02-03,0.11701320089066,0.113894034512571,0.175641990594284,0.0947843870759443
2005-02-04,0.124329762454169,0.117879449554349,0.171546999761471,0.0981233078564798
2005-02-16,0.137150714069202,0.111085436551616,0.179114397560127,0.106012272071667
2005-02-17,0.147971413478112,0.122407828408777,0.181917873386964,0.118237178728835
2005-02-18,0.152710902272901,0.124840166963294,0.183238786778992,0.119435046356448
2005-02-22,0.147446874118045,0.118404176323288,0.174064324249993,0.118618990316182
2005-02-23,0.145635251647554,0.0936853473522178,0.153891520759695,0.0685080058512136
2005-02-24,0.148964480140606,0.0953195850812024,0.155041049269851,0.071253451766783
2005-02-25,0.15284163178706,0.0977036264046968,0.154634459774951,0.0737953203477014
2005-02-28,0.157523246198021,0.10059779259488,0.156753232022378,0.0744349148541018
2005-03-02,0.160759531966626,0.0994011169580849,0.152746484021736,0.0811861361980617
2005-03-03,0.187615477980111,0.0929960998534361,0.157666466505231,0.0637047255945244
2005-03-04,0.192239896075385,0.0969071765583464,0.160328908258879,0.0673776128784973
2005-03-07,0.199513501437372,0.0989643470450579,0.161359030803125,0.0685401053996037
2005-03-08,0.204048847039942,0.10322096531906,0.160685504496142,0.0742506543561263
2005-03-09,0.217167815703212,0.0948193757258718,0.148114453943435,0.0689486251684558
2005-03-10,0.22013741853634,0.0959263579253576,0.148572498624468,0.0689326848621423
2005-03-11,0.234278946372175,0.124815505240459,0.169549900995927,0.0925070921531056
2005-03-14,0.238127924807093,0.128055911389515,0.170719269041237,0.0950777047798686
2005-03-15,0.241704546763427,0.127063908918129,0.171588739456996,0.0977120414811826
2005-03-16,0.25580313538886,0.135798650463464,0.207641389238634,0.107346664786932
2005-03-17,0.257330626375768,0.131703223688488,0.208393476939584,0.105761645934548
2005-03-18,0.261517526512394,0.144388625284782,0.217703318969487,0.115789929770951
2005-03-22,0.26279966370611,0.129603492531554,0.218269543527625,0.102559343843591
2005-03-23,0.272026391503922,0.139330685851388,0.216725725430284,0.102989112670687
2005-03-24,0.277313947654671,0.145599865334858,0.221098840988232,0.112651031492056
2005-03-29,0.279427144602471,0.147269602787918,0.215349075707157,0.11709737614579
2005-03-30,0.295962724188903,0.166586419699411,0.213009052827834,0.137138030747013
2005-03-31,0.293055068395838,0.174930515399654,0.218416834879182,0.144659419161744
2005-04-01,0.299811919086226,0.18252328518429,0.224886265580655,0.154028842680471
2005-04-04,0.277243176369969,0.192780402913441,0.266278257713012,0.152163052287088
2005-04-06,0.275700974264488,0.202877610420331,0.264297186441867,0.137898929190525
2005-04-07,0.281175244946714,0.213819257040451,0.26790335724346,0.143862248990941
2005-04-08,0.285905224075324,0.21210335662336,0.268181890848498,0.150749744884762
2005-04-11,0.295094307264455,0.220388802073199,0.270721566611342,0.157058416362255
2005-04-12,0.298417285055577,0.226297313608017,0.274141286991984,0.159520146476583
2005-04-13,0.299815570426307,0.238435496278661,0.279924748900245,0.171417983434517
2005-04-14,0.324281488614604,0.224999629918102,0.273216509899672,0.169727115708894
2005-04-15,0.328927340602908,0.233084656602434,0.285792751374644,0.176296036194342
2005-04-18,0.343983101170375,0.253540422233259,0.292086692449928,0.195699861892954
2005-04-19,0.366281833314981,0.282317227542464,0.312491462739149,0.230043522444319
2005-04-20,0.367864462300932,0.282344406574041,0.312519610631107,0.230576025774946
2005-04-21,0.361374939717573,0.279470073697584,0.30514754207767,0.230471607024548
2005-04-22,0.352886638900271,0.28465259015454,0.302855333484056,0.225832984589183
2005-04-25,0.350867253899324,0.283121965676092,0.302423411949872,0.227200453904541
2005-04-26,0.346669234931645,0.280559856667627,0.295815474685393,0.227741297720158
2005-04-27,0.352235036258041,0.277599987287463,0.294011739539772,0.232600140282182
2005-04-28,0.354933220634179,0.279860964558793,0.311310684434074,0.237091412793495
2005-05-09,0.362540080929517,0.275491999822727,0.278888700046859,0.226636858757401
2005-05-10,0.289038619401333,0.213884712618379,0.203786350751196,0.149747767092595
2005-05-11,0.288518803457294,0.21398244961746,0.204529791732273,0.151467059992689
2005-05-12,0.296841500644072,0.217980686126423,0.214098188510469,0.148526701897291
2005-05-13,0.292793157017001,0.224535546555814,0.217297522272326,0.139576293738258
2005-05-17,0.290354022701403,0.22393240974603,0.218834997179005,0.138985993124469
2005-05-18,0.299324241004905,0.232850989303111,0.216523391430402,0.149403211192712
2005-05-19,0.300489267780301,0.233454732723643,0.218413271467463,0.15122737689614
2005-05-20,0.302743336525554,0.22775406999044,0.211598796930528,0.152674658457076
2005-05-24,0.304895036990419,0.229733511606437,0.212860486592453,0.152680793678817
2005-05-25,0.301401759758256,0.205293126826009,0.211410997911877,0.149968240094311
2005-05-26,0.301795518812584,0.206712286816296,0.212954358305686,0.152956008504707
2005-05-27,0.3024869040752,0.205709858771182,0.209470334319502,0.163463684531635
2005-05-31,0.29108326948185,0.193599447457062,0.192447442795446,0.164464238890671
2005-06-01,0.301853133230472,0.199422949413592,0.200431301741361,0.17059639285189
2005-06-02,0.298884753935348,0.187287863729724,0.200481120223134,0.138109963517281
2005-06-03,0.309636539337923,0.196964969642988,0.195119259197298,0.10798965371277
2005-06-07,0.312378394937904,0.197755911921836,0.194793419526542,0.110798902049879
2005-06-08,0.313515578517676,0.179694456265795,0.182262420424005,0.131446339707836
2005-06-09,0.295209548733061,0.184752915521401,0.188798923374729,0.054563071939196
2005-06-10,0.296440772427801,0.173973355666997,0.196627962198132,0.0570905410829214
2005-06-13,0.293908125642019,0.157748161856667,0.193320096458149,0.0383983236311868
2005-06-14,0.296183546310325,0.15914148091964,0.194677340466889,0.0418629990910998
2005-06-15,0.30150268494486,0.159190940550483,0.200616695456627,0.0543151021361698
2005-06-16,0.302258156572186,0.150960436525686,0.169879565362017,0.0582680594548354
2005-06-17,0.294605930108539,0.151575946355038,0.171723728260505,0.0611989748736056
2005-06-20,0.295472538269481,0.151773792276005,0.173304133221692,0.064030856980766
2005-06-21,0.299888812723969,0.144110921845749,0.152133372947706,0.0464016415071107
2005-06-22,0.298996504623327,0.145756033905078,0.158190563706527,0.0508272513886168
2005-06-23,0.293252291919037,0.147185484460459,0.157983873536912,0.0540524028480981
2005-06-24,0.294264938922868,0.147380316002843,0.153586742038904,0.0487237870990312
2005-06-27,0.298202638706528,0.145590800067361,0.148965207186317,0.0517898094113164
2005-06-28,0.287449693625253,0.120031146941518,0.127612601620099,0.0304228120872457
2005-06-29,0.274112983805161,0.109810610589065,0.12530689164682,0.042868479056442
2005-06-30,0.277521221786806,0.110145141385866,0.126169983851795,0.0455248056631136
2005-07-05,0.291996674503753,0.111718666225574,0.10834826291781,0.034065145994389
2005-07-06,0.311622353727846,0.102164405030465,0.0705498706513832,0.0129315521869931
2005-07-07,0.313108390654372,0.105406760539838,0.0735731481123699,0.0132342270918733
2005-07-08,0.306050825854492,0.106728479397955,0.0789761074175374,0.0102610224787834
2005-07-11,0.316944910658514,0.114363234878151,0.0906558160591184,0.0108750777715276
2005-07-12,0.300111893350848,0.108941044995186,0.0796619051102096,0.00496183034901067
2005-07-13,0.291586355083102,0.111371842473584,0.088681896565776,-0.00327760605084992
2005-07-14,0.279538800993815,0.116491700590938,0.0870984688955522,-0.000340182465317034
2005-07-15,0.280009826295016,0.119841027252073,0.091333786460935,0.00532704243623179
2005-07-19,0.281347635662034,0.123478964769171,0.0969734909148671,0.01007242921503
2005-07-20,0.278236890572466,0.125645344999269,0.081663539184769,-0.0157544409232872
2005-07-21,0.282187707773737,0.128684836795293,0.0836485180541083,-0.00699165721545981
2005-07-22,0.285144733394539,0.130912330519216,0.0865907035253575,-0.00293526988872822
2005-07-25,0.311145178998062,0.100934870586691,0.0859700810920494,0.0104379512674863
2005-07-26,0.313751136526339,0.10239990432343,0.0853874125166949,0.01494709802427
2005-07-27,0.304100566185185,0.0935950321571601,0.0878264279450997,0.0343536746510209
2005-07-28,0.308002739855057,0.109470260879342,0.0929899666407898,0.0468380843222826
2005-07-29,0.310526388612486,0.111400101928396,0.0911030348555075,0.0479557490466004
2005-08-01,0.310402984562554,0.112453325480629,0.0916029892551903,0.0503149164226286
2005-08-02,0.315340704336213,0.117009613929396,0.0965723022315854,0.0575553063726085
2005-08-03,0.330195834735897,0.116086558521843,0.102359211773894,0.0697135865139446
2005-08-04,0.331632276186703,0.119658359220908,0.104345499779219,0.0698915699635388
2005-08-05,0.334525406031011,0.127141124137842,0.110411138890538,0.0744845934558108
2005-08-08,0.312971185870014,0.0872493989020726,0.0407857630984007,0.0325265811975027
2005-08-10,0.318711801146727,0.0902803851793751,0.0414150715293439,0.0410617961548077
2005-08-11,0.354544984115607,0.159552401898097,0.0840869610140598,0.0271956994414421
2005-08-12,0.364272350628449,0.176188470732957,0.110128400782123,-0.00491281530140696
2005-08-16,0.364408182761915,0.177694972387343,0.105088089985232,0.00233000303320215
2005-08-17,0.364502135129119,0.181299407615605,0.0969979116270829,0.00706399811378519
2005-08-18,0.364109753106842,0.175757990101265,0.0942993006465166,-0.0110654230624656
2005-08-19,0.433717373551277,0.160502057173674,0.16177653074749,-0.00984484548027482
2005-08-22,0.430494988230711,0.161749515910731,0.163123660350272,-0.00536325666811567
2005-08-23,0.433431610398937,0.169575364563989,0.172495609693604,0.00456494327145731
2005-08-24,0.435252107070668,0.170139016819434,0.17459727932484,0.0144689938998333
2005-08-25,0.420937417475305,0.173072166443616,0.14799934761491,0.00681937148110353
2005-08-26,0.421977369634842,0.16883197161802,0.150673532564125,0.012436550645036
2005-08-29,0.42127719516143,0.170175791766795,0.15249104970946,0.0165338436713956
2005-08-30,0.432830451595464,0.189536343510392,0.178059307551617,0.038230137225168
2005-08-31,0.427537948055488,0.178780570085738,0.174016964223652,0.0444232086044587
2005-09-01,0.422242423716081,0.171976961107351,0.184805388662969,0.0545412054200255
2005-09-02,0.442879072628454,0.186049355795932,0.212413284792158,0.085412424343163
2005-09-06,0.444292465469336,0.189003697583289,0.21491425805775,0.0895498568949498
2005-09-07,0.448508672606521,0.190438442330983,0.207960623823983,0.105135523345225
2005-09-08,0.451241767019731,0.189159166607737,0.230110734284806,0.116058541804849
2005-09-09,0.451097248521431,0.189569429753769,0.231072352178069,0.118873345997059
2005-09-12,0.451771038248315,0.180273745390144,0.229245797265433,0.12063697709299
2005-09-13,0.451925415150966,0.174254935459253,0.229364666097577,0.11717260990882
2005-09-14,0.421326495266531,0.173105159949854,0.226705817292802,0.0957489532347955
2005-09-15,0.421828270843797,0.16697568001034,0.234690688037514,0.100010482247978
2005-09-16,0.422422373450448,0.166267556872128,0.235697700813956,0.103013431491569
2005-09-20,0.424986864929236,0.169304366532149,0.234734759960086,0.109931254508819
2005-09-21,0.409100136308145,0.166684418065825,0.23148639007168,0.112966435868126
2005-09-22,0.405709828964725,0.155544092336662,0.21474755797637,0.134393248742249
2005-09-26,0.407143661361623,0.164625886582518,0.202797359447278,0.154331251421355
2005-09-27,0.402880867053342,0.151660933627453,0.201006893088736,0.140407218347128
2005-09-28,0.413192804614504,0.16642772406534,0.193566249090102,0.159310455705533
2005-09-29,0.413942512815869,0.165435802748111,0.188050866381151,0.161993922538705
2005-09-30,0.439084331380584,0.193259271224258,0.190357440193547,0.154606574077664
2005-10-12,0.439942525130236,0.194324554169618,0.190782815424627,0.15665126083782
2005-10-13,0.292981123961098,0.188306877334932,0.189498262171972,0.164070115210464
2005-10-14,0.292920965470524,0.19094346010915,0.205289333329654,0.166329564560724
2005-10-17,0.299871937883368,0.195467040986603,0.209644764234811,0.185797574968777
2005-10-18,0.299556255560793,0.198530010550288,0.219342548103277,0.196230599040928
2005-10-19,0.302565976742924,0.192925400553749,0.227142713722256,0.19255680721843
2005-10-20,0.309504926004068,0.20376670292985,0.235921540111437,0.196903881146817
2005-10-21,0.311796811217978,0.205153205367794,0.236992305102131,0.198573184662908
2005-10-24,0.315260625626809,0.205982976120826,0.242821182886793,0.2024379136585
2005-10-25,0.317265771762706,0.206311372935125,0.243666943052257,0.203323565526303
2005-10-26,0.311035740968488,0.164521861069341,0.24596760484751,0.197328297839277
2005-10-27,0.29960830802197,0.13414213470895,0.245190344416816,0.190469928205344
2005-10-28,0.301437059378978,0.136338342219988,0.243751982567933,0.188662970906466
2005-10-31,0.316328528859559,0.150337863066977,0.274492396314461,0.19754693967471
2005-11-02,0.326584344402491,0.175080898292084,0.286320362890745,0.211692880006472
2005-11-04,0.338424284128609,0.197155068029646,0.305838701058365,0.230980621212899
2005-11-07,0.340596898468593,0.19027856256872,0.301099662934125,0.228855210356119
2005-11-08,0.338162632134783,0.191472684518709,0.300986424265444,0.229341942526282
2005-11-09,0.340445881114692,0.189109544090751,0.303811528843891,0.23618545146564
2005-11-10,0.336711206069628,0.189872034726907,0.303699833348299,0.237438815417481
2005-11-11,0.326891934041569,0.187220762608527,0.287408508094153,0.249359694433472
2005-11-14,0.329447221800679,0.189236768981303,0.287021523436874,0.250636526457621
2005-11-15,0.332042765453361,0.191274341022739,0.28709412484368,0.252125138451856
2005-11-16,0.334323486452221,0.193034120645552,0.287657308407533,0.253182519413834
2005-11-17,0.336151550070518,0.199628336145743,0.294098644849726,0.260189627005831
2005-11-18,0.335627574482766,0.192867959973268,0.294112621187047,0.260223810235056
2005-11-21,0.343624220595106,0.229327191752936,0.289665480409322,0.300655426091642
2005-11-22,0.345466080531233,0.230920933500651,0.288680451925976,0.297608896266949
2005-11-25,0.339558377082256,0.221842419365181,0.324070276157348,0.297925679980575
2005-11-28,0.358819238605021,0.229034148851484,0.356361794036518,0.311092249190101
2005-11-29,0.360003163554708,0.218124043160102,0.355401318792086,0.30612959089634
2005-11-30,0.367169923142698,0.225399837636002,0.362723234497234,0.309500781456952
2005-12-01,0.365658094610758,0.224444601325867,0.362027699502755,0.308781705633514
2005-12-02,0.364398005570295,0.217491708434683,0.360429803392517,0.307288840523357
2005-12-05,0.35780422039884,0.200901198576788,0.357915466207693,0.294539830437181
2005-12-06,0.36171501867712,0.183538276331415,0.346337530096005,0.291435257404024
2005-12-07,0.342365703759325,0.173555836497342,0.347566675632983,0.266367498178803
2005-12-08,0.354864478504962,0.17835422930177,0.346967479369883,0.26710885594738
2005-12-09,0.351266963005068,0.178652131957295,0.34651033667796,0.268241866498986
2005-12-12,0.35140438647086,0.199961387898619,0.330225767094524,0.282709383565135
2005-12-13,0.354411687595061,0.202661125119306,0.330805110579673,0.284379234396376
2005-12-14,0.355508676559563,0.203955058024425,0.33067111738874,0.283097864035953
2005-12-15,0.358144868102387,0.1823631971084,0.326926188407976,0.282047245542256
2005-12-16,0.357515492747321,0.185429039513025,0.325793338744626,0.282302905465801
2005-12-19,0.357415702169096,0.18376929662024,0.313478021705215,0.281931081510841
2005-12-20,0.362624336457116,0.189908566690318,0.317031255986197,0.2820331057167
2005-12-21,0.362860484166704,0.197083231780454,0.316867545403447,0.282671113901637
2005-12-22,0.360139379203543,0.180614312017335,0.304634787507193,0.279772679800442
2005-12-28,0.358570748757939,0.18083598062791,0.301890798692753,0.272309491436536
2005-12-29,0.318035547631903,0.213168680004308,0.330915542661748,0.298365950396202
2006-01-04,0.306603624066131,0.222736390327843,0.339814670663838,0.304449605140387
2006-01-05,0.322688036609121,0.222152111738334,0.354936403046055,0.326877867461025
2006-01-06,0.331004156925474,0.225032625140631,0.33643679917022,0.343408572681776
2006-01-11,0.338735546681075,0.223094745850093,0.348473386004289,0.352855705242894
2006-01-12,0.32985074328559,0.222769991197121,0.340561321229371,0.351780426750337
2006-01-13,0.335923155982423,0.228699177546783,0.345705325756905,0.328626632422023
2006-01-17,0.33405428687501,0.229189470565476,0.335633537920905,0.328904609557924
2006-01-18,0.355394117932327,0.270014617964644,0.356757759691326,0.350785637001505
2006-01-19,0.320408193772679,0.198296476443327,0.253750558832139,0.299429868741157
2006-01-20,0.341021099509762,0.218219004643988,0.258691010514644,0.315019810574763
2006-01-23,0.342594408326119,0.218723043301344,0.242733449046376,0.316219365247033
2006-01-24,0.338931664362551,0.216780752669713,0.239486687715515,0.310569907467016
2006-01-25,0.338616955885358,0.211321978192754,0.229674714363863,0.309625589504946
2006-02-06,0.339384986667581,0.211592099517139,0.234445021904235,0.312365003174863
2006-02-07,0.332078551977528,0.308587953906265,0.222627752553916,0.392582062768031
2006-02-08,0.335699758457021,0.308274255959708,0.226158539790498,0.38915029927013
2006-02-09,0.323494797466303,0.296374847267604,0.21459974600022,0.3772825483268
2006-02-10,0.314018707633602,0.282382548423417,0.198857525748464,0.367024314536229
2006-02-13,0.31507890352018,0.273579547907717,0.208050696675501,0.357774750441352
2006-02-14,0.318860913287836,0.275082082335112,0.211199271897752,0.356025981716915
2006-02-15,0.325258896489973,0.278891034647897,0.214660295174139,0.357768598399837
2006-02-16,0.324916555746119,0.265864119337526,0.18983908255263,0.339683851426974
2006-02-17,0.310398984072063,0.247499993805105,0.165787866614384,0.310977103816392
2006-02-21,0.312429995225895,0.249571904006742,0.16240274260476,0.311552184491843
2006-02-22,0.334144785693736,0.2565468908802,0.177564313315833,0.319081035948151
2006-02-23,0.336312671040767,0.258164331316579,0.180713943864973,0.320955888372366
2006-02-24,0.339678176375821,0.260875108809036,0.185804325849281,0.321979829458508
2006-02-27,0.343484192072459,0.260289720197351,0.188901706791749,0.327033531926961
2006-02-28,0.344437244331844,0.260371776777808,0.19012604742286,0.322655747673777
2006-03-02,0.345815744452973,0.260578182288331,0.191185343432661,0.32271078140887
2006-03-03,0.351142844679627,0.275861797176729,0.195899885050921,0.322181026981732
2006-03-06,0.343682117365145,0.263858058256185,0.163051511978261,0.32630713945105
2006-03-07,0.345654889440135,0.256983222695591,0.158987873375836,0.316271453347777
2006-03-08,0.394646939753205,0.272238626163519,0.209385456374579,0.350354683828133
2006-03-09,0.402594622736062,0.275912217828835,0.211688323378999,0.339327045230959
2006-03-10,0.403012819359057,0.25864894289455,0.213843217669746,0.338261323770033
2006-03-13,0.403034189007488,0.258837547774772,0.214801089908501,0.337061267780092
2006-03-14,0.411991522220846,0.270698135678336,0.23003199724227,0.346414327898003
2006-03-15,0.413370517053011,0.270781398892404,0.230897825757416,0.345908427472229
2006-03-16,0.433076387812041,0.273027213662286,0.237224811814976,0.328229382800822
2006-03-17,0.434059708690535,0.27190729606312,0.238064386511026,0.327970857859406
2006-03-20,0.429970075131252,0.262831235805766,0.236610000333488,0.329352333297342
2006-03-22,0.444135103664057,0.283590478502959,0.241221125714341,0.347877190647262
2006-03-23,0.398942412083021,0.275939814010134,0.203099173646731,0.322871386955995
2006-03-24,0.403384208273141,0.274983393359417,0.204916320150086,0.322770318849324
2006-03-27,0.407529774114877,0.271060374333912,0.199875688563758,0.318081535562565
2006-03-28,0.408252487440996,0.271310436636542,0.201545050093723,0.318039301558351
2006-03-29,0.410146498564765,0.271764656133937,0.203032556169729,0.318988718160835
2006-03-30,0.399271997711176,0.279173817582555,0.20447638066125,0.321498525290947
2006-03-31,0.379022781002998,0.268740525234749,0.198695726722112,0.31962864597745
2006-04-03,0.376321028695109,0.268726915047323,0.203611747875843,0.321438985082956
2006-04-04,0.41328230233526,0.299624954803911,0.235541198670751,0.340832370662662
2006-04-06,0.414707963358313,0.29377936072906,0.239565163635483,0.317628068420594
2006-04-07,0.425979605311945,0.302373625081631,0.247503967120446,0.323036188124163
2006-04-10,0.427766452625867,0.302900941458966,0.24929868331742,0.324106480925243
2006-04-11,0.427965753983811,0.282688478336749,0.239134410753667,0.307116477570768
2006-04-12,0.427055079296156,0.281194116385823,0.234761994029273,0.308382021778366
2006-04-13,0.427165456647541,0.280606555008476,0.236419221637878,0.309421667993707
2006-04-18,0.378197789470883,0.262419992557376,0.15916070541299,0.303460676731641
2006-04-19,0.409861437634401,0.241558001819181,0.2231089681862,0.330278176170146
2006-04-20,0.41583979331869,0.246224587221797,0.228796921085069,0.336285259094388
2006-04-21,0.408572579197451,0.248416778640136,0.231710044106191,0.336878990423647
2006-04-24,0.395155729739618,0.255145036887776,0.254243067369263,0.357520202797094
2006-04-25,0.397717052753762,0.252219283429751,0.258514785015004,0.359168254935105
2006-04-26,0.402972083587472,0.250373671373383,0.258823418182956,0.361993523195958
2006-04-27,0.408552986384488,0.253745425541078,0.272970552578835,0.368709597243402
2006-04-28,0.408857129927102,0.253762655939408,0.273367166605527,0.367485461408372
2006-05-08,0.392178540326822,0.226253306260333,0.215738751783691,0.373088128197333
2006-05-09,0.487036258217688,0.286223764805869,0.277111944466606,0.45403502173633
2006-05-10,0.463767222648941,0.271736804903344,0.271191449617749,0.408215024465278
2006-05-11,0.460715816667977,0.258879478979012,0.271039411200833,0.409848590321226
2006-05-15,0.459413410284232,0.26087176364448,0.266175777157878,0.40983503341537
2006-05-16,0.180550188664671,0.0997891494948531,0.0278259679201235,0.0585324874382928
2006-05-17,0.1883036428894,0.122478711704003,0.0534115798235083,0.0707537060688167
2006-05-18,0.193214938665513,0.125748768179872,0.058559717025612,0.0761564127208927
2006-05-19,0.197067428181782,0.129021128362796,0.0641596419657753,0.0810313035018638
2006-05-22,0.200771526898663,0.133088050569257,0.0699701183625138,0.0789434323955973
2006-05-23,0.199014140198741,0.133612271434472,0.072233170991915,0.0795131941262959
2006-05-24,0.196356124542898,0.154420731268954,0.0811130974930996,0.0752119704289261
2006-05-25,0.200130814689538,0.147516620023723,0.0827152622604159,0.0766739460951464
2006-05-26,0.202769885514722,0.147884913502943,0.0828831214070982,0.0784482687888597
2006-05-30,0.210826909615282,0.156758425995301,0.0935161290359389,0.0890540828469236
2006-06-01,0.208961069162161,0.14813291846009,0.0912164755285155,0.0884982014947306
2006-06-02,0.200774400735425,0.130683292515389,0.0823191568559124,0.0729381837626307
2006-06-05,0.195565809185645,0.124714329747141,0.0809567135412073,0.0699932965089141
2006-06-07,0.200741345995546,0.122974680686669,0.0810749615978845,0.0702653811984765
2006-06-08,0.227467423051536,0.203563076919241,0.142308199117701,0.125170367005166
2006-06-09,0.22458223998536,0.199478488471791,0.138424772652793,0.123602810340021
2006-06-12,0.214655749911527,0.19387428521923,0.13176400659729,0.109125987491631
2006-06-13,0.217693711473111,0.194787229426495,0.133632151097625,0.111175806310554
2006-06-14,0.218633452590207,0.192196274065162,0.135598675232844,0.114112739116033
2006-06-15,0.221195520281012,0.191054228143104,0.131481372621639,0.118415815300204
2006-06-16,0.223985678651902,0.192127684333698,0.133239465748829,0.120699078659355
2006-06-19,0.249040445952883,0.210912802613457,0.161841345245481,0.15121362231514
2006-06-20,0.249871891318579,0.211037271594292,0.160961605920804,0.151945535016886
2006-06-21,0.249977208166432,0.208983672743471,0.158352124134647,0.149648380336411
2006-06-22,0.25317772218663,0.209605302659777,0.160057744767166,0.151467964960389
2006-06-23,0.254268490991148,0.20337951007285,0.160870567977481,0.151616185083314
2006-06-26,0.256448807566263,0.203770708644042,0.15993395827238,0.150855892257766
2006-06-27,0.257022449759709,0.204215324867719,0.166202061024283,0.160543870503721
2006-06-28,0.259302752528658,0.205134190667936,0.168828428748609,0.161138484057628
2006-06-29,0.262274538275644,0.204142286555636,0.170348077653362,0.162902527969139
2006-06-30,0.272415306889543,0.216837602175112,0.189468873548599,0.180658863071144
2006-07-03,0.266229911939987,0.21418535277335,0.187373333019587,0.179238536434933
2006-07-05,0.270639703897599,0.216323560813585,0.187040700193703,0.180491352368833
2006-07-06,0.268417246746776,0.213496903438019,0.178346457920112,0.175679597266626
2006-07-07,0.278781435783454,0.201019594946343,0.167791094640985,0.184789053995515
2006-07-10,0.280926723146716,0.202429559687638,0.165817381153826,0.186918980151407
2006-07-11,0.284151553493636,0.20387136570592,0.168124134632532,0.18776136696891
2006-07-12,0.281325736175537,0.20161772903609,0.169851297787675,0.182267010356584
2006-07-13,0.28360602284997,0.204815217577881,0.172371374342723,0.182931212247619
2006-07-14,0.323711999603516,0.226495701004648,0.193968389810412,0.221353020733723
2006-07-18,0.318772561787767,0.21844194707959,0.182729724549866,0.213340000468264
2006-07-19,0.31412815012324,0.193774357055401,0.170411647656622,0.200759296390577
2006-07-20,0.307115163317292,0.188022837820561,0.170261337709702,0.194121932393565
2006-07-21,0.308345592974291,0.192679692440432,0.175738402795135,0.199077365175651
2006-07-24,0.31002300672657,0.190574631951937,0.176532725293305,0.197457743880545
2006-07-25,0.312446620198874,0.191604610518043,0.177814292284641,0.198853194776083
2006-07-26,0.318628592045344,0.199750672453487,0.186532333238182,0.21024145172815
2006-07-27,0.321017983694018,0.199980935490052,0.188003335479054,0.211454496123827
2006-07-28,0.304047566586976,0.189461910834676,0.181611590809715,0.198308482331405
2006-07-31,0.304624361108161,0.184303041138495,0.182729436753513,0.203805040205278
2006-08-01,0.296603336998234,0.165812142134244,0.17840740737092,0.180245967761488
2006-08-02,0.301359669168259,0.167886773039328,0.184053728096926,0.182015394701852
2006-08-03,0.302879718890518,0.16931435234029,0.185320864571978,0.183489720222417
2006-08-04,0.30554918255024,0.170758298933656,0.186873741434034,0.185137722744362
2006-08-07,0.323337833941931,0.167986513854928,0.168459359972448,0.179655931257275
2006-08-08,0.317678960310672,0.193392967485121,0.183702427966887,0.182782547121991
2006-08-10,0.326603643323636,0.219394063273733,0.210004520951042,0.185876885776511
2006-08-11,0.34023833862795,0.228517173877995,0.201722154638976,0.166453310159813
2006-08-14,0.342356561095712,0.22904880270819,0.202174833297542,0.168224083178954
2006-08-16,0.333984395948344,0.191561350626754,0.196276473098766,0.168802066131268
2006-08-17,0.353883481780066,0.212139516916076,0.228945719978274,0.169587327681087
2006-08-18,0.35877435416794,0.214684217092989,0.222367605461266,0.162510922985607
2006-08-21,0.361431518678343,0.214039163514581,0.222715622721144,0.161456134928834
2006-08-22,0.343858616665273,0.212581252439359,0.221675395718199,0.160318644891248
2006-08-23,0.349708483129877,0.219082256123665,0.227928732573304,0.167116267303619
2006-08-24,0.351625945048927,0.219980015760331,0.228580994310371,0.169174078411701
2006-08-25,0.338364040498617,0.209890627337721,0.223139817907743,0.155305054572059
2006-08-28,0.340112021712543,0.210831778211921,0.222269141463515,0.15725237489216
2006-08-29,0.332897546881765,0.186696560717204,0.217731062419975,0.12284548550561
2006-08-30,0.332759748120154,0.187427527735759,0.216340821513416,0.123385211973818
2006-08-31,0.334403442316351,0.188125735444197,0.21660460109327,0.127551278364114
2006-09-01,0.337153827037504,0.18938421843059,0.218587311848917,0.131073963913266
2006-09-05,0.333736676635003,0.190649025775658,0.212952885430996,0.124434476581494
2006-09-06,0.332325681797673,0.2149988062838,0.218096591766915,0.154573833523765
2006-09-07,0.322558923883162,0.21140358235942,0.216452493324086,0.158273927965903
2006-09-08,0.331096312332703,0.221592976021794,0.221796078297494,0.168913820482551
2006-09-11,0.334502263586895,0.223569993414948,0.2242221923158,0.171796531907367
2006-09-12,0.323719715042469,0.210535376470508,0.207220251230351,0.164500065375829
2006-09-13,0.335126903997886,0.201543843532236,0.196390181761427,0.162819850347157
2006-09-14,0.330607661381847,0.201858344089756,0.195307394611359,0.156661604236938
2006-09-15,0.33303948545577,0.201251764027872,0.189248118631219,0.158507951205234
2006-09-19,0.335923377439667,0.184104808121411,0.190164283639396,0.159987107231938
2006-09-20,0.343678732454097,0.184401312065095,0.200690421486214,0.170840969053891
2006-09-21,0.339663962321114,0.186940064582039,0.203281439205655,0.173857697769753
2006-09-22,0.345067050543443,0.191808669214899,0.204370461555326,0.17797920438129
2006-09-25,0.348034626067591,0.207917482733526,0.223140130178637,0.193831948609576
2006-09-26,0.351135037245078,0.209145818325449,0.222334864962806,0.195074598083257
2006-09-27,0.360405663906217,0.214439543142086,0.230621024361812,0.19564595537348
2006-09-28,0.371422947457636,0.231917880900361,0.242456788743646,0.213348734924329
2006-09-29,0.371926572151182,0.235130990840009,0.250653645450131,0.219405765848686
2006-10-10,0.371694228038961,0.240755063963114,0.24905333404102,0.219148943111888
2006-10-11,0.408453691575532,0.282425121115448,0.117380340244629,0.307525318376657
2006-10-12,0.410281553307047,0.280003862487993,0.118999747175522,0.3062125384485
2006-10-13,0.409980364241069,0.281276583091249,0.117103503279271,0.305817391276829
2006-10-16,0.413311310130971,0.284067070252689,0.124387695328052,0.30863892251588
2006-10-17,0.411349481497914,0.271142028708021,0.119877893959656,0.306090558975574
2006-10-18,0.412262680441417,0.274088624978728,0.125144579142375,0.311280020115463
2006-10-19,0.410741866095386,0.273331642396289,0.129254843820851,0.30924702937362
2006-10-20,0.408689896885553,0.269230253316825,0.131481263218134,0.311036607392467
2006-10-23,0.405603702118407,0.267520335337403,0.131913344611354,0.308197432949459
2006-10-25,0.402057536996277,0.233885107075028,0.130071305497157,0.29343586683328
2006-10-26,0.399274384931877,0.194303748291345,0.143890105808937,0.313013423132931
2006-10-27,0.398017065423163,0.196570827544186,0.146467786489984,0.312954188711285
2006-10-31,0.40016671944824,0.19919052671465,0.149804537641954,0.31374422338524
2006-11-01,0.39734467028456,0.147882491477855,0.138372803119031,0.274451545379862
2006-11-02,0.406055284993015,0.146090076854719,0.149882794835971,0.287539432926943
2006-11-06,0.389008999572139,0.148740776953072,0.14848191962932,0.28864250058252
2006-11-07,0.413579332596663,0.147617648521471,0.134852179949344,0.279188143674007
2006-11-08,0.414685815433211,0.149707566651911,0.138200029706346,0.279754891222358
2006-11-09,0.425303398689272,0.171159906827518,0.151723907764,0.28787144136012
2006-11-10,0.436551620367232,0.165776616053561,0.185560746685287,0.29230579596078
2006-11-13,0.440093440419481,0.17309247963637,0.190208736165444,0.292308127966917
2006-11-14,0.441093257283234,0.183619715482854,0.190121705504156,0.289961424407213
2006-11-15,0.437475877484683,0.210454327602758,0.205088106634352,0.296852551414527
2006-11-16,0.458505973995225,0.198042877893808,0.212587273335152,0.310509805740319
2006-11-17,0.46075240006946,0.190129689072819,0.209996893347518,0.318947491549911
2006-11-20,0.457911529588496,0.176835250491279,0.210335081638329,0.327402935008818
2006-11-21,0.387284232357393,0.0911499464045772,0.173417824938339,0.2443757037067
2006-11-22,0.390396226117034,0.0930458920996057,0.178036101594769,0.256236992429774
2006-11-24,0.387248410164174,0.0968000092337048,0.179336775764284,0.256669519019621
2006-11-27,0.388466305338366,0.0922142212250477,0.180204477964777,0.252409940215041
2006-11-28,0.390551279717433,0.0923397767748334,0.181216986190813,0.248203601909557
2006-11-29,0.371235742945977,0.0962934624392509,0.188504718659747,0.252221580131977
2006-11-30,0.376912452034228,0.11000604478067,0.198386208254887,0.262030396470643
2006-12-01,0.38992139958132,0.139850305968279,0.21896393818387,0.265952294052286
2006-12-04,0.383934520026591,0.142025557554651,0.220403659472526,0.266297016883923
2006-12-05,0.369688999802231,0.131326630828448,0.180687048410448,0.273184750003671
2006-12-06,0.373975418681577,0.131235580774467,0.177768818360354,0.276882200966753
2006-12-07,0.370956868539378,0.126800168690111,0.185594732168655,0.278966663827135
2006-12-08,0.370202819984679,0.128478810347919,0.187184114057741,0.279250367382148
2006-12-11,0.375621712178991,0.141780148332319,0.252148703242727,0.314224187667707
2006-12-12,0.390755960761185,0.163383166375546,0.237417980276183,0.325942462003609
2006-12-13,0.387177706128398,0.173297231707154,0.212287276313886,0.32625317810877
2006-12-14,0.38344852668597,0.175020115815215,0.213854142954709,0.324948955416695
2006-12-15,0.390793868140838,0.183847451497058,0.228943200126382,0.332188982670142
2006-12-18,0.397548695020263,0.189329734672064,0.231091378119633,0.335365546445726
2006-12-19,0.400200058786524,0.193116868138642,0.244858669894732,0.35353175513862
2006-12-20,0.379314235363448,0.172086428128974,0.238872881483112,0.304608826280213
2006-12-21,0.379513421748337,0.175236930657018,0.241021019601881,0.305689961072746
2006-12-22,0.380872525424886,0.173860102346055,0.24620025655161,0.30473421330285
2006-12-27,0.381831113474611,0.175198946712318,0.246997972907233,0.303774149214505
2006-12-28,0.449133955230556,0.197602809471034,0.138152102054926,0.29608596776148
2007-01-04,0.451577784790206,0.197681638667672,0.143790143679539,0.296024318232979
2007-01-05,0.440470752276596,0.216947575499749,0.0440301522256864,0.34001704447384
2007-01-09,0.425274039147906,0.236091729202497,0.056556647729192,0.336008224543358
2007-01-10,0.363815365668411,0.252966695392256,0.0351246852401559,0.304944930953214
2007-01-11,0.354429295103564,0.240661489553095,0.034242159849887,0.29454274732404
2007-01-12,0.360563495876338,0.24545936617757,0.03179824559485,0.291749975288653
2007-01-16,0.339652819738129,0.220653148865984,0.00887357365432872,0.264530145958474
2007-01-17,0.369008588390885,0.234014890093671,0.0129133167506487,0.279663130050037
2007-01-18,0.369183113674766,0.232387672727758,0.0204435909351671,0.279945596493662
2007-01-19,0.365479718491613,0.230171855846775,0.0228005760328205,0.276234152633327
2007-01-22,0.367094938264467,0.223884899513105,0.00618769570206275,0.279067177533712
2007-01-23,0.384450591620196,0.231904204352594,0.0117290654855939,0.3018396620417
2007-01-24,0.385463983518877,0.23183681046004,0.0148476875060605,0.300619063789778
2007-01-25,0.387059299888438,0.233906695292723,0.0233608255561509,0.301909234052538
2007-01-26,0.395450343676184,0.239604263222503,0.0280243370259273,0.319776749772544
2007-01-29,0.380423705201524,0.238203672183024,0.0276434004774794,0.315715249206851
2007-01-30,0.37789311929679,0.240348547284171,0.0238908180170047,0.323550590659263
2007-01-31,0.374444213057715,0.240569196101232,0.0257415039652289,0.32331109174132
2007-02-01,0.400693757639508,0.258461393903236,0.0506159096671163,0.320893395977601
2007-02-02,0.396507408796638,0.256566166905139,0.0519639008036779,0.315894831635475
2007-02-05,0.381743652123075,0.251062139216793,0.0107158938834888,0.275842360834142
2007-02-06,0.386216109737623,0.263468695777339,0.0111571004571681,0.273674063812574
2007-02-07,0.393055947598592,0.266218364850463,0.021832765170339,0.272374473860891
2007-02-08,0.393984830378635,0.257002936080362,0.0236855150389332,0.274856957708381
2007-02-09,0.395663106616662,0.256666149322578,0.0261052002415228,0.271434950972412
2007-02-13,0.397049032819908,0.250100065098135,0.029083433859673,0.271754980874264
2007-02-14,0.322023117193638,0.260661547678334,0.0171918488771209,0.203223727953354
2007-02-15,0.325589266734544,0.269155226211325,0.0377540715843261,0.214449754784586
2007-02-16,0.341329276925286,0.279908077969635,0.0486917587024396,0.238574605195608
2007-02-26,0.343245962294002,0.279459729886897,0.0521219830889567,0.238683383606697
2007-02-27,0.341951513411758,0.285206023757924,0.0662873418738293,0.246955262779658
2007-02-28,0.38741617441085,0.292255366588822,0.120476409869725,0.309616683099636
2007-03-05,0.34133742119046,0.222046220418216,0.0746057190739431,0.248908150395958
2007-03-06,0.355262605734741,0.246989215098544,0.105698223945835,0.267634013596938
2007-03-07,0.360996147829453,0.250028676565148,0.11616603809746,0.272266777194585
2007-03-08,0.358151263265082,0.247736006250992,0.120668565241908,0.274386457684568
2007-03-09,0.361165751532318,0.250397400543759,0.125004558986495,0.276965990088487
2007-03-12,0.362363009805796,0.250875078417655,0.126945628850512,0.277523673469231
2007-03-13,0.363977489821603,0.251793251954632,0.13047114850053,0.278592654586933
2007-03-14,0.364593491568216,0.251153810228255,0.131908359055245,0.277934993989671
2007-03-15,0.373837393385464,0.262504049683981,0.147251970931376,0.288816050220644
2007-03-16,0.376900003699334,0.265764500989164,0.155486801390761,0.292538324229994
2007-03-19,0.37838584220758,0.26710307842825,0.157115434730294,0.293901336099566
2007-03-20,0.388808508223237,0.277012543220527,0.169372109085739,0.301874888827277
2007-03-22,0.390558575418651,0.277977475593899,0.170989460961655,0.301988917399109
2007-03-23,0.395476538798783,0.282243607187977,0.173849361571184,0.307139587414895
2007-03-26,0.396695050981333,0.282221293747421,0.175433537449103,0.306932841320906
2007-03-27,0.398602649088131,0.282342230192405,0.177596835047855,0.305611581012692
2007-03-28,0.398770099257211,0.278912201259605,0.179729156986798,0.306551123143256
2007-03-29,0.394060551761643,0.274056326037134,0.172895384958968,0.300791667149966
2007-03-30,0.397210451684881,0.273786364132752,0.177557671141104,0.302628925457273
2007-04-02,0.398719130801382,0.273601767408987,0.178995003109264,0.302555372276664
2007-04-03,0.396695373732723,0.245791016730099,0.186228854822266,0.304536871033699
2007-04-04,0.401798302681466,0.252305948893916,0.189636004954679,0.309711868555854
2007-04-10,0.401000854973195,0.248899873522851,0.187940153131338,0.307493143014654
2007-04-11,0.403543077682613,0.255585560048381,0.218447210374414,0.352041550537495
2007-04-12,0.40684357202933,0.254662475670109,0.227025573333178,0.349730080804997
2007-04-13,0.404522337015741,0.248504780615585,0.232344556893901,0.339006377508004
2007-04-16,0.406169697077868,0.249787995090216,0.234143201585187,0.338595654141806
2007-04-17,0.423577574750422,0.265915745039924,0.244917892054026,0.347246843643706
2007-04-18,0.424694716369435,0.263621652349168,0.24457303609965,0.346658690933309
2007-04-19,0.425683674044585,0.262946499719819,0.245105315076198,0.345844677829581
2007-04-20,0.472474783506761,0.305353576952869,0.292665966547578,0.407445955989619
2007-04-23,0.485226001845018,0.306438642854301,0.318320690297428,0.42580458362336
2007-04-24,0.475702452485032,0.299927540940118,0.328392681847847,0.427571084295416
2007-04-25,0.475995318895147,0.299472233001581,0.327546556069119,0.425444669443076
2007-04-26,0.475089825696075,0.290026857195147,0.321836311979406,0.42256258361011
2007-04-27,0.477317421885328,0.294028474306779,0.324003394189828,0.424115327992989
2007-05-08,0.478627964911062,0.294549757585309,0.325573795333968,0.423231055255277
2007-05-09,0.485214635172634,0.325618602552793,0.389783961707954,0.432934892578427
2007-05-10,0.488423533813051,0.327613439410147,0.392208729477,0.432519444035435
2007-05-11,0.483915779288158,0.325775903149661,0.392273221361254,0.432171087211161
2007-05-14,0.482897303076496,0.327102261804306,0.389853796712229,0.432003570109731
2007-05-15,0.472103189760853,0.327856670069844,0.388934455576356,0.429756103419885
2007-05-16,0.473862656849174,0.344615035589344,0.405138468139385,0.434807571447418
2007-05-17,0.47422426407524,0.341548005029707,0.409686117912781,0.438047191955877
2007-05-18,0.47482495187681,0.336529668405226,0.413882239499274,0.439862441987191
2007-05-21,0.475709713784582,0.336615547468243,0.4129886516023,0.438806236431498
2007-05-22,0.475586625848558,0.339775431090519,0.415020194751904,0.436498004793301
2007-05-23,0.471297699411885,0.341882373608999,0.416505844912976,0.437285824876118
2007-05-25,0.46608314539046,0.340341635354762,0.415433685052763,0.438918932036675
2007-05-29,0.457076403869438,0.331209486155305,0.41362917647993,0.417683179972568
2007-05-30,0.435773736829787,0.350165972569426,0.430942589349255,0.431350347680958
2007-06-01,0.446839548911545,0.350428782003817,0.39692705304991,0.419053698921154
2007-06-04,0.427357993675756,0.320488307788289,0.330526022205347,0.406628450134174
2007-06-05,0.370344881267097,0.296764959859196,0.259414439460205,0.33687648221053
2007-06-07,0.375160700112135,0.298947287229128,0.26083608385222,0.332702275817604
2007-06-08,0.370333196600559,0.295674398559618,0.266052690521266,0.317280543859846
2007-06-11,0.360781076445313,0.284852604327976,0.259560368869728,0.306201071494273
2007-06-12,0.365250302853303,0.285919869516334,0.253383373933364,0.31388359057085
2007-06-13,0.366404867595009,0.280231680589014,0.258158698736189,0.316049830938203
2007-06-14,0.36152532428143,0.275777559550773,0.25166915680737,0.310336514890591
2007-06-15,0.345284066272917,0.270261208303607,0.223027926725465,0.304565724611093
2007-06-18,0.347249598870238,0.270677026542673,0.224160491179908,0.304876627331601
2007-06-20,0.366688797510253,0.281910185309581,0.24193904500917,0.31774519348569
2007-06-21,0.363630652699012,0.278177816160577,0.24932716595684,0.315845481949875
2007-06-22,0.368288159062059,0.27836263676338,0.251939401470751,0.316982220633541
2007-06-25,0.363098973859582,0.283008646102553,0.267452997687806,0.327329110507
2007-06-26,0.374569380567173,0.293961217719177,0.276316139986649,0.343914131071891
2007-06-27,0.375299423184566,0.292355911463621,0.274405862098642,0.326203780988963
2007-06-28,0.366535293781322,0.260626783374975,0.259612214861528,0.313642715048879
2007-06-29,0.335843782548148,0.245675294210442,0.23439114659468,0.283890588152933
2007-07-03,0.344952703927578,0.225048456890435,0.239386765042312,0.279077525083323
2007-07-05,0.35625723910865,0.224703127974303,0.25477243346293,0.284501438573648
2007-07-06,0.323679967426827,0.19821124714927,0.17901046927581,0.294680274947267
2007-07-09,0.341122172626047,0.183403685286584,0.186122707887213,0.296916312274429
2007-07-10,0.351187210084863,0.191498352862771,0.194437279303306,0.309436139389794
2007-07-11,0.351860220718618,0.193081595687139,0.194171041870303,0.31001433864635
2007-07-12,0.347541925825552,0.188311384849721,0.195111768589742,0.307036223255345
2007-07-13,0.352151447818895,0.185598641859003,0.19979553057505,0.310232493428243
2007-07-18,0.349811638975437,0.18245516813081,0.194328988532026,0.307900090361373
2007-07-19,0.346018595845054,0.177777578591538,0.191585281113685,0.290889667827469
2007-07-20,0.345025337798653,0.177463022345207,0.192309405394449,0.289134245829396
2007-07-23,0.361447829863037,0.179779119237634,0.218632664983447,0.307645972155812
2007-07-24,0.363368447841552,0.149965996807425,0.222255088999007,0.293395564449361
2007-07-25,0.36445558821208,0.151611162820542,0.22328841617428,0.291724955990504
2007-07-26,0.35490811968373,0.136420110968152,0.228208501121836,0.273876398771116
2007-07-27,0.353158437454336,0.134088021196424,0.220766637556021,0.264278055977974
2007-07-30,0.33241688292961,0.129416410100294,0.209135921585909,0.253683111430019
2007-07-31,0.339345022029451,0.130198026234633,0.21658547502182,0.261503412108158
2007-08-01,0.34100397835831,0.130935926566252,0.219569781314968,0.263418798977332
2007-08-02,0.380936804940618,0.177554953489994,0.261855411419304,0.310705411882963
2007-08-03,0.378662545188883,0.184244006273397,0.258964997110197,0.309153802861298
2007-08-06,0.379971602385022,0.181230883766567,0.267475456841196,0.304619698819232
2007-08-07,0.353255273179903,0.178360299651857,0.261324374048504,0.265340332799553
2007-08-08,0.354573213679895,0.179584146040746,0.262087851840245,0.265338601902518
2007-08-10,0.34993124385066,0.181336489478548,0.261326825010692,0.261486121288867
2007-08-13,0.315175145457133,0.158381430965948,0.226478310361616,0.249515077497052
2007-08-14,0.318372021265265,0.160779538896514,0.231116906788028,0.252270983162783
2007-08-16,0.32180979743562,0.163465966737698,0.224258931720491,0.253037390552448
2007-08-17,0.34583734357595,0.205609036430406,0.256204535376424,0.2827065630978
2007-08-20,0.352815896467491,0.239247259594615,0.26954324525414,0.284186261517263
2007-08-21,0.404491781605442,0.265005280253858,0.313033795438389,0.334077588724282
2007-08-22,0.406021286970784,0.266780403171341,0.312956114667166,0.326512020533879
2007-08-23,0.406941438979272,0.266735269627076,0.31357867563951,0.326995494640171
2007-08-24,0.410904954463529,0.271317026280892,0.316547941142058,0.328683303386253
2007-08-27,0.409621389433794,0.268370149187245,0.313659635800142,0.327091336426177
2007-08-28,0.412654954565072,0.268811303124891,0.314293437542552,0.327402115229384
2007-08-29,0.410537950872839,0.268103987054198,0.316263957647798,0.323196625571808
2007-08-30,0.415743349573768,0.276780064764503,0.315490794219141,0.322634226577532
2007-08-31,0.420373616306838,0.279377945204912,0.317082320551794,0.32011755453616
2007-09-04,0.424530843244644,0.285141370430658,0.320389488951785,0.324025263376781
2007-09-05,0.42126723943508,0.277283823052563,0.31900509824823,0.319730345182039
2007-09-06,0.4225411980874,0.273063317445392,0.318040275357677,0.319752604706191
2007-09-07,0.420267215739887,0.275354833678681,0.322771930563575,0.320946659753458
2007-09-10,0.419163568532591,0.281996738385293,0.321033127662604,0.311126890453205
2007-09-11,0.418134140782658,0.257895798861449,0.297304516777691,0.299680364374932
2007-09-12,0.403239089375434,0.230370115286038,0.271081382257668,0.254208966907745
2007-09-13,0.408078684180219,0.227229089398982,0.260762570157366,0.255509182544909
2007-09-14,0.412787831057645,0.227041486356249,0.271597930778838,0.253705898730948
2007-09-18,0.415772869683852,0.231540287852805,0.274276204968383,0.256401560108725
2007-09-19,0.398025102098978,0.203107703873612,0.254829122371836,0.235490202704788
2007-09-20,0.373107987336418,0.186378005287616,0.24035643441477,0.220435348827726
2007-09-21,0.375921035341288,0.187473712890448,0.24176866524312,0.212753860932433
2007-09-27,0.376504275344341,0.189382730514596,0.241753574254653,0.21432816680011
2007-09-28,0.341349772811381,0.172357538067849,0.235834023574376,0.184033536543662
2007-10-09,0.339770201898271,0.166459276451033,0.23289670181404,0.17957165479155
2007-10-10,0.370784144698836,0.19166718859663,0.270377147814994,0.219179569321193
2007-10-11,0.374743793454931,0.192513506613363,0.274614762309811,0.214921483173469
2007-10-12,0.386319879360259,0.208050198928819,0.279938562271082,0.225691107180582
2007-10-15,0.387733126135975,0.209346927745072,0.279906770994367,0.226942733701467
2007-10-16,0.401263779550973,0.208903332689096,0.281266219263281,0.226198446389411
2007-10-17,0.390433361073786,0.200249028521396,0.271401741086733,0.22009920735269
2007-10-18,0.385627896891904,0.206388238834921,0.276023593170096,0.217462748428592
2007-10-22,0.366253716716442,0.182290938812707,0.246463567298646,0.225035692108514
2007-10-23,0.394193895917677,0.231543329488677,0.293890839861464,0.266050014234272
2007-10-24,0.407622556013741,0.230545997512862,0.304245078435662,0.272796115130678
2007-10-25,0.40673241429824,0.226996082223431,0.299740096940721,0.266184430729423
2007-10-26,0.356596040112582,0.228318036292513,0.243484214181181,0.224659074655359
2007-10-29,0.3589105574319,0.230262287430453,0.24524691724572,0.227002254788409
2007-10-30,0.38133418194246,0.240582044547958,0.256753999416652,0.236377937087747
2007-10-31,0.37974481708571,0.234410223706858,0.25004188755731,0.229307716017342
2007-11-01,0.377262659893723,0.236503447736498,0.252060156743774,0.230477039853935
2007-11-02,0.37740123924083,0.233663242616135,0.25285726205841,0.231539600765144
2007-11-05,0.395578469874975,0.255852139886308,0.268999109387437,0.251375868944021
2007-11-06,0.418377528920343,0.271308812076746,0.268705009544794,0.261742369627235
2007-11-07,0.407800057452754,0.271671359443681,0.25205468455473,0.258522416045748
2007-11-09,0.410428250982031,0.263647195382527,0.249141120015332,0.256819330998049
2007-11-12,0.43640291152679,0.330854660440137,0.292795463297802,0.29306179487101
2007-11-13,0.449584008937411,0.344875626813553,0.311702015872223,0.309741249396033
2007-11-14,0.449227522610606,0.344813522568084,0.310556899063404,0.311029919467782
2007-11-15,0.480098969098781,0.369776925546933,0.33019129453006,0.325519057338529
2007-11-16,0.48163640718076,0.370071064503874,0.332074483623119,0.327755040418888
2007-11-19,0.481617701214856,0.371465330527326,0.334019923782444,0.329975887810856
2007-11-20,0.482352523916017,0.372040877780043,0.336455819302699,0.331863551189795
2007-11-21,0.482948560305373,0.371432906657457,0.333048968053334,0.332281970886634
2007-11-26,0.488532297414507,0.378365812571666,0.342070176325257,0.341346789410989
2007-11-27,0.420486902165279,0.321880805265348,0.280262528369981,0.279840300029551
2007-11-28,0.424976796202991,0.316123401089528,0.278056163030154,0.287655930776428
2007-11-29,0.423496221952344,0.317299951048525,0.282211085635401,0.287998765759681
2007-11-30,0.44536430310846,0.342022022071059,0.303723875300216,0.324022840973418
2007-12-03,0.439303748310964,0.327876025907504,0.287832642447738,0.309247141040935
2007-12-04,0.43999458425622,0.327250072885015,0.288102649997467,0.309271604542216
2007-12-05,0.441586653459907,0.320945426328904,0.290128823836484,0.309431449292664
2007-12-06,0.447459660753662,0.325532901311399,0.296706680033943,0.315301716268782
2007-12-07,0.447462603763889,0.320150447625133,0.295892447718232,0.315353533316437
2007-12-10,0.434841684988826,0.321150954955903,0.289844938862511,0.315317275922759
2007-12-11,0.428253530726702,0.317628590637056,0.278024278677529,0.313046191660922
2007-12-12,0.426743384332368,0.317269221079529,0.278584353813301,0.312793641451497
2007-12-13,0.434700256516001,0.321968619577105,0.277116323570383,0.320308645273131
2007-12-14,0.450152847397827,0.349949618807887,0.282794091791521,0.343285800683853
2007-12-17,0.447414150661735,0.347269032394757,0.27497588376195,0.339704307967296
2007-12-18,0.465941946335234,0.364025672840691,0.305694330306011,0.369133300732628
2007-12-21,0.464338739776212,0.363891912158524,0.299401724290727,0.365972350917505
2007-12-27,0.490458089895234,0.35171708254508,0.305947475249038,0.367149659398465
2007-12-28,0.488193881291911,0.375308532858708,0.323574809306426,0.390641098608043
2008-01-04,0.48984230167605,0.376009380395412,0.325027937080913,0.391550949659541
2008-01-07,0.490275200610118,0.31693896366321,0.304418593680515,0.386635619541984
2008-01-08,0.48642147933621,0.312717022496294,0.296045928009374,0.369720718708954
2008-01-09,0.486638525703693,0.312236542459842,0.296296064484939,0.369016855299958
2008-01-10,0.488628068995754,0.31271734885377,0.299180105992666,0.368422229496801
2008-01-11,0.484443479772153,0.307903558336487,0.295560525000741,0.364098454055079
2008-01-15,0.479514382313757,0.299485481956718,0.281922270166127,0.360327834152175
2008-01-16,0.474824920069958,0.301696400230452,0.285974615382051,0.351528861565204
2008-01-17,0.500858858691904,0.333244566751045,0.312309107949639,0.375458575551809
2008-01-18,0.469661030358066,0.305424989940911,0.293924238210516,0.339181503572977
2008-01-22,0.470172358147255,0.305785805583535,0.295160235942466,0.335531782555927
2008-01-23,0.668454139829229,0.545293230028708,0.52865144073787,0.512711519373463
2008-01-24,0.667263472638408,0.544889114407713,0.528328345389096,0.515799966709685
2008-01-25,0.664904512230458,0.54216960328824,0.524879152267359,0.513118767489487
2008-01-28,0.661337779553259,0.538806946986583,0.523180510476248,0.510363549679318
2008-01-29,0.660233357402545,0.547285424960394,0.540191961851102,0.52176006241782
2008-01-30,0.659067447230866,0.544710230946987,0.538369085137951,0.519931892075231
2008-01-31,0.657937387056137,0.542763450092792,0.534366591007847,0.518465018507346
2008-02-01,0.656751408340344,0.537831243270847,0.52721383727027,0.516838598213272
2008-02-04,0.650613616497639,0.535988452796008,0.523287400587536,0.512546643869264
2008-02-05,0.648780864430865,0.539606134660284,0.537741639156901,0.516804913918562
2008-02-13,0.647713093925683,0.537935128716078,0.534296438637492,0.516038416438005
2008-02-14,0.647036318225416,0.536522195242476,0.534260500025078,0.517477579465842
2008-02-15,0.64623396450277,0.533548584585931,0.530247656026311,0.515363153544306
2008-02-19,0.643949379728499,0.530912587860547,0.528039827060045,0.509666538354821
2008-02-20,0.637865513374061,0.528717731416808,0.528949017058617,0.505689726162269
2008-02-21,0.638131525321657,0.529431311028115,0.529593287662972,0.507067054823462
2008-02-22,0.636466535459311,0.520284421364205,0.525243691411512,0.503032904882333
2008-02-25,0.635075667351831,0.520433447560715,0.525194117201325,0.498878415065437
2008-02-26,0.628282660048398,0.490438284028404,0.506604717747546,0.487768465556073
2008-02-27,0.627620810357582,0.486636636795742,0.504117906823632,0.486252980032956
2008-02-28,0.629168759402892,0.487101893037998,0.503090278194734,0.485083784553952
2008-02-29,0.627117875570303,0.485539576074761,0.498549323730174,0.483805452525019
2008-03-03,0.622990925918869,0.473706225753083,0.489856263445063,0.473776464568545
2008-03-04,0.605464625479076,0.437689052208947,0.467942215784632,0.438941333368937
2008-03-05,0.607246114314324,0.434400899854287,0.462701293151002,0.437138681945265
2008-03-06,0.6057016410712,0.43280417750587,0.460528324283617,0.436171968419563
2008-03-07,0.605357788522598,0.434392447288142,0.461638847907566,0.43468329827105
2008-03-10,0.604988991008932,0.435915918501342,0.463032470108241,0.436771138793037
2008-03-11,0.589405579259011,0.442708182992086,0.476301393278794,0.441112808318317
2008-03-12,0.588471720587561,0.441244939122877,0.474503318641719,0.439852114488424
2008-03-13,0.573160773512043,0.426775981754524,0.460888830989023,0.414450343135565
2008-03-14,0.579378071262006,0.436292086195149,0.469526344770682,0.425702461728709
2008-03-17,0.57853799687458,0.43388785646542,0.467217622670831,0.422446637335854
2008-03-18,0.594101028746061,0.452208104952721,0.47594729459894,0.431349347814113
2008-03-19,0.571692139532273,0.428871851200995,0.45313471032622,0.403331937803267
2008-03-25,0.575061989296864,0.434608946148206,0.460103952066817,0.399452978663723
2008-03-26,0.545245686948117,0.389181592825892,0.404100385906276,0.303402111855719
2008-03-27,0.54353499647361,0.388240300783434,0.402310716113321,0.303632136403262
2008-03-28,0.524593570499232,0.385709245973652,0.393151065193936,0.281674535250415
2008-03-31,0.534769842324682,0.39264952621729,0.403428139954823,0.278704115833475
2008-04-01,0.539330073744575,0.400813160264692,0.398845896958606,0.282646740119017
2008-04-02,0.521390826279564,0.385099633296732,0.394455455622579,0.266080245461825
2008-04-03,0.51773555211435,0.377915415968299,0.390132015097291,0.266359591128711
2008-04-07,0.521508701837212,0.381526511292931,0.395407041215704,0.274079266764162
2008-04-08,0.523570392911822,0.378254576382803,0.395485549877494,0.273620602959193
2008-04-10,0.521460985878925,0.374431645285379,0.391435630882953,0.27085882051401
2008-04-11,0.51953868121515,0.387193122293692,0.378170829028591,0.288007503782515
2008-04-14,0.518417342923722,0.384415464027159,0.377845668672375,0.288656584078388
2008-04-15,0.541078670045199,0.407210037647679,0.401680332224865,0.318040768490623
2008-04-16,0.540665128440161,0.406436961066068,0.398213292391567,0.31877878127906
2008-04-17,0.539572157898905,0.399201947679466,0.389323585524809,0.313107095364183
2008-04-18,0.527136761375727,0.385059695491239,0.382166397888784,0.303894029211189
2008-04-21,0.522935123299196,0.37368597354297,0.373970339284606,0.30102734713817
2008-04-22,0.521263551417864,0.373270506869,0.37238719756728,0.302185938030539
2008-04-23,0.521939823327398,0.3676701208791,0.367016640264365,0.303268763848164
2008-04-24,0.527426071201125,0.363197666292569,0.372498026889073,0.301302057448459
2008-04-25,0.528150944967182,0.331204913531977,0.344758134262578,0.266816263928195
2008-04-28,0.528142363029684,0.320840087466986,0.336468463277749,0.266445039407486
2008-04-30,0.522604355557336,0.318471932499331,0.336144731804906,0.263358289860557
2008-05-07,0.515947976086106,0.304749042725163,0.330738107746625,0.219577059172293
2008-05-08,0.517501297117658,0.284914304539448,0.304936035538396,0.189804881666202
2008-05-09,0.511241799044468,0.275779566527589,0.300963957286775,0.177825370948223
2008-05-13,0.51131213146768,0.278305480808098,0.303288885684514,0.180359874822804
2008-05-14,0.495242320148029,0.265556980894449,0.294648708784778,0.174768059889298
2008-05-15,0.49195241111931,0.271548821071714,0.293541810489434,0.173910922443488
2008-05-16,0.492125517424839,0.269511053545786,0.277365477867535,0.175029629402402
2008-05-20,0.491380311922045,0.269885615545749,0.277495721923258,0.174307326388984
2008-05-21,0.509089784133835,0.273145009482831,0.290941195786699,0.197992494148507
2008-05-22,0.514282460910744,0.250855345622839,0.268275293262522,0.196782800553882
2008-05-23,0.51653214333109,0.248911064631574,0.272413561209602,0.20423119798088
2008-05-27,0.513881476224817,0.24899916273161,0.27324119483361,0.205664483383282
2008-05-28,0.522435489434968,0.257563073368223,0.274481639037432,0.208779794592884
2008-05-29,0.517815630487991,0.239448906310606,0.257039385454902,0.214468216829093
2008-05-30,0.512327480585949,0.209402721843703,0.233723120883616,0.207068992650846
2008-06-02,0.513117420941779,0.213202809513999,0.236451957109045,0.211368069856383
2008-06-03,0.512855673553744,0.215301586055645,0.236060484687233,0.211796722106742
2008-06-04,0.508776235789414,0.218295205329807,0.238568098183843,0.215329913362414
2008-06-05,0.513599542319988,0.204336018530544,0.22939172692274,0.222737901491953
2008-06-10,0.511222362458098,0.206566560205624,0.230762773879908,0.222834806416017
2008-06-11,0.582547591545944,0.268619861698018,0.34901585190219,0.365020673925348
2008-06-12,0.581617855811802,0.262253809853033,0.34581276092773,0.361498847535536
2008-06-13,0.584351905134241,0.272450695458351,0.354320586747133,0.365392891777083
2008-06-16,0.590600910514281,0.265494410790023,0.346925997857604,0.374376175431458
2008-06-17,0.583657319708717,0.260880616340848,0.346121851122418,0.369132201064113
2008-06-18,0.578217553175223,0.26042715843285,0.349424291479857,0.369227577446351
2008-06-19,0.5815568858136,0.265403660254463,0.364148909554182,0.367331472642868
2008-06-20,0.600522870050424,0.300868503901462,0.392414722609174,0.390137964143181
2008-06-23,0.593906345296633,0.286451684169049,0.383350728464253,0.389675309158477
2008-06-24,0.591770805734633,0.289610203219886,0.387328719772091,0.393081730994003
2008-06-25,0.580843333980908,0.288463747404683,0.383956921036273,0.387331068700808
2008-06-26,0.582292512920523,0.283410439543334,0.38435601405291,0.392699625966756
2008-06-27,0.57978139122823,0.283389348211632,0.383418928116839,0.391674297701451
2008-06-30,0.593949335028662,0.31364884994523,0.409832117233098,0.401599997461068
2008-07-02,0.59221007895687,0.313623244090536,0.408763779754193,0.40075789706177
2008-07-03,0.598269585212371,0.324687768832306,0.420564941830968,0.411329150172762
2008-07-07,0.569299698060384,0.321645870768648,0.40973719419673,0.398567635760276
2008-07-08,0.576592672285039,0.325782214436025,0.382805273831625,0.411488666488009
2008-07-09,0.550911021504866,0.306269575966756,0.362198950156598,0.397609892198535
2008-07-10,0.561630407977359,0.303558805114115,0.346377456612813,0.405654321813171
2008-07-11,0.559717674679545,0.302442040513416,0.338480993819528,0.406823729821844
2008-07-14,0.552433889575454,0.302698510882592,0.330116839889008,0.40120609213293
2008-07-15,0.54883722111519,0.30109914380996,0.327830430051462,0.395196032868519
2008-07-16,0.563091897649797,0.324035057307797,0.35227582923691,0.417319658494048
2008-07-17,0.557167669232955,0.321569212489044,0.350726318071487,0.411779812121191
2008-07-18,0.544645812824267,0.316037141800497,0.345715030844459,0.404851906996628
2008-07-22,0.543003550266457,0.298960858631271,0.327590280098434,0.388350006472907
2008-07-23,0.549744863377997,0.31518810710379,0.34171599792302,0.3969698066632
2008-07-24,0.539492637754268,0.312717844417034,0.33660810033791,0.373580827529412
2008-07-25,0.533358292030601,0.326297613653161,0.347162845595139,0.369435677047761
2008-07-28,0.53630410686727,0.332864587172804,0.352251914435743,0.375105009044976
2008-07-29,0.533470644219493,0.331827507604566,0.350895806948974,0.37067191842513
2008-07-30,0.53843227617859,0.339014105801444,0.358557251377954,0.374437973581072
2008-07-31,0.530082547790407,0.332228031872197,0.356303872304927,0.367626481027471
2008-08-01,0.525014199818581,0.329342995076876,0.343374133591315,0.363237770311286
2008-08-04,0.525520154984406,0.312292390595517,0.335527969906816,0.356654850015021
2008-08-05,0.532033036357668,0.320923791035813,0.347542687706392,0.36465723879259
2008-08-07,0.539217525217776,0.320463927160894,0.349067816823806,0.367661925105822
2008-08-08,0.540066978922848,0.32640848504314,0.354786828338582,0.356113500342533
2008-08-11,0.539617817784143,0.308551356979491,0.336554339704036,0.369869749481326
2008-08-12,0.522437883786882,0.244115017937119,0.306394872518513,0.33655610616651
2008-08-13,0.52222723862092,0.245763713918195,0.306860524949233,0.33685383145379
2008-08-14,0.519947415814201,0.245689169793096,0.307588145831313,0.336908026774749
2008-08-18,0.518606147041553,0.246765386641379,0.306085161226305,0.336108502672061
2008-08-19,0.540019095430122,0.203982642831693,0.304260891203198,0.367184039273392
2008-08-20,0.521763280499667,0.190481778475628,0.291057647089251,0.346073324293404
2008-08-21,0.539388342187199,0.175758442635533,0.271581880268508,0.355259015483121
2008-08-25,0.551078909426619,0.185096776104926,0.291334169748923,0.369937228361903
2008-08-26,0.52768369709054,0.183168744467204,0.292792476241173,0.365582748951695
2008-08-27,0.526224937551906,0.191127852771771,0.299166837459797,0.372758510287896
2008-08-28,0.519892361949994,0.192541989118519,0.298878958164418,0.372105611477177
2008-08-29,0.51087497001453,0.193693895232194,0.293774714852701,0.369443432511755
2008-09-02,0.51438350080457,0.20898569573341,0.292515870818164,0.377197668242448
2008-09-03,0.517828586512756,0.25214296409134,0.336347802979549,0.35628823719647
2008-09-04,0.518974643604974,0.249862919255992,0.329152474292366,0.358105217423035
2008-09-05,0.517471220269748,0.249359040555497,0.32888994714215,0.339225665829244
2008-09-08,0.529430856614974,0.274178643865847,0.340606527011088,0.35633869877472
2008-09-09,0.469812857480863,0.239034115007214,0.273768791003188,0.288433871091479
2008-09-10,0.467948641007818,0.237587245247225,0.272809619387537,0.288123405007061
2008-09-11,0.461696761657528,0.237656865856026,0.273363795732874,0.28503597268264
2008-09-12,0.47874996002138,0.255320340623654,0.284006709906117,0.30863387395836
2008-09-16,0.478948844045379,0.255258267207287,0.28154144604358,0.308038460293469
2008-09-17,0.514544033125173,0.310555330438881,0.337078794634603,0.347775276905912
2008-09-18,0.525513948558376,0.299312665676106,0.316161730004608,0.354860499164849
2008-09-19,0.523745714205593,0.305670338039627,0.321647406476938,0.353350263067147
2008-09-22,0.597740658717581,0.348996957815878,0.364877112118983,0.425590466374996
2008-09-24,0.589293975371221,0.352630338470345,0.355543192148818,0.404193072919089
2008-09-25,0.587332194506904,0.351520326756037,0.350327882891291,0.403407077953698
2008-09-26,0.582015898712383,0.342001793762242,0.349290243012353,0.392009418151136
2008-10-06,0.580736171018772,0.341028560709482,0.348198620866533,0.390678983832017
2008-10-08,0.595792091545268,0.372002458166842,0.383362856614572,0.421718098018226
2008-10-09,0.60269124299817,0.387254209067012,0.395294010787369,0.432095822620458
2008-10-10,0.59774150393689,0.386303523499965,0.393694695225913,0.427021141744693
2008-10-14,0.604335218764911,0.397247321670775,0.402777650112237,0.438044382835817
2008-10-15,0.587066710467371,0.393621525099675,0.391822250494082,0.433259433693736
2008-10-16,0.586861531134926,0.391647818115894,0.392176924602755,0.433393441684222
2008-10-17,0.590540215539281,0.406427009928179,0.413129978416611,0.441928439238832
2008-10-20,0.58380143960576,0.405906810232156,0.408748522257878,0.435806384590849
2008-10-21,0.586058032847814,0.406650108531712,0.409872966695685,0.437584727247646
2008-10-22,0.585565073499656,0.403283654340515,0.40920888345251,0.436624190399591
2008-10-23,0.590265617151177,0.410371177154672,0.418048862004782,0.444518272074811
2008-10-24,0.590268790950073,0.410027763945226,0.41706019881561,0.444742154594453
2008-10-27,0.591964818972953,0.414899854015426,0.421311356058515,0.448730473913422
2008-10-29,0.619200096560827,0.423637114420612,0.401321959180767,0.431662889659812
2008-10-30,0.599670121513188,0.411147017348484,0.399499680965799,0.427501856254226
2008-10-31,0.603290963683964,0.416508596903949,0.407843014931592,0.434263806051956
2008-11-04,0.602681229731228,0.418158161359815,0.401487968456785,0.432382796143077
2008-11-05,0.59807148038243,0.410425935860245,0.395523620993291,0.427730442475322
2008-11-06,0.59731271772996,0.412713190770265,0.396892300486864,0.428849661334938
2008-11-07,0.600900477989918,0.417503592253252,0.405242483918257,0.43139887113188
2008-11-10,0.601021743930986,0.41019092254241,0.407324168971271,0.432585571250695
2008-11-11,0.589403455126212,0.416030071068897,0.397709677688862,0.421459980307905
2008-11-12,0.590441823818519,0.416514967542653,0.398427608777724,0.423933320818596
2008-11-13,0.588673181016212,0.413958252893472,0.39688981468281,0.420960571464728
2008-11-14,0.565117401900913,0.390979449636564,0.379763390265948,0.407780915288992
2008-11-17,0.565153814089281,0.392641530336462,0.376225849768605,0.404564743816749
2008-11-18,0.562091915372355,0.391093167354916,0.371797381088017,0.400220217494832
2008-11-19,0.565166780699958,0.390505701572229,0.385141431446356,0.414414642416881
2008-11-20,0.548794577748127,0.377247956532973,0.364478049865736,0.391350684234676
2008-11-21,0.550290930526061,0.379547029227189,0.367270717933767,0.393852363573374
2008-11-25,0.546677041497491,0.375977688041905,0.358442101958729,0.387426916917844
2008-11-26,0.533592272757186,0.348420469614633,0.36161222829431,0.385484630842639
2008-11-28,0.532357192212329,0.346796039340046,0.360149934140405,0.383058104280446
2008-12-01,0.523624309644386,0.338828251105499,0.350112625117767,0.378584978235319
2008-12-02,0.524222264582568,0.335584178667562,0.346686267239982,0.370101776540208
2008-12-03,0.520210638390168,0.330411305158269,0.345602678971424,0.367496153093586
2008-12-04,0.518652804151046,0.332642622265676,0.34026723723326,0.362404910944628
2008-12-05,0.515644210855311,0.328675177598906,0.334801276666911,0.361314570026821
2008-12-09,0.516285431909208,0.327712829080312,0.335858268480126,0.36164903636174
2008-12-10,0.513554164602735,0.328304930008573,0.334877188779489,0.357613569719757
2008-12-11,0.518968776827228,0.333326152038115,0.340738869038446,0.365202369251957
2008-12-12,0.515204499193243,0.32857970549626,0.336019934831111,0.368629889947824
2008-12-16,0.529839019893924,0.351896892768631,0.35280215906359,0.382652380111495
2008-12-17,0.530852867517952,0.353691969034673,0.354776595824069,0.384089965709655
2008-12-18,0.529565154092383,0.35279591796842,0.354184647977112,0.383126723656074
2008-12-19,0.527420258150228,0.352074315692981,0.353487098231692,0.384706105536222
2008-12-22,0.524789596728068,0.350712598851314,0.352944926610717,0.383656301145164
2008-12-24,0.528581367635707,0.343289190754882,0.351691382777989,0.389155643005248
2008-12-29,0.53158028511351,0.356257836846838,0.382666650008715,0.376019377607041
2008-12-30,0.52950878632051,0.349254181927762,0.382509764451401,0.367464663171884
2009-01-05,0.529596743249333,0.345200343120696,0.380136187701009,0.367644835509465
2009-01-06,0.535387721457125,0.351570613290913,0.391424272251153,0.379901448984439
2009-01-07,0.528131238736227,0.34959749114076,0.395109154260733,0.372293171874595
2009-01-08,0.527855178812271,0.344273578090088,0.387485602825798,0.372729844998363
2009-01-09,0.534673533222798,0.358756386030446,0.391948313121943,0.380453692660398
2009-01-13,0.532227583318229,0.355058660505591,0.382035147281274,0.374888472282196
2009-01-14,0.539948312229152,0.368838280685558,0.384053185847939,0.381507637795346
2009-01-15,0.532474601820401,0.363741937914328,0.386636165979714,0.375754691500222
2009-01-16,0.530804727009834,0.357942008571423,0.375353345966171,0.373800107317497
2009-01-20,0.52837660729816,0.362673439139716,0.379214165076481,0.376605514664378
2009-01-21,0.514113391723802,0.34918413631286,0.372571489387403,0.371442672343143
2009-01-22,0.513302760920188,0.349073750154075,0.372394178518771,0.371398596462322
2009-01-23,0.513380698408265,0.350929166887028,0.373233336100527,0.37061038256716
2009-02-02,0.513719595130781,0.351559537803007,0.374428101876423,0.371676703907968
2009-02-03,0.516054709864408,0.35335171621439,0.377108936303982,0.373344013067913
2009-02-04,0.505354855036856,0.343644516510256,0.380257277068981,0.371387146345843
2009-02-05,0.511706004483133,0.354348997236904,0.389619221710347,0.364463094150435
2009-02-06,0.509747842821274,0.354344737344404,0.389483780941312,0.363937873020488
2009-02-09,0.528596803055773,0.361105272252938,0.404642889013816,0.362180015924964
2009-02-10,0.52870711057148,0.347686168120808,0.396868594415957,0.338976792118967
2009-02-12,0.529035099991631,0.34256603154458,0.391516139708567,0.344541022115122
2009-02-13,0.522859647932477,0.343899534058531,0.392562838387494,0.346416180356292
2009-02-17,0.531167365881889,0.345970807716231,0.394361762433935,0.355640466405183
2009-02-18,0.518908699609572,0.343480742372336,0.374885835201981,0.338751986242385
2009-02-19,0.490290539237083,0.354389696800675,0.374952272027399,0.309751977292726
2009-02-20,0.490023935192011,0.353699280360799,0.372470279476269,0.304542271785317
2009-02-23,0.474100249583747,0.336905953278025,0.34718436976181,0.287787428277834
2009-02-24,0.48334629421189,0.329204201526505,0.356794772924077,0.299140477188951
2009-02-25,0.498738699631426,0.344797803373156,0.380789653085318,0.3064665563211
2009-02-26,0.498285148307063,0.34016365578569,0.379972755159649,0.306579136811073
2009-02-27,0.49629334181434,0.333811240626625,0.382519560458453,0.30004839712132
2009-03-02,0.497247633244803,0.320285117750088,0.376195200749717,0.307397437629133
2009-03-03,0.480729021130029,0.298505342366381,0.359764169926581,0.285557489403804
2009-03-04,0.483597829974309,0.300120765370325,0.356610201764215,0.286657501993296
2009-03-05,0.494140965022597,0.300073038814303,0.384487320520276,0.293041933313933
2009-03-06,0.49052188522196,0.302954138685544,0.382782927521468,0.285166334941184
2009-03-09,0.49352582557937,0.307925768516227,0.382193545831631,0.28660962016466
2009-03-10,0.513471363583398,0.315054249725758,0.360167262948688,0.318226883752937
2009-03-11,0.518500130364603,0.310499217926783,0.365389538542237,0.325082209073581
2009-03-12,0.511419051816042,0.285114318871595,0.34986355854951,0.319824652328638
2009-03-13,0.510707409626806,0.284294380083912,0.349275242103614,0.319928970053873
2009-03-16,0.496292078901034,0.271641206082879,0.348876830341506,0.294620723886787
2009-03-17,0.498751563968956,0.274968179316722,0.347313113419122,0.295736022282032
2009-03-18,0.485383333765335,0.29149522455616,0.369479554348719,0.274970375276926
2009-03-19,0.484772429907708,0.291417427042026,0.368844631852187,0.275621298318565
2009-03-23,0.4825157199919,0.287455104877122,0.360469182959549,0.277551431852895
2009-03-24,0.491884997286435,0.305286434215251,0.37895538799932,0.305645978359411
2009-03-25,0.489597569198653,0.305811018612248,0.378885685294097,0.30699531818178
2009-03-26,0.496488992568673,0.304218557429882,0.370580196081236,0.309921852163471
2009-03-27,0.512348361056604,0.313999350347429,0.376494400122903,0.3341133120193
2009-03-30,0.511983852990957,0.313095384589026,0.373977225591472,0.332262454437648
2009-03-31,0.506040312396827,0.312606057156692,0.372367622954896,0.333237277654141
2009-04-01,0.506694407119789,0.308017143756226,0.372594924920619,0.334596358529713
2009-04-02,0.502113674458654,0.316385279008964,0.379811258073416,0.333225749362238
2009-04-03,0.486653655484701,0.318281190254848,0.378909613693063,0.332059087542754
2009-04-07,0.4866294607102,0.317482201370202,0.377194080214532,0.330784774509329
2009-04-08,0.489151091643617,0.318499105275654,0.378875193791425,0.327031128379659
2009-04-09,0.502751504586986,0.341825022139755,0.410891906469729,0.327399358974093
2009-04-14,0.50767333578028,0.34990493648329,0.416805309088067,0.333938638060895
2009-04-15,0.53195758631999,0.308026058118218,0.423126462735198,0.370146349053621
2009-04-16,0.531731938305924,0.306035040015536,0.42055777836802,0.369655403528635
2009-04-17,0.531292580642817,0.305686828860028,0.419041559929705,0.368869582661328
2009-04-20,0.529495615765042,0.296828643708318,0.419000517506762,0.366552113453793
2009-04-21,0.529974378436118,0.295331387653534,0.418363693667003,0.354689911774941
2009-04-22,0.530456583441223,0.298972920908188,0.416457139377127,0.351690182725293
2009-04-23,0.54064491064641,0.292900481624256,0.388916847785808,0.367466548172317
2009-04-24,0.537576331300187,0.292041700887339,0.387309445826497,0.366511947190601
2009-04-27,0.536191452042522,0.294191501878801,0.387874822461669,0.366439265191121
2009-04-28,0.542980499065851,0.29110226373529,0.392682298211274,0.374616988290108
2009-04-30,0.540706450444196,0.287023880970069,0.382676476468691,0.373931004421245
2009-05-07,0.565086886329432,0.322216241347404,0.42008323534676,0.414054941095698
2009-05-08,0.608457029330868,0.383741483233503,0.433410480391747,0.484983329159754
2009-05-11,0.607540211277246,0.382833753245413,0.433161831267807,0.482171133997017
2009-05-12,0.607814147717228,0.379184856501169,0.428520770298553,0.483488658632074
2009-05-13,0.605327060866542,0.368690926105819,0.420588030161415,0.480860841103944
2009-05-14,0.599062096563963,0.367607566091575,0.421327329301591,0.477313969532996
2009-05-15,0.599325377742807,0.369975575454287,0.42249691974728,0.477409542642089
2009-05-18,0.597841095972622,0.368203367636835,0.421044245236659,0.475637489258557
2009-05-19,0.59662577444926,0.361175227904741,0.418888610865266,0.473961362276495
2009-05-20,0.597084116555102,0.364066121540745,0.419648530277536,0.474688383652787
2009-05-21,0.595596040100798,0.360267472188921,0.414920662603207,0.471064763827044
2009-05-22,0.596867267226489,0.362463128607244,0.417880031928002,0.47345085578892
2009-05-26,0.596149458860679,0.362078752247637,0.417761424941931,0.468988350375994
2009-05-27,0.595094629868077,0.358787880260609,0.414599252927614,0.467151743705177
2009-06-01,0.602409440949497,0.364751563292203,0.401957168799099,0.471788333547611
2009-06-02,0.622784905892881,0.389382890042083,0.440661938690771,0.479226266717541
2009-06-03,0.617123036420111,0.387981179302648,0.438806273369232,0.477144493518645
2009-06-04,0.614376855665756,0.385777499344746,0.433688160278274,0.471937939332441
2009-06-05,0.613068749641442,0.385384662116774,0.429961811309516,0.470577287830869
2009-06-08,0.60919414221211,0.379550168765036,0.42376423183833,0.465310613200031
2009-06-09,0.599642632997667,0.379773852679261,0.421459023243266,0.455261232494805
2009-06-10,0.593723997307209,0.372313019185628,0.40994027721864,0.454115992838315
2009-06-11,0.595426243811098,0.378527811057079,0.415208700113359,0.455818352298735
2009-06-12,0.5931244217491,0.377353115845066,0.411818814523297,0.454273006172632
2009-06-15,0.579221050748849,0.344255623714288,0.396710810196107,0.447873133689074
2009-06-16,0.554097195594265,0.325348156242735,0.377802084090183,0.417805505211353
2009-06-17,0.55442969486909,0.324002469002791,0.378694762119942,0.417990851517116
2009-06-18,0.547590834522411,0.327593388168986,0.369938867297497,0.409306457808481
2009-06-19,0.526006703879029,0.305389791005,0.350897502813294,0.390187431943495
2009-06-22,0.526886460145058,0.308496139370768,0.352299026293301,0.393667263709695
2009-06-23,0.52744684278156,0.308963297408832,0.354298711440839,0.391057135435235
2009-06-24,0.52069889630647,0.301522317634274,0.34547398567892,0.388727872138173
2009-06-25,0.52566958391081,0.302232665851572,0.344760383186487,0.396036387834963
2009-06-26,0.522096312662773,0.298936792584804,0.340324621340122,0.39447429202117
2009-06-29,0.519830111558699,0.298626128103423,0.339878608668211,0.39327665759435
2009-06-30,0.507439149696779,0.278901992807156,0.327405196167574,0.385656113240319
2009-07-02,0.508937428384145,0.267066199417621,0.326150088331099,0.380587939630379
2009-07-06,0.450584363670912,0.224763991161324,0.350734838058262,0.341248247859286
2009-07-07,0.428091825181384,0.186201429771375,0.362209258686013,0.293186978647583
2009-07-08,0.431470643100969,0.189833572565754,0.356502987242875,0.290183752396395
2009-07-09,0.433094236965275,0.192285180031343,0.356279659630721,0.291289378017799
2009-07-10,0.433915815892504,0.177080538887702,0.352340443138394,0.305866250566909
2009-07-13,0.43550755974066,0.178653343198547,0.352113583996361,0.30585540622498
2009-07-14,0.446169022981328,0.197465971571763,0.36231053788246,0.316806216023549
2009-07-15,0.474126269409679,0.224036760692938,0.362391813872874,0.337145509021547
2009-07-16,0.483208126509278,0.22311288142876,0.376561832115593,0.354613111254376
2009-07-17,0.482517127391128,0.222587023319954,0.373935981691382,0.353305431601074
2009-07-21,0.478648140049362,0.22376720611302,0.37331219970753,0.352679418500169
2009-07-22,0.480444141004761,0.233924515890896,0.376329415783188,0.355251882554356
2009-07-23,0.442486607099245,0.239377568741681,0.368838870063053,0.339686946445365
2009-07-24,0.449887363095329,0.243154415848437,0.367439431502399,0.345530436355121
2009-07-27,0.452529367774788,0.254991954386268,0.367375122208207,0.357366129593433
2009-07-28,0.459070655696845,0.269611928598874,0.378628732140419,0.371264200919796
2009-07-29,0.457187628845089,0.269678940183609,0.37770169669486,0.367416108541612
2009-07-30,0.477126295064597,0.234712688554164,0.344353116773056,0.357192495101615
2009-07-31,0.477529639009354,0.238290697018341,0.347786492290736,0.363461139981154
2009-08-03,0.486730790635587,0.262836303535316,0.362741140836126,0.368802735292521
2009-08-04,0.490316051031467,0.260868356243864,0.364214940055469,0.372146713811907
2009-08-05,0.490244676790556,0.261257052124956,0.363519196524332,0.366937755281424
2009-08-06,0.495062718249114,0.2697257946682,0.36544483812617,0.373583808550746
2009-08-07,0.46374929085479,0.245312813517069,0.355466220776221,0.372047007813788
2009-08-11,0.484176210156167,0.237934681641964,0.332393889921268,0.395338827320812
2009-08-12,0.472572955969373,0.235882703079228,0.332115942874236,0.389975501447259
2009-08-13,0.502386829651545,0.270716495415444,0.349241715889461,0.397087175360631
2009-08-14,0.503835449582791,0.273239187984225,0.347715471108279,0.398313381107485
2009-08-17,0.495281509813212,0.256134108142853,0.297444892898052,0.381273922324648
2009-08-18,0.530897831955927,0.334467522090038,0.370441587772767,0.438380703270375
2009-08-19,0.531764974959556,0.333595858381891,0.369912713462021,0.439026067911706
2009-08-20,0.539414859235925,0.340196519860239,0.368111808353613,0.452660950312971
2009-08-21,0.546927621744046,0.357231393823795,0.390471808368845,0.460834118076937
2009-08-24,0.541744193353048,0.343988260689035,0.390139379580089,0.454310107295957
2009-08-25,0.542384584759207,0.342148879814267,0.389948311135928,0.451463113230411
2009-08-26,0.542140629418896,0.34557627751773,0.393493954130061,0.44513622501977
2009-08-27,0.540340806713754,0.349384671077559,0.395908008231436,0.444165307895304
2009-08-28,0.540426346974327,0.349740581015133,0.395927540211995,0.440637663985436
2009-08-31,0.541869115327475,0.340192505748093,0.383482386293383,0.435242198673622
2009-09-02,0.555472830802931,0.334888813434772,0.39714925058957,0.461729443386423
2009-09-03,0.546300307421523,0.316267903616423,0.400351310423277,0.452028942570501
2009-09-04,0.551143428084203,0.300069219946417,0.392580890123244,0.458481253545444
2009-09-08,0.541672658687372,0.299004788005387,0.390377018186084,0.456738199317682
2009-09-09,0.543630393705368,0.308558531474466,0.393388695881445,0.461156648152945
2009-09-10,0.540121673699369,0.305805196483345,0.388447932009665,0.458009062149345
2009-09-11,0.536092355639019,0.296086007541895,0.364524052228342,0.449353606478808
2009-09-14,0.535675341014278,0.288233020757772,0.365776415433186,0.44502720352032
2009-09-15,0.528212059694437,0.2699292856211,0.355684503211838,0.427224171814808
2009-09-16,0.527353894243325,0.270076356492715,0.35352619163051,0.425653563655888
2009-09-17,0.50577384705767,0.267564422821664,0.335080850268485,0.411386788356682
2009-09-18,0.511238323401129,0.277392984044173,0.339206764515357,0.40709682577787
2009-09-24,0.512579085328154,0.284332403817344,0.330876648399848,0.415926026075683
2009-09-25,0.530418033277984,0.25058150636875,0.333005194566363,0.392224780231342
2009-09-28,0.530151856465917,0.249275853153307,0.333045528239649,0.391567815543992
2009-09-29,0.539291912032058,0.268185617143295,0.343335635889103,0.403149458950343
2009-09-30,0.530362672485792,0.266852404492741,0.339302919771076,0.39466775715721
2009-10-09,0.52825767729697,0.267518830379481,0.329738158371213,0.394544399262186
2009-10-13,0.548356770499829,0.23612299963351,0.26654265064639,0.357398401338333
2009-10-14,0.546726333880644,0.237893704574211,0.259366913013892,0.358331531053374
2009-10-15,0.547578513931975,0.236826024681874,0.264742559509741,0.361115449435172
2009-10-16,0.547086991502916,0.236703669579122,0.265643632080766,0.360558324966304
2009-10-19,0.546429030713273,0.237161776864237,0.264481918459206,0.359937215824635
2009-10-20,0.550646665367333,0.23316996740855,0.269383670537507,0.358447090183863
2009-10-21,0.552327806115348,0.239482862571568,0.274046918413369,0.355795646765782
2009-10-22,0.551998460129386,0.240216979296794,0.275350788358445,0.355802637359043
2009-10-23,0.55210733640549,0.242851840209561,0.277792705690595,0.356687640636604
2009-10-27,0.558461103526437,0.242822201965997,0.283511573000508,0.368312145299267
2009-10-28,0.571323275254485,0.254623562892229,0.267206365506482,0.380580717725413
2009-10-29,0.558846625630416,0.247862455325847,0.24835950405384,0.361859868025301
2009-10-30,0.570357953706639,0.271777663525684,0.267232592386815,0.369000963411657
2009-11-02,0.571573842638484,0.278507642180377,0.264106300177912,0.372267683008
2009-11-04,0.553403609946695,0.227506220890046,0.232704549419794,0.360157091907127
2009-11-05,0.549188885087037,0.229954927174646,0.244094894939218,0.358783171437025
2009-11-06,0.543842182805438,0.221912667001459,0.230488082232052,0.349029340490174
2009-11-09,0.540281991697188,0.223266452342294,0.23177645062413,0.346616644635715
2009-11-10,0.537165107684836,0.224226717070969,0.233192685747329,0.344130913084467
2009-11-11,0.536645862273396,0.224905010776267,0.234236641916986,0.34318487175085
2009-11-12,0.529454922226632,0.22572076148728,0.233665157957584,0.336107319940334
2009-11-13,0.527211945694623,0.226239078495114,0.232784401752336,0.335238336304537
2009-11-17,0.527637781375554,0.224831146265438,0.23332132237225,0.334654335895375
2009-11-18,0.541211713075419,0.204875824331241,0.249354815380329,0.365400081338209
2009-11-19,0.538134865449723,0.201503177124941,0.253581421669947,0.357153899600314
2009-11-20,0.531394046055468,0.192037919685998,0.256966702713673,0.358039665994644
2009-11-24,0.531404558110398,0.195072211139,0.257706936552512,0.35688360976042
2009-11-25,0.522800829880191,0.219400692758682,0.275224864151964,0.324924856386661
2009-11-30,0.527383865765171,0.22408505598709,0.277842203717671,0.330577824808609
2009-12-01,0.559757798374447,0.248471971610079,0.340150090654672,0.37965131060802
2009-12-02,0.562941957221304,0.262571298949841,0.344005043914337,0.386669408944231
2009-12-03,0.564117258612415,0.26427939624243,0.349145158248233,0.390366519316097
2009-12-04,0.559154844873512,0.240687306313188,0.344057798335934,0.388188141098747
2009-12-07,0.550666817305568,0.242612248787024,0.346700042871745,0.372569944656623
2009-12-08,0.5454764455067,0.245125092238407,0.347069389746934,0.372171213063824
2009-12-09,0.549370157671909,0.246959175781651,0.347965552636395,0.366373507620413
2009-12-10,0.558183659935702,0.260598027079618,0.33824998425001,0.368407135449758
2009-12-11,0.556031537001352,0.254006723385562,0.339457211981799,0.362705674001705
2009-12-14,0.551282505431307,0.245167960855837,0.338409943640526,0.358141119973855
2009-12-15,0.554490886832974,0.24178227361477,0.341024823469225,0.351514799215988
2009-12-16,0.557504655932343,0.243412799525037,0.339335663995063,0.350755668501082
2009-12-17,0.558567728455391,0.238664264503082,0.339281843751105,0.34352987044678
2009-12-18,0.56864540253466,0.237710143210269,0.356484250661484,0.337316275830527
2009-12-21,0.572352195673939,0.239477030222838,0.352111717041138,0.344451803918098
2009-12-22,0.564254381616788,0.240603538321761,0.350610092711038,0.339023794837391
2009-12-28,0.536508277886865,0.191627641954076,0.3233799628144,0.273939434048184
2009-12-29,0.560128877053572,0.255761497566108,0.377161456240472,0.315779068957808
2009-12-30,0.558894604861084,0.255625084576953,0.36906429977883,0.317875790368045
2010-01-04,0.554183177015607,0.244256726449483,0.372883829118272,0.320978081112596
2010-01-05,0.538588073127949,0.239698811688364,0.365821928481933,0.316076605162722
2010-01-06,0.541315413852771,0.240807766500647,0.35923966668612,0.323710620421071
2010-01-07,0.535022208153043,0.237998175292343,0.348199598088879,0.318922232841002
2010-01-08,0.538342711661599,0.244334009296532,0.364691181080408,0.329877185106019
2010-01-12,0.537830669733231,0.243829601034619,0.363050715378151,0.329454454862956
2010-01-13,0.529834298898831,0.253620515529545,0.359902100568636,0.313851956850865
2010-01-14,0.560872070512988,0.282126094006396,0.393006376937776,0.343893250949355
2010-01-15,0.555890030807014,0.292191456296334,0.397511440509225,0.350640318488163
2010-01-19,0.554107086669087,0.292469655617066,0.395552235173339,0.349735352552645
2010-01-20,0.552979987102346,0.273101664781704,0.396102732391211,0.349730612417226
2010-01-21,0.572479332158957,0.273538487449715,0.379164713468111,0.368571589411149
2010-01-22,0.555643459071984,0.273327301744425,0.378342948940387,0.348630671833976
2010-01-25,0.557099959158791,0.281920908934331,0.380017231789523,0.354473943127149
2010-01-26,0.558752140208377,0.286053189651982,0.384401950699771,0.356433620952673
2010-01-27,0.577195624599266,0.308001016634007,0.410027868241748,0.394590667068224
2010-01-28,0.577066315296165,0.311402808453598,0.41267340683339,0.399868564847222
2010-01-29,0.572218461239837,0.310455844265041,0.410669493423875,0.394032170021392
2010-02-01,0.569122020402251,0.307103407067973,0.398077551918032,0.393154836733709
2010-02-02,0.555534154521666,0.304151819871296,0.390777372471552,0.39366810418189
2010-02-03,0.554471142728206,0.298292493995007,0.390066436979688,0.39297207881412
2010-02-04,0.571894079936413,0.296541520027898,0.401655169124864,0.412646508239213
2010-02-05,0.565951157857273,0.297093540129052,0.400186458437347,0.411815820880989
2010-02-08,0.579556225633909,0.325745355580061,0.423736914442483,0.43208217929872
2010-02-09,0.578450271154589,0.325048621188035,0.421909763309693,0.429802591693403
2010-02-10,0.57801994595978,0.323314222522407,0.4217948177517,0.427406998720919
2010-02-12,0.578307081415778,0.323090355267446,0.417666835557014,0.419401863104339
2010-02-22,0.582982112497494,0.330248254674617,0.424201007586595,0.423100924454923
2010-02-23,0.578895970912837,0.30511175960534,0.40599617907474,0.421578823545978
2010-02-24,0.567007509704639,0.306618735112619,0.403352393199848,0.410807627618431
2010-02-25,0.551375676660527,0.285517496140567,0.385123840785507,0.393795224621282
2010-02-26,0.542145656771409,0.272319131993721,0.358565124935701,0.382033315764518
2010-03-02,0.536316526936472,0.271852196973547,0.356347308028761,0.380797483799371
2010-03-03,0.538795652636174,0.275764789963848,0.360366239954414,0.383560294670366
2010-03-04,0.535040784019382,0.276577755949205,0.361344788917074,0.384426428199703
2010-03-05,0.549169686082096,0.294279836403397,0.356735758972675,0.388793129026947
2010-03-08,0.547953605591592,0.292211223134909,0.356385199827334,0.387838178032788
2010-03-09,0.549438425173343,0.299197564600254,0.361528685109874,0.391923523225283
2010-03-10,0.548000263943212,0.297366081682506,0.360322783087001,0.391099548482518
2010-03-11,0.546227126501219,0.297056739352365,0.358312636974391,0.379375845370513
2010-03-12,0.545559236677485,0.296218269295887,0.356973551250411,0.378189979039349
2010-03-15,0.541462791610647,0.28179412836783,0.346831092712165,0.368699876560398
2010-03-16,0.544618258535361,0.28008132987844,0.35555079308923,0.369992799658752
2010-03-17,0.540583410459597,0.277139528441033,0.35326139829192,0.372587692151674
2010-03-18,0.558929571427668,0.295247278084414,0.387928059932768,0.385692716721452
2010-03-19,0.558268881333852,0.295037917109613,0.387132318355486,0.384944786087733
2010-03-23,0.556912663950512,0.29898486239949,0.389381555996701,0.382956455371943
2010-03-24,0.55393425975545,0.301309915717762,0.389413551875563,0.384263180398774
2010-03-25,0.553142645247968,0.301180416634611,0.388026531955716,0.37857682883877
2010-03-26,0.561478364008808,0.296322383793369,0.373751569568986,0.372350663678225
2010-03-29,0.570527722227607,0.317212397256704,0.378199549134003,0.381528972505951
2010-03-30,0.573096729372075,0.302671712681961,0.353082053781546,0.398958246477155
2010-03-31,0.571557469438551,0.301759513810255,0.352543237619149,0.397805774806673
2010-04-01,0.573063646257352,0.301930999509695,0.355278576104818,0.399000665281682
2010-04-07,0.581402843984387,0.318273016898593,0.373272768602758,0.416887233491959
2010-04-08,0.567893706709226,0.317383078696937,0.371773254242279,0.407675781679845
2010-04-09,0.56707486319054,0.328799754150656,0.36166554608946,0.413673880239497
2010-04-12,0.571934770962811,0.329398851793234,0.349035648494734,0.413130786220913
2010-04-13,0.571878661499342,0.32455721237628,0.353266155019441,0.409574473129419
2010-04-14,0.563219183272704,0.30378170742109,0.349346584026921,0.400880953398546
2010-04-15,0.562239355449499,0.303801416799975,0.344087046016439,0.393263990098048
2010-04-16,0.56110323517053,0.301906837375878,0.342269077100566,0.392125457399021
2010-04-19,0.571654359108994,0.324608290270381,0.349734601405154,0.393570333268969
2010-04-20,0.605031646745547,0.389383975253917,0.423342063636382,0.442284261807467
2010-04-21,0.599944109322647,0.387959094162166,0.419670622714899,0.438828806287711
2010-04-22,0.583356117532105,0.40173564889316,0.433944603461031,0.423251781602449
2010-04-23,0.582813332466065,0.407102580835945,0.435356677220609,0.414854623069113
2010-04-26,0.582070700075678,0.406533392055899,0.434243167729691,0.411581648953772
2010-04-27,0.563670392046768,0.383006573214878,0.42521308963234,0.406524642483184
2010-04-28,0.576277333974376,0.369836180517621,0.421686701016015,0.409328675051129
2010-04-30,0.570956382530601,0.361361132722223,0.419419406471141,0.394348307625088
2010-05-06,0.559735006560939,0.34892106285888,0.410846472876433,0.37018845121053
2010-05-07,0.631762912160209,0.415669458198074,0.504289947955704,0.481848848490508
2010-05-10,0.633090285814058,0.42741740258775,0.512565293612315,0.481613642036212
2010-05-11,0.62613615029747,0.425906975454392,0.507720696830271,0.478222031823885
2010-05-12,0.62903340729809,0.429342420322595,0.506198289105488,0.479034838414473
2010-05-13,0.627729691582706,0.427167590414531,0.502626141506179,0.477491451294631
2010-05-14,0.628497426472635,0.436941146724334,0.511546039573573,0.466171458650467
2010-05-17,0.626955439817794,0.436139315840296,0.508818206084873,0.465223857225116
2010-05-18,0.635984697701804,0.457569718730113,0.545009306024738,0.456854237305696
2010-05-19,0.636560194120634,0.454328999394312,0.537289395603043,0.456007204669897
2010-05-20,0.630856609365348,0.452510393774355,0.534440715163223,0.446610909509898
2010-05-24,0.628847182352468,0.454868259836374,0.535182629794889,0.44773968166167
2010-05-25,0.617167472171854,0.371666500552372,0.520285267839538,0.405606487511484
2010-05-26,0.616250417882558,0.381573298801842,0.523955110408483,0.414676008520059
2010-05-27,0.613762148712314,0.380350551130115,0.519362228429148,0.411055411070627
2010-06-01,0.614285833415149,0.382002320515068,0.519620290376712,0.413519021241774
2010-06-03,0.59831959023443,0.365083736242694,0.484819556365471,0.417233650681756
2010-06-04,0.589830600427411,0.355122642803279,0.47212425479276,0.399143689536857
2010-06-07,0.588786247346175,0.354181637396696,0.470284230041004,0.39804839273844
2010-06-08,0.592853893674892,0.364296178429672,0.474968670492546,0.405100251731869
2010-06-09,0.591460209954866,0.363337659390449,0.472321495492629,0.403949225928707
2010-06-10,0.590024189856882,0.344711484428029,0.45965184609686,0.396590798714745
2010-06-11,0.588196371473353,0.339247351014653,0.456182404090895,0.388552421943863
2010-06-17,0.585638260904794,0.338100117333926,0.452620410843432,0.387952961156692
2010-06-18,0.577709169497954,0.324723282224238,0.439287773954533,0.37937637932577
2010-06-21,0.563693790295748,0.322677615485357,0.432173233111871,0.379826570566265
2010-06-22,0.582518609792408,0.342296714154972,0.445808038538374,0.397147004958624
2010-06-23,0.580869712915605,0.339812728414575,0.443409481660139,0.395557822656814
2010-06-24,0.578621907076777,0.342250214189574,0.442721712523806,0.394454343727799
2010-06-25,0.577251156273722,0.341490475461935,0.43892482927262,0.392890355930929
2010-06-28,0.576608762642159,0.342634006572704,0.438618405978468,0.391158946913483
2010-06-29,0.57421239396217,0.343135607483715,0.435874375439875,0.385552000312196
2010-06-30,0.602181760448897,0.356190290385704,0.458102337324968,0.409624211701041
2010-07-02,0.602593996911503,0.36171393229999,0.458921835749846,0.406122335009495
2010-07-06,0.601849764874908,0.362685692243957,0.456771636896547,0.403150630661131
2010-07-07,0.602809668690397,0.366120358804796,0.457997456071356,0.405896613431468
2010-07-08,0.593659767665301,0.362664585498524,0.452772147389386,0.403184621506857
2010-07-09,0.588303371469621,0.349583465416889,0.442812944394001,0.394326488550037
2010-07-12,0.59758284670972,0.34907692231281,0.455187473485812,0.399828816666338
2010-07-13,0.597061852568359,0.345446090278109,0.455260434239385,0.399577126331614
2010-07-14,0.594084412606601,0.343940751091792,0.449792337919414,0.394256109307771
2010-07-15,0.594307519185237,0.346974582909179,0.450904004894164,0.396550364961018
2010-07-16,0.602684339522908,0.35447065733637,0.451034163427358,0.398119909190697
2010-07-21,0.601321492195545,0.344208432733878,0.44728660856615,0.395992662221491
2010-07-22,0.602273198644921,0.288997892781926,0.441948480147432,0.31119700824323
2010-07-23,0.602141871295574,0.284633402301387,0.430244590553769,0.316603883153374
2010-07-26,0.599137438319804,0.284402438150659,0.426653172603684,0.317238372369998
2010-07-27,0.597587291459532,0.28583744786609,0.426657751993386,0.314981761094045
2010-07-28,0.59176421418405,0.285971631346624,0.425190418226707,0.311931164734889
2010-07-29,0.591748867464265,0.309260573591491,0.423324334334724,0.311962837989453
2010-07-30,0.589875487608686,0.306457284239514,0.420315650698233,0.313431259900777
2010-08-03,0.589151458890381,0.307386778877664,0.419573128720445,0.31461064542171
2010-08-04,0.559590148026405,0.300729644315825,0.396823770388325,0.305628726923659
2010-08-05,0.559379799576095,0.290179660368884,0.39483486587166,0.30173828223584
2010-08-06,0.557944017910607,0.280388426934378,0.395290139365389,0.300027918738675
2010-08-10,0.560032104112111,0.276589577109023,0.390502339802169,0.287434034425503
2010-08-11,0.569525005568686,0.28670721926119,0.387003905715097,0.296677930156777
2010-08-12,0.560127904682629,0.27047712055054,0.37034052808279,0.279862229127793
2010-08-13,0.564867649537919,0.275674311141831,0.381936819528127,0.290669392139951
2010-08-16,0.558097110681192,0.27703347966028,0.390171974042745,0.295726091361967
2010-08-17,0.551894812352339,0.262458404350439,0.378636778948575,0.282819633264298
2010-08-18,0.551145550944953,0.261180344262776,0.378688382066202,0.280178433609417
2010-08-19,0.549932607330592,0.259271208428616,0.376404717556806,0.281074941204057
2010-08-20,0.549528233841748,0.265362714767408,0.380327725585903,0.288760209284793
2010-08-23,0.552110182270468,0.287912296953871,0.380007040518532,0.296434267427832
2010-08-24,0.550561978984624,0.287940864039731,0.378954880209067,0.29665691445281
2010-08-25,0.533645843439457,0.280379875463362,0.374649506991674,0.295433129505993
2010-08-26,0.527566130842516,0.302907651257294,0.400009646149386,0.286350201207705
2010-08-27,0.526252294598292,0.303277635623279,0.397242423927134,0.286286581309889
2010-08-30,0.525078676798157,0.303839017102747,0.395663372633448,0.287590195666193
2010-08-31,0.531510385096457,0.32064758063524,0.415165687228383,0.302185774937103
2010-09-01,0.531639730900736,0.319499363763599,0.416506783503562,0.304558429692295
2010-09-02,0.52537375874734,0.312754419253404,0.39960682692707,0.280442254472855
2010-09-03,0.535005414392976,0.321085360316392,0.403227627683287,0.280864625586412
2010-09-07,0.532929085247633,0.320162787573252,0.401645365186721,0.279348833299279
2010-09-08,0.55107029771852,0.328836166786679,0.402832167782654,0.30663780341268
2010-09-09,0.541838709291224,0.325221003836499,0.401414460983407,0.304791912299963
2010-09-13,0.527532733755682,0.311068005229053,0.38919366458827,0.290895428168277
2010-09-14,0.536846537074485,0.325909823501908,0.404193929900905,0.311632159314287
2010-09-16,0.536247577012729,0.325218284902503,0.402684935391912,0.310038983985489
2010-09-17,0.506454381476284,0.242442915445392,0.387616856515027,0.257590828618639
2010-09-27,0.498537116653844,0.240679916813936,0.38237194204232,0.257358167971393
2010-09-28,0.506192137340387,0.237344587388387,0.392596325318232,0.272009066310787
2010-09-29,0.508903728409136,0.242465512178911,0.392784767134737,0.2766012523526
2010-09-30,0.503839675005089,0.242398212047777,0.390396519731808,0.276656938650219
2010-10-08,0.49387093034812,0.204032153986147,0.39009474879927,0.263573226112067
2010-10-12,0.535416951916166,0.246403900308366,0.416130100061114,0.328331128319957
2010-10-13,0.531007115025493,0.182543578265706,0.3262183885667,0.306117684680194
2010-10-14,0.53145085912389,0.183805511782684,0.32754200937137,0.308241933288281
2010-10-15,0.530799133565119,0.189378490628015,0.329984941061884,0.306115847286934
2010-10-18,0.505388153679965,0.167686443509955,0.323383969631298,0.305918781741035
2010-10-19,0.505705562082191,0.169244913375125,0.324429790739219,0.30818005008312
2010-10-20,0.512194823865781,0.172931915432038,0.305816838892807,0.311063642585142
2010-10-21,0.509395751434526,0.171455691040848,0.305085794373158,0.310014916025846
2010-10-22,0.506336861704605,0.173212300807231,0.303366188463956,0.313027180125126
2010-10-25,0.506584012733434,0.173317921145882,0.296139248857095,0.311472417357372
2010-10-26,0.504986625883498,0.164018663182829,0.312076098365539,0.31273698453442
2010-10-27,0.505151487696005,0.16631268126716,0.311334329007378,0.313546898909564
2010-10-28,0.515268021151932,0.166308528077243,0.31722280411295,0.329722893542294
2010-10-29,0.51472466817657,0.16820160396699,0.317265080991871,0.32909152390587
2010-11-01,0.515615990545679,0.174278527278429,0.318645545179396,0.325299999088297
2010-11-02,0.541228560093445,0.157812671672729,0.349420445517419,0.361166197824958
2010-11-04,0.540461307616178,0.15945385413193,0.348325184908132,0.358437809185169
2010-11-08,0.540930290688928,0.18222158736834,0.358840656552522,0.368926730630309
2010-11-09,0.551517732184431,0.237999212046626,0.35035352726938,0.399088334479148
2010-11-10,0.553246875424232,0.24001974830563,0.347065250192267,0.393677501977965
2010-11-11,0.554260949198356,0.233729390428579,0.335334632695706,0.395530823239405
2010-11-12,0.55592470444321,0.234966386428037,0.280782563131081,0.393923334325483
2010-11-15,0.569477755589534,0.26275641551657,0.260616777716683,0.428758524054422
2010-11-16,0.562044727842414,0.266240244866005,0.260698876445751,0.42159057395905
2010-11-18,0.570744376034275,0.266220528331909,0.274972911300033,0.43271297687136
2010-11-19,0.570236284731174,0.250326924928604,0.261488810238309,0.430049730373624
2010-11-22,0.567972826871698,0.250452098963415,0.264275022958911,0.422417747098626
2010-11-24,0.567077124331177,0.249295303375718,0.264605127040312,0.421065464789082
2010-11-26,0.563874524629503,0.253020251305668,0.269299917841489,0.418045003137989
2010-11-29,0.560217569176968,0.253302790332515,0.262456500924153,0.417173274007679
2010-11-30,0.554242745619742,0.251667677202744,0.26335786769241,0.415861637722618
2010-12-01,0.556616385240054,0.268303350288575,0.255797849634441,0.418694527816675
2010-12-02,0.553880299685499,0.268469992590084,0.254293932177176,0.412300955824974
2010-12-03,0.554718442479404,0.272857817473237,0.258956313764685,0.412899156580144
2010-12-06,0.553244089317939,0.272929384583563,0.259203712818023,0.408875328404893
2010-12-07,0.5499292127851,0.272020581887607,0.258390756144461,0.408408879059283
2010-12-08,0.550883710661059,0.269733793002075,0.2611235111244,0.40845514477084
2010-12-09,0.554316375284376,0.260174438364353,0.264952570840856,0.401264260325574
2010-12-10,0.545990236575897,0.25237774843823,0.230257682374376,0.393438495348617
2010-12-13,0.542199913427521,0.241857391166667,0.228129324598349,0.373782265301534
2010-12-14,0.541638132483476,0.255732711351501,0.237664924395825,0.355933652442655
2010-12-15,0.54079117048578,0.256166487280038,0.23858101378567,0.354662871309235
2010-12-16,0.534590501365282,0.257054611344267,0.236445424524138,0.356194349398725
2010-12-17,0.533618712677142,0.257495650903709,0.239464273199591,0.355454838896222
2010-12-21,0.532770972188138,0.258049761178594,0.236749432375843,0.354303390208627
2010-12-22,0.531482576626732,0.259920517162838,0.239272096484524,0.349322584612553
2010-12-28,0.527145838093411,0.263078365407501,0.239238494567454,0.345551254197477
2010-12-29,0.557772358826484,0.276203892054186,0.234506487959041,0.189396150447606
2010-12-30,0.556191674107753,0.278153298870117,0.237735144218338,0.194621306697528
2011-01-04,0.555504836837138,0.269620198732296,0.239224524257626,0.196369278930441
2011-01-05,0.582775979680993,0.306493718739191,0.285841377921198,0.235519651068811
2011-01-06,0.580283995487922,0.306804072849363,0.286671693595565,0.23587827303633
2011-01-07,0.578657803964287,0.294575547539546,0.288074128582413,0.229648378597851
2011-01-11,0.575075753793404,0.294307303617029,0.289647169681216,0.225518786158769
2011-01-12,0.569237580064789,0.296925146794438,0.28785952017458,0.234709917583111
2011-01-13,0.567467559728714,0.296037591868154,0.289536320153746,0.235976455883836
2011-01-14,0.566651976684163,0.295877350115941,0.288466245830141,0.237428523089255
2011-01-18,0.561266951964134,0.305340382331782,0.268132346118846,0.243628592089681
2011-01-19,0.559412291764404,0.292766259848761,0.284598092247284,0.234490662121568
2011-01-20,0.565411677337396,0.295305168905082,0.298700803282307,0.225806183304016
2011-01-21,0.583228581390816,0.322380274847714,0.308413074645948,0.266874766434708
2011-01-24,0.572642736532039,0.290767087772811,0.264575168259221,0.251895201900135
2011-01-25,0.572576476551702,0.285506319029381,0.25988909935041,0.252384411096439
2011-01-26,0.571491666474217,0.275554820842022,0.258831303936532,0.254501449582309
2011-01-27,0.570193989367733,0.266500658521706,0.268830983432288,0.266829440989408
2011-01-28,0.561027883700081,0.273342453613503,0.270452387908069,0.264407885182136
2011-01-31,0.556743204191252,0.268609537594595,0.26997528540345,0.265086755190957
2011-02-01,0.539166339410022,0.247048273624205,0.22736492689308,0.220230308572845
2011-02-09,0.538716422157246,0.248023033520111,0.228571682471937,0.221744441811426
2011-02-10,0.541064205803876,0.200105025621632,0.239009265727143,0.232477333882922
2011-02-14,0.483627024695514,0.197222311510615,0.198815894378407,0.193447721868461
2011-02-15,0.507260575195616,0.214296237107509,0.201863489172423,0.189433691588168
2011-02-16,0.504236447304159,0.215113890490217,0.203202460061101,0.189833814217983
2011-02-17,0.507341558767402,0.218518483669898,0.192575614469523,0.194698132309391
2011-02-18,0.506645201768033,0.219420508193018,0.19290580499107,0.195376210197246
2011-02-22,0.489092104747384,0.219690557434284,0.170487484136772,0.195068289831194
2011-02-23,0.503389623051668,0.241486654625866,0.199875234161524,0.230405190880932
2011-02-24,0.502046334696724,0.23897837871986,0.200047350678623,0.229220888158073
2011-02-25,0.489956346068689,0.230108671971484,0.197366312911503,0.221958811055448
2011-02-28,0.482532030655235,0.230096181365871,0.198155855366435,0.217577866740401
2011-03-02,0.488089617098238,0.237117667690026,0.184031310708661,0.212224331217691
2011-03-03,0.480958315666408,0.230711495352419,0.183258619420106,0.21476193583032
2011-03-04,0.479618571675453,0.226567168102722,0.169402182036972,0.214274499379918
2011-03-07,0.488214757115444,0.23872136485047,0.191033466229549,0.226124375577035
2011-03-08,0.470608099749284,0.19043568502008,0.164129497876418,0.226460095071084
2011-03-09,0.466021165158324,0.191783012405688,0.166336860657763,0.226225321542193
2011-03-10,0.466364332697824,0.193006043853452,0.168323525476102,0.226760007240273
2011-03-11,0.473581435551312,0.217898776736552,0.185420402328857,0.238226439920439
2011-03-14,0.480051248307576,0.230678319397375,0.197173860883155,0.248988068762874
2011-03-15,0.480393780952057,0.187770929936643,0.198968915950313,0.248543780622831
2011-03-16,0.500857907069929,0.238857492248576,0.23324654658274,0.289431944219619
2011-03-17,0.49724644698663,0.251158530780483,0.249793872206822,0.296675041366435
2011-03-18,0.508009119228855,0.253543919956917,0.248368603700854,0.306071820938123
2011-03-22,0.50763969985625,0.255207099048845,0.251195871861355,0.304775598411328
2011-03-23,0.504575184228583,0.258496436565259,0.255685141125978,0.306508752502324
2011-03-24,0.499166893879015,0.251435355519137,0.253373565049614,0.31071415256831
2011-03-25,0.498598080262909,0.251691564951641,0.251176084257001,0.309346324002637
2011-03-28,0.504179065498124,0.25356912631716,0.259305687371688,0.317073815727214
2011-03-29,0.502554789278769,0.253131404420494,0.260066973700869,0.315261566704144
2011-03-30,0.500209591076678,0.252832820573981,0.249334442091677,0.313842384976226
2011-03-31,0.491066603524987,0.250576561758477,0.247628671369796,0.308677164790505
2011-04-01,0.483567234715821,0.246757742459772,0.235742763177149,0.301529622995325
2011-04-06,0.493118732921572,0.239236253353541,0.245387133557473,0.305784842475253
2011-04-07,0.506850831058434,0.227775280395567,0.247549979655167,0.324675400768248
2011-04-08,0.506398833890121,0.228271534723552,0.2473954164055,0.324356309574483
2011-04-11,0.507596246470796,0.235507800624904,0.249913412120444,0.327512273443613
2011-04-12,0.50824835002067,0.236851933563139,0.251894339760418,0.328952921891751
2011-04-13,0.503517990022725,0.237042389989992,0.248476064182789,0.327980175947451
2011-04-14,0.506600842133595,0.24163191959558,0.267996523895203,0.340068988147655
2011-04-15,0.507574863597117,0.241738811595792,0.262751783296039,0.341143715016353
2011-04-18,0.506799779481323,0.240016484537316,0.262938357651037,0.339253658185618
2011-04-19,0.501279060799343,0.239288287680427,0.262731512906287,0.336848754811181
2011-04-20,0.520687003689177,0.257380953454101,0.280231495001937,0.348728770837387
2011-04-21,0.517664198412264,0.259602633827933,0.278303794486713,0.347979814675085
2011-04-26,0.521842391651972,0.263479731880144,0.287459080960595,0.354328638378947
2011-04-27,0.505773515790879,0.285958021996905,0.251106928876502,0.366500344723216
2011-04-28,0.507283000250788,0.278159757438292,0.251699302611577,0.362605316257135
2011-05-06,0.508485031303678,0.253858627254445,0.24916101321987,0.357243653984181
2011-05-09,0.507548347750464,0.253001968525266,0.264805858824694,0.361293472822627
2011-05-11,0.50810232958364,0.25065710872544,0.263681997211063,0.361478267332745
2011-05-12,0.506368158710224,0.252805185727081,0.267128689806836,0.362777939014706
2011-05-13,0.514003098371017,0.27193802687362,0.292927435453372,0.378952425510411
2011-05-16,0.518292549485293,0.26201181770131,0.289747971720533,0.38492993504469
2011-05-18,0.523898731449104,0.268998619371143,0.295184310240509,0.389335138031335
2011-05-19,0.522804037188693,0.276059397605913,0.304846756483999,0.387610118707327
2011-05-20,0.516408465980929,0.278259591405013,0.309908225286805,0.378732157693628
2011-05-23,0.516031632612999,0.278367289453234,0.308620668321525,0.377837361340505
2011-05-24,0.557012095196387,0.319871228065402,0.371373755258119,0.42367298527834
2011-05-25,0.555905331953424,0.31889256601986,0.369712558703263,0.42193158088591
2011-05-26,0.552296623500758,0.323079318650382,0.376030688647012,0.416914239589701
2011-05-27,0.548417542911532,0.314846873929415,0.359389740191223,0.415065380755819
2011-05-31,0.53001005404198,0.317989206712088,0.353383330177378,0.406197283356233
2011-06-01,0.541026038390383,0.33421230384584,0.366466689129436,0.412357720685179
2011-06-02,0.540282084192616,0.333373617442122,0.365723218759508,0.410384212669814
2011-06-03,0.552652484166768,0.353397838150997,0.376086920001877,0.412766403991466
2011-06-07,0.531433820737971,0.343226884920442,0.373033215989877,0.401660268824029
2011-06-08,0.52674604417327,0.336926176384164,0.366552199950294,0.385518075236393
2011-06-09,0.52118261840148,0.336035721986752,0.362801636062537,0.381963532245267
2011-06-10,0.515809062344418,0.325460454352073,0.366092533947747,0.37947978548343
2011-06-13,0.512508378622648,0.324644585248937,0.361826889165368,0.375872010369033
2011-06-14,0.510919789618032,0.324660331520847,0.360866406967227,0.375192849825839
2011-06-15,0.504825148806664,0.334823067711628,0.371560530689805,0.369089090247892
2011-06-16,0.509604054143435,0.328989130135581,0.363045601802574,0.368288764846177
2011-06-17,0.529431594841721,0.357112382907849,0.387397647116553,0.391897109715903
2011-06-20,0.534908809538753,0.361136501468393,0.390851159680661,0.395945312829169
2011-06-21,0.536529585022119,0.358762647544458,0.393647239490869,0.388554101721481
2011-06-22,0.542559387319475,0.366828827356154,0.402057321200387,0.400070163951134
2011-06-23,0.54191719151961,0.359858724089001,0.400355868589795,0.397378555284113
2011-06-24,0.520649471956069,0.344482442159103,0.383924157339782,0.390493443827586
2011-06-27,0.546574341094634,0.353766735712906,0.410088896005056,0.403716906458179
2011-06-28,0.540583686249092,0.343326687569217,0.400787591332015,0.394425553760191
2011-06-29,0.540018701274186,0.341524447734082,0.399094779621914,0.393252146243478
2011-06-30,0.535626615247467,0.309746233506327,0.367008692468549,0.361886929412012
2011-07-05,0.546315026042001,0.308139571501276,0.366432236774937,0.379271616713728
2011-07-06,0.562868091463696,0.334184620165439,0.406369331277774,0.377904551012888
2011-07-07,0.56056937954126,0.328297382028562,0.403793203408207,0.377595219224957
2011-07-08,0.558469334580742,0.32825948984757,0.398827921984665,0.371671283519002
2011-07-11,0.556049228905865,0.327567921648449,0.397518512872149,0.368945285594655
2011-07-12,0.539139385217217,0.323754304011882,0.391311379002237,0.357577992430856
2011-07-13,0.566642981040836,0.349711031146513,0.420452634266138,0.387186114580532
2011-07-14,0.572028716739752,0.349474550465872,0.425845982364812,0.389549418159894
2011-07-15,0.570184548852319,0.345175751589037,0.423463994718699,0.387544854366164
2011-07-19,0.567305921733453,0.345196257077977,0.423172995203612,0.384915686165668
2011-07-20,0.562822026955249,0.352300223790629,0.426155820539976,0.375470436417196
2011-07-21,0.560775199627243,0.345482347261249,0.419553237844471,0.367171114689013
2011-07-22,0.55698510091286,0.342197943181996,0.421085665165088,0.355271400675049
2011-07-25,0.546761641827432,0.340167630097152,0.418246632031046,0.349235895363663
2011-07-26,0.534635109963999,0.356031734791036,0.427164530186552,0.347099369197158
2011-07-27,0.535627905367924,0.356645314729774,0.427893651807982,0.348848717073718
2011-07-28,0.532038426441458,0.347572856322183,0.426847728017485,0.349416084511872
2011-07-29,0.530155874856105,0.35079285771195,0.428465377091169,0.349774122850604
2011-08-01,0.530336193250836,0.350972269772088,0.426878382287485,0.349379653233639
2011-08-02,0.527365597291669,0.346496245635584,0.416714351355251,0.345973268087193
2011-08-03,0.533634036798903,0.35623357806322,0.426772430751583,0.359043940372277
2011-08-04,0.520517632172561,0.345247840906664,0.41284058091729,0.348537377805708
2011-08-05,0.517893654137984,0.344542675704764,0.398564641874645,0.342968952004622
2011-08-08,0.565530768219898,0.407773491347224,0.444074258765083,0.418193626085381
2011-08-10,0.5752817372687,0.431045674105507,0.492124035421609,0.48557977446899
2011-08-11,0.539333129443481,0.424300626736352,0.466447454839256,0.467611479894351
2011-08-12,0.52870621556717,0.41459418331441,0.465125998006668,0.456745488460994
2011-08-16,0.52819645869457,0.411820176524894,0.45900689683233,0.455794728565191
2011-08-17,0.526658299504179,0.412506384421736,0.453716468298059,0.451105927253308
2011-08-18,0.525520502495642,0.411502915634214,0.450907784322717,0.449670781106321
2011-08-19,0.530926516423128,0.419921275519499,0.455852258894552,0.444728382622905
2011-08-22,0.535842860269941,0.426385164480959,0.457781292861606,0.450281245639459
2011-08-23,0.532226222434089,0.427994126216544,0.459154338285572,0.448068882661953
2011-08-24,0.539866469478375,0.432819175259822,0.468987956154188,0.451991246155962
2011-08-25,0.540483628859725,0.433146190596493,0.468535876893529,0.452556352195373
2011-08-26,0.542189170090581,0.445047460960195,0.455259610712923,0.461655175263935
2011-08-29,0.541393205805415,0.442658334117059,0.452917227652517,0.459934666443807
2011-08-31,0.522903735852207,0.430794882049569,0.428506388381853,0.43725812624142
2011-09-01,0.501939457071464,0.422817341114648,0.419502739278557,0.41451437390935
2011-09-02,0.500898865682463,0.41363912396017,0.417861195873391,0.414415603765094
2011-09-06,0.50730246384977,0.419715263094607,0.417788300676627,0.416595867339984
2011-09-07,0.524700098405686,0.460342528166855,0.451159960436451,0.437453930301583
2011-09-08,0.531503200978772,0.468406693101964,0.462912554738996,0.447923040114915
2011-09-09,0.532432602464577,0.464166165037711,0.458435927930083,0.441385993551105
2011-09-14,0.532049234523339,0.461647312010856,0.455683043793418,0.438902398594961
2011-09-15,0.522604704242114,0.459943702894258,0.455546256388808,0.436956416626794
2011-09-16,0.520821812581672,0.451836544874533,0.451422377548432,0.433072958636797
2011-09-20,0.519602972147412,0.446337572862022,0.44553308450391,0.431529193188821
2011-09-21,0.529584033765783,0.453254248000708,0.440165699903152,0.428833379250966
2011-09-22,0.493621838732525,0.438642683474525,0.433554126879314,0.419755363598964
2011-09-26,0.531484324820516,0.456852475496729,0.449885617404552,0.448873559989667
2011-09-27,0.542558690162571,0.469091315126053,0.47182417693567,0.462851684198962
2011-09-28,0.543687249933994,0.470490139492421,0.473937304629923,0.464947669631106
2011-09-30,0.543829348437838,0.466827606147674,0.472454843155144,0.465707045917276
2011-10-11,0.549454619361094,0.453565532095955,0.455787093527874,0.46759196845498
2011-10-12,0.536627169725766,0.448226331256609,0.45142261667231,0.46320653416955
2011-10-13,0.530698512304299,0.423111477248728,0.442478537210332,0.4731403505826
2011-10-14,0.53254235309518,0.423682615388321,0.441636687168913,0.469665348803543
2011-10-17,0.532452275374956,0.422468173099158,0.43919655608978,0.466793347993847
2011-10-18,0.531976129089574,0.420752221898259,0.438435738130345,0.465214159484878
2011-10-19,0.552628749354455,0.434968487779327,0.44009138916097,0.481150128318981
2011-10-20,0.549620510741855,0.432269619616525,0.437222280770767,0.479292778953968
2011-10-21,0.554432125870656,0.439054866403988,0.447917625940586,0.483228041821531
2011-10-24,0.552565028540257,0.436981609003259,0.439757975734004,0.47683675193012
2011-10-25,0.569159630456168,0.453553721109788,0.453953813373605,0.49000119219629
2011-10-27,0.569235289943806,0.433450095370921,0.444898341174953,0.486885566410697
2011-10-28,0.571999263764724,0.437850209815598,0.447273101206424,0.48843273274772
2011-10-31,0.574705308744428,0.444030778825908,0.444369225147317,0.496032525837597
2011-11-01,0.574001422732312,0.442075834702698,0.442977748764432,0.491487479463247
2011-11-02,0.567324609323543,0.432818624017143,0.441319152301697,0.480061151122841
2011-11-04,0.571154469511748,0.394132651617607,0.431556242954193,0.485095680838301
2011-11-08,0.570322689559322,0.399156926882501,0.434570429700192,0.48371465740373
2011-11-09,0.570910330847849,0.404680331009258,0.437474706537364,0.474865705301298
2011-11-10,0.572975454390046,0.406843805371768,0.435490557467462,0.469341560814637
2011-11-11,0.588889595833685,0.428857491293782,0.46017043899716,0.486807009255763
2011-11-14,0.587432461209664,0.426962914486149,0.454044538693279,0.484611450705791
2011-11-15,0.591128595227895,0.43012528973226,0.461617221196495,0.491663413946204
2011-11-16,0.589316302970902,0.427215813084972,0.459058306477836,0.488406041784969
2011-11-17,0.594318099916803,0.431547116866561,0.464316561553115,0.476335105957605
2011-11-18,0.59320076944701,0.429344822479111,0.460485074419876,0.47335689487626
2011-11-21,0.597752408177377,0.438741521847317,0.469585304435723,0.486437135461843
2011-11-22,0.59489716678416,0.436617858242144,0.467014227256549,0.481936613923548
2011-11-25,0.593590454361491,0.43456334407684,0.464672655752932,0.478069685390174
2011-11-28,0.601306731476238,0.445916845156639,0.474701699081487,0.489191109438483
2011-11-29,0.597263853433966,0.44065451246817,0.469526673724239,0.482616776777086
2011-11-30,0.598534860008445,0.45007098906516,0.475921144916143,0.474375035856762
2011-12-01,0.594114973510402,0.440388988780087,0.460091068172078,0.434887908465036
2011-12-02,0.610045461890053,0.454699218096919,0.48011860138688,0.452537585830838
2011-12-05,0.605741221781456,0.446895499324158,0.476466980440457,0.44607287557368
2011-12-06,0.598036106062897,0.437697300456385,0.470334964975177,0.444711065953168
2011-12-07,0.597058679007562,0.434974787044934,0.468903527179013,0.443709189806177
2011-12-08,0.595465069506272,0.431231581793807,0.467295295015349,0.441619965891279
2011-12-09,0.594224148379857,0.429092285291606,0.465402244209106,0.433912131488827
2011-12-12,0.5934088008338,0.430392189248529,0.466163744489487,0.435529801304132
2011-12-13,0.589978078717999,0.41140081243714,0.450539241490673,0.429672744565289
2011-12-14,0.586962962340499,0.421256472635539,0.462797171479356,0.431576089439576
2011-12-15,0.586431779668547,0.421233003508915,0.461381526852575,0.432479327675275
2011-12-16,0.593955694752364,0.43934867760647,0.477110677840472,0.447842031400304
2011-12-19,0.597363303308721,0.434129799536233,0.480540152495438,0.453171555571529
2011-12-20,0.596046999495002,0.431677775234018,0.468004431383159,0.449200114309945
2011-12-21,0.594765721848474,0.428800122528046,0.464501484241046,0.447500531072324
2011-12-22,0.57096883380274,0.404593304351876,0.428181008329667,0.406438949529749
2011-12-28,0.570222286341337,0.403252727796328,0.426666205476119,0.405638588795966
2011-12-29,0.562700880524087,0.398223421957393,0.428811230565491,0.403161078877035
2012-01-04,0.560061159166844,0.395609713140728,0.42717153554167,0.402087367682112
2012-01-05,0.550060338941739,0.380400466594346,0.416543061933184,0.392353034745705
2012-01-06,0.542400239406702,0.38531251775101,0.414102187875133,0.388665889963919
2012-01-10,0.529540494597693,0.369732725951046,0.403554693963208,0.387013030747374
2012-01-11,0.540922107816073,0.331566861812574,0.364099143549736,0.337214187356566
2012-01-12,0.537407909664935,0.329905822243824,0.364097768621219,0.33052476662108
2012-01-13,0.536794637780194,0.32812625610243,0.361694223669093,0.330270638783799
2012-01-17,0.528793156250624,0.307572863397079,0.354293775926915,0.298371399899871
2012-01-18,0.543388502005566,0.293485954082032,0.360915561692136,0.309703451314945
2012-01-19,0.537961670770791,0.279325733791429,0.359122970931262,0.31624012257146
2012-01-20,0.54197299559989,0.286647372926395,0.364829067153648,0.320170468983891
2012-01-30,0.54373681070996,0.29333868451669,0.369678545284288,0.326377210070341
2012-01-31,0.537756422230432,0.288413212163456,0.371820183061278,0.301382018204458
2012-02-01,0.536331022857066,0.288280585314622,0.371537368912346,0.302252276388369
2012-02-02,0.536516012837551,0.287078938764201,0.368205579131112,0.302435705416323
2012-02-03,0.549068937350657,0.296239924674552,0.379970790015807,0.295693881401287
2012-02-06,0.547683441614424,0.289947945619629,0.373341693680652,0.29889798207342
2012-02-07,0.54676681252981,0.286916062679632,0.372459817934029,0.297461202177749
2012-02-08,0.542308786271758,0.287865297336885,0.36110383673646,0.281997541022255
2012-02-09,0.556044209384053,0.306906353595176,0.375685567464049,0.297872756142498
2012-02-10,0.555173790779259,0.306194172939751,0.374343634658094,0.297943074422882
2012-02-13,0.548814619104654,0.303638535812196,0.36894487155411,0.29512356777089
2012-02-14,0.547277193724862,0.30228515324434,0.366994813597614,0.294114349865125
2012-02-15,0.546035466153456,0.298809011432901,0.366631913535388,0.292215691581104
2012-02-16,0.54679228816054,0.308059636112418,0.372608271071918,0.299709681160525
2012-02-17,0.547060961986425,0.308702616979902,0.372334631956674,0.301648867830328
2012-02-21,0.543036819679335,0.303110625557559,0.36656010324504,0.299533798671602
2012-02-22,0.538393305807793,0.308746424406415,0.363850855045738,0.308166731551599
2012-02-23,0.538338496315057,0.314775463712921,0.363520239897805,0.287996598583248
2012-02-24,0.532244553854224,0.314885913973546,0.355361056374237,0.281620666866778
2012-02-27,0.528428051243628,0.31865781756084,0.360371858618099,0.285081628773499
2012-02-28,0.520039538263739,0.316978648036922,0.346095451366948,0.275765605105889
2012-02-29,0.512457811543288,0.316480787687041,0.345926877977919,0.276591736359904
2012-03-02,0.501886589737185,0.315022209618616,0.319543380538916,0.260025675190888
2012-03-05,0.483660306099851,0.320285835382418,0.319085904868409,0.256488478833157
2012-03-06,0.488086749612313,0.325775903527025,0.325076009398512,0.257726796978063
2012-03-07,0.508396158296077,0.335783022874337,0.336814406482927,0.295666749731534
2012-03-08,0.511873610682204,0.340074303395356,0.34248766921397,0.300742939218118
2012-03-09,0.519668110516737,0.356369136834627,0.351427235556439,0.319093365466056
2012-03-12,0.523259887402689,0.364136050386688,0.357178402681458,0.314516282785029
2012-03-13,0.52216672269582,0.363624062809446,0.356883967770856,0.314168989773211
2012-03-14,0.526993339066019,0.360700339629125,0.365436801223937,0.320754748485976
2012-03-15,0.507006110593541,0.27976286219252,0.302579804286015,0.249914063479941
2012-03-16,0.503731435127051,0.272241005779057,0.302870414646831,0.250575948083237
2012-03-21,0.495208093193495,0.269697215558985,0.289936850013,0.238512117878141
2012-03-22,0.505140898843765,0.275031575014109,0.294594416932608,0.24123363772877
2012-03-23,0.50469564519942,0.274244546801913,0.294924887122001,0.241726581732086
2012-03-26,0.512964492449475,0.288974577901849,0.293056155408024,0.234741033672673
2012-03-27,0.512753059947067,0.288829038845105,0.29241147184642,0.234716291869882
2012-03-28,0.497057522372739,0.269873755783966,0.285726197680402,0.225650151147566
2012-03-29,0.499813556291341,0.28227784220976,0.293516328053778,0.229829133098226
2012-03-30,0.511166434951451,0.290328774226725,0.308867950639393,0.240254965110479
2012-04-05,0.508631650530217,0.287648877557171,0.308069476245045,0.243631707554213
2012-04-10,0.503567817382314,0.200899039898595,0.321189298024492,0.216174494602371
2012-04-12,0.496149315366356,0.1951596609752,0.303754522100874,0.217023904333381
2012-04-13,0.482406793425752,0.189464186580659,0.28551793860747,0.208362588742656
2012-04-16,0.477931539893222,0.192625921441329,0.287125675873895,0.210961048928234
2012-04-17,0.478079607461912,0.193240836063376,0.286588553521535,0.212100471821578
2012-04-18,0.479150853865218,0.194543048337689,0.290966780201258,0.216453147292066
2012-04-19,0.490800759080766,0.223812256978655,0.309984509123197,0.228984646243253
2012-04-20,0.485970335516858,0.224777457709488,0.310147666882074,0.229440265724399
2012-04-23,0.482993189400868,0.220082003159279,0.278037770263434,0.215692787599764
2012-04-24,0.487148804321585,0.22216089045984,0.279217840683997,0.22916329378272
2012-04-25,0.487157955884431,0.2222822581921,0.2789058740202,0.2297002278323
2012-04-26,0.483654068261267,0.228684114439157,0.276920567792,0.232202012848321
2012-04-27,0.480638563443131,0.229456355733135,0.277221442481815,0.233295857585161
2012-05-02,0.482020087561894,0.232019430445285,0.272514095710539,0.234566145220726
2012-05-07,0.51289884499634,0.18805945490851,0.301276848308265,0.261428648592741
2012-05-08,0.453324526093691,0.162249981996936,0.263604914964383,0.196028450831932
2012-05-09,0.454129299437399,0.162709601495182,0.262571198333862,0.197017266388898
2012-05-10,0.457844818759671,0.187276402230658,0.279670447128268,0.219916061796144
2012-05-11,0.457604919542286,0.188152528247223,0.279601896901057,0.221115940100241
2012-05-14,0.462845627010496,0.193550720534238,0.289181386808144,0.227021212477708
2012-05-15,0.467434417034374,0.193057855860328,0.290670651345123,0.23451126519261
2012-05-16,0.464247689669283,0.196460739821942,0.292713916791109,0.233272696860546
2012-05-17,0.484949242949214,0.213561680261039,0.327995750912335,0.260669448745412
2012-05-18,0.473193419032228,0.22452356296613,0.326327154587698,0.250016221615193
2012-05-22,0.482634707422195,0.267313565354391,0.361951404440452,0.278090023991553
2012-05-23,0.482455945333484,0.27794340637069,0.37787861030974,0.296791114504482
2012-05-24,0.484744361767326,0.282309495257197,0.379443222383685,0.301002146812768
2012-05-25,0.486955006682344,0.281628763264169,0.376196613088765,0.300960097733867
2012-05-29,0.48319185328853,0.279348007625471,0.369700242824277,0.302627970974564
2012-05-30,0.503192222529127,0.287894952107084,0.382971529835243,0.321813035271311
2012-05-31,0.499523948973231,0.288372133872019,0.38242200682879,0.322550320757576
2012-06-01,0.500324924509905,0.292803618608392,0.381352181059828,0.32470565353383
2012-06-07,0.499794159252517,0.2897872330716,0.37977239968847,0.321392124974726
2012-06-08,0.439141333306239,0.17561616081973,0.323627577719432,0.273843855424532
2012-06-11,0.441993827589584,0.18264245010672,0.325644745471039,0.27757974537782
2012-06-12,0.451046480289728,0.195442299563472,0.335439549015205,0.291474376166599
2012-06-13,0.453155400282396,0.201273630478343,0.338249482563285,0.288500853090381
2012-06-14,0.457849176916096,0.205758247917834,0.337834409452701,0.280236474009527
2012-06-15,0.464517368906604,0.208213500981901,0.328708262651836,0.285234480293944
2012-06-18,0.463596444714407,0.208634254831187,0.323248237582686,0.288652718793487
2012-06-19,0.465292070816212,0.21284285550411,0.32406893265401,0.290395393353106
2012-06-20,0.465255402570602,0.218167338831112,0.323336694622884,0.283136220579703
2012-06-21,0.463054559306823,0.21367882845904,0.319448945393897,0.280448228274817
2012-06-25,0.474935067810403,0.199606200657512,0.328992490794285,0.296050828442208
2012-06-26,0.493436710157714,0.216549753499266,0.367115243173339,0.305048137507926
2012-06-27,0.492703008569999,0.217569831676958,0.366534925900592,0.305299761038522
2012-06-28,0.487765461496554,0.215679230631513,0.365768928603572,0.294827805528641
2012-06-29,0.492531360419102,0.193230903412539,0.362392937097064,0.290941068292188
2012-07-03,0.507492217791557,0.212003986318892,0.378366800751081,0.307879098854889
2012-07-05,0.504816612136526,0.213496452069267,0.377660048233085,0.297384952175125
2012-07-06,0.494595050981485,0.210990300694229,0.367200624751048,0.278613961331373
2012-07-09,0.490475182175331,0.200581180919054,0.351451242314008,0.279793207101744
2012-07-10,0.516217397159607,0.237086857623748,0.369304237678898,0.320188421539243
2012-07-11,0.516298683853765,0.239001314737509,0.369352028859875,0.312900463191052
2012-07-12,0.51575270796235,0.238311843541554,0.366837453316332,0.315710749285768
2012-07-13,0.492414667393627,0.225288612368847,0.341904115749904,0.31103483384461
2012-07-17,0.492289522072465,0.2260443266888,0.337797652051939,0.309731094350211
2012-07-18,0.455567257409216,0.220231696023678,0.328190383668818,0.296311882639146
2012-07-19,0.448512627172404,0.218630855678814,0.317693718886851,0.296456686853322
2012-07-20,0.455111098650121,0.22550067528788,0.325242992122899,0.299163375317667
2012-07-23,0.450245992940812,0.239282239406692,0.324013611500285,0.303658580524638
2012-07-24,0.471854706425157,0.266909749056086,0.343804018496119,0.321658573833838
2012-07-25,0.469031060987512,0.26595594361351,0.343653213080466,0.322475203907893
2012-07-26,0.469457441950324,0.272583376727534,0.348068043685194,0.324866581249996
2012-07-27,0.468731276505908,0.265299776806684,0.341541886915179,0.319431702027987
2012-07-30,0.463963241998356,0.264595982136554,0.333496764929114,0.318515123333407
2012-07-31,0.439535345603821,0.252500010549227,0.321488875221971,0.289572455360139
2012-08-01,0.434164155812083,0.249127240397563,0.30748631822904,0.28905496575005
2012-08-02,0.432290138778325,0.236725299845117,0.303223534362134,0.295316924268259
2012-08-03,0.436387953257058,0.235988780810293,0.306431985636968,0.300748496414171
2012-08-06,0.430416474155254,0.210414199240829,0.285836922911697,0.307900740557966
2012-08-07,0.444459070519387,0.235697236231228,0.30463472558462,0.318450458769408
2012-08-08,0.445416709948704,0.236659443169572,0.304634042475828,0.317711241475074
2012-08-10,0.445912251406281,0.238009361111759,0.305164303787468,0.31401819712734
2012-08-13,0.4475112361772,0.238533376357362,0.308518375967546,0.313768618063881
2012-08-14,0.444335708209144,0.236753074347312,0.315554680520548,0.291047843500705
2012-08-16,0.446377491838823,0.238965871945358,0.317614031429458,0.293752820565784
2012-08-17,0.469364972019426,0.182774879803044,0.310508176117743,0.318049163800519
2012-08-21,0.469422327396809,0.184720379998539,0.308919243873856,0.317698577915718
2012-08-22,0.469426117764061,0.185740056711562,0.308324011696381,0.317793306408232
2012-08-23,0.474502406906991,0.189829038541512,0.310850589315718,0.323582964978209
2012-08-24,0.474868558024824,0.192719103973869,0.311697179830638,0.324268714896348
2012-08-27,0.487655952209376,0.215254330971061,0.326945359642133,0.327497457312109
2012-08-28,0.48419282894893,0.205966998151008,0.319804170280634,0.329203446595735
2012-08-29,0.481608452801753,0.19521999797965,0.315947839645305,0.32191610388935
2012-08-30,0.480277096783608,0.188511586887243,0.302105554979107,0.318629445131502
2012-08-31,0.475702497791545,0.188936030098339,0.299689850705703,0.310963488177154
2012-09-04,0.477041126330065,0.193794005715405,0.300102676820439,0.306198976201616
2012-09-05,0.478026099424889,0.197059462868953,0.299818073688023,0.307651343087575
2012-09-06,0.477609995050096,0.202804680260893,0.302086166471294,0.310816802543333
2012-09-07,0.478733486151428,0.202017249444028,0.304628130606443,0.302744597035279
2012-09-10,0.56613179092055,0.297604294544658,0.402750428604692,0.337578236802475
2012-09-11,0.5652358657419,0.296863197024772,0.400227577175247,0.335921212544983
2012-09-12,0.562227018585845,0.300947598613187,0.400115167673441,0.330928148156754
2012-09-13,0.560723103543592,0.300237991190499,0.397500584616353,0.331557637991371
2012-09-14,0.559569613758841,0.295834249806971,0.395038795723779,0.330558173224541
2012-09-18,0.551605251650654,0.302352461713687,0.394298566309861,0.334545980198472
2012-09-19,0.525943510886862,0.301061369523672,0.37662389677008,0.323522947114709
2012-09-20,0.52593419759049,0.302505596383729,0.375892728662637,0.3242980235606
2012-09-21,0.53574907471771,0.326861468063038,0.384662595935886,0.335833927099129
2012-09-24,0.534585769128458,0.32628585227694,0.383405464626286,0.334315897691202
2012-09-25,0.533084246585301,0.323420667136761,0.382349370410831,0.330430114645975
2012-09-26,0.53261346995207,0.32230068468277,0.381800347503256,0.330323543535008
2012-09-27,0.537664403097063,0.340204011523345,0.385687713951407,0.343334620810842
2012-09-28,0.546641345245784,0.339102438420098,0.383693088745831,0.351770717632535
2012-10-09,0.545947100406651,0.32076086002543,0.384617296309204,0.348089979065146
2012-10-10,0.546541504093829,0.299227843830317,0.364166413097463,0.348782728931495
2012-10-11,0.545454968013986,0.287618225257754,0.351806452093044,0.331889854465151
2012-10-12,0.539690416301564,0.290923251429885,0.356080473103972,0.331852111172089
2012-10-15,0.538034633584569,0.29052321729532,0.355411090811111,0.331378426921397
2012-10-16,0.537225195216137,0.28845113134212,0.355816178205668,0.330888826344101
2012-10-17,0.536374288827324,0.284724826986673,0.353056908030995,0.330470989388326
2012-10-18,0.535076966509279,0.286226986135236,0.353679311644495,0.329317475503222
2012-10-19,0.536821079716929,0.304363110115076,0.352806862083407,0.338494365250217
2012-10-22,0.535831113627387,0.303654399629061,0.351985171728411,0.338214295492254
2012-10-24,0.534806645697176,0.303281419446509,0.350717720257681,0.336687202464543
2012-10-25,0.527933750773381,0.308119401650868,0.360692141752608,0.336487405498758
2012-10-31,0.523439786521423,0.294401582854534,0.352058121171271,0.324931477257343
2012-11-01,0.534128199650418,0.316828581951101,0.361960174135219,0.347042149610206
2012-11-02,0.543202148990331,0.313265229102004,0.331910233018941,0.317605480083312
2012-11-05,0.543226007216354,0.317573091595241,0.336533464386408,0.321736207987783
2012-11-06,0.542265351591923,0.317529965765798,0.33645580504852,0.321899780718234
2012-11-07,0.542727611558222,0.318680284031684,0.325441684321878,0.324627537361913
2012-11-08,0.538831411585424,0.318144804656891,0.324267440003904,0.31776570933196
2012-11-09,0.564712808368161,0.346308268419911,0.348830937213385,0.351822988806251
2012-11-12,0.562215423696353,0.344890611966217,0.348423615248027,0.351487640243605
2012-11-14,0.561438013980713,0.334071528117685,0.345196343242588,0.348840135329162
2012-11-15,0.554573434694014,0.333343422200997,0.349192166554504,0.368787275045901
2012-11-16,0.56710524073219,0.286388499870516,0.367653862490863,0.388818679122403
2012-11-19,0.561294301744449,0.255537196988882,0.371829638491838,0.386826679242375
2012-11-20,0.560147300548398,0.255076804769863,0.369176960704059,0.385843341669054
2012-11-21,0.559754349447505,0.256020064810458,0.361611596194142,0.381308622398172
2012-11-26,0.568862680706285,0.264195709947642,0.349516803523165,0.377022239876397
2012-11-27,0.539013308491006,0.24367416354292,0.325090324923807,0.331758187672757
2012-11-28,0.533058761145301,0.235306410447212,0.29656896342572,0.319781996871619
2012-11-29,0.536992852157404,0.248132580244633,0.304984135808435,0.318490638953687
2012-11-30,0.523191307336422,0.240333251282642,0.289226116637965,0.29660532480896
2012-12-03,0.52506990364041,0.24391438558555,0.285504265759969,0.306748732252037
2012-12-04,0.535436095456834,0.241254496668332,0.276008854043014,0.308133229822454
2012-12-05,0.533449931942818,0.236249913823089,0.270298039472385,0.303560240438465
2012-12-06,0.575220842427006,0.235222982932967,0.284337181161417,0.311140640510678
2012-12-07,0.574327054807551,0.233188563333604,0.284360331294629,0.310971263585608
2012-12-10,0.558137091970762,0.224392825782188,0.290223125426943,0.332016625497104
2012-12-11,0.558071023760799,0.223651572494211,0.287842814228192,0.333568700611312
2012-12-12,0.555470470001754,0.225286420629689,0.284468553302198,0.331926051585677
2012-12-13,0.555445759342006,0.22827601724923,0.287033546459865,0.333606842929674
2012-12-14,0.555279996972185,0.192618146548355,0.248555548361811,0.31899648857429
2012-12-17,0.537674353561859,0.167187473658303,0.193085969643049,0.317090830122478
2012-12-18,0.533455809860362,0.171279067785406,0.189641460245577,0.313386643359791
2012-12-20,0.532701184447062,0.17214109673813,0.191065024668913,0.313075245095085
2012-12-21,0.531431810013099,0.174678573600055,0.193354143056687,0.313074830819985
2012-12-27,0.533565840108304,0.182825223429111,0.202539979376944,0.316902849806137
2012-12-28,0.534314118683729,0.253287934284245,0.210125644418587,0.335405278074092
2013-01-04,0.53331973400171,0.256891217604891,0.217522860840323,0.337602789491458
2013-01-07,0.544700487806386,0.282643703668834,0.234135675682271,0.360317492131096
2013-01-08,0.543706312949951,0.279969584308463,0.234590112083342,0.357398366250795
2013-01-09,0.543334710406099,0.281693968861686,0.23817750532035,0.358341206524677
2013-01-10,0.541885168599088,0.281105629249639,0.238934870101657,0.355652077086298
2013-01-11,0.541950818588989,0.28221233270354,0.241794450562208,0.355610075590868
2013-01-15,0.542081204134515,0.255995309460316,0.25527994970678,0.362158912937216
2013-01-16,0.531562181819232,0.261149715654061,0.200701286131327,0.289496213177918
2013-01-17,0.531361857729045,0.266215922753802,0.204985903319821,0.284169240041498
2013-01-18,0.530421705779827,0.265362980066127,0.208753893876807,0.290821009731874
2013-01-22,0.537099877660988,0.281791338527869,0.220597224339381,0.29921391329831
2013-01-23,0.536139025648971,0.279987193668326,0.220495183989206,0.298437385885834
2013-01-24,0.534965450309548,0.273431482758079,0.215491228628779,0.299067667489068
2013-01-25,0.535046039699267,0.265958754120821,0.224660168415597,0.288028661980541
2013-01-28,0.534781663125846,0.251394590718954,0.230064801364926,0.278380460535586
2013-01-29,0.532618709457726,0.231093764902012,0.210312997416209,0.277410094040352
2013-01-30,0.530628876427531,0.232366569373996,0.215421346981289,0.270681306032941
2013-01-31,0.534301537813404,0.242823352625029,0.221239595291637,0.281207153425788
2013-02-01,0.531609751881546,0.243349536771167,0.222050255436943,0.281137558391387
2013-02-04,0.524828446641949,0.245617590192761,0.215055392425891,0.285465760928814
2013-02-05,0.522569976784822,0.247140097943826,0.214184866189105,0.286646590433838
2013-02-06,0.474624691160008,0.240755049497266,0.209984969460079,0.277797751039139
2013-02-07,0.474424212296378,0.231838899659837,0.211234701687356,0.27826763334187
2013-02-08,0.476737598441958,0.236025064293331,0.21562967568581,0.284528713763644
2013-02-19,0.47709221032187,0.226634335469675,0.22374366744513,0.287130171380088
2013-02-20,0.476451469867825,0.191312442189267,0.138192377629953,0.235290331093279
2013-02-21,0.47935859811312,0.194883921916502,0.151114505600257,0.240042287681785
2013-02-22,0.520300205414382,0.218137843690093,0.166374262093171,0.276276233580967
2013-02-25,0.521503111032351,0.216368185022405,0.167164955841299,0.276705805096144
2013-02-26,0.52129773805421,0.221225141442236,0.16529431863492,0.276654501769664
2013-02-27,0.532220864906227,0.239635670702821,0.175393421462372,0.299986217706631
2013-02-28,0.532035587215264,0.230934693005553,0.178454050663907,0.301844260444584
2013-03-04,0.555403030937188,0.260877090017201,0.208014828863189,0.305588367699427
2013-03-05,0.591114341197169,0.229278670608442,0.231749619538733,0.353888915282452
2013-03-06,0.583285450994158,0.229087033404287,0.23278984490847,0.355589843680941
2013-03-07,0.584241763307112,0.235712297664474,0.23475641725121,0.357167651798273
2013-03-08,0.582338833167821,0.234436048943968,0.242685598189844,0.353307559708302
2013-03-11,0.570920354078211,0.226449956548678,0.243364980445098,0.353167692873443
2013-03-12,0.569956006798838,0.22595209085117,0.244842984746763,0.352040414628506
2013-03-13,0.572806029950296,0.228047053360941,0.251627672087407,0.345094272139959
2013-03-14,0.575289169192752,0.232228362628236,0.247308944108,0.350020000046576
2013-03-15,0.574524815773512,0.233710239730893,0.248337429681098,0.347099118600794
2013-03-18,0.571038945713914,0.23592417460118,0.241774356230236,0.347194700454096
2013-03-19,0.583392840287258,0.263919471008649,0.26255770184086,0.366944303244886
2013-03-21,0.579118008560406,0.270254729889204,0.267156365079781,0.369134092488385
2013-03-22,0.579608007873429,0.284110993470403,0.188033573193036,0.351682179349869
2013-03-25,0.576551051251406,0.276790077529688,0.189290075938682,0.349275506753419
2013-03-26,0.573724305361865,0.274161358977318,0.184168037176808,0.347790416150918
2013-03-27,0.566144917383037,0.277648401635967,0.180338460148908,0.326278909549142
2013-03-28,0.56429224699464,0.277734146491889,0.182441013122615,0.323636123522737
2013-04-02,0.568209008455362,0.295197348091311,0.179833095128313,0.323444633662007
2013-04-03,0.56557083455843,0.294471011421494,0.183296231980445,0.320681088151184
2013-04-08,0.564721675491617,0.285683503799063,0.185272389561503,0.320191829988628
2013-04-09,0.542756695149265,0.240695970815631,0.189336580924763,0.322507857250383
2013-04-10,0.543870513700757,0.240579830477094,0.190855154418344,0.324814503543818
2013-04-11,0.541707792564872,0.240902848327034,0.191713567553465,0.324461820486868
2013-04-12,0.539838430603486,0.237484723906419,0.190273216066127,0.319686388831107
2013-04-15,0.539045590214876,0.239121766623476,0.198308634041449,0.323585768708346
2013-04-16,0.547202579280711,0.247451970857337,0.201388131999097,0.329249198766574
2013-04-17,0.541182671623914,0.245723837654088,0.202747543454249,0.330508347991782
2013-04-18,0.540011204920216,0.245034025591378,0.204104356294374,0.330247859944519
2013-04-19,0.538320631519136,0.243226710796104,0.20023676212563,0.330208821879885
2013-04-22,0.566817219032568,0.246775682646572,0.204665057984819,0.314002688589437
2013-04-23,0.565699237018108,0.243420545445182,0.202768530697263,0.310640766926424
2013-04-24,0.57380710754569,0.241461430429602,0.211421468427692,0.347953834765178
2013-04-25,0.583498291452418,0.25972162801255,0.224489897604727,0.369111654094354
2013-04-26,0.569326904796857,0.255798183186968,0.214984991855473,0.358509419209447
2013-05-02,0.558349299242241,0.257613283347267,0.220099593751994,0.349460658321216
2013-05-07,0.555612164386366,0.25831167349817,0.21888376889229,0.32391524801668
2013-05-08,0.574665022075449,0.312940099342647,0.204609776978527,0.281238963683294
2013-05-09,0.574541680835995,0.313749973454146,0.206181910174643,0.284279367747839
2013-05-10,0.573739671201875,0.315364792508219,0.194694478736466,0.277670761827478
2013-05-13,0.573907209971718,0.319249361657432,0.174899657661752,0.280118597686079
2013-05-14,0.567837150632798,0.315977631969526,0.176110323002228,0.281462580018291
2013-05-15,0.566968966339432,0.315313981839221,0.160271699358953,0.27849773261895
2013-05-16,0.566702940351654,0.315882082537415,0.162522733968792,0.279948018054088
2013-05-20,0.563083192265411,0.30856712440976,0.175044349100985,0.284595651446678
2013-05-21,0.582611009227658,0.331149313196697,0.164540775413373,0.278877681418086
2013-05-22,0.578520097496784,0.330495083181263,0.166133191485284,0.277053542265154
2013-05-23,0.577157496309258,0.325654147538211,0.166122315973284,0.276200282858047
2013-05-28,0.581932124847896,0.340152734100951,0.187945718222687,0.301638202944583
2013-05-29,0.587413560669784,0.322432056131472,0.208195119556143,0.306240487668046
2013-05-30,0.575926402102339,0.321882167772986,0.209416228046174,0.298466541733039
2013-05-31,0.575375346261556,0.319942083067981,0.211115125252206,0.299634036897542
2013-06-03,0.575708948139474,0.314209573066221,0.211737607687604,0.306480240309001
2013-06-04,0.574180557484582,0.311609508633322,0.212969076639866,0.305863642406967
2013-06-05,0.568470014072258,0.29770703069926,0.213410674571562,0.30383843751228
2013-06-07,0.564683386645008,0.295414931848875,0.210325492383844,0.29738796174742
2013-06-13,0.597551327112727,0.293924451067639,0.274273526029417,0.353108955437461
2013-06-14,0.631170195549608,0.317872301612131,0.328708695632304,0.389932144990742
2013-06-17,0.629901664519477,0.319945552926214,0.329535537085698,0.391791727283309
2013-06-18,0.622418853425589,0.314699006839738,0.329955444078935,0.387600210356767
2013-06-19,0.620777262320029,0.314100427649379,0.329014858548229,0.383171921060994
2013-06-20,0.621826297251568,0.306139304818296,0.332773991832878,0.384952802404208
2013-06-21,0.647170897160854,0.316826761556734,0.376504960578029,0.432627673866242
2013-06-24,0.646218648133321,0.311431855121478,0.377869379814757,0.431931863813424
2013-06-25,0.650796166196138,0.309551585486783,0.397262690553034,0.454379939761206
2013-06-26,0.648843618909043,0.309463457464774,0.395174421129028,0.451704337946611
2013-06-27,0.630187745197809,0.310118050305597,0.393665643999431,0.448354514943525
2013-06-28,0.628096792009176,0.304048131504876,0.373682210151495,0.446081028948023
2013-07-02,0.63109188974269,0.315399028385299,0.380888082851136,0.450453356643242
2013-07-03,0.620314254016739,0.32399995755198,0.374077250034162,0.45264239345559
2013-07-05,0.613931023100165,0.323991927905383,0.375237477899313,0.451568646853429
2013-07-08,0.603386205918711,0.325921685157327,0.375527165913737,0.451275864792624
2013-07-09,0.60631820653982,0.334119732856477,0.383326582121349,0.45142666214213
2013-07-10,0.605369197193077,0.333413560213845,0.383077299117352,0.450089262762061
2013-07-11,0.606513961490857,0.324511581456771,0.371310701882605,0.447505396652209
2013-07-12,0.620431574603128,0.320151168375092,0.409648391041508,0.473731711791905
2013-07-16,0.620566669644624,0.316682295267417,0.410035221169125,0.473812361629992
2013-07-17,0.617684822470834,0.318232747844976,0.405517147071007,0.465946062502833
2013-07-18,0.613473735915329,0.316827334078404,0.393958784285688,0.466646081654474
2013-07-19,0.611401269057742,0.306309581270582,0.39595146126206,0.460572067825797
2013-07-22,0.606055000208519,0.315887064196206,0.395252419335965,0.458632827070784
2013-07-23,0.604858238954691,0.316356372566011,0.395333654902486,0.458268551547274
2013-07-24,0.613739797817995,0.32129876922223,0.40556005584085,0.461684711774371
2013-07-25,0.611110028202271,0.321777755850661,0.402065420104901,0.453967204896619
2013-07-26,0.610258996101401,0.324280409693014,0.401285558420374,0.452561416206411
2013-07-29,0.60710643859392,0.321769937623921,0.399631693936364,0.450483749139845
2013-07-30,0.606838464600554,0.343892037515045,0.404168171356856,0.444367308376384
2013-07-31,0.60631630620612,0.346111811544226,0.405824248456221,0.443555359295222
2013-08-01,0.603834960651864,0.342140121688576,0.403986647113265,0.436428611167629
2013-08-02,0.607257785476564,0.356727410608348,0.403979761480949,0.442798229700757
2013-08-05,0.605164389058849,0.348472213356833,0.402635956642935,0.440444106053784
2013-08-06,0.602152107103264,0.336871146400055,0.393521838330028,0.429130350673788
2013-08-07,0.584792939916041,0.337680244779303,0.387211672615005,0.420678674802731
2013-08-12,0.584466912890625,0.341591161068176,0.389904691300135,0.416813531494934
2013-08-13,0.614234905224944,0.298473376116869,0.386840095403559,0.404066880455039
2013-08-16,0.611300523631879,0.298035291992319,0.381341394656221,0.403014651274322
2013-08-19,0.603878504602167,0.306924295356523,0.367681433590904,0.426781155289716
2013-08-20,0.598793018383871,0.308338326068226,0.364122994318232,0.410745338642778
2013-08-21,0.594790977862671,0.312894269708758,0.36659915469322,0.41095296054077
2013-08-22,0.592202628148911,0.312454188616004,0.361878138140908,0.407582309298168
2013-08-23,0.589634405373073,0.312672603463018,0.361740265595721,0.406996694489483
2013-08-26,0.58855341650545,0.30215751814731,0.350208036289192,0.405607421819953
2013-08-27,0.587067584204827,0.293187346168566,0.362594010931612,0.391049303571551
2013-08-28,0.582084811907545,0.290772520867232,0.36098788144316,0.366221020995742
2013-08-29,0.574008595527417,0.290187245923586,0.360382040429423,0.363509510339392
2013-08-30,0.569064161493207,0.287977343375036,0.351112539382919,0.355114608395254
2013-09-03,0.568098565592538,0.287361835849675,0.348145185722101,0.353942033848087
2013-09-04,0.575054420891632,0.312134148531852,0.35018480311738,0.3630319845749
2013-09-05,0.572861252127453,0.312084664126045,0.349224240400349,0.351510482299189
2013-09-06,0.564677273774576,0.311466454680474,0.341175273262109,0.34570417791068
2013-09-09,0.561484698165968,0.297416558217983,0.340994848125771,0.346717716172091
2013-09-10,0.537121102978464,0.333960283113383,0.36514884015211,0.383061420171849
2013-09-11,0.54132329141334,0.340071502239463,0.373382810984287,0.391537879179312
2013-09-12,0.540297677070221,0.339224073395956,0.372423198160988,0.388528010780757
2013-09-13,0.538865841036322,0.336175644617706,0.370499033526763,0.389398501557154
2013-09-17,0.538245073683945,0.333747892188017,0.374354107862442,0.387600139534514
2013-09-24,0.487919353083887,0.337582804003749,0.342282614455808,0.296594157011107
2013-09-25,0.485307646448794,0.347838057138147,0.34078035710416,0.304327044400755
2013-09-26,0.48465533725981,0.348623020390115,0.34231884673169,0.304854160971493
2013-09-27,0.485322008616606,0.322051000657363,0.320385007061749,0.311292089439023
2013-09-30,0.48571750860905,0.320873406339419,0.320504279806438,0.311651604776291
2013-10-08,0.460915408139248,0.302113443277948,0.307373967994978,0.292435632307047
2013-10-10,0.470146361835864,0.251973368062758,0.309985439974947,0.279291373791446
2013-10-11,0.471061433224959,0.24568315165581,0.310428449051191,0.274707525220101
2013-10-16,0.483407691926413,0.256136322968827,0.335120843063756,0.277371271572509
2013-10-17,0.477375604691668,0.249256544651787,0.31683927847143,0.279288887245718
2013-10-18,0.477880619495345,0.248080749258694,0.315264173901087,0.27796464386165
2013-10-21,0.476975079877175,0.247971722242867,0.315744086829763,0.278819204070163
2013-10-22,0.477903993994131,0.255051641276032,0.310666180101119,0.276640880773255
2013-10-23,0.481755496676446,0.253923859917674,0.307460936594022,0.268854706825759
2013-10-24,0.494511072848139,0.27172487202096,0.325598892475394,0.271933980983911
2013-10-25,0.499267209194999,0.267914130162609,0.314077500455769,0.26418473051162
2013-10-28,0.50473455308934,0.295095624343002,0.326805132082634,0.273922702815627
2013-10-29,0.503979197156861,0.291731981778536,0.324518737228238,0.274457083906939
2013-10-30,0.503176788810956,0.292353876542791,0.323339155596068,0.27494329475015
2013-10-31,0.521677993169626,0.301377018106311,0.328586420287352,0.291030728903457
2013-11-01,0.523745982040053,0.308119103592676,0.341336698943133,0.300753176431783
2013-11-05,0.523594013307298,0.303526305245086,0.342463386458069,0.297197197833241
2013-11-06,0.513669613675963,0.303250919870485,0.324913875250932,0.297885778131086
2013-11-07,0.511678876633699,0.29435109718097,0.323926437125428,0.297657442061649
2013-11-08,0.514087470544552,0.297495202732348,0.327127845598644,0.299124662781096
2013-11-11,0.519367924365941,0.307334239894613,0.342239962348125,0.317474039371911
2013-11-12,0.512775370695156,0.306678953639726,0.339715040366255,0.317759833746979
2013-11-13,0.496521165708411,0.319113273009531,0.3484906878356,0.309836608221039
2013-11-14,0.527140239577904,0.31429194249384,0.38787910689066,0.325097016691489
2013-11-15,0.529570571631151,0.320381585543384,0.387271335694153,0.331009592420714
2013-11-18,0.547059784067583,0.34118778019258,0.417478509706326,0.335901750980307
2013-11-19,0.58699820075235,0.3212607935808,0.403791274522042,0.319917841009685
2013-11-20,0.585855186012787,0.321113319631952,0.396259189504894,0.320210144101462
2013-11-21,0.584404949990646,0.317400431148298,0.386412836686295,0.314562694491905
2013-11-22,0.582604488643929,0.310397132303289,0.381253830974633,0.313481071178153
2013-11-25,0.577834340663965,0.309492510671468,0.375043689137401,0.313372625173936
2013-11-26,0.576497059440406,0.297404684997509,0.369656076985427,0.309567636108623
2013-11-27,0.575451447803831,0.297673010914582,0.367690569819019,0.31005689291384
2013-11-29,0.57630271061834,0.290863915309125,0.368476794712386,0.306375097233887
2013-12-02,0.575223797919365,0.300506479344695,0.374766586980951,0.307325994382664
2013-12-03,0.564875829985852,0.300303165535416,0.378742872019994,0.297729938701736
2013-12-04,0.553770591016607,0.303330194158034,0.357481119944652,0.295039397375004
2013-12-05,0.524735327324785,0.247821984508599,0.319753553015569,0.242223682664189
2013-12-06,0.52456050584183,0.24965632398334,0.319985573795387,0.241003720809785
2013-12-09,0.522583863311543,0.244913388320472,0.321334105031329,0.245603774564637
2013-12-10,0.522047389390039,0.240545844074259,0.318231777340871,0.246539967252161
2013-12-11,0.521404722578914,0.241193193411995,0.317966511591154,0.242333924814132
2013-12-12,0.547108312005823,0.249606266957832,0.334863029580335,0.266090362968391
2013-12-13,0.545612724769169,0.249612813300019,0.334201221315398,0.266918785578649
2013-12-16,0.543927595273901,0.248206162912741,0.335231581219386,0.265374749266659
2013-12-17,0.547205198570426,0.278498107952661,0.330995934096338,0.279396935007328
2013-12-18,0.547348514787334,0.272601622203251,0.327857332788208,0.272701004189789
2013-12-19,0.545222714840533,0.263444374360417,0.325215801328568,0.273927619463255
2013-12-20,0.554975729850902,0.237293989965885,0.321798195158429,0.264406927532942
2013-12-24,0.547800761343001,0.228913954784664,0.291307409499862,0.204056635766472
2013-12-27,0.542168329969844,0.229560613889412,0.294601707517376,0.210169358750286
2013-12-30,0.542133158232814,0.234661543593535,0.29438673763491,0.215846036105811
2014-01-06,0.541483953357447,0.233229355834713,0.291664066688147,0.216804411443131
2014-01-07,0.591752993166031,0.292813190763457,0.398448407502227,0.267023046833468
2014-01-08,0.590517955147448,0.291766629549127,0.397260497569606,0.267380614663817
2014-01-09,0.580345928514478,0.284179561744273,0.396150388673447,0.259983968537366
2014-01-10,0.584004374262376,0.29376933032106,0.400217459818711,0.263228495511242
2014-01-14,0.578238315383855,0.291493091161296,0.401672797641319,0.264460323287595
2014-01-15,0.572021426603166,0.255995484407609,0.40229244055119,0.250502896234269
2014-01-16,0.56857140417843,0.248082108137024,0.399382920371898,0.246656661084394
2014-01-17,0.567044755442114,0.248382879873088,0.3979734875926,0.247545539614959
2014-01-21,0.549532160819489,0.248254887176788,0.404456181492678,0.241525131796939
2014-01-22,0.546103262743243,0.249025833464461,0.401748196712684,0.239220436509584
2014-01-23,0.529654349081714,0.24128029773989,0.395687901313417,0.227935776689928
2014-01-24,0.527906446885738,0.245286003213328,0.397975217931141,0.236283928093189
2014-01-27,0.505699519495802,0.227369694891938,0.390900644148342,0.221772253110051
2014-01-28,0.518347471928028,0.249979084002175,0.406600490565037,0.244726335161589
2014-01-29,0.517404880365742,0.249652954568706,0.405905910795668,0.247305529754131
2014-02-07,0.520054313186985,0.258449277681945,0.409489686656715,0.240100656928598
2014-02-10,0.510360367086679,0.25073198500232,0.409229933513235,0.243608490383996
2014-02-12,0.483018325945734,0.260770875281205,0.393148625365036,0.239983894219413
2014-02-13,0.496825363072879,0.26146674193878,0.398294789596899,0.250943524679109
2014-02-14,0.498551052713126,0.266363618953951,0.400020577812031,0.249847113019163
2014-02-18,0.500318157494817,0.256034719157048,0.404292117188756,0.247937897939826
2014-02-19,0.498827512773274,0.254758189432341,0.403199004861897,0.247269263378732
2014-02-20,0.497498963970569,0.248356262662024,0.392325226749072,0.258354082723181
2014-02-21,0.496812323796646,0.249943253430871,0.39149084114048,0.259512339146681
2014-02-24,0.47819324660731,0.221270345196731,0.34320886526832,0.244362449939479
2014-02-25,0.48367976552942,0.219293033439642,0.349329194604253,0.232097855480328
2014-02-26,0.478302156103471,0.19425921566644,0.308179846891597,0.231857254766278
2014-02-27,0.479462716252907,0.193789030869458,0.309105214062732,0.227308175418535
2014-02-28,0.477132362968301,0.19392373460929,0.310152122008984,0.229657843573561
2014-03-03,0.476810024545073,0.192558646938051,0.310020063143356,0.233970525881252
2014-03-04,0.449953597852612,0.181223803220824,0.290871506030105,0.211427229875221
2014-03-05,0.447754506509149,0.18163303830083,0.292074287770811,0.208812586273142
2014-03-06,0.450103064819638,0.170992944641211,0.272055157927586,0.200033253865824
2014-03-07,0.451844523231258,0.175527006524474,0.273352484693603,0.203829993168871
2014-03-10,0.452688268792075,0.175538177865891,0.274021662279632,0.204689382071209
2014-03-11,0.491027317160056,0.198248124681206,0.319285062953146,0.220930677545217
2014-03-12,0.491090868358517,0.199448959971869,0.318874088196529,0.22228154528616
2014-03-13,0.485631181490055,0.199570664002909,0.312447587524185,0.221661159681407
2014-03-14,0.47179684873227,0.197610088371816,0.311122102217636,0.205968876026964
2014-03-17,0.477218075784059,0.213798779370247,0.317960671272606,0.211615174720371
2014-03-18,0.470068769534327,0.210233497140501,0.321282791481317,0.223218876906387
2014-03-19,0.470121650132634,0.211078262109664,0.320183945256821,0.224503179669451
2014-03-20,0.470705861197095,0.2113600795044,0.320452596353449,0.226924732546696
2014-03-24,0.491575044192482,0.231468588843344,0.339411229485406,0.252767881931733
2014-03-25,0.556292660319248,0.263697314823229,0.385432434086863,0.356407356090594
2014-03-26,0.554705162395195,0.263647590891218,0.38399925200055,0.355289238869463
2014-03-27,0.551715746161647,0.263259135223129,0.373957177822686,0.343505722370593
2014-03-28,0.551383148877691,0.254975233470691,0.362377091564035,0.333336790026931
2014-03-31,0.545124686065489,0.254005703260801,0.361054631759638,0.331523758627693
2014-04-01,0.542184137449784,0.249749143932435,0.358531161753974,0.326342271365302
2014-04-02,0.544750250930913,0.247125752216565,0.359698461992367,0.328213964283893
2014-04-03,0.544738605007147,0.251741833832107,0.360230083139904,0.324877513862145
2014-04-04,0.540950860509667,0.243371890634878,0.361174609620095,0.307252849602809
2014-04-08,0.535605244444882,0.241870733911794,0.354005034054074,0.301998220560151
2014-04-09,0.531114817904639,0.147956751182942,0.352993660611907,0.282511443105446
2014-04-10,0.530282061567584,0.14114005411811,0.353289913771298,0.283537512023423
2014-04-11,0.541812468500348,0.140474692983387,0.359895690272808,0.273283666559877
2014-04-14,0.540566803042279,0.143681033374021,0.359111141868654,0.27443505177883
2014-04-15,0.539997688524257,0.145245826316643,0.358271090801557,0.273759424212063
2014-04-16,0.554633997904727,0.13755494345607,0.361372448719892,0.231754621767395
2014-04-17,0.553903082407579,0.1392454680992,0.360320553208236,0.233274928273697
2014-04-22,0.551493325031669,0.141155310961902,0.359642650395189,0.234414548860648
2014-04-23,0.547674354256358,0.144554862312137,0.3334797178328,0.20736357772917
2014-04-24,0.546335219703373,0.142834841787281,0.334177624665297,0.211470423444434
2014-04-25,0.542842719778182,0.149629652060506,0.33494587359912,0.199680364010409
2014-04-28,0.552738563295047,0.149059191734218,0.355004931095473,0.212675308038584
2014-04-30,0.551292847848497,0.167439380141219,0.353021179512547,0.240400930004244
2014-05-07,0.545007363415803,0.167906012918723,0.337381019306061,0.253862856862753
2014-05-08,0.54945696708538,0.18479953820764,0.348670438873082,0.266818801617189
2014-05-09,0.549250664727567,0.187626869240728,0.349033584517541,0.268514808396192
2014-05-12,0.548082704453128,0.188285294125671,0.346545874349921,0.268449262801569
2014-05-14,0.572557241100233,0.172043778686969,0.351927471778975,0.207308377603386
2014-05-15,0.558690248676274,0.164882018149074,0.310283824679635,0.198066609966587
2014-05-16,0.541942041279145,0.175617833713223,0.308794105506016,0.188542001611539
2014-05-19,0.541180980950411,0.173958802869298,0.308838172878202,0.189510444669681
2014-05-20,0.53736756982601,0.182906265331821,0.305378179273856,0.190760314584287
2014-05-21,0.536579182391163,0.184681727676527,0.304624020909044,0.192619793373539
2014-05-22,0.532626815419119,0.181410295404486,0.299829040449416,0.190008241167228
2014-05-23,0.529281328762779,0.172064334369651,0.298070063013094,0.191285103400657
2014-05-27,0.527000773881413,0.179013608132553,0.297654091759644,0.198030510558038
2014-05-28,0.526539693010912,0.17880337697638,0.293677850235899,0.199728027486939
2014-05-29,0.529924562931894,0.180947923728244,0.304709040068744,0.197665742982223
2014-05-30,0.531194713352248,0.181948553731477,0.306931024715926,0.181334475829448
2014-06-03,0.529708177567291,0.183767217552268,0.305343279648743,0.183711157765516
2014-06-05,0.522947890171418,0.173008342653119,0.302645381297251,0.185729398769793
2014-06-09,0.515869195185687,0.174778936863916,0.298838181323887,0.183925701200916
2014-06-10,0.51405021532397,0.173770947185871,0.301969481426975,0.168112319628964
2014-06-11,0.523956617337621,0.155391118370908,0.322682998059145,0.15266115717754
2014-06-12,0.522160517741279,0.157677327762152,0.322618950703807,0.154513445669856
2014-06-13,0.522370318868379,0.161250822909971,0.323050481490814,0.15660676848831
2014-06-16,0.527972765160049,0.173498327505305,0.285900227794686,0.156090816848427
2014-06-17,0.521218936178695,0.156116753197333,0.286070927550247,0.153560933207854
2014-06-18,0.525556236844423,0.152245674402278,0.273037668893339,0.173757073233041
2014-06-19,0.525167356036969,0.143182923170212,0.281043886901866,0.174556647381681
2014-06-20,0.513143957688085,0.0912726447231615,0.268837695033488,0.189133268724072
2014-06-23,0.512998566881608,0.0936508576898422,0.258550131924849,0.18849311725695
2014-06-24,0.49312890441183,0.0962294770264042,0.257857611915646,0.19086154068655
2014-06-25,0.494624474824868,0.098426234642429,0.265888257308206,0.194219773604694
2014-06-26,0.494710328699603,0.107796501866547,0.272117640471759,0.196778584619467
2014-06-27,0.502535439405186,0.112489736522754,0.280385578991181,0.209813303609088
2014-06-30,0.502206458804979,0.117000662554871,0.281552047260648,0.212481841567676
2014-07-02,0.496932815949707,0.123195615869461,0.289407919709993,0.197164800925073
2014-07-03,0.502002488030436,0.138207305260777,0.296262253768982,0.203167401292385
2014-07-07,0.501125287047081,0.139487749063706,0.294752520168493,0.206357182459015
2014-07-08,0.500900339473451,0.141021831375682,0.296262698445482,0.200851849081853
2014-07-09,0.500339698127051,0.140561416963719,0.296484419886074,0.19932363721559
2014-07-10,0.529825032866467,0.143921776427675,0.303473398381922,0.213660340584078
2014-07-11,0.528876012954109,0.146005075309605,0.303423532031485,0.2152774068428
2014-07-14,0.526189602961749,0.14295833938255,0.288737766697938,0.226236812804084
2014-07-15,0.52831812299843,0.162324304997861,0.291681863218905,0.218545664966087
2014-07-16,0.528321523482834,0.165876639233895,0.292140593333288,0.21979966651969
2014-07-17,0.526186705889339,0.168424824146234,0.292301657623364,0.216985674766706
2014-07-18,0.523698454932281,0.171539310285731,0.283184395904393,0.216253026887941
2014-07-22,0.52069204786591,0.165746201404634,0.282761962549956,0.218320335732647
2014-07-23,0.534618530494704,0.181629860367914,0.291916365529234,0.223967418728814
2014-07-24,0.532915067241787,0.182500433270375,0.291715042602266,0.225462676639517
2014-07-25,0.53892657008101,0.164955773913643,0.277080550269388,0.242957254873058
2014-07-29,0.536639870425867,0.191305941496476,0.284613717395341,0.232442663273597
2014-07-30,0.580752174207527,0.233042238335641,0.365631101429386,0.228985778415213
2014-07-31,0.578252543371839,0.233444164707284,0.356294014270381,0.230561676620859
2014-08-01,0.573887848086166,0.227989186261153,0.344725038446794,0.246694369240344
2014-08-04,0.578392064682919,0.237319666076641,0.345775796591332,0.26385906665458
2014-08-05,0.570120869542003,0.218056783974896,0.349109728431307,0.207473710802888
2014-08-06,0.568328129415634,0.219335621420762,0.347933322458757,0.207420956661181
2014-08-07,0.56735192084786,0.219895976151997,0.347667864335669,0.209615533271706
2014-08-08,0.576642806495815,0.206639328830236,0.35285965197745,0.217329913746264
2014-08-11,0.572842392838737,0.173314134910353,0.333944198854596,0.206838334377643
2014-08-12,0.586279555668562,0.204419049311693,0.339168617378218,0.223878838670159
2014-08-13,0.584373787292106,0.205152421273459,0.338380538705184,0.225662915656581
2014-08-14,0.579350995197481,0.206207647815575,0.332964559962281,0.226765350188457
2014-08-18,0.58060395085751,0.200044144052985,0.330890656805575,0.232685989270618
2014-08-19,0.583787720756806,0.196785367030841,0.302910547600227,0.252561536251446
2014-08-20,0.582339683558966,0.199663197882109,0.303910312513315,0.253812548289526
2014-08-21,0.580154330594322,0.200847389723694,0.303573405605836,0.252715395760468
2014-08-22,0.581135117499996,0.195036939500034,0.308947031392714,0.253591524892357
2014-08-25,0.581677870774609,0.192849486590256,0.312792102736684,0.25400323318987
2014-08-26,0.576188368552741,0.18939275180464,0.309564624980866,0.251766891039881
2014-08-27,0.578097152563963,0.200891548767487,0.297767861794444,0.260471156723428
2014-08-28,0.571085718525239,0.202051960342647,0.298125133297738,0.260121921023051
2014-08-29,0.575091471742323,0.209171845340593,0.296991964742138,0.268572829817978
2014-09-02,0.566811791434755,0.201699851588823,0.282695803703264,0.260805488036183
2014-09-03,0.536944395579236,0.254835932681046,0.214546793014754,0.24845409210156
2014-09-04,0.538273657035673,0.257948895643941,0.212885588894678,0.264418085397027
2014-09-05,0.533304372485029,0.25119162314427,0.216897128937381,0.260553027699698
2014-09-11,0.525182048580457,0.248321246389412,0.208644079370727,0.25402851915297
2014-09-12,0.521123856450981,0.224563063742711,0.220132654277073,0.250677373503276
2014-09-16,0.512889782688052,0.22639714947299,0.226835183412841,0.246795900790553
2014-09-17,0.535293583475047,0.231000200059145,0.223155464050608,0.313933773415076
2014-09-18,0.537065177724398,0.229314223734365,0.230949460742627,0.317778598453607
2014-09-19,0.528996089927944,0.233489547074392,0.223185094957931,0.317293349945635
2014-09-22,0.53057374035127,0.24375622786392,0.227127869072972,0.318531408303077
2014-09-24,0.54824940820276,0.259852698929159,0.253373251707559,0.321391820684525
2014-09-25,0.520505211070767,0.238652697375875,0.232566091002781,0.301238525420564
2014-09-26,0.518083976974972,0.236789053262342,0.233472118362367,0.301228462448976
2014-09-29,0.516587297562353,0.23425623560307,0.234078266834253,0.301330464061159
2014-09-30,0.489762789584191,0.236825581512473,0.23164349815502,0.29993743711186
2014-10-08,0.480022802043816,0.23198453116428,0.229790038389914,0.296108208715631
2014-10-10,0.487021075573018,0.164547612557038,0.148015516486918,0.249141571645632
2014-10-14,0.488873882179584,0.171088545152076,0.15549195227937,0.250667929330452
2014-10-15,0.489258325556913,0.184763666908941,0.163158299353163,0.261267151811024
2014-10-16,0.490618924626178,0.189616146134767,0.162534374803773,0.262352303650072
2014-10-17,0.497161003621967,0.204269864149179,0.168843999114175,0.278397025851406
2014-10-20,0.489108731725903,0.21286965413461,0.180703014114998,0.271732661111854
2014-10-21,0.488902035903957,0.228675263210692,0.195388405433282,0.276012780576457
2014-10-24,0.486026632008649,0.239326172683086,0.205454647238745,0.262465628322917
2014-10-27,0.444962826184051,0.188267681616717,0.186990215602103,0.233624253431542
2014-10-28,0.449389326637211,0.186716397802305,0.18548587482109,0.233278382279297
2014-10-29,0.478909352156878,0.17417686225575,0.167269763028798,0.202600581200398
2014-10-30,0.49253232862216,0.187127794510845,0.203371074365301,0.21130139225295
2014-10-31,0.484107935899583,0.190747178107665,0.202330717712912,0.215953946760548
2014-11-04,0.494802590116471,0.223268353765482,0.205934157164339,0.240423135206917
2014-11-05,0.488424986796408,0.228096858335324,0.192925174956624,0.242490891094399
2014-11-06,0.490692607190731,0.227330663236883,0.195723074180553,0.241642094288903
2014-11-07,0.489629063529415,0.226305187850023,0.197812172872422,0.242807365418951
2014-11-10,0.490843245775581,0.225721664362456,0.198492658386247,0.244797866529392
2014-11-11,0.49821912901509,0.205560363486192,0.225609992430929,0.257999057410911
2014-11-12,0.497528862710056,0.202716319336595,0.226208148039842,0.259116947686997
2014-11-13,0.501005423371553,0.204997666056499,0.228674312720022,0.250742704221537
2014-11-14,0.498504601069655,0.202175882194333,0.231535609311262,0.244084115937045
2014-11-17,0.496461188745103,0.201402757898852,0.235668679951078,0.241937823986126
2014-11-18,0.491671140834998,0.202142293487991,0.237048931914662,0.24304402554279
2014-11-19,0.498816608882833,0.186394605882351,0.21526973678227,0.225832447487489
2014-11-20,0.499736584902663,0.18842341153554,0.216747706951631,0.22082636746275
2014-11-21,0.499500416174412,0.189623763740731,0.217016246802651,0.219822594928085
2014-11-25,0.498718666542258,0.190978874148151,0.22346648741273,0.246565937582879
2014-11-26,0.541040806390975,0.18349823879493,0.253183627885636,0.223439227902087
2014-11-28,0.549713630493384,0.180144116027258,0.251089729327391,0.225114379220469
2014-12-01,0.504583831679979,0.183662186773066,0.239623793622952,0.216370849568417
2014-12-02,0.476639942537273,0.183835930661835,0.239173408160664,0.210773740056603
2014-12-03,0.489353339788115,0.187807094815903,0.231425392063121,0.225644084951516
2014-12-04,0.481340188850552,0.18987700299141,0.233368351067388,0.220066645473836
2014-12-05,0.50571938951712,0.211998487907287,0.266847211895973,0.209627089578346
2014-12-08,0.508341348774717,0.213102336564429,0.265722526276127,0.217664920723188
2014-12-09,0.502664541735331,0.210669725545328,0.246781876868455,0.183603158903067
2014-12-10,0.54365093045687,0.231340583848447,0.261092772703825,0.135955956288223
2014-12-11,0.539661468229296,0.179660596168706,0.217404838705817,0.140175951821099
2014-12-12,0.538911774036842,0.182388826793709,0.217688177651928,0.143242991618568
2014-12-15,0.537304586854917,0.184322867216183,0.219219789274064,0.14565085312209
2014-12-16,0.530666057557007,0.177717581441684,0.219675312910856,0.13966391020759
2014-12-17,0.497212177138755,0.147670941944071,0.199356808111902,0.0732138238394652
2014-12-18,0.492425197419679,0.15071328499119,0.197227901652024,0.0785145274321547
2014-12-19,0.488526448254932,0.147108763090102,0.198709191093231,0.0805177168155219
2014-12-22,0.494541290365216,0.163651325910202,0.217304959767747,0.0954649196312388
2014-12-29,0.494527683517436,0.16489627982826,0.220512422780281,0.102754513551477
2014-12-30,0.499098469885842,0.168663170012792,0.209641536882892,0.113994780158473
2015-01-05,0.495792931062563,0.16893822777696,0.210364540446191,0.116334069097043
2015-01-06,0.495139435679053,0.149796500622692,0.196517308338053,0.0577259023116022
2015-01-07,0.491945126506704,0.144964390122391,0.190333986300478,0.059523583783319
2015-01-08,0.492793018123522,0.146225953265257,0.191736258009272,0.0640465048982934
2015-01-09,0.478859120247233,0.128827010026894,0.170099571004228,0.0432664698957138
2015-01-13,0.47823377283982,0.13041980276743,0.168122663611536,0.0466918771350146
2015-01-14,0.459994396400797,0.136794058717994,0.174099380672396,0.0491467375179959
2015-01-15,0.460934605930327,0.140519392619882,0.17637352992809,0.0536466291822585
2015-01-16,0.471634653051532,0.168213141025531,0.173767461836144,0.0648415901245223
2015-01-20,0.458509767660128,0.159568471136848,0.157462748658737,0.0557432569305021
2015-01-21,0.458789743695489,0.0688016602658607,0.0751264790727855,0.0107460721301849
2015-01-22,0.480314969387877,0.0613062100263564,0.0790493294163691,0.0293011939161305
2015-01-23,0.48071030137352,0.0640467038997633,0.0814687036887123,0.0337950915299747
2015-01-26,0.476767249120051,0.0670236414154249,0.0846939483018554,0.0380662735192837
2015-01-27,0.477342326424612,0.0682223759860561,0.0869024341753905,0.038686458038
2015-01-28,0.478757528575228,0.0635482696478551,0.0837163428605884,0.0395316422779598
2015-01-29,0.476250544629835,0.0654323794475442,0.0817281805779452,0.0409354083696239
2015-01-30,0.480020172098629,0.0746631875895235,0.0899555507371328,0.0445523681616195
2015-02-02,0.48229283176878,0.0743417679658853,0.0941044993739531,0.0588517613338862
2015-02-03,0.480547905609136,0.086112103863426,0.0930809644198197,0.0410317521339668
2015-02-04,0.480747714922344,0.069419117216629,0.0934189354508509,0.034221585060485
2015-02-05,0.476022446680313,0.0607409065508149,0.0912255580630807,0.0355548210834629
2015-02-06,0.472069928202168,0.0695505334114873,0.0997058694306826,0.0428811281838008
2015-02-09,0.475250551895443,0.0636937524699868,0.100076684678333,0.0326711547349621
2015-02-10,0.468982823121784,0.0672611891951592,0.099463962026174,0.0335426583741487
2015-02-12,0.467318157160949,0.0658592729175794,0.0915897028106887,0.0434853741332642
2015-02-13,0.461006199038162,0.0785067261489626,0.0969957582733354,0.0414973259753302
2015-02-17,0.463845400528324,0.0782099964962225,0.106916667116165,0.0467152313882838
2015-02-25,0.466623468482715,0.0834844429990101,0.111691962927276,0.0443721481935853
2015-02-26,0.467148831838823,0.0677288781595521,0.100374617552095,0.0423124092383868
2015-02-27,0.471988798631145,0.080850740114991,0.104229623035173,0.0322515231693581
2015-03-02,0.469876629009552,0.0832973846884492,0.105146735447864,0.0323876012526963
2015-03-03,0.471149235744823,0.0860448974790019,0.112113964351041,0.03602808705429
2015-03-04,0.483106737754171,0.0895853175892816,0.108144044623986,0.0231086062593681
2015-03-05,0.469764346911808,0.0894602224417467,0.109599479458916,0.0254108934463738
2015-03-06,0.473802484209226,0.0903590868198536,0.112719985251878,0.0386913946861508
2015-03-09,0.474393633735747,0.0899106979739771,0.112058467744555,0.0397864886214955
2015-03-10,0.464446088368001,0.0744031593662857,0.0830835050538651,0.0304595229709495
2015-03-11,0.464806592116438,0.0802113988618136,0.089244827542441,0.0363335203526212
2015-03-12,0.460084579447572,0.0831678753847355,0.0919067126071863,0.0385821818880901
2015-03-13,0.461942390556693,0.107025707882643,0.0784304278958428,0.036177716957301
2015-03-16,0.462221817835097,0.116352000020169,0.0885470687323124,0.0354544519692708
2015-03-17,0.468165334223944,0.11403242070802,0.0913607175246121,0.0535383863314335
2015-03-18,0.459252420250296,0.128024393583066,0.132819130115523,0.0504574061291877
2015-03-19,0.473235134124642,0.137625132652525,0.130478815087306,0.0419915287927933
2015-03-20,0.462809441427401,0.138895911680844,0.13326103273126,0.0468288494554969
2015-03-23,0.45544174426503,0.143869719432288,0.134368461709814,0.0630925506910012
2015-03-24,0.460249108235895,0.162369066734688,0.133118647115251,0.0619281329150122
2015-03-25,0.45914220274741,0.163659484553268,0.135757523068337,0.0656673875185795
2015-03-26,0.451278739385543,0.163946701667722,0.137563508990401,0.0668647386940154
2015-03-27,0.449718069526626,0.151237159089807,0.12848865099762,0.0742196054362477
2015-03-30,0.449964040680738,0.148956830701076,0.130416103490303,0.0797291579497653
2015-03-31,0.48266993875148,0.163435896809992,0.147835400863439,0.0855464436854116
2015-04-01,0.478892007322247,0.176146590508049,0.140933124268086,0.0943259482312537
2015-04-02,0.487167950433374,0.15661113930826,0.123807594914865,0.0950542900950006
2015-04-08,0.487649608581681,0.161697998096419,0.126363775867693,0.099617726657281
2015-04-09,0.577824507657358,0.246193299456171,0.210495752488294,0.111683939605071
2015-04-10,0.542201554708538,0.241117212321775,0.212034087549555,0.11533035945891
2015-04-13,0.547353698155051,0.236100016365581,0.236477269926433,0.128695642182162
2015-04-14,0.560478655685448,0.232501515608001,0.245473586271764,0.142626960158892
2015-04-15,0.551897061212127,0.232902135766145,0.247238568408206,0.145387713625845
2015-04-16,0.547706452513444,0.235485556727798,0.241414160330296,0.134706544404022
2015-04-17,0.542458040092505,0.231637335418891,0.263683588833124,0.120990868897371
2015-04-20,0.530734177840557,0.201287754344165,0.264225591653002,0.113586713013188
2015-04-21,0.539086052526248,0.203458804175929,0.260939527014241,0.133597401285944
2015-04-22,0.54854843921244,0.221188252445841,0.256598023446747,0.138422603434262
2015-04-23,0.543417425542984,0.238651161904554,0.251122953338716,0.121707968513285
2015-04-24,0.541607626496746,0.239605644760568,0.250039139824427,0.125162654454636
2015-04-27,0.537314975743054,0.242470160640576,0.253040246078635,0.125208634993729
2015-04-28,0.544577310740157,0.229919584544889,0.242452749792959,0.12721456461567
2015-04-30,0.542470509859479,0.226433684285506,0.248572573022395,0.14118101532697
2015-05-07,0.543972616598805,0.231420206788054,0.254940104536809,0.146941306416719
2015-05-08,0.590487813326379,0.26044775278889,0.35342874351327,0.313980071319152
2015-05-11,0.592471910648215,0.262772647533576,0.346572856475323,0.32034128807289
2015-05-12,0.590827164952079,0.274353513902289,0.352129476709404,0.328450585546854
2015-05-13,0.57897013524706,0.273364086471391,0.349967617062315,0.311689498664907
2015-05-14,0.578474002679034,0.270742221480636,0.343277649989472,0.309693181096844
2015-05-15,0.577555189941881,0.268612882801328,0.342575516842885,0.309645992500858
2015-05-18,0.55233515820986,0.260097785297837,0.347798361433783,0.305703216036086
2015-05-19,0.552145720992739,0.256701791989268,0.345169695508416,0.306349401119747
2015-05-20,0.548970084043508,0.264535717385178,0.347657696130574,0.295270546711325
2015-05-21,0.546239840008567,0.266372715345626,0.347863748769502,0.290432987058279
2015-05-22,0.540285572094447,0.264703029514064,0.328769929596378,0.288480774044009
2015-05-26,0.550966755770575,0.266292649798564,0.345414553357196,0.293934405682202
2015-05-27,0.551299213504606,0.28381853932671,0.324997909356236,0.298424602012445
2015-05-28,0.547399521106715,0.283934899274432,0.304068573601237,0.281788390170054
2015-05-29,0.578162111951216,0.256629388416139,0.284680375539453,0.284918929104274
2015-06-02,0.577265660117929,0.256852209808948,0.284664459201293,0.28214995037518
2015-06-03,0.56148360199441,0.242629386587395,0.20246178155452,0.182972303624493
2015-06-04,0.559411226680906,0.242528043470223,0.202637821661307,0.184248406334773
2015-06-05,0.55659970131319,0.242793361641875,0.204983201536159,0.184667481428008
2015-06-08,0.543691128903393,0.240558538591146,0.203474751860651,0.181355750458112
2015-06-09,0.542534582415612,0.238700643371546,0.201656143227832,0.174605650480905
2015-06-10,0.538512509871961,0.231777058362318,0.203126883845522,0.176524814189489
2015-06-11,0.534172180482992,0.232421138382089,0.204052169851843,0.174551647535329
2015-06-12,0.532745184160119,0.229935036098733,0.205629116340687,0.176509214118547
2015-06-15,0.531697752156133,0.230560608988998,0.204905181666596,0.179015721939439
2015-06-16,0.537641016991139,0.23224535849558,0.213090917641844,0.194498890595266
2015-06-17,0.546395385291642,0.245239639937115,0.230348260114213,0.215561149769256
2015-06-18,0.548175662815267,0.241934138014604,0.233767378808711,0.224587519039045
2015-06-19,0.543981760462895,0.266044779870184,0.22121929830797,0.245045643393101
2015-06-23,0.512944089794364,0.219400371088149,0.201660238741317,0.236391280492901
2015-06-24,0.515624331892225,0.233923515842319,0.217264247560564,0.24804238656226
2015-06-25,0.515067748685792,0.235134250772894,0.219752007248467,0.252177330873955
2015-06-26,0.522257630994885,0.240451660446562,0.220205254402389,0.252459590486886
2015-06-29,0.548277201914927,0.242142500302161,0.201641557661091,0.286617495616841
2015-06-30,0.553684848600987,0.263464243775467,0.222954240893501,0.302410498696924
2015-07-02,0.558442732018993,0.267219768757246,0.236102126310174,0.323173902899651
2015-07-06,0.535489221617651,0.224488650390024,0.158362244492463,0.299455992982939
2015-07-07,0.529731227108206,0.237565397215342,0.182225574945217,0.29645151663168
2015-07-08,0.530227086677849,0.233020583734645,0.185678256276153,0.295020896335401
2015-07-09,0.545602559082646,0.266780986555503,0.20566112547365,0.327276752330649
2015-07-10,0.556674117965269,0.269105032973991,0.212817556930707,0.309950292517554
2015-07-13,0.560738697106384,0.263363534650313,0.214020347412306,0.313258441806976
2015-07-14,0.561715167652346,0.268333216527312,0.221922782956914,0.318049620495818
2015-07-15,0.561400384169368,0.263146307974324,0.223308466447123,0.317126393561018
2015-07-16,0.560000595265881,0.260087086874382,0.216323127761821,0.305468684405518
2015-07-21,0.559476446302094,0.260567458208819,0.217640642132103,0.305635877812125
2015-07-22,0.5629068995791,0.271251383291208,0.211548548499183,0.31342946295281
2015-07-23,0.560809372141674,0.2687514033036,0.210302686618155,0.312199635089001
2015-07-24,0.560301283712421,0.270461545589475,0.21062199190679,0.309600255865485
2015-07-27,0.56070171779492,0.272679243355279,0.215272740393195,0.310355806657932
2015-07-28,0.584078384479037,0.290104770416952,0.222586383273514,0.354160487272944
2015-07-29,0.580520640997732,0.290474675370474,0.223537349836218,0.356036675283951
2015-07-30,0.579319085434688,0.286678661448704,0.221794664113875,0.354524749201336
2015-07-31,0.579224837594322,0.27631947262874,0.229534524570491,0.359200320582584
2015-08-03,0.576360923357381,0.275125940672959,0.227021425442832,0.356340395479437
2015-08-04,0.576213366795455,0.275978570578257,0.230646633341831,0.356888972619744
2015-08-05,0.570727387202685,0.27077908236821,0.243701998556514,0.35211668219292
2015-08-06,0.567057942461353,0.267257034334618,0.243774968683188,0.351309818574401
2015-08-11,0.566840475666615,0.266447584368506,0.246448406974917,0.349887557476318
2015-08-12,0.558363598624032,0.26552820311228,0.185749054046762,0.271893750082737
2015-08-13,0.551592661995481,0.26577801206224,0.189421994354445,0.261528731679186
2015-08-17,0.551583183766273,0.270293219807695,0.193275773531162,0.265836907200932
2015-08-18,0.546416671275351,0.270415156149291,0.18937393072973,0.262424182024107
2015-08-19,0.556757973816935,0.275355698130994,0.207243792580759,0.270437391846142
2015-08-20,0.546916060080729,0.258506598236476,0.201094917300221,0.269174108248156
2015-08-21,0.55443570108287,0.269543525488948,0.220224474376018,0.280340654755051
2015-08-24,0.562728090110104,0.301676726063198,0.25153206305757,0.296932676038179
2015-08-25,0.608488819163253,0.375704350731559,0.31425240413943,0.382095481727556
2015-08-26,0.58379201633876,0.405398467179652,0.28652557140574,0.349073737901161
2015-08-27,0.583125418244608,0.39449269664802,0.269511099505511,0.349431239006488
2015-08-28,0.592679514349853,0.395522262768697,0.275326793333614,0.364332264715472
2015-08-31,0.578492266207597,0.404978921772468,0.287995786822648,0.3635515535653
2015-09-01,0.577178936124549,0.404100170512436,0.287807265315052,0.363469020934386
2015-09-02,0.575124703429411,0.40112314621951,0.289891377481756,0.364341429359706
2015-09-08,0.573147782797126,0.399823441104726,0.290090081079408,0.363811539230798
2015-09-09,0.570691668381532,0.389467452292583,0.282991835814611,0.36331154469035
2015-09-10,0.568251186230578,0.389243449559751,0.291084408234242,0.367614417916629
2015-09-14,0.567466176902983,0.390153006117821,0.28399497484934,0.369452044119912
2015-09-15,0.5647395727318,0.392383426845954,0.292369119212803,0.371449825747483
2015-09-16,0.563353950187197,0.386993343292397,0.287576955841015,0.377919857581446
2015-09-17,0.572202612749104,0.385178137218492,0.306200432925564,0.384031971513952
2015-09-18,0.571999219567739,0.378271856535709,0.305392545246681,0.374868571895598
2015-09-25,0.571231979545246,0.374320372283619,0.30539519643869,0.372730584039943
2015-09-30,0.557667494816118,0.373064343351061,0.298252168275237,0.367965328463301
2015-10-08,0.558428585106218,0.374713913101694,0.2932836441623,0.370073254290415
2015-10-13,0.554132631625699,0.386146376753858,0.309364408692345,0.37786120760241
2015-10-14,0.551822914219102,0.382043061407952,0.303420539306285,0.382176684708761
2015-10-15,0.551749637339108,0.382306454510495,0.304496773417136,0.381251622156329
2015-10-16,0.55465028112609,0.383717602378997,0.31022443624763,0.383575246531858
2015-10-19,0.554717583016565,0.384450942991143,0.30853274130397,0.38364755484585
2015-10-20,0.554030175186891,0.382946906977949,0.308542593850261,0.382822963521026
2015-10-22,0.551488703430328,0.382104346444984,0.309752926168662,0.380699635680059
2015-10-23,0.551696509014071,0.372940263360161,0.314015785338182,0.375061573828816
2015-10-26,0.552883233534349,0.375571698186848,0.317083108882321,0.376921186258114
2015-10-27,0.551718497070979,0.374819090101406,0.317469739859726,0.376549938161318
2015-10-28,0.551035195092731,0.372236533576714,0.31712282725016,0.37370964006963
2015-10-29,0.552325011250638,0.365059628510238,0.31716832604287,0.374553721161551
2015-10-30,0.550190405785815,0.363964931608118,0.315596147693541,0.368666497151336
2015-11-02,0.549017677648235,0.361601068843498,0.315601698876358,0.367958623009526
2015-11-04,0.552455506699182,0.371122572770724,0.310779964426962,0.372292643697234
2015-11-05,0.573692388630528,0.381118443507117,0.325066119278333,0.401429862475068
2015-11-06,0.569566993483017,0.384324088151882,0.320473756319126,0.392493606883194
2015-11-09,0.558114637771123,0.386475380121359,0.311485180379513,0.384207655077472
2015-11-11,0.550098066458847,0.392734679013633,0.298305964766338,0.377291408643454
2015-11-12,0.543940607020492,0.391177876910885,0.291237346037775,0.375441430183918
2015-11-13,0.528994730560442,0.389554329256144,0.292171151149931,0.375573479286947
2015-11-16,0.534204430841114,0.391081265133689,0.301405218263855,0.381845090646685
2015-11-17,0.522934851962912,0.381185730045271,0.284639163777421,0.378197685254318
2015-11-18,0.520499758356344,0.376344082758479,0.281958863700232,0.377235524609057
2015-11-19,0.52072457672983,0.373842889229438,0.282335758964647,0.381490068486403
2015-11-20,0.525048668565947,0.378869152375634,0.293144589492976,0.388020465527298
2015-11-24,0.524725289453223,0.377328415551338,0.293274798242068,0.386411092034732
2015-11-25,0.525009250940756,0.375036073203106,0.283839147777028,0.384428822660132
2015-11-27,0.520533889875944,0.368213861255527,0.279897717188638,0.368033930063236
2015-11-30,0.536192198060935,0.324418015087821,0.197110386814026,0.392873860977578
2015-12-01,0.534939526972128,0.320552931522455,0.189178534399875,0.391407873696088
2015-12-02,0.531107651398131,0.318198926366149,0.19074023896466,0.390592382064064
2015-12-03,0.529883813975177,0.305883040430214,0.177530158515863,0.393265556932844
2015-12-04,0.525043740990814,0.303738972865166,0.170379426889471,0.390456613786629
2015-12-07,0.52869682045885,0.319863664713728,0.183079664669208,0.390350470630365
2015-12-08,0.5276961610461,0.319656886828904,0.182906078991399,0.388927282379274
2015-12-09,0.53576818499935,0.329844351777127,0.19464494482421,0.39896402757793
2015-12-10,0.534379249302119,0.326519406666494,0.196194979985888,0.395912647758719
2015-12-11,0.534684782019711,0.327224509289738,0.196926647239184,0.39602215114599
2015-12-14,0.535106397676361,0.320464926202156,0.19961364627634,0.396842382866154
2015-12-15,0.509009521135991,0.271301462147208,0.167348345245035,0.363839706698901
2015-12-16,0.509152299450568,0.271178362501888,0.168563726093728,0.363071945536932
2015-12-17,0.499131384159606,0.266503246414812,0.167746142289045,0.359776649356572
2015-12-18,0.503580880948444,0.27902431773444,0.17471751443318,0.369101639311604
2015-12-21,0.502742380112412,0.275965394746056,0.176699026707677,0.367854451938967
2015-12-22,0.4995273319403,0.268151989139385,0.181588544912178,0.355440444527672
2015-12-24,0.499660869433542,0.267833411280913,0.18431111826717,0.35517518610127
2015-12-28,0.475922121299875,0.27140135060624,0.187232890616215,0.334169103742552
2015-12-29,0.487408756154336,0.260025420525899,0.220347510756397,0.332140399316495
2015-12-30,0.488643471316306,0.262764118717784,0.221790550155685,0.33536971997545
2016-01-04,0.485994106520047,0.263300023341732,0.221952780380902,0.334266737573996
2016-01-05,0.55884350399315,0.397755932482108,0.359411906431984,0.456320621139133
2016-01-06,0.557472678923351,0.396533625793432,0.356993124026797,0.454635654284375
2016-01-07,0.538859908836995,0.381697435042603,0.350141558106073,0.424242754870343
2016-01-08,0.587991268418864,0.421047721592791,0.375443345536331,0.497255328119302
2016-01-12,0.588139165351398,0.415412828205899,0.378288107638117,0.49806183557416
2016-01-13,0.608604188871709,0.44064208880617,0.400546824624369,0.519581371409839
2016-01-14,0.5965690733524,0.410996369677654,0.37890088739745,0.514201139223824
2016-01-15,0.590060612695045,0.388848057628598,0.3673602470339,0.48661025923254
2016-01-19,0.595578171157725,0.389053631880364,0.378622595266298,0.486815461530088
2016-01-20,0.594289495365007,0.378423592272368,0.382085315279078,0.483824277757239
2016-01-21,0.576420494456312,0.37384414149457,0.375762309089682,0.470445841791398
2016-01-22,0.582121040288847,0.384073138194071,0.375918220857623,0.474430462846767
2016-01-25,0.579280246471144,0.378385606618524,0.375709282274946,0.473958382881105
2016-01-26,0.578584272499592,0.377942621585461,0.375834808363794,0.472369776924323
2016-01-27,0.592794929128296,0.390646185084419,0.391461335669357,0.48411109020978
2016-01-28,0.589495678849951,0.38427319417584,0.384047013854281,0.482196807642239
2016-01-29,0.579497107001215,0.384655205792968,0.375664835838006,0.470790212721289
2016-02-01,0.585433327090377,0.392550020224478,0.375085768659128,0.479123145688494
2016-02-02,0.585048539651012,0.382373916484985,0.367831047640842,0.480337204517387
2016-02-03,0.576373329893141,0.376466005627197,0.353713275105953,0.468375549883294
2016-02-04,0.569692001703659,0.372073696767959,0.352847259588052,0.465712880111247
2016-02-05,0.570595381126869,0.366975555288642,0.35679445203908,0.464420701261414
2016-02-16,0.568235795274731,0.366888007693605,0.355932498494624,0.443773624869593
2016-02-17,0.554745417079139,0.32049165244747,0.325143699046717,0.445872159154398
2016-02-18,0.54762009835995,0.3157725940861,0.322925689064639,0.436301289020037
2016-02-19,0.537236691610256,0.31263800654761,0.317835359906227,0.429111954519219
2016-02-22,0.536660623855538,0.311791108836094,0.317206100847328,0.427747644404138
2016-02-23,0.539290118486477,0.314068442407674,0.314458745313627,0.42460918153679
2016-02-24,0.539216144003917,0.314350691990682,0.3148718711911,0.420933737457846
2016-02-25,0.530731538762459,0.310557985785812,0.313617875003474,0.401214452796184
2016-02-26,0.542070420805402,0.261489971882661,0.281970754778287,0.397416683465926
2016-02-29,0.537671684174032,0.262052497709435,0.282268671211762,0.397082591682914
2016-03-02,0.543622187529925,0.269397032300901,0.284452585864813,0.384707743574596
2016-03-03,0.579668348057302,0.325797708780995,0.326429275420655,0.416500262811206
2016-03-04,0.578287693479287,0.325377211392615,0.326230931072548,0.410037633175453
2016-03-07,0.57717200295131,0.325040920399168,0.325307146730684,0.407419351210109
2016-03-08,0.575624758924897,0.322535353520771,0.325200219788551,0.404283502299918
2016-03-09,0.573531037377298,0.321187222234547,0.322779216900353,0.398399993487627
2016-03-10,0.572086307945434,0.323567349664152,0.318489126570536,0.388928077322134
2016-03-11,0.569292314572313,0.311339362619735,0.3016773531254,0.386882076788981
2016-03-14,0.567191838068469,0.311043884844932,0.301796536992499,0.385747380079677
2016-03-15,0.569780569798644,0.318444308972364,0.30070886863149,0.387766003083666
2016-03-16,0.56715161523577,0.316834149559801,0.300444135170992,0.386370523769678
2016-03-17,0.565982751895644,0.314518007413762,0.300680346118495,0.385499411041313
2016-03-18,0.56767969665033,0.311462871830607,0.305607977433113,0.389063123839296
2016-03-22,0.569586215868063,0.294446939731539,0.306957397936185,0.393909808387647
2016-03-23,0.565897464061009,0.30366955483862,0.308725334104553,0.379862783004541
2016-03-24,0.564029502442689,0.302485892487552,0.30802409801951,0.378892641409882
2016-03-29,0.569206393666357,0.30702819495192,0.315290923630904,0.387350270832293
2016-03-30,0.565482289263008,0.292781816615065,0.305456434920915,0.39298328323282
2016-03-31,0.580496134299554,0.260909975856074,0.311440953051463,0.414367751677227
2016-04-01,0.579206581969506,0.259922384827965,0.310080439687884,0.409049578174512
2016-04-05,0.570502475910736,0.239343145683742,0.298402941384515,0.405058359205465
2016-04-06,0.54305845365654,0.215326505232149,0.284403975978851,0.3935849674721
2016-04-07,0.542359142142513,0.216208828865262,0.28341261031339,0.391895702723334
2016-04-08,0.536212513152185,0.214861155800521,0.280564532803418,0.388215104867709
2016-04-11,0.53113872541693,0.213553020394843,0.282014214568445,0.388042201346779
2016-04-12,0.530453831859718,0.20753866720485,0.27698502992721,0.383947196232455
2016-04-14,0.528737412597228,0.205113770308323,0.272803199685362,0.382080371801996
2016-04-15,0.535880392946596,0.249805874174069,0.304685125351538,0.403511996540859
2016-04-18,0.535446459697155,0.250313610232293,0.304888348931045,0.401747327754899
2016-04-19,0.537922773044566,0.266211829868357,0.309024914371723,0.400426568807566
2016-04-20,0.536537605896778,0.266366346908764,0.309181433948049,0.39914298849172
2016-04-21,0.540845115095694,0.260206919505638,0.31423356880356,0.392169185041437
2016-04-22,0.523798889158592,0.250984965980663,0.302406819439894,0.388251427631291
2016-04-25,0.521024384808931,0.25176095189714,0.30061767849114,0.384479428305169
2016-04-26,0.521785619350893,0.2533301579981,0.301138122880788,0.384426899201511
2016-04-27,0.52243885210876,0.251459247906172,0.302718951083047,0.381302041351004
2016-04-28,0.522531164357213,0.252485269323969,0.3040924306477,0.381813686113579
2016-05-09,0.521744083033904,0.252474018202043,0.304821590428777,0.381655790935306
2016-05-10,0.607197967412,0.28790802320877,0.387503077939434,0.472248775337372
2016-05-11,0.605693905224665,0.286067236977982,0.383842998093515,0.468765797506553
2016-05-12,0.602653479251673,0.285940783349307,0.382275952223132,0.46618078470059
2016-05-13,0.600912301344274,0.28566815022266,0.381162661399623,0.46360525160082
2016-05-16,0.599932538979658,0.28693032637237,0.380932014410136,0.462203261855859
2016-05-17,0.599942653835943,0.287172479974341,0.37879343333409,0.458897343820718
2016-05-18,0.594618723350971,0.284323890683544,0.377744394382452,0.445882107127753
2016-05-19,0.598662833507476,0.283096976264144,0.385758617335281,0.442805237986725
2016-05-20,0.596717384848118,0.283038005978152,0.382940051160547,0.436779687072013
2016-05-23,0.596766710071727,0.284630843542693,0.380973392897336,0.438071854722561
2016-05-24,0.592663917290893,0.28036134430833,0.382468236084494,0.435857257716516
2016-05-25,0.588768201770893,0.2861396252546,0.389160198597642,0.437644026479231
2016-05-26,0.567181744452264,0.279159082148458,0.373444899455146,0.432860384168227
2016-05-27,0.566126665787244,0.27906535434968,0.370951663155382,0.431457689516419
2016-05-31,0.563269048937218,0.278663336049759,0.367093277228576,0.424952997257546
2016-06-01,0.553372318228263,0.338545731651983,0.382556420244101,0.369967379136596
2016-06-02,0.552734334345876,0.335602749245568,0.381533199191337,0.369214229894669
2016-06-03,0.552624055246245,0.319487358713801,0.38062296605034,0.36872406829716
2016-06-07,0.552531275305691,0.319862870117874,0.379041035934225,0.369718292028785
2016-06-08,0.542022244256565,0.319131847777738,0.363935398182159,0.359008193477374
2016-06-13,0.541624612435624,0.314717044778146,0.355282382849726,0.354991637573505
2016-06-14,0.596901577642848,0.414977069420621,0.444023199959908,0.439547964756744
2016-06-15,0.593387837314047,0.410819211149203,0.440058095913186,0.434877733265805
2016-06-16,0.589524826808624,0.407367493580098,0.429537455028229,0.43132655199299
2016-06-17,0.587264157816698,0.406994174989707,0.430087915650155,0.431948815347371
2016-06-20,0.586842798340239,0.4066093075565,0.428200239569893,0.431333610575748
2016-06-21,0.582114295502609,0.402721487967531,0.42057729922562,0.426047087065203
2016-06-22,0.577371466584956,0.397033702603128,0.418472451652196,0.425647546622371
2016-06-23,0.577454448355579,0.388858483010141,0.420240147229216,0.420069611276772
2016-06-24,0.57399200808139,0.382472247890298,0.420142007729851,0.416142058112979
2016-06-27,0.585646145205949,0.400107546711883,0.437306267980656,0.435186462938917
2016-06-28,0.574757297091729,0.404203320456567,0.430867861477088,0.423814698941271
2016-06-29,0.570863371602886,0.401916940250012,0.430733263962878,0.425589883920886
2016-06-30,0.572697447823377,0.402654431450695,0.433031369394552,0.428699577305106
2016-07-05,0.564190270331466,0.401046511806578,0.429355684191948,0.417127479513638
2016-07-07,0.531955774550499,0.388429886391137,0.437545417800823,0.421144999464714
2016-07-08,0.530289509501769,0.380029576531476,0.430378708267272,0.418918927128144
2016-07-11,0.532915154848401,0.381862251001229,0.432619810606393,0.421270815695114
2016-07-12,0.53019746703951,0.37795922484238,0.429347231282823,0.419314074621433
2016-07-13,0.542720052378618,0.387872637381447,0.421505788137327,0.427836885553304
2016-07-14,0.542764557907554,0.387289846354821,0.421271341417167,0.426937096771072
2016-07-15,0.536439276177427,0.384287152093523,0.419116053999109,0.425675104250985
2016-07-19,0.535441296348199,0.382677190610133,0.416952871224731,0.422534592026066
2016-07-20,0.533487647335266,0.374214733795751,0.414933140007775,0.422070493819767
2016-07-21,0.526537584149393,0.373334131857079,0.413652801248673,0.412134063458035
2016-07-22,0.527178692126876,0.373233522368428,0.410223810193692,0.408663787358052
2016-07-25,0.525960007472328,0.377392769979503,0.408356463006309,0.40230064360188
2016-07-26,0.525608458295735,0.375922269561862,0.406897989250591,0.398308113036635
2016-07-27,0.528303278207386,0.351184951962694,0.415210604647143,0.394573279961455
2016-07-28,0.499618935185656,0.305416982494373,0.406748356103027,0.37032766965135
2016-07-29,0.499130572201036,0.303150007323027,0.404661829637973,0.364499657733013
2016-08-01,0.501827385453075,0.299469832799422,0.405135335254279,0.365925640596186
2016-08-03,0.479406990544823,0.294024159113589,0.385827936162844,0.34754571524873
2016-08-04,0.440729001096718,0.248451282059159,0.331969470992702,0.293434118132425
2016-08-05,0.441739682281333,0.249183680816092,0.331868742433315,0.293772221167192
2016-08-08,0.431760383186641,0.249596517141817,0.324791559472442,0.29440543706002
2016-08-10,0.444425589163287,0.265958882923911,0.332138687707926,0.309936796560573
2016-08-12,0.443850607382837,0.267371497065072,0.335668127416597,0.310202572179811
2016-08-16,0.455477802627143,0.275130450499955,0.336938894100367,0.300653696090007
2016-08-17,0.456807145894676,0.221478441851905,0.317302090579044,0.278450057427333
2016-08-18,0.45679622223561,0.221475152890843,0.317102193361014,0.278391093726517
2016-08-19,0.451446070342976,0.223652911631384,0.313156248814331,0.279527995530251
2016-08-22,0.450731005257567,0.224615905110665,0.313028380352818,0.280239619557215
2016-08-23,0.445750624478286,0.221780978623854,0.32269673387646,0.28133144587816
2016-08-24,0.446348470324361,0.220896984859235,0.322979556240942,0.282284151789003
2016-08-25,0.446634801637913,0.220291199119696,0.323391318085755,0.278792744064662
2016-08-26,0.446616545015734,0.223014664135182,0.323263611129757,0.274700457296161
2016-08-29,0.447171611744525,0.221017047821597,0.322051932547653,0.272253288718335
2016-08-30,0.447403982596493,0.215125577364365,0.321567849390557,0.269298984760612
2016-08-31,0.447461419387021,0.215658930041985,0.321953382138454,0.269556116085393
2016-09-01,0.445515822399866,0.220127171936401,0.317310625778888,0.266269659386242
2016-09-02,0.425154666918888,0.21715647571825,0.31817028374888,0.268984231558416
2016-09-06,0.426637762798789,0.217832043916574,0.318478511322131,0.266716275675078
2016-09-07,0.443231438767006,0.228025568735209,0.339151586095484,0.29346192682725
2016-09-08,0.443779877626701,0.228265228453985,0.338056826464119,0.293520819782486
2016-09-09,0.444461279217712,0.227821776201649,0.337644731667051,0.293572625870338
2016-09-13,0.430717455756755,0.227752823239026,0.351406143586591,0.300241596139167
2016-09-20,0.512708523809205,0.273924379249039,0.419709506737728,0.349225889906921
2016-09-21,0.508488694269744,0.27080247610694,0.410358005853588,0.345040982676179
2016-09-23,0.508236678424326,0.267786294415844,0.408710062521855,0.344206048994226
2016-09-26,0.507684409596744,0.26587342160119,0.408766424799952,0.344092840745075
2016-09-27,0.524400969920442,0.293406529242847,0.404365561932103,0.337677828122392
2016-09-28,0.527818289257907,0.297909741784658,0.408075639701651,0.339031621461731
2016-09-29,0.52574575339407,0.302119875543772,0.408997893028964,0.338880997234987
2016-09-30,0.526418592968203,0.305531059728733,0.410081965824781,0.341715482252859
2016-10-11,0.509948333974284,0.296586927322691,0.395596767406625,0.337700757893846
2016-10-12,0.513002428528873,0.3645231778138,0.34660838936152,0.299159907487255
2016-10-13,0.513627547119137,0.364728498003898,0.345629350100341,0.299555086174337
2016-10-14,0.504514066947579,0.362946114285898,0.340112550210862,0.298970420633247
2016-10-17,0.503462636285406,0.361845733146528,0.339647255779447,0.299191572986415
2016-10-18,0.50840175638502,0.356352968482359,0.333130036705786,0.296926560810609
2016-10-19,0.52261960595879,0.353191912735415,0.343417004346676,0.303317518126832
2016-10-20,0.521760806315699,0.352132102938534,0.342885851824137,0.302737454169843
2016-10-24,0.521138278766696,0.347217436461474,0.342385890564046,0.302871547099839
2016-10-25,0.527600532975605,0.33675454671185,0.344911690671651,0.310882075786218
2016-10-26,0.526666630591138,0.335997340407446,0.341210390745422,0.310456302585337
2016-10-27,0.530288871096964,0.33347590929277,0.348519517728624,0.318115626101609
2016-10-28,0.529322514643993,0.33331586569786,0.34500511307769,0.31802561732314
2016-10-31,0.530202210128286,0.328317615748902,0.345820816835362,0.320267056367966
2016-11-01,0.529914400504301,0.327992096519406,0.345697036242591,0.320484345779633
2016-11-02,0.535049650554647,0.325489645242287,0.341161551979856,0.31723330285931
2016-11-04,0.542344803170107,0.339981116223013,0.355358403469455,0.320661697427697
2016-11-07,0.524761311034439,0.312579504081935,0.354203439002401,0.298777608481809
2016-11-08,0.525426008636861,0.313972163265925,0.35534560864258,0.300859596559652
2016-11-09,0.526705378707449,0.311614406379871,0.356370904557819,0.307447272601639
2016-11-10,0.533931578268153,0.32175716285846,0.37008165156118,0.322917359232614
2016-11-11,0.553965939444117,0.369165311914807,0.408044691006664,0.364339754750862
2016-11-14,0.525786184414175,0.365611452808535,0.388586973846181,0.344772554487286
2016-11-15,0.508770577624722,0.367218755958779,0.381547151756573,0.328402117910871
2016-11-16,0.507218970435647,0.366001067467143,0.380963212139441,0.326595546672081
2016-11-17,0.507227407781161,0.363693418973603,0.377978778142656,0.326576964493769
2016-11-18,0.506770357128041,0.362389434930767,0.376885375157608,0.325964119440798
2016-11-21,0.500934482575259,0.357056369128804,0.377989280593811,0.308242631701964
2016-11-22,0.496126194836037,0.357599540352535,0.363579999519731,0.28403710537158
2016-11-25,0.509643385734569,0.353973834341586,0.374240892279716,0.28460029739543
2016-11-28,0.509363082584483,0.35613892624562,0.366617165110497,0.292530785494828
2016-11-29,0.51096770552132,0.352762628085055,0.366087276248941,0.297019914735025
2016-11-30,0.50800302680484,0.350685611927452,0.364892264183688,0.297554738403167
2016-12-01,0.494056308604647,0.344263735877024,0.350936007810042,0.262241893461328
2016-12-02,0.495415808612118,0.35001338927332,0.346981381544673,0.274228153798472
2016-12-05,0.511415369905803,0.351614186191644,0.358514000630778,0.280189311002901
2016-12-06,0.508074904484777,0.358764479079752,0.363304180081175,0.244737028994439
2016-12-07,0.502677881504066,0.356156548856578,0.347441745005519,0.244673033822714
2016-12-08,0.505983921429888,0.359444263513327,0.345586604414492,0.250101960430774
2016-12-09,0.504059414419606,0.34889449498794,0.317509432410833,0.251332440493644
2016-12-12,0.494195222953223,0.354483468933328,0.311323623242853,0.248832643609441
2016-12-13,0.529409666099569,0.291237491453855,0.279872005015546,0.242266563078943
2016-12-14,0.528981570011624,0.291034269751878,0.280122634714803,0.243285407166102
2016-12-15,0.527538006492821,0.29069901102886,0.279943056370038,0.244840046818843
2016-12-16,0.53301533549717,0.288679214084554,0.279749706193334,0.259125288963305
2016-12-19,0.53159687263425,0.289201356992993,0.280661845117376,0.260441991390683
2016-12-20,0.530171844972409,0.289344091648341,0.281769502371703,0.261267161160602
2016-12-21,0.532239525149382,0.283385568935075,0.279598614740243,0.262775801958518
2016-12-22,0.531313026014119,0.272009285493335,0.269179062809746,0.246546200817549
2016-12-28,0.526233602770459,0.271885970045782,0.269464396410227,0.243533276481015
2016-12-29,0.503191899664903,0.272951719750151,0.284400279937966,0.219250952289856
2017-01-04,0.502292299277363,0.273630866974424,0.284274748307553,0.222297818107551
2017-01-05,0.532359355144315,0.333486342464499,0.317959879910996,0.272719770669606
2017-01-06,0.526759677412133,0.331131956122699,0.3164099861555,0.272280484255694
2017-01-10,0.52461267972589,0.331987489189932,0.312387556820832,0.269993502302466
2017-01-11,0.523070293307887,0.326567188892792,0.310471509198723,0.268818067186408
2017-01-12,0.504416980536184,0.320217923730042,0.264999532111954,0.271424646551731
2017-01-13,0.507188882396905,0.327547164952305,0.255995450962398,0.275001139572983
2017-01-17,0.503968211920798,0.322649528284471,0.25868703912652,0.264943236625178
2017-01-18,0.504163572639713,0.314182578237913,0.260182785646023,0.266490277016453
2017-01-19,0.500716399790298,0.314046809254989,0.260477006454627,0.264874218675297
2017-01-20,0.501726648587589,0.306335782853569,0.259902524572978,0.262265486626318
2017-01-23,0.483177562668737,0.306972731358554,0.249964637933228,0.262451411476014
2017-01-24,0.482347946650178,0.292580394742435,0.249955825301826,0.267274146951051
2017-01-25,0.482980220420964,0.289884039541989,0.250471844999798,0.269174251949932
2017-01-26,0.48414265054423,0.291441064295724,0.251343544709172,0.268852282259208
2017-02-03,0.483363312304712,0.295084237497856,0.256673094217436,0.272030888097726
2017-02-06,0.492516837052684,0.311891915035639,0.26696983461431,0.278788282415367
2017-02-07,0.498293252341119,0.31178775208118,0.269612243059631,0.285708727993281
2017-02-08,0.498541425860486,0.31197560301841,0.270921791436216,0.282118760007082
2017-02-09,0.502029301700202,0.313448102831169,0.259916241215333,0.277809573048356
2017-02-10,0.501380868712221,0.305421506450583,0.259478465887974,0.284335290745556
2017-02-13,0.501606380419938,0.31370457496965,0.265302461392689,0.29196329098965
2017-02-14,0.506175963520243,0.314357521423763,0.267400896097287,0.297979841392143
2017-02-15,0.505991100930644,0.311523216220904,0.267585039295254,0.284803784884573
2017-02-16,0.489228620992059,0.306321911899701,0.263675098151976,0.280542439072077
2017-02-17,0.492485543366632,0.298514066684291,0.259642293676071,0.283732704003508
2017-02-21,0.494295600997734,0.304887705060998,0.260676639378163,0.267693056545684
2017-02-22,0.454232049004682,0.311629664329708,0.31359533313938,0.225525120054724
2017-02-23,0.454892746954923,0.310562607783171,0.314207920048846,0.22971821402913
2017-02-24,0.457713326081172,0.310368999317944,0.313541259069525,0.224500294697156
2017-02-27,0.454668280996675,0.308753787135756,0.308550361818282,0.222557197162874
2017-02-28,0.455747201328472,0.32085532171399,0.318264266817926,0.23020137692431
2017-03-02,0.441042728023187,0.319301214184241,0.320640324868362,0.223878690166234
2017-03-03,0.44210672698636,0.284592701606873,0.310078536480396,0.199441293302126
2017-03-06,0.447713842761621,0.287611925469994,0.317564265693937,0.20641294974476
2017-03-07,0.448702858278039,0.280595244247403,0.317546175077905,0.206077869395525
2017-03-08,0.450922083974252,0.278740684165502,0.32029021233115,0.209476712715245
2017-03-09,0.449658921036755,0.279107670569779,0.31998172747412,0.20891832911986
2017-03-10,0.468188151023614,0.270655444827507,0.323693922785672,0.232352992141106
2017-03-13,0.467011227163845,0.260929299182641,0.321192160653843,0.230258772675033
2017-03-14,0.481312203957377,0.259619133179259,0.340184755148571,0.239979397175174
2017-03-15,0.481477300130614,0.259566346370958,0.33738581507597,0.240647460498839
2017-03-16,0.481112832353685,0.259369344362737,0.336649042308448,0.24095094475242
2017-03-17,0.503655501972331,0.255648294062882,0.353385163871707,0.263801291123421
2017-03-21,0.492542030714375,0.262896123441921,0.317896507014663,0.253187094791479
2017-03-22,0.503768833707359,0.25149571246111,0.328731380152521,0.23927823957729
2017-03-23,0.510866456630879,0.269730069259699,0.335207938363083,0.257863945247995
2017-03-24,0.510572825095711,0.270056962052727,0.335028558164604,0.259068848398072
2017-03-27,0.507839722014229,0.279202845167322,0.326297139640904,0.267849676264779
2017-03-28,0.506762803688178,0.277982450312769,0.325528129706185,0.269020994423536
2017-03-29,0.494904271288642,0.263820376465343,0.317357829798138,0.247153913833803
2017-03-30,0.491780457313441,0.263257371625575,0.314085110390015,0.233036176017659
2017-03-31,0.494251478528662,0.277920468479103,0.314096810312665,0.243537909294965
2017-04-05,0.47950818581841,0.268116030868938,0.308890803362004,0.244205656313902
2017-04-06,0.502858945441568,0.24625974456613,0.295734803675562,0.235813562144404
2017-04-07,0.495573071578251,0.23207690387839,0.288999163813342,0.235823471284017
2017-04-10,0.495102419955433,0.233464250416826,0.288579756267943,0.236973021462351
2017-04-11,0.49382908102984,0.224300405652462,0.302156156878289,0.234889444743337
2017-04-12,0.473966348444375,0.218991777187285,0.287477354445563,0.228247997344106
2017-04-13,0.45501670059538,0.229988905093805,0.282579021804778,0.221430268490562
2017-04-18,0.45497829198227,0.228880134738963,0.279191053577349,0.219760529573445
2017-04-19,0.500186519569792,0.214026947155182,0.256971926574868,0.297504311221719
2017-04-20,0.503669840271891,0.213608453243664,0.267185205500205,0.304328970803327
2017-04-21,0.499151116974161,0.214500774210939,0.266763952945142,0.303860848355809
2017-04-24,0.499048140227961,0.213493421306152,0.264596347669805,0.303957118585809
2017-04-25,0.476901017757629,0.169294607551786,0.243717193084002,0.293455574576813
2017-04-26,0.471605013033445,0.171849803417031,0.243062311083547,0.293464322593223
2017-04-27,0.472490463517028,0.175164338618786,0.245253518716697,0.294617022164813
2017-04-28,0.474566788177069,0.174587852011549,0.246197190365897,0.292987466523708
2017-05-02,0.473507158002072,0.175500663855188,0.246486695724608,0.293350032025709
2017-05-08,0.470079854742238,0.164415123395005,0.237742860469623,0.267647185552516
2017-05-11,0.472172236949842,0.0596219238791823,0.00822687991775098,0.197746698087072
2017-05-12,0.417382796708838,0.0603598334434282,0.0111037637341796,0.178466169175066
2017-05-15,0.41757173721545,0.0580984371094119,0.009526699557703,0.169094637659938
2017-05-16,0.418971188325518,0.0607227422038344,0.013971090769528,0.172103968705451
2017-05-17,0.415185669321848,0.0656968127141717,0.0198253789380916,0.145392096168613
2017-05-18,0.417189856134848,0.0718957713486607,0.0245156685341784,0.148774139584849
2017-05-19,0.422383519841999,0.0866974124702311,0.0314247095886965,0.152314631544502
2017-05-22,0.423474890182209,0.0894825418397424,0.0352862308588871,0.15458328676829
2017-05-23,0.410368153542163,0.0880904702868033,0.0315765165805058,0.158735126483847
2017-05-24,0.410687134737398,0.0947115293237654,0.0322015209227748,0.156552147242589
2017-05-25,0.412090959453236,0.0977776826191947,0.0364048232049798,0.159073748734764
2017-05-26,0.427053568588373,0.106915096846419,0.0762997011230648,0.160069040269183
2017-05-31,0.428124053295384,0.108101403461194,0.079949367710989,0.160360434883849
2017-06-01,0.429162924190566,0.109296052544006,0.0811205362606889,0.159818230014486
2017-06-02,0.419925385526757,0.0982558226820263,0.0862749264763023,0.145309349253278
2017-06-05,0.420974642588132,0.101134979430102,0.0901926571929819,0.148063408196302
2017-06-07,0.424454125671426,0.104688017343201,0.0953419733176992,0.15189831443895
2017-06-08,0.427879558366106,0.0670548967825258,0.0778907909343853,0.131044686045175
2017-06-09,0.430370033147884,0.0672104557094559,0.0819549956318562,0.135418953232279
2017-06-12,0.429674872991088,0.0725528568659118,0.0892112155392231,0.14158994346577
2017-06-13,0.440026611735794,0.0837570505349288,0.10843367223098,0.148934391493139
2017-06-14,0.444246961402756,0.0852760986345056,0.118006830459927,0.15513826265961
2017-06-15,0.440694839136984,0.0905831764027,0.122636220100812,0.161842597380945
2017-06-16,0.429342909340861,0.0931100112636719,0.124458214742018,0.16028963443756
2017-06-19,0.42789535769662,0.0912732499108652,0.127430530685144,0.163328119418002
2017-06-20,0.440084611154561,0.103599499028654,0.136109994913734,0.176842557960793
2017-06-21,0.441787644637391,0.102148695454502,0.139314293701014,0.181230249191278
2017-06-22,0.429290149481141,0.0964781118551555,0.131591790184533,0.156979188216374
2017-06-23,0.430894706279811,0.101254467576953,0.12833773398866,0.153643721636976
2017-06-27,0.430568930358029,0.104342041945818,0.134113174624663,0.152592834437328
2017-06-28,0.441739266063772,0.117906125533049,0.153120782105973,0.164487779823454
2017-06-29,0.449608944293862,0.129718565214772,0.163361812337888,0.170012062847942
2017-06-30,0.456208997899167,0.13678497053386,0.172417065158853,0.188384637290252
2017-07-03,0.449472389654639,0.133138759392332,0.173550352623948,0.181668718688532
2017-07-05,0.450296842868957,0.135656138574323,0.175938413318483,0.18317598868509
2017-07-06,0.431139468545853,0.138367873066954,0.173349586118441,0.192144358563534
2017-07-07,0.430378631941945,0.137530208836826,0.175106194716105,0.187986957624927
2017-07-10,0.426803259526464,0.137363464245583,0.174164034178452,0.190080131445445
2017-07-11,0.421866339129865,0.133801651024764,0.175879624293409,0.187042791260873
2017-07-12,0.39413164861525,0.129506866983749,0.168117520963181,0.197875727473522
2017-07-13,0.390052569809864,0.135602580188457,0.172293556913681,0.201925217546572
2017-07-14,0.405793835391276,0.135136839279722,0.192178234985334,0.220432472361791
2017-07-18,0.407577301705593,0.137733928791398,0.194886308611253,0.219336032385377
2017-07-19,0.378662348911471,0.165331985488243,0.167074719820556,0.193063603163504
2017-07-20,0.38705826759261,0.162757017483116,0.170350343965055,0.21033851954882
2017-07-21,0.390020141741695,0.170936651992701,0.178822211236391,0.195796168399552
2017-07-24,0.392587928294926,0.174829821996037,0.177487792082519,0.192180737265771
2017-07-25,0.397729036586612,0.165527146283314,0.179519176103112,0.191810288156614
2017-07-26,0.399279718968763,0.168767931177344,0.185800586788993,0.1890515792161
2017-07-27,0.401379195862748,0.171672891026221,0.18628088829995,0.191532770789214
2017-07-28,0.40122021928151,0.173670775656538,0.188500561289608,0.193348773380628
2017-07-31,0.398435857301309,0.171760589038776,0.168282126774194,0.190768288796872
2017-08-01,0.414427688533971,0.166254039246473,0.169846084255661,0.189360679953341
2017-08-02,0.424555671020787,0.172188238354039,0.186475261798175,0.194834221391846
2017-08-03,0.423296813433598,0.16922141404472,0.186717661325853,0.193161924102114
2017-08-04,0.427214265247401,0.175776477752867,0.204914052125124,0.197987725181682
2017-08-07,0.426338358607253,0.183492582347196,0.201982573912256,0.206716797210677
2017-08-08,0.431987600835325,0.193091825720425,0.204032638250107,0.201721002901536
2017-08-10,0.43212940469383,0.193310701680639,0.20519858964301,0.203154041203538
2017-08-14,0.451470779051821,0.224418618792909,0.23395851654606,0.199113642262151
2017-08-16,0.4630753005835,0.248265042864865,0.256628101239074,0.215957421935966
2017-08-17,0.465975854527236,0.253715084007464,0.260621083057708,0.199974093434445
2017-08-18,0.454718583512537,0.246852201885044,0.268916489442182,0.188597048852029
2017-08-21,0.447971337485414,0.243089052030094,0.269508566535967,0.189559566328477
2017-08-22,0.451437742844581,0.233270717601068,0.264721427602553,0.185085648087904
2017-08-24,0.450238166530055,0.233681196061552,0.265919021736282,0.187899215721565
2017-08-25,0.438423273500472,0.237184461711077,0.254853511923662,0.181613221896315
2017-08-28,0.469279622398396,0.246750235110596,0.241808046454441,0.132862441470645
2017-08-29,0.463980883112528,0.24179494329283,0.228432800325282,0.141421692157993
2017-08-30,0.462922412791206,0.24055405246319,0.228907256227992,0.141259822876326
2017-08-31,0.453357951362621,0.238118295676206,0.229200496377203,0.141815610417981
2017-09-05,0.454144698287152,0.235178923464296,0.231235700548568,0.142560728384246
2017-09-06,0.429622663215659,0.19783196279919,0.18336163125947,0.116410808681771
2017-09-07,0.429205720435901,0.199031930349776,0.184933809070423,0.118143016818321
2017-09-08,0.433787073538252,0.196781536834012,0.161898840214183,0.124940902708579
2017-09-11,0.433083879103073,0.197547271335477,0.164265542100246,0.127975606660047
2017-09-12,0.437424772947977,0.206801127965046,0.171421811672546,0.130099619549574
2017-09-13,0.438430588107565,0.20745326566678,0.173957841896023,0.133544178943373
2017-09-14,0.437351628102541,0.209564373138992,0.174795078936287,0.135070949864658
2017-09-15,0.442200890823357,0.214322618030344,0.164805833570726,0.144265084269001
2017-09-19,0.439037214579682,0.20571860402895,0.159424494972579,0.157352698112654
2017-09-20,0.437619001251808,0.202876647203367,0.161369988719511,0.16062120384794
2017-09-21,0.439780391384177,0.203707388684867,0.161572398050096,0.15850533918519
2017-09-25,0.441188898624877,0.203782481256086,0.16637124268655,0.163398727080815
2017-09-26,0.44933381378447,0.200970688468206,0.186802300586704,0.164200097831335
2017-09-27,0.450110472137374,0.201438173936979,0.188123706096072,0.166226176061994
2017-09-28,0.450465818131064,0.202067281503579,0.189940279424203,0.166699017781828
2017-09-29,0.452880510028189,0.20001938100415,0.191895494039773,0.172269856950877
2017-10-10,0.455716057647562,0.199939963499242,0.200525951189231,0.169657217411638
2017-10-11,0.500736166306381,0.264196839889797,0.25271839775871,0.260026419365064
2017-10-12,0.498770324113826,0.264982869103487,0.255076953015128,0.258882460240558
2017-10-13,0.498096316259385,0.264278972509459,0.252796762058757,0.255894110436141
2017-10-16,0.497894934311357,0.265519058098578,0.253227763369736,0.257772046487759
2017-10-17,0.487154457510933,0.259424951689474,0.249859105342164,0.256311966299638
2017-10-19,0.486852547187708,0.257006623895997,0.249338904031765,0.25546180612207
2017-10-20,0.478366096113305,0.255512658846348,0.25099019414436,0.255707121033751
2017-10-23,0.481121329160886,0.255220157572294,0.256122851928438,0.257547403463917
2017-10-24,0.479193601283815,0.253783494920645,0.256940708172054,0.258537934539662
2017-10-25,0.47437942723773,0.256627700172097,0.257220099807726,0.252360940904836
2017-10-26,0.476374826833276,0.250826424062318,0.258026395530484,0.255517102959999
2017-10-27,0.471006418552868,0.251442582329362,0.249242482754169,0.260450803477426
2017-10-30,0.474446246115376,0.259116193825196,0.255578322780915,0.268298561615465
2017-10-31,0.474542220887493,0.255774119407985,0.243971712466796,0.27777765570306
2017-11-01,0.473478966362149,0.255938055917372,0.244509415682763,0.277863447199774
2017-11-02,0.470169093022876,0.249816701119033,0.241798959774488,0.278213793213612
2017-11-06,0.471940126416177,0.24226889243369,0.248797377814801,0.2847926764679
2017-11-07,0.472810301597497,0.242630772250269,0.250080142208839,0.28505819329049
2017-11-08,0.491074188163221,0.276206477743799,0.239546504906744,0.31261141638349
2017-11-09,0.490213977631364,0.27597069010604,0.240847728076384,0.312592230775699
2017-11-10,0.494643796986773,0.271578447121513,0.239110903773901,0.312051248696366
2017-11-13,0.49391490228362,0.265507252271241,0.237550886220796,0.310556838124697
2017-11-14,0.493319552011766,0.237914355118758,0.224037147960394,0.306798129664141
2017-11-15,0.49146238154411,0.237670754080728,0.228638270770175,0.322244787678961
2017-11-16,0.508202991634589,0.272844945344927,0.240562370406748,0.352598513592238
2017-11-17,0.504060052353785,0.264225392156379,0.235985475919947,0.350997539902293
2017-11-20,0.48779484284463,0.2605715125725,0.237399218934454,0.3082736681971
2017-11-21,0.488354853301156,0.254171946066926,0.233780699082217,0.308583684509731
2017-11-22,0.500298276214346,0.261560043434783,0.235284376538536,0.324710360028139
2017-11-24,0.504563841982723,0.266131022063213,0.244075543700136,0.325011934212225
2017-11-27,0.474865347958025,0.230217632053567,0.203190275320404,0.255684546112961
2017-11-28,0.481867086122421,0.235027865549421,0.241193251296769,0.259493701735758
2017-11-29,0.4809874455949,0.234474892221762,0.243678473449093,0.261151408879065
2017-11-30,0.48027918814461,0.23570069869294,0.24428916066269,0.261264174060929
2017-12-01,0.489383325517933,0.226229576023415,0.264060003453568,0.264883489700703
2017-12-04,0.488851552183885,0.226636692724506,0.264726039117492,0.264236817087375
2017-12-05,0.487303603979558,0.230492977643312,0.253144332134432,0.267499473847563
2017-12-06,0.486756121283505,0.233155050582619,0.251769572181345,0.268421231802799
2017-12-07,0.480490567190899,0.239327691565671,0.258539411626151,0.273873475306206
2017-12-08,0.473370864672594,0.212860213683798,0.266936879305098,0.27953966605903
2017-12-11,0.480266253453916,0.225224763391441,0.266899253820494,0.292460651338499
2017-12-12,0.49189025610517,0.232065781875708,0.27057072812352,0.315546521246887
2017-12-13,0.495750543649862,0.23748556815124,0.281122001444006,0.30336986306828
2017-12-14,0.504067849343254,0.228602033824172,0.291252243195035,0.302749312150325
2017-12-15,0.504643382690761,0.231459393039986,0.294800752934606,0.307719384163938
2017-12-18,0.514328636271674,0.24229079585861,0.280056958565964,0.318009792398268
2017-12-19,0.512910653818328,0.238988275381105,0.280424797965481,0.317738032799218
2017-12-21,0.517323763930944,0.232778418046657,0.272957867663572,0.303917455951136
2017-12-22,0.517143965351339,0.2332969714451,0.250368132078311,0.299271052096728
2017-12-27,0.513050381733107,0.233724138582907,0.249617024751737,0.299163967951696
2017-12-28,0.508943898471947,0.233478571068281,0.252228598754693,0.293787934490012
2018-01-04,0.514963973408565,0.221258758649976,0.267189414866725,0.296168193698324
2018-01-05,0.590470049298713,0.365365333088382,0.236087323190115,0.457634073868334
2018-01-09,0.589456986589211,0.364568833434004,0.236629314939622,0.454509935516121
2018-01-10,0.590333187531901,0.365799285502929,0.241794755116241,0.457575322295125
2018-01-11,0.589273287831645,0.363257149292734,0.240109292518039,0.454948932685158
2018-01-12,0.588105725273254,0.361212050594036,0.239415258122214,0.452487449005973
2018-01-16,0.584689810213222,0.359358614785196,0.240657899114561,0.450776200789925
2018-01-17,0.57878900219515,0.358570722638583,0.243153623356086,0.449259662945435
2018-01-18,0.577967379643545,0.355139786124458,0.242206403113172,0.445631901986048
2018-01-19,0.577340193908238,0.341728428254431,0.240434100822408,0.426304947619883
2018-01-22,0.577263016528154,0.341055442786098,0.242236169563461,0.427578267392617
2018-01-23,0.577317364493268,0.339234101976167,0.232964944418297,0.428353011213211
2018-01-24,0.594000886308244,0.360682005515343,0.268422641560108,0.434447596642809
2018-01-25,0.592045585159815,0.350802084976004,0.268718303373482,0.4347218962605
2018-01-26,0.591852990508648,0.353240856470741,0.258150881440487,0.435154774043651
2018-01-29,0.587263499046313,0.350443241428835,0.260929352454261,0.431641027717397
2018-01-30,0.588843253861215,0.346478701947738,0.231999142929494,0.417327121592493
2018-01-31,0.597076450092337,0.367334503334211,0.257335494162287,0.428931095949329
2018-02-01,0.588806350359899,0.367503139010917,0.258410090080625,0.428503406996791
2018-02-02,0.593091249835291,0.322698977046356,0.254933604364521,0.411778816453828
2018-02-05,0.588882888661589,0.311883257939408,0.227368447189152,0.401644560680185
2018-02-06,0.560146305664063,0.261614521377907,0.20101767904314,0.359231537817251
2018-02-07,0.677206269215024,0.40877318057181,0.274610129641278,0.458071882263345
2018-02-08,0.673691988282322,0.399375406604753,0.311624378479808,0.462432967582449
2018-02-09,0.661736128663404,0.384470796381657,0.302284349554339,0.438259827283455
2018-02-13,0.679469455871862,0.409082755741475,0.349108005255664,0.455033878636371
2018-02-14,0.679307440805694,0.398938828394314,0.358580516986307,0.461801101506876
2018-02-22,0.674545651877613,0.396230932291242,0.358914300357329,0.457977451761052
2018-02-23,0.67591775313962,0.411668051535257,0.348358964741748,0.475710264003924
2018-02-26,0.674822770700199,0.411244956152842,0.349873351720049,0.475085383946152
2018-02-27,0.673746595878437,0.413749636412514,0.349823027945121,0.475880651472487
2018-02-28,0.67315724840404,0.403421750193253,0.349004847532635,0.476016448097285
2018-03-02,0.673677261379574,0.407054151592737,0.354794175154673,0.477176716265924
2018-03-05,0.671107426787059,0.389678039073724,0.353163460603741,0.472964644272693
2018-03-06,0.657715561188334,0.387896015701452,0.348937534845756,0.466147034515937
2018-03-07,0.658697132679392,0.391814907491426,0.35596446234729,0.469930981630654
2018-03-08,0.657956044186165,0.392131313741643,0.356902634450102,0.469910120331448
2018-03-09,0.656423982512015,0.391605819098914,0.35848297324152,0.469592986007431
2018-03-12,0.655714594489473,0.391048474238893,0.360781143493074,0.467672903563107
2018-03-13,0.653983242875073,0.392744173969801,0.363262860878271,0.467374744989234
2018-03-14,0.651453456646857,0.388151569644873,0.359598496889621,0.462658944311095
2018-03-15,0.650550187670827,0.389619705461975,0.360649660046867,0.462448654075965
2018-03-16,0.648467848901794,0.38821336196574,0.359749790226942,0.459377170256502
2018-03-19,0.645983310745003,0.389500458358384,0.357946178619087,0.457976030777547
2018-03-20,0.64384072289639,0.383413416309447,0.351862221152491,0.453496819534249
2018-03-22,0.641771877537309,0.379242108142029,0.352459618646663,0.452652901319054
2018-03-23,0.644565478350146,0.364944107909167,0.344244039521759,0.455982096320013
2018-03-26,0.667529662824356,0.472202510554157,0.451919364495724,0.51176093712786
2018-03-27,0.659712727978961,0.466808275691783,0.443948519361822,0.510244472387557
2018-03-28,0.659620647460109,0.47156582096149,0.444954249213353,0.51204061288614
2018-03-29,0.664759997724257,0.47500944126994,0.453732302778809,0.521587768015677
2018-04-03,0.660407203552868,0.473329334173128,0.455578134249206,0.526409091819239
2018-04-04,0.655156566050139,0.466782069825932,0.450924779959053,0.525721120464525
2018-04-09,0.643598125655555,0.464399690747232,0.446334297280899,0.510915575105117
2018-04-10,0.633610393260931,0.461032943283017,0.442388812225844,0.489304541544574
2018-04-11,0.638994350033057,0.458171812601796,0.43853649086541,0.485978803684059
2018-04-12,0.637996256079678,0.452330683525514,0.434227198611285,0.484555643509755
2018-04-13,0.635502650373823,0.449841924044813,0.431884988742776,0.483137128180528
2018-04-16,0.632938299251806,0.442973721953403,0.424579904733553,0.472182086892984
2018-04-17,0.640247242384412,0.431781639273915,0.416142930510196,0.466225642772926
2018-04-18,0.641166328234595,0.425456827835822,0.413800317764069,0.45940966818055
2018-04-19,0.641051216367096,0.429233013012631,0.418002973301733,0.462880237306319
2018-04-20,0.6425180502399,0.426405708892098,0.417177468932814,0.465897774407636
2018-04-23,0.644711429287135,0.42279623524565,0.41936418555357,0.468942126882914
2018-04-24,0.642559994119526,0.42105872752204,0.418013789059204,0.466673951804833
2018-04-25,0.64697499262607,0.428223936194916,0.393113156855542,0.457104385935301
2018-04-26,0.644995610086887,0.427223028772204,0.393470524126122,0.4563717028337
2018-04-27,0.648563592812687,0.41266009782305,0.359856728817069,0.44940830972921
2018-05-02,0.645924577969792,0.411174994430858,0.359494196986156,0.447864996862233
2018-05-08,0.636374952542716,0.409396171852875,0.357343394878554,0.440975441215795
2018-05-09,0.576241325286438,0.395475565630027,0.231202102219489,0.334602783400916
2018-05-10,0.574401247379031,0.393386128439884,0.232371139846997,0.334145484759984
2018-05-11,0.574623431654349,0.393147170693036,0.236502132561434,0.331257374102356
2018-05-14,0.56602618257942,0.37923808323034,0.234245594930185,0.324476378845833
2018-05-15,0.563947485426903,0.378945316827117,0.234582501795698,0.32281822623391
2018-05-16,0.548001502005092,0.373851576310882,0.227552785683062,0.31541399129429
2018-05-17,0.547036347998487,0.376734527295869,0.227786317532087,0.316879223342458
2018-05-18,0.548162476905561,0.369477043391507,0.232247051120591,0.315701736120093
2018-05-21,0.546338646074727,0.371324694915057,0.24005195182618,0.306698629375683
2018-05-23,0.547839652074411,0.371529588083466,0.242039536514715,0.310663982376277
2018-05-24,0.563829803593783,0.394792020252685,0.23353182634279,0.337974907751464
2018-05-25,0.560242179362423,0.396240735117096,0.236588195435821,0.327315476944341
2018-05-30,0.561020813283083,0.394097549100163,0.239405337417282,0.329580662109991
2018-05-31,0.58717198035591,0.453792246648839,0.341588710889569,0.400567751070724
2018-06-01,0.595591803926489,0.457916466203408,0.347332471557605,0.383609428095273
2018-06-04,0.593008282927334,0.456097097481238,0.339694527654051,0.38242856385862
2018-06-05,0.589921040848315,0.454858411263034,0.340640136830208,0.383820710977614
2018-06-07,0.589013971804859,0.452960266767345,0.341257389119496,0.385141571081415
2018-06-08,0.578952093757894,0.44304646866145,0.337495540139502,0.384516402143781
2018-06-11,0.589061745922111,0.446191679599372,0.348824448099045,0.39725771980716
2018-06-12,0.585348106846723,0.440168269298989,0.340361331284408,0.394785129610338
2018-06-14,0.582520089393056,0.43883590490337,0.337121041260564,0.386759255591915
2018-06-19,0.590160310968272,0.443095665451973,0.356366769200034,0.403025867985964
2018-06-20,0.641913340132665,0.504584753542065,0.478139597147894,0.441222440455316
2018-06-21,0.640102930180044,0.499747093782617,0.475961390031486,0.439996139623382
2018-06-22,0.642828276683773,0.487320789631319,0.479699132246862,0.441567602489601
2018-06-25,0.641009973611844,0.478544925070561,0.478706524348178,0.437420411508591
2018-06-26,0.642515412339462,0.480389824382185,0.475198169885002,0.440812948402024
2018-06-27,0.641193421443275,0.477615773929015,0.473989091791117,0.434544184786289
2018-06-28,0.643097820002265,0.476950415589648,0.473602528372691,0.438725829703407
2018-06-29,0.635590038700464,0.473625365398049,0.476568290132857,0.43525215506783
2018-07-03,0.64282862924701,0.465233198431624,0.475256461163467,0.433806254926681
2018-07-05,0.649069602150876,0.487740128330452,0.495121019274519,0.44721120101631
2018-07-06,0.653442429101904,0.494633779133173,0.496555270431076,0.425960016280254
2018-07-09,0.652037476654168,0.492500386455307,0.495273971852186,0.395936515972072
2018-07-10,0.656430828276949,0.500234642558496,0.493652766243166,0.40946282691475
2018-07-11,0.653918353578295,0.498160289899651,0.491979229644378,0.407777177088057
2018-07-12,0.658537932719853,0.505372089055028,0.493675604953718,0.414159761383587
2018-07-13,0.655735552952809,0.511486174394969,0.487705655544428,0.409002571331113
2018-07-16,0.653411714352451,0.495496930335687,0.478850542761438,0.407186549797485
2018-07-17,0.650671914980041,0.492497798117891,0.478061740135411,0.408465592063763
2018-07-18,0.647955707773981,0.486887027234837,0.476513974400919,0.405605899464803
2018-07-19,0.646396213089032,0.482088903742437,0.475204722518678,0.404227573492594
2018-07-20,0.645297066558332,0.479855975440355,0.474341354839446,0.389964137192575
2018-07-23,0.645782478627642,0.460789596745831,0.470745880640681,0.395867551183113
2018-07-24,0.641854460956683,0.432393318495272,0.450897439898082,0.390894065398355
2018-07-25,0.647955528114846,0.432860243471965,0.452423694507946,0.384597175953541
2018-07-26,0.641744517376307,0.429848227353235,0.450256379220805,0.377655215196019
2018-07-27,0.641452346791145,0.428417111991717,0.438130811547355,0.375745642092842
2018-07-30,0.639101078587106,0.423178431737214,0.434923917131905,0.37532424762406
2018-07-31,0.63724150994177,0.420228221390675,0.433335259611186,0.374288141621465
2018-08-01,0.63133065017789,0.417956564186327,0.431564920737889,0.374026865018084
2018-08-02,0.636845987488012,0.384282943197771,0.4056967627471,0.358352409990947
2018-08-03,0.653182325896808,0.402431352359017,0.435844551356471,0.388054994625552
2018-08-06,0.650101750094981,0.399132392375147,0.419384454246531,0.39341840713326
2018-08-07,0.63509443971621,0.397084047266242,0.41637437884064,0.376055727877465
2018-08-08,0.64811824487532,0.404429346008277,0.421715589100947,0.415869523170068
2018-08-10,0.637282363820456,0.402758689471134,0.417403730181321,0.418200431197845
2018-08-13,0.62719452849795,0.344586306510255,0.384998675535562,0.373651740787319
2018-08-14,0.618775849984345,0.338851116309964,0.379458929742568,0.372264144435292
2018-08-16,0.616299002538741,0.324189490908081,0.376693813041774,0.371643230749822
2018-08-17,0.641214566166893,0.332112803947349,0.39219124892742,0.390474741200529
2018-08-20,0.630775045778372,0.326156736882431,0.38456699246986,0.388849222659807
2018-08-21,0.632763336514916,0.320217062767272,0.381929766694642,0.383722695412011
2018-08-23,0.632270649946893,0.318031027315548,0.390326005147237,0.377258218901239
2018-08-24,0.629930442643298,0.313166046146163,0.385392710068599,0.358325749619308
2018-08-27,0.626423316765766,0.312550637689835,0.384321813580668,0.350368835611056
2018-08-28,0.637896700064898,0.322567712802714,0.383664287989582,0.352606032320328
2018-08-29,0.635562152221702,0.321963344085827,0.382255416860461,0.34952287870587
2018-08-30,0.632716054903885,0.32087779616133,0.379597933083783,0.349451429234584
2018-08-31,0.635369675295086,0.318055318520377,0.378487504789995,0.355596179551599
2018-09-04,0.633813927663048,0.317767466045761,0.369154612242661,0.356896326493539
2018-09-05,0.631773813568119,0.302540408443238,0.360112259731206,0.352782659405721
2018-09-06,0.643247232653389,0.311677630277732,0.381365918314818,0.381567503671403
2018-09-07,0.64218042585943,0.313579570032858,0.381493288946466,0.381960387294905
2018-09-10,0.639572897826916,0.304797636440844,0.377396101210322,0.377209628350926
2018-09-11,0.644435185612158,0.297408315437874,0.366303584774237,0.381506785031133
2018-09-12,0.641943014697174,0.287897523254224,0.365938598139781,0.381006947920309
2018-09-13,0.640492016655625,0.289094363362101,0.365192195065684,0.376131318450933
2018-09-14,0.644089308736053,0.300489200034439,0.363900235653005,0.375989229852534
2018-09-18,0.637147190432661,0.292338367460724,0.343275201995328,0.366684400890001
2018-09-19,0.625478599448368,0.300350628449912,0.33451316454691,0.352270270005455
2018-09-20,0.629246396949498,0.31198107055049,0.32953198268096,0.367320654079606
2018-09-21,0.627070847801219,0.311552112949367,0.325949792843832,0.366338521523379
2018-09-27,0.63971496699812,0.325463686595172,0.343756313672122,0.397403216813063
2018-09-28,0.637147848964939,0.325514554120636,0.337633848542719,0.392615437948087
2018-10-10,0.633500890095622,0.337756456701329,0.321076706272664,0.39808036712792
2018-10-11,0.690146626646999,0.416968232123028,0.464707577364952,0.506981767789169
2018-10-12,0.695944657686316,0.506699226830164,0.524067266154067,0.538568432806633
2018-10-15,0.694654970067714,0.504587921018927,0.52374289312792,0.53740410749521
2018-10-16,0.694700115552716,0.507836899531337,0.522968965518347,0.537359599154135
2018-10-18,0.691637643673081,0.498263861282767,0.520260569015217,0.535715210260938
2018-10-19,0.682312278472441,0.485133558679198,0.51120622621784,0.510943089493543
2018-10-22,0.675320256975028,0.468382638195465,0.506006174264304,0.498864429606204
2018-10-23,0.680773621452267,0.458564163766026,0.492967147710323,0.492181932556773
2018-10-24,0.684981237533593,0.469552040399682,0.501741279388717,0.499379812319847
2018-10-25,0.682352399572974,0.467524305201454,0.499104656984804,0.497279968240376
2018-10-26,0.679035461332546,0.443575875492988,0.494044904960084,0.49421325346437
2018-10-29,0.676184773855659,0.441847889817441,0.490025881548004,0.489075779936662
2018-10-30,0.665023879035571,0.43804709939312,0.495302075759286,0.478691033168124
2018-10-31,0.656648332279719,0.439197503179267,0.495191303424236,0.471736837819598
2018-11-01,0.657738887296314,0.443266482785262,0.49499749729411,0.475484364333948
2018-11-02,0.652192073236367,0.439224603134149,0.492723085142848,0.470180576172897
2018-11-05,0.663559806431171,0.455015317495002,0.511572388847268,0.484415423030482
2018-11-07,0.659681811003329,0.452981805350756,0.509985760594863,0.479791738391463
2018-11-08,0.653146276736705,0.445933375791415,0.506670621922345,0.476287599866648
2018-11-09,0.650981940111774,0.437994549191625,0.503207027021895,0.471333415421368
2018-11-12,0.653838480476693,0.440892680700215,0.500972667185642,0.471740961840356
2018-11-13,0.650006738029488,0.437338212034919,0.494684923566881,0.464564818418922
2018-11-14,0.648846973321269,0.415519738060903,0.488404713718583,0.457242789221568
2018-11-15,0.647819300181283,0.41241016583554,0.486298101719542,0.456907834756275
2018-11-16,0.650382731494709,0.405961634245261,0.488524324173139,0.456343035088695
2018-11-19,0.648700176321373,0.401679855857083,0.486563196386394,0.454887554277886
2018-11-20,0.647987885137784,0.402362392393246,0.485288951724393,0.444537857909876
2018-11-21,0.6564981651149,0.412535743343638,0.489717186122261,0.459408411653419
2018-11-26,0.654625249304327,0.409690574412336,0.48662177080256,0.457717109135398
2018-11-27,0.600783185313327,0.358813748925987,0.46320161562367,0.378627339476012
2018-11-28,0.59953039224332,0.356849808222288,0.459276394326365,0.377816046849511
2018-11-29,0.601551157051123,0.361064905837812,0.458973326696382,0.376604704526036
2018-11-30,0.603420627950689,0.353878324097404,0.451091375491184,0.366655369553863
2018-12-03,0.601684194012788,0.354281982711862,0.438849068753046,0.366927603345668
2018-12-04,0.618670270876831,0.366624281784064,0.460595056822367,0.404825579728535
2018-12-06,0.617372812859918,0.340011591244351,0.452900020830355,0.399308096413658
2018-12-07,0.632680288525049,0.368450151399086,0.476408030250948,0.420162531349067
2018-12-10,0.630832260890932,0.3666294377442,0.474143459514596,0.418724843555963
2018-12-11,0.631349913834656,0.371060342054535,0.475789914986357,0.421957713150559
2018-12-12,0.629496441486438,0.368545211099762,0.473209227380584,0.418286943979619
2018-12-13,0.626332228405343,0.365994040791543,0.469181465539804,0.415903926259621
2018-12-14,0.628393647899059,0.369673292009848,0.470252712135791,0.415737547866676
2018-12-17,0.633568935149787,0.384170659197119,0.47914154879647,0.425596790849274
2018-12-18,0.631710839007675,0.382952298957435,0.476947799496222,0.421837363008054
2018-12-19,0.63259527640565,0.38820783454886,0.476923462994655,0.425385389898077
2018-12-20,0.626170793834952,0.389861902009098,0.4606824393562,0.417275636036419
2018-12-21,0.625871871649993,0.388934028423228,0.461079916221106,0.416788198540156
2018-12-27,0.61828257545454,0.391835247558367,0.45725743364214,0.415636422616567
2018-12-28,0.621787512378046,0.391714511622079,0.4697093352553,0.41162215249085
2019-01-04,0.619750108839194,0.388329104910795,0.468894251841681,0.410969856368306
2019-01-07,0.618838372004055,0.36050025898873,0.440597311237767,0.409648176271639
2019-01-08,0.619401002509,0.366056920809827,0.44384091868965,0.414008087994496
2019-01-09,0.617039355003701,0.362417343774069,0.442891654417236,0.408685662038774
2019-01-10,0.614766423716898,0.365205124651156,0.446148933662451,0.412996444444851
2019-01-11,0.611654688023686,0.366415746236749,0.444305764034448,0.404633198690225
2019-01-15,0.611376671419603,0.369143139977798,0.445190717943438,0.406073976750527
2019-01-16,0.611431103980373,0.371508083834274,0.447773709850183,0.407002765703194
2019-01-17,0.609556287223608,0.369736495107963,0.445235741524496,0.404454252131977
2019-01-18,0.609445269177517,0.369184924083039,0.442506280790232,0.405578280292371
2019-01-22,0.617213245294199,0.381078241467484,0.448773201038858,0.404463921045736
2019-01-23,0.616345761710361,0.380520437151698,0.448498236889861,0.410013989192238
2019-01-24,0.614563233012018,0.378837102528305,0.44592154214812,0.405618360956274
2019-01-25,0.613734870588842,0.375717860080785,0.446376890733886,0.406767584558249
2019-01-28,0.608863604045949,0.377045600977195,0.44494280269414,0.406855986115961
2019-01-29,0.607005902121327,0.37656046884217,0.442934970062874,0.405748357056394
2019-01-30,0.605520066093424,0.374990437556887,0.439983694191108,0.404541297860489
2019-01-31,0.594036323291465,0.378838791372019,0.415040748989998,0.408455324162422
2019-02-01,0.593066516397416,0.380124568288605,0.41208485991621,0.409167944777733
2019-02-12,0.577249142774747,0.370869156487521,0.399185373781014,0.396179970313777
2019-02-13,0.580042535005036,0.364678027069615,0.35113758993345,0.396621416038564
2019-02-14,0.591699129652607,0.388934582770906,0.356236324035382,0.430704847145758
2019-02-15,0.590215471217757,0.387389067616036,0.349309878749053,0.428301237040087
2019-02-19,0.605272999448455,0.403787413518722,0.371887555364685,0.43302819093526
2019-02-20,0.611043185605236,0.444537532722971,0.369106976399159,0.440738875390098
2019-02-21,0.60736560688161,0.44246463009253,0.36678469603524,0.438489382210155
2019-02-22,0.603153291932435,0.439473464177417,0.366185979971482,0.436731584255023
2019-02-25,0.602961709563019,0.421528100527178,0.359061639300844,0.413983792884685
2019-02-26,0.551582719288667,0.391127013190098,0.315876619408525,0.362805293742032
2019-02-27,0.551963516248751,0.391205193542407,0.317204008159401,0.364014864933504
2019-02-28,0.550599965062995,0.390408337625423,0.317844590130291,0.359538242484683
2019-03-04,0.550426831536753,0.38951781235092,0.312609052838169,0.354686337017646
2019-03-05,0.562917692629035,0.41984517369638,0.298671214255496,0.381778957380678
2019-03-06,0.560734217136773,0.413139197962468,0.292595850692434,0.372766604552591
2019-03-07,0.559719185187742,0.399140859509702,0.287760544655082,0.361826049873325
2019-03-08,0.55205816468016,0.395106420040998,0.286513900687158,0.3611951407
2019-03-11,0.590242103278449,0.442107193252797,0.33172696034122,0.398705863628463
2019-03-12,0.594201101223564,0.441691262916828,0.329199616376559,0.391487515520324
2019-03-13,0.593524145454098,0.442692242500138,0.333547159285334,0.394211643856521
2019-03-14,0.59375182097799,0.444439250162151,0.336265706193274,0.39710044147033
2019-03-15,0.589784548371227,0.441807118964105,0.331081927165038,0.394353570860943
2019-03-18,0.590301213108646,0.442471705361437,0.335842317632508,0.392764304406276
2019-03-19,0.600143723030687,0.443949392877251,0.333983031525675,0.397168073689525
2019-03-20,0.598410521505766,0.441935550118532,0.333773970136674,0.395027251647887
2019-03-22,0.595599838539796,0.43970089666886,0.333396529317108,0.39217314403126
2019-03-25,0.587747670501729,0.437394799883591,0.33407029495244,0.391376476344081
2019-03-26,0.597404757502573,0.452101881904929,0.359254892338728,0.407813191660111
2019-03-27,0.591238605046662,0.41987380657152,0.354240176267508,0.390475461303464
2019-03-28,0.591544187369211,0.415724633134112,0.351179496210209,0.387324129296458
2019-03-29,0.587830692412128,0.41882574227177,0.355873369125087,0.383327498260805
2019-04-01,0.59414163007443,0.419816617498581,0.363433968550908,0.384277646839356
2019-04-02,0.607395030001874,0.429730653134726,0.38311783422064,0.408506297887586
2019-04-03,0.606048200387265,0.427723662950866,0.382198372639044,0.403133708431797
2019-04-04,0.608239878619196,0.429995110817683,0.388549403229979,0.408900526451449
2019-04-08,0.603510095047608,0.427039326650976,0.387600731137204,0.407929898999008
2019-04-09,0.600912465818489,0.425054892766924,0.38632337631943,0.406626879967286
2019-04-10,0.598825422643615,0.422899752654833,0.384990443347305,0.403927997137806
2019-04-11,0.597158302192688,0.419607063298976,0.383191767868123,0.402617517548412
2019-04-12,0.6033230698712,0.413443731720011,0.379660853813968,0.396136800916763
2019-04-15,0.601516493931608,0.409677234072535,0.37758607726105,0.394897138719936
2019-04-16,0.600559747128282,0.396723231328401,0.373524574815635,0.394550072644006
2019-04-17,0.610367213058474,0.390948567072561,0.372332316948029,0.39192452645032
2019-04-18,0.608362481734037,0.389728371940708,0.37043037266277,0.390653798979078
2019-04-23,0.607196255154613,0.389396712952691,0.365101492288639,0.389787228029946
2019-04-24,0.600498805512135,0.368710751083517,0.354024736227686,0.379419868691638
2019-04-25,0.595886530679436,0.366723628454046,0.348061501171421,0.378062073052115
2019-04-26,0.605766928318345,0.342781742022097,0.356789193440797,0.389306829121311
2019-05-07,0.598645514902587,0.3442515022583,0.362321494889315,0.38132016013634
2019-05-08,0.595949271424593,0.401844992301534,0.339208247712309,0.470183704181288
2019-05-09,0.59470527217896,0.404834531975492,0.342340911151857,0.471429032752656
2019-05-10,0.586091017854889,0.409701722022256,0.341983702217371,0.473864763939773
2019-05-14,0.58950535373883,0.392874229901119,0.340331725056632,0.466193031345022
2019-05-15,0.595457683535435,0.402597089099258,0.350551665216788,0.47350464274114
2019-05-16,0.595638383609365,0.404360827784014,0.353235082738739,0.464671366133315
2019-05-17,0.593941003169571,0.398352754072929,0.344282383144592,0.46355616950683
2019-05-21,0.602135092427808,0.373938117282573,0.349687327226062,0.47380533701609
2019-05-22,0.588633344408202,0.372405985553837,0.349894508280494,0.46086862673158
2019-05-23,0.586622356471147,0.371058715396695,0.348649036580606,0.458914164832805
2019-05-24,0.58931206470691,0.375397736888913,0.349899890120575,0.463168554093758
2019-05-28,0.587846473117481,0.373862029655031,0.347774574197422,0.460652945075044
2019-05-29,0.582650446798295,0.379553158202866,0.346346274060056,0.449463086460844
2019-05-30,0.578963029243846,0.369325630039428,0.338635970272613,0.447249699768903
2019-05-31,0.57804703076725,0.368688647740335,0.334400095081534,0.444207279846599
2019-06-03,0.575492499045151,0.361426655434834,0.33369540019525,0.439315734193408
2019-06-04,0.574496349633055,0.360494844085133,0.324212889859866,0.436556924654171
2019-06-10,0.575998501247662,0.359078472115045,0.323889417483636,0.421708122910983
2019-06-11,0.518400513963906,0.314217178696602,0.309905978111971,0.395458507187673
2019-06-12,0.520563099700466,0.31102265922421,0.316925826007938,0.405913161248158
2019-06-13,0.519197124644047,0.311831418459274,0.317547483803941,0.404924139229861
2019-06-14,0.518896754842138,0.310906037227774,0.317041789287845,0.402888680057684
2019-06-17,0.521708442977174,0.306326121481765,0.320347348098637,0.399749845705062
2019-06-18,0.521559462928548,0.305855645727618,0.319284689228774,0.395113521840663
2019-06-19,0.518991213144169,0.303776033748304,0.319002331132933,0.388685784215922
2019-06-20,0.521228752199752,0.313245803352834,0.328399253049603,0.395518527647711
2019-06-21,0.530015180459209,0.316917907441358,0.328439321521504,0.408494881739031
2019-06-24,0.527510647762734,0.309176671558191,0.325420352926775,0.407781016286418
2019-06-25,0.527190788179298,0.308814257834796,0.325096146821541,0.404737288635248
2019-06-26,0.531591210159872,0.311910982079379,0.327134987853153,0.405433430778425
2019-06-27,0.530847568653403,0.312122983024679,0.326906208229261,0.404394632777157
2019-06-28,0.533396539964055,0.317359616944035,0.330863699168884,0.407714263860893
2019-07-02,0.533799874072309,0.318809452160704,0.332124407544657,0.408056780419202
2019-07-03,0.543642008600382,0.359128416696022,0.303514318213645,0.441722488103442
2019-07-05,0.54180475485054,0.361902632550344,0.316370372248301,0.439819314770734
2019-07-08,0.541378162783562,0.359525005294266,0.312524020947967,0.438103968373808
2019-07-09,0.562944698220671,0.375515928265414,0.377361276700794,0.461762187229693
2019-07-10,0.561235307175198,0.373972285150511,0.376628284680268,0.459948255337686
2019-07-11,0.558180562983369,0.373367637378946,0.373375363653452,0.454476186151046
2019-07-12,0.555599193277868,0.37178481768661,0.369810028512126,0.452193688202171
2019-07-16,0.554723368363333,0.370738703865136,0.36984045656212,0.450858970468525
2019-07-17,0.554189780049723,0.364630206946031,0.369388542732476,0.44884627283137
2019-07-18,0.55360807463143,0.364083205016004,0.36834017514101,0.446018153936778
2019-07-19,0.555930763154016,0.380112856781872,0.370456699949782,0.444491867231892
2019-07-22,0.559856175810248,0.387357412050436,0.37817587233171,0.447443474922453
2019-07-23,0.571517267570876,0.386034353420057,0.374752274710354,0.457683732245921
2019-07-24,0.57120011184765,0.386975105894853,0.375329731637935,0.457516764764786
2019-07-25,0.569425476559373,0.386927728095919,0.355522287755235,0.449205600489315
2019-07-26,0.568792670806211,0.385610764795861,0.350113958193411,0.449332119964657
2019-07-29,0.561301030146998,0.381240301940127,0.346698016923868,0.439612301669854
2019-07-30,0.55629095229258,0.380059509169382,0.337623585797726,0.436285857755503
2019-07-31,0.555336979975347,0.379930902311826,0.338918003530976,0.434627591137789
2019-08-01,0.559980741274402,0.385947603042549,0.344914916119027,0.437452147749408
2019-08-02,0.564841050231159,0.381487634330628,0.34801680877485,0.438544120012137
2019-08-05,0.587134857563631,0.414951614981136,0.365462715399487,0.456864465749403
2019-08-06,0.610992791361436,0.438408532669287,0.409239084558729,0.491655917441346
2019-08-07,0.609311596366199,0.441075576269893,0.427086432930673,0.497727933588157
2019-08-08,0.607184102402593,0.439773962686454,0.426563687268123,0.491732919244376
2019-08-13,0.606025897445376,0.438176946935652,0.427916376301023,0.476379682538949
2019-08-14,0.569195305645803,0.433361878333424,0.426323210807982,0.470282615631837
2019-08-16,0.567604886081857,0.433461940980652,0.426613669431697,0.467306209251357
2019-08-19,0.569164934940543,0.415607782084497,0.417714518146353,0.446641507627449
2019-08-20,0.585751841987004,0.417119011669205,0.42011198976015,0.443084496299575
2019-08-21,0.584715583008712,0.41345469351715,0.413119800076603,0.440481417502082
2019-08-22,0.583508335251414,0.411118199641143,0.411492027873739,0.437487806822885
2019-08-23,0.579567204265159,0.409078555485319,0.406936917612811,0.435759904539508
2019-08-26,0.579357028819556,0.408692058763601,0.403081509060506,0.424407471286648
2019-08-27,0.590736766218474,0.431971880933806,0.423258594664707,0.444758440962345
2019-08-28,0.578577241629949,0.438060417014265,0.423177142967898,0.436850310084086
2019-08-29,0.577768726662792,0.435217940773343,0.414520921821473,0.436403480076266
2019-08-30,0.575875247618587,0.433101831337044,0.413175103909087,0.428807854650533
2019-09-03,0.574499729731438,0.423020933435339,0.394658690853656,0.420491234012033
2019-09-04,0.540365080403696,0.399135177435278,0.380772041173924,0.389056758943475
2019-09-05,0.541455497733075,0.395022975607273,0.390300393927961,0.401639514554335
2019-09-06,0.535734940527789,0.409391665866293,0.396417623088819,0.405432096920324
2019-09-09,0.536556344459397,0.409273092721232,0.395678808227829,0.402114070991832
2019-09-10,0.531757710689235,0.410461618379381,0.39824784107447,0.398564250812188
2019-09-11,0.531249461184188,0.407567225230135,0.394022052452127,0.395911152495258
2019-09-17,0.512869931496754,0.395250699298897,0.382445759001006,0.363705382975063
2019-09-18,0.522198746967431,0.344902486653257,0.362450994708475,0.373478914223705
2019-09-19,0.520896455796,0.342583085717872,0.362689934868385,0.368055763995804
2019-09-20,0.509545911906443,0.343032505361405,0.364458421333473,0.362922551899752
2019-09-24,0.508432237892235,0.342183031281929,0.364853258507045,0.3618536283128
2019-09-25,0.511269635165966,0.338787682201758,0.353398869874529,0.362056601932482
2019-09-26,0.521855932523638,0.342535665158674,0.374900137712234,0.379551713310363
2019-09-27,0.511371946857775,0.337115305000128,0.369932452820294,0.375746240820383
2019-09-30,0.510168690170815,0.331949304361517,0.35993198226794,0.374604102760645
2019-10-08,0.495772389336786,0.339963103963708,0.340859446932905,0.3754238317235
2019-10-10,0.489323081657149,0.330850774355017,0.331951839099685,0.370566516409381
2019-10-11,0.463199335788557,0.317979066391162,0.298107786434497,0.333172167152813
2019-10-15,0.477982002562915,0.331465795346148,0.308483102717381,0.345603982977807
2019-10-16,0.481431311537022,0.340458354961883,0.317167022631402,0.344261439953012
2019-10-17,0.475682531354128,0.32627835694459,0.308378859656941,0.333248232338488
2019-10-18,0.474019787200265,0.325697118281677,0.308549391345423,0.332909449396646
2019-10-21,0.47542644417523,0.314268547588566,0.327217756718693,0.342605824775846
2019-10-23,0.475751859519659,0.313739738791686,0.326929391414434,0.338424416700585
2019-10-24,0.474024712349722,0.31324376088276,0.325393816958961,0.338055085742822
2019-10-25,0.471166064610091,0.311409084520588,0.324715883363001,0.332295051058778
2019-10-29,0.463867243139128,0.311502310523435,0.324252118656456,0.336943979728619
2019-10-30,0.463358328264776,0.308326201324317,0.323560859515976,0.335198027242094
2019-10-31,0.467094454345077,0.314359749065963,0.330275218495442,0.326668587142536
2019-11-01,0.455824408726814,0.309741505796161,0.32783399060067,0.313080389038207
2019-11-05,0.463528536669121,0.292294944277646,0.343081190879871,0.306072345132904
2019-11-06,0.490782541799782,0.326960727720845,0.380451487278195,0.321754338109019
2019-11-07,0.489747455533798,0.323620125175414,0.377916562221848,0.31265798835212
2019-11-08,0.488637042634144,0.322887359998317,0.376844066280591,0.308637397542479
2019-11-11,0.493304916143633,0.318196350421151,0.378828641925639,0.317664961397674
2019-11-12,0.547160850940837,0.31713564398504,0.389342496499921,0.349199222554641
2019-11-13,0.546753380342535,0.316844720095338,0.387860493383956,0.347390324224476
2019-11-14,0.545238730710986,0.320415661623791,0.389957916108671,0.350521331350987
2019-11-15,0.539590632321608,0.314247121502355,0.388512254362956,0.34824933071198
2019-11-18,0.536268468324988,0.30038768526351,0.362808956815376,0.341660843842267
2019-11-19,0.541471428756289,0.304107527246052,0.358477264597156,0.348565869254849
2019-11-20,0.550471598458422,0.286489470607143,0.34516499263921,0.323492380806361
2019-11-21,0.554027745504204,0.296692831813789,0.362168351724152,0.328458809225721
2019-11-22,0.552342920295239,0.298967427266911,0.362632420699278,0.329052884955204
2019-11-25,0.542805034249174,0.292295473519432,0.356173298502307,0.30118454377585
2019-11-26,0.549929496690926,0.301574029901374,0.365993705325726,0.294961236785521
2019-11-27,0.548764036604365,0.300976378918818,0.365003408524082,0.294152859324944
2019-11-29,0.547489809751307,0.299429634136534,0.362637986529794,0.293078836393203
2019-12-02,0.568219255004114,0.314478402690878,0.395923821334682,0.311912919088932
2019-12-03,0.567397733541708,0.312923009907081,0.394817396704639,0.310711639399491
2019-12-04,0.564117870078278,0.30404625644504,0.389477610525785,0.303646646330253
2019-12-05,0.563392332098601,0.306567259467518,0.390469480492808,0.306352440453859
2019-12-06,0.564109610721316,0.314611665851749,0.376881468998251,0.313734248615181
2019-12-09,0.566360674942839,0.314835095298401,0.381558023610029,0.319689769531438
2019-12-10,0.565175762515958,0.314427784918051,0.380532540259485,0.316548513551018
2019-12-11,0.563347292325178,0.313302214929844,0.379511881133089,0.312448242274881
2019-12-12,0.56342748365982,0.311171214136881,0.379669769973864,0.314084646093534
2019-12-13,0.545008164869893,0.309229631952868,0.353484014874225,0.301518672076116
2019-12-16,0.587318803939716,0.401915101897362,0.395529787912462,0.321990649370463
2019-12-17,0.575635230340361,0.393955954893535,0.390811219783316,0.314323544841592
2019-12-18,0.582910454146362,0.393441987388999,0.410549622903744,0.297676502967662
2019-12-19,0.581060550043511,0.392828493395473,0.409183298497737,0.295639721292377
2019-12-20,0.579569208602045,0.390772602444719,0.407650053374607,0.295876664648373
2019-12-23,0.575044583069441,0.390534211033137,0.401471824672763,0.2932643326065
2019-12-24,0.554674394272933,0.379207713954791,0.39050759137067,0.284288514109168
2019-12-27,0.548232089895099,0.375082197813202,0.374497899903188,0.287959172988722
2019-12-30,0.555126373773978,0.370222014161519,0.380229020188882,0.289550520436777
2020-01-06,0.551248125984102,0.33514821710748,0.362633215815404,0.276840537264638
2020-01-07,0.527168675711131,0.247350498490259,0.26950179553632,0.26212283014929
2020-01-08,0.527597533382204,0.260217492716096,0.278416028345387,0.276840079406638
2020-01-09,0.53651303173703,0.285954526305888,0.298947301352615,0.277407618116205
2020-01-10,0.545976502605475,0.304605501942935,0.315669191953746,0.276010260903743
2020-01-14,0.544634808535903,0.303450635189351,0.312180966663779,0.275156434097818
2020-01-15,0.546617021234049,0.306052903821528,0.317924630023896,0.280547723077414
2020-01-16,0.547976820906691,0.308798339142818,0.32028556812607,0.288225119754329
2020-01-17,0.541285881811784,0.307418406994647,0.310566958511176,0.270881003025812
2020-01-21,0.539345432085435,0.306858220954473,0.310543127504416,0.271530598677423
2020-01-22,0.528387092006085,0.314921552576992,0.316014163640035,0.293819219576941
2020-01-23,0.528856611458811,0.316334377581033,0.318113628808102,0.295173995960585
2020-02-03,0.534300770591909,0.340943167322322,0.340347555499033,0.32771797720847
2020-02-04,0.657734084531177,0.509785402703773,0.615828010340087,0.629506385592174
2020-02-05,0.657482532037205,0.508143359801059,0.614786692184988,0.628084755951989
2020-02-06,0.656121828726381,0.507560298095497,0.61230063188437,0.626364761162382
2020-02-07,0.656635870187956,0.508401295059494,0.611959305632675,0.625919466342157
2020-02-10,0.654702661269225,0.505514274959744,0.6082059774359,0.614737991419531
2020-02-12,0.65172227483758,0.500778069050688,0.604475487814551,0.609796786478819
2020-02-13,0.651448406315127,0.500164547601264,0.603820398624159,0.60757344870112
2020-02-14,0.650282876623798,0.498039452941387,0.601392064927917,0.604922101102741
2020-02-18,0.648940415214927,0.493095287126681,0.598950805378107,0.602060071756423
2020-02-19,0.631457253837138,0.446372102385093,0.574098300653927,0.583847123902963
2020-02-20,0.629245932043031,0.441746299203334,0.571525573816132,0.579559963352231
2020-02-21,0.622960066804447,0.440023062584889,0.559932145539837,0.567817519060638
2020-02-25,0.617654051800181,0.436782501555456,0.551524936522928,0.562975382372254
2020-02-26,0.617366947197109,0.425271742115297,0.54708719097774,0.562197400686737
2020-02-27,0.617356521432927,0.425652130553526,0.546580850732174,0.560328435902666
2020-02-28,0.616069421453866,0.416449226795397,0.542118942758221,0.557471879066291
2020-03-02,0.63424786359892,0.453987969788722,0.567085371432173,0.589985199430254
2020-03-03,0.630360483116658,0.453762194249901,0.56356857752618,0.576259359088437
2020-03-04,0.628227180507078,0.446815266365626,0.5617358527347,0.574221404509748
2020-03-05,0.625413243765135,0.44479303754186,0.557670887866288,0.571731872002875
2020-03-06,0.630238388976699,0.447125274246328,0.559079375512533,0.562436342490183
2020-03-09,0.628793899891759,0.449442526570458,0.559647018305073,0.561836460583243
2020-03-10,0.642198296909382,0.475442204688902,0.576775563574943,0.566403583099241
2020-03-11,0.643637692429243,0.474453874967802,0.573287659582487,0.567566877721701
2020-03-12,0.642997853708359,0.474939839800228,0.571129648010972,0.567089122756961
2020-03-13,0.641751922336807,0.479228142005389,0.572412629951282,0.569540560708749
2020-03-16,0.642185747260743,0.478524101164316,0.572689152976757,0.569701265193917
2020-03-17,0.658545379875206,0.482783648874198,0.582966851300563,0.588741605012592
2020-03-18,0.655352356958823,0.480681419043727,0.578721379173445,0.586278405001267
2020-03-19,0.657362584825178,0.482183374366773,0.582436184420428,0.584914948104572
2020-03-23,0.656716114093769,0.481491244803234,0.565006940866146,0.581542576928548
2020-03-24,0.652652846448863,0.467310671556591,0.554822735004204,0.58387941936935
2020-03-25,0.659585123809722,0.4813004681653,0.564530480278621,0.591841949714725
2020-03-26,0.664721086850066,0.492074934552213,0.570132343604318,0.597935308931338
2020-03-27,0.663506525147528,0.490355320707724,0.568138683635024,0.595583465418244
2020-03-30,0.661922337537137,0.487154308717065,0.565685892988508,0.592877083676781
2020-03-31,0.661584614851345,0.486443982570541,0.562316891323561,0.591537498139579
2020-04-01,0.657733087656778,0.483913830064335,0.559104397111578,0.587363155922515
2020-04-02,0.655838359880255,0.482101472294634,0.55700835677301,0.585566645413011
2020-04-03,0.653833274886092,0.470651925467707,0.557427609127237,0.58058518508779
2020-04-07,0.652012854628349,0.468223112318791,0.554330737992138,0.578959943249047
2020-04-08,0.660037153387686,0.482329663758032,0.563544381211748,0.588933832037305
2020-04-09,0.657893121285025,0.478056909158238,0.561056263237386,0.58625278479804
2020-04-14,0.656163058077726,0.4755980583103,0.55882901134887,0.58383245250049
2020-04-16,0.654191731511718,0.472858777752533,0.555823343690931,0.579353432562401
2020-04-17,0.651106213768772,0.470982327531767,0.553004479838955,0.576808037738837
2020-04-20,0.650636705053032,0.471193841131056,0.552065115557469,0.573195842436242
2020-04-21,0.647551464515542,0.465801011139536,0.547066855272046,0.568536576400209
2020-04-22,0.648929766741476,0.467739044220474,0.545511346938314,0.568363219760507
2020-04-23,0.647232104064709,0.46243209862385,0.543564846742868,0.564373392947055
2020-04-24,0.644742410624183,0.457456047373978,0.539312700539131,0.561604178135128
2020-04-27,0.643403206080331,0.457369154311284,0.539390623504188,0.559918851394114
2020-04-28,0.639024635274526,0.453586366770827,0.536442777421045,0.557208089252241
2020-05-08,0.633017090921849,0.451437511367531,0.532662756700424,0.553345666286079
2020-05-11,0.564079991673796,0.460167365835969,0.513149412783332,0.541176371303481
2020-05-12,0.559516668346901,0.456956754509233,0.510538402968107,0.537883494298391
2020-05-13,0.556564346314169,0.454834270152053,0.508105147917668,0.53499564272744
2020-05-14,0.555078937218546,0.451416426829344,0.505835231612757,0.53090044370765
2020-05-15,0.559584935677862,0.456264048841742,0.505560037807888,0.534186321336406
2020-05-18,0.558859521025384,0.453253370758764,0.502971660076122,0.531413333919248
2020-05-19,0.558416535456887,0.451359433315141,0.500813704509305,0.529025048752854
2020-05-20,0.562194918947968,0.454353695276314,0.503827335953295,0.530822304103006
2020-05-21,0.560350275569896,0.446754761601077,0.498276771230807,0.529721858487596
2020-05-22,0.560873562240615,0.44503605257508,0.492410248734474,0.52713865578957
2020-05-26,0.587074168663931,0.448518193716293,0.500515563719618,0.543411511409277
2020-05-27,0.591411646961747,0.4569591901843,0.509446204176046,0.545373602012848
2020-05-28,0.590557527562176,0.452336154649507,0.506324973529322,0.543060696526641
2020-05-29,0.586733448134041,0.449916300755033,0.502856731560409,0.538982085312594
2020-06-01,0.583585448252035,0.447121144699182,0.500114570152025,0.535266015493764
2020-06-02,0.60396952984595,0.44353851477508,0.512621984284656,0.546186247933968
2020-06-03,0.602582424724239,0.44140914537885,0.509600709673067,0.53488500178025
2020-06-04,0.599651295134652,0.437740152725537,0.493714454026065,0.513242299255179
2020-06-05,0.598083665795949,0.434980762411397,0.490881824606902,0.510196008023872
2020-06-08,0.5975812081724,0.434312284054975,0.489878935711705,0.508837456167361
2020-06-09,0.59600325290184,0.43218554724979,0.487351593268135,0.505567191041845
2020-06-10,0.597107177038255,0.425140809617099,0.484482707876603,0.500580111987148
2020-06-11,0.595100751014719,0.421963942768439,0.479595711051603,0.496213740347934
2020-06-12,0.600181166869491,0.43098561887504,0.482040135450033,0.501129053504284
2020-06-15,0.598251527547184,0.428486171059568,0.471060797294258,0.498310768313106
2020-06-16,0.606761109843389,0.446348817196781,0.482733065607995,0.509589545107118
2020-06-17,0.617962942347444,0.47346869459745,0.507834839310592,0.518551338724762
2020-06-18,0.616432741932929,0.470130642019347,0.505268487805478,0.515798896055509
2020-06-19,0.614620562691856,0.467002050117224,0.502261989820256,0.512773667916625
2020-06-22,0.613767527181541,0.463857379137185,0.497571524639373,0.491411504065593
2020-06-23,0.612085659053676,0.461488264232171,0.495161524836302,0.489069912887819
2020-06-24,0.608098143246116,0.459327081716916,0.492702413598911,0.486714390236168
2020-06-29,0.603330603067859,0.455957319363691,0.49151083811912,0.482630748435107
2020-06-30,0.606803830244818,0.461645704236698,0.496292883859739,0.487758601707612
2020-07-02,0.605161292994547,0.46451981978592,0.494588947743897,0.487048003795337
2020-07-06,0.628197373782525,0.379280286956834,0.467961070785417,0.494761260944331
2020-07-07,0.677974145887567,0.409521974372686,0.46042315764859,0.488221681560626
2020-07-08,0.672198695893193,0.407236609542972,0.456451742705061,0.482753481976352
2020-07-09,0.670606309530287,0.398454839112897,0.451866049949949,0.481075552513282
2020-07-13,0.668433476383392,0.397897028090446,0.450962219460322,0.473297086819543
2020-07-14,0.6633639674602,0.393897111933784,0.447973422031718,0.470834253373155
2020-07-15,0.662392992300465,0.394565843952089,0.446530603299944,0.47010690337945
2020-07-16,0.658500541788178,0.376552756858582,0.437064357669291,0.454649182728503
2020-07-17,0.66661450259223,0.381694085763565,0.439211488298705,0.46249671275533
2020-07-20,0.664656667507571,0.380065233980386,0.437118537268309,0.460481159951238
2020-07-21,0.653554210664637,0.374974778486693,0.428416566834447,0.451584883280915
2020-07-22,0.643354596562271,0.373526820547572,0.424671767346347,0.44969780877322
2020-07-27,0.628713960042324,0.370121427489127,0.423165815370691,0.438589295246392
2020-07-28,0.636207438484652,0.366815998923873,0.423321206609294,0.444797500765716
2020-07-29,0.63520079114364,0.363937700440074,0.420908435552908,0.44371784561357
2020-07-30,0.633219910985927,0.341537544256083,0.419659624286587,0.43399179284488
2020-08-03,0.631310346030084,0.340961051372717,0.418080094895174,0.423758302193066
2020-08-04,0.611322155736859,0.32464582288708,0.401736142819844,0.381715318893143
2020-08-05,0.602879891470107,0.318155075192928,0.397353429682211,0.37815408470163
2020-08-06,0.601382493154203,0.317063284256971,0.392999375892573,0.376972343862873
2020-08-07,0.598068295077775,0.315077654673122,0.389947004669618,0.375214512914382
2020-08-11,0.597958170831333,0.316966433417513,0.385837801311677,0.376829011251808
2020-08-12,0.588982548157886,0.301905053518598,0.358829271949911,0.376155535737639
2020-08-13,0.578417042918552,0.29953132570967,0.355455388777212,0.369797797164338
2020-08-14,0.577418239637818,0.293521778977942,0.35484709881944,0.364560612280067
2020-08-18,0.572751244363075,0.293203624296201,0.339731362526429,0.355554838747782
2020-08-19,0.5728968550599,0.262419604061794,0.276695678937461,0.329350278663496
2020-08-20,0.574825706001752,0.259848767296232,0.272157810004278,0.329256155438416
2020-08-21,0.578542507316087,0.268506089823636,0.285873143273044,0.338674048093256
2020-08-24,0.576895101835551,0.268831241652339,0.287775014282334,0.338039645339292
2020-08-25,0.569458459411935,0.269068437472259,0.287810147327189,0.33767138802614
2020-08-26,0.568937710821305,0.260612281265457,0.282624374880245,0.331923360757737
2020-08-27,0.565359931129244,0.260771499917909,0.280905854369328,0.338819928441496
2020-08-28,0.557185373667738,0.257675155429786,0.275667591863901,0.328478051893746
2020-08-31,0.557968601103627,0.225288340354416,0.2774738651902,0.33756817182712
2020-09-01,0.555892243709655,0.221313146510281,0.278466944279539,0.33775788854028
2020-09-02,0.554698925278598,0.221559075222983,0.280628984101113,0.338093170041885
2020-09-03,0.554113614626039,0.221143850298183,0.279619208073239,0.337618159805736
2020-09-04,0.554844767723903,0.213778135744943,0.270772021039824,0.339513098522082
2020-09-08,0.558464990042695,0.224590742905419,0.278204557694842,0.347099549031012
2020-09-09,0.558289573811363,0.220612860393923,0.259485666590553,0.348709416322399
2020-09-10,0.561831507721042,0.242394685956906,0.274074377670009,0.350507722797579
2020-09-11,0.562967271468627,0.235082295732327,0.268461233001599,0.35228840511823
2020-09-14,0.564914134106475,0.240437544828974,0.268005153359883,0.348939463502282
2020-09-15,0.56545406370975,0.243987337824567,0.272764974189686,0.343381421746679
2020-09-16,0.565424309761615,0.240011327455747,0.275469826595806,0.343325421493583
2020-09-17,0.564436324776132,0.240325167556312,0.277038614788033,0.332221161628889
2020-09-18,0.55852182669303,0.244303553124227,0.281007600410254,0.333304773810826
2020-09-23,0.55537221479198,0.241987520855362,0.2797287454173,0.316792714132831
2020-09-24,0.573233667673953,0.242272684760596,0.323011774201369,0.335983241021921
2020-09-25,0.586051191023047,0.267047961073231,0.348618091379204,0.364446890971258
2020-09-28,0.584974245958483,0.26581379952848,0.34779330047998,0.357189575208947
2020-09-29,0.58023094575281,0.259925766977906,0.34467328409674,0.355000489936374
2020-10-12,0.574734430326457,0.260252726531744,0.344660831231941,0.350856318170922
2020-10-14,0.655611728400808,0.239347494487851,0.4099660277921,0.481663625510186
2020-10-15,0.653253003649156,0.238129971279307,0.410470578888231,0.478866170739849
2020-10-16,0.648764118660125,0.239674736560029,0.409757483112722,0.475204539421666
2020-10-19,0.64656287981846,0.238790501246029,0.406912452935252,0.473239505238125
2020-10-20,0.640750551082291,0.225041848566657,0.403896424042215,0.46720183736269
2020-10-21,0.638742185613425,0.221755801786883,0.403634343620807,0.460696136390805
2020-10-22,0.635775036987392,0.222019015787791,0.401550004749144,0.458928661009989
2020-10-23,0.633433675036368,0.225750392858794,0.401753924628381,0.456354571231425
2020-10-27,0.623906732608475,0.223475583101975,0.396110369824963,0.447021502192602
2020-10-28,0.623416276035214,0.226107217734037,0.400399348171649,0.450174219171297
2020-10-29,0.619564603997708,0.223454906758562,0.400719275523475,0.43414042293379
2020-10-30,0.616884670861075,0.222916818956825,0.397081125458447,0.423841323498434
2020-11-02,0.626622319283118,0.25710302470416,0.420783493959756,0.435856852755944
2020-11-04,0.620483288592619,0.252860500484981,0.415741130888971,0.432297823865183
2020-11-05,0.628056905730254,0.281047782838927,0.436200074601985,0.458296193188525
2020-11-06,0.634655979876888,0.299651511362172,0.4486445001268,0.471912197712166
2020-11-09,0.632668283042254,0.29529880346627,0.446507421495996,0.470428799027077
2020-11-10,0.63318951510271,0.326605025746044,0.453717831493686,0.47591250778758
2020-11-11,0.625089803964036,0.324701098516268,0.450625679955225,0.439750988797915
2020-11-12,0.623754800494272,0.307197164823579,0.437988516527205,0.4362028406668
2020-11-13,0.622235960154082,0.305325850888917,0.436450664107824,0.434681339578696
2020-11-16,0.61827711132884,0.309358298566184,0.424936071037076,0.431327661949496
2020-11-17,0.619427111850856,0.326337259134823,0.43599108925447,0.437198462984769
2020-11-18,0.617375460216877,0.324422405247873,0.434541320536116,0.431364376694856
2020-11-19,0.616049553365689,0.318103520967842,0.433091743423878,0.430161677287245
2020-11-20,0.607160908224402,0.314038748590956,0.430821742216467,0.425264526078657
2020-11-24,0.606193658242639,0.309656946832534,0.429501128972396,0.426422688875321
2020-11-25,0.605992524519226,0.321980761970759,0.435744257958159,0.4332369028889
2020-11-27,0.59152278350016,0.310166590383672,0.437812722097366,0.435578809573754
2020-11-30,0.594843617850967,0.324414565542079,0.446794046608748,0.419335475593066
2020-12-01,0.589754084802098,0.327591285142195,0.448551691559862,0.422028508198792
2020-12-02,0.59070760418261,0.345080081468379,0.464587224657884,0.414744795863733
2020-12-03,0.58952522169234,0.344151910178503,0.455829144262297,0.413475668572045
2020-12-04,0.583967689898032,0.343213493653613,0.450607380077509,0.41065799636311
2020-12-07,0.582527180142378,0.341847676863233,0.446015588667452,0.408959479393238
2020-12-08,0.588054740117965,0.348605196817053,0.43565720469236,0.410837493539726
2020-12-09,0.586568222633693,0.348400545449714,0.432236015908128,0.409398827190344
2020-12-10,0.562595957181182,0.312996937272025,0.386983514757934,0.391403183728006
2020-12-11,0.560892209146691,0.312176432049745,0.38556585447142,0.388794067372423
2020-12-14,0.551651572838695,0.316013635512405,0.371888615987322,0.387339260046957
2020-12-15,0.541772227293756,0.316745432478628,0.366316791991253,0.394022202732557
2020-12-16,0.539556351318651,0.316357842249775,0.365622732566925,0.39290822177021
2020-12-17,0.53434175065795,0.315534871283762,0.36396879972939,0.390456049194338
2020-12-18,0.540757421116032,0.31322280661253,0.356212283032292,0.369899878166904
2020-12-21,0.541583481265827,0.313920852407416,0.354988704633831,0.370555369329501
2020-12-22,0.522382351698143,0.306293297919054,0.354594864956058,0.36513488153572
2020-12-23,0.527926190089886,0.341126894275111,0.392336846280401,0.37862891886229
2020-12-24,0.532678228271951,0.342182279995827,0.397682929751224,0.3783367234087
2020-12-28,0.529109190704426,0.333100932015851,0.371319877659812,0.372287882888055
2020-12-29,0.516600355724651,0.341211687600608,0.367197544566163,0.365294628285676
2020-12-30,0.499657383832512,0.28294504589884,0.361326104376391,0.359752903875016
2021-01-04,0.514625652810312,0.271110610958749,0.379614434349547,0.370653309748987
2021-01-05,0.527020811396082,0.225260885788301,0.432573646442319,0.322814978060225
2021-01-06,0.529373439940959,0.220722565888635,0.436687591945655,0.321373026703363
2021-01-07,0.528500992496245,0.216682818244308,0.427218338605644,0.321418417307007
2021-01-08,0.518722449843291,0.228501387506234,0.43191704151466,0.330049230196228
2021-01-12,0.508845839596186,0.215084663979161,0.396677932217574,0.285462835608023
2021-01-13,0.519409323312953,0.214317987647903,0.383251149914306,0.274755007082557
2021-01-14,0.519542173769058,0.210283243383888,0.37972975183122,0.2751447751634
2021-01-15,0.498642398100494,0.19899935094985,0.375957402906001,0.262599497838929
2021-01-19,0.498422161342708,0.199641201085966,0.369876838292042,0.263175307889943
2021-01-20,0.445831386971196,0.200542261114299,0.368960147995923,0.263690125032093
2021-01-21,0.449438637095401,0.197541959746678,0.370233005296911,0.264247069939687
2021-01-22,0.442937817307068,0.209368813908322,0.380529338831535,0.272815758984796
2021-01-25,0.446748964800661,0.213530810704031,0.381721774647647,0.278229636999997
2021-01-26,0.450311147079379,0.218562714892189,0.385528653706256,0.270822277423265
2021-01-27,0.477902442866342,0.243214856907725,0.409486663678898,0.293866076070036
2021-01-28,0.477568218941544,0.243986362992016,0.407011394165569,0.29425781523957
2021-01-29,0.506317880260661,0.288537209149193,0.42606631738411,0.330798225943518
2021-02-01,0.50921115743879,0.298712787098999,0.43015033836298,0.335476877593825
2021-02-02,0.513453002580569,0.306008773891719,0.434302282186665,0.331056621462363
2021-02-03,0.517539068304389,0.312081641043498,0.437564243155741,0.337617948994163
2021-02-04,0.515444301525123,0.303179707636803,0.429317246091014,0.333212807761913
2021-02-05,0.516960380772164,0.307688299494803,0.431015915134201,0.33743975670333
2021-02-08,0.514843417202992,0.299431293584606,0.426099383715763,0.336909116063491
2021-02-09,0.509985829652217,0.319271396027478,0.408150890115819,0.348693486705385
2021-02-10,0.502362580298082,0.315092023987889,0.386281537893084,0.339279621512057
2021-02-18,0.517038782848241,0.311884025936824,0.385930490968687,0.322452504150315
2021-02-19,0.519312851635246,0.317169153233976,0.381003542864058,0.312666171675066
2021-02-22,0.518494466825788,0.309947721195068,0.382399309296667,0.294988706719477
2021-02-24,0.52570079995914,0.296908790024814,0.389862789099311,0.290758657577745
2021-02-25,0.547398601352854,0.327272377920741,0.430748530777305,0.20783151270304
2021-02-26,0.549118735796347,0.331491428306841,0.428701321022157,0.217319418208409
2021-03-02,0.58019863502272,0.385306429023836,0.453752071048281,0.238550769682732
2021-03-03,0.578937638556285,0.381964202945395,0.450813779491124,0.23765381330997
2021-03-04,0.593882469178677,0.378834379601613,0.455245075357921,0.255206056249073
2021-03-05,0.604961334046337,0.397309723349204,0.461055672960965,0.237688600120486
2021-03-08,0.603515333214422,0.395886551263481,0.459024420807954,0.238672382385186
2021-03-09,0.612753689457829,0.3925681886466,0.461869351503479,0.165306864658776
2021-03-10,0.593639429312142,0.373220493123991,0.462216888779171,0.138888712370135
2021-03-11,0.592049900679697,0.3720614698764,0.460006952005301,0.140701161415189
2021-03-12,0.599023917508627,0.3722260209187,0.474230740372184,0.159702980051701
2021-03-15,0.581773192148824,0.372185317601111,0.47318884113069,0.159376846626448
2021-03-16,0.576786553541379,0.368939035851891,0.471619438945285,0.157045935941499
2021-03-17,0.577104041852427,0.369483555140494,0.471622704399421,0.158099091333251
2021-03-18,0.5761492303308,0.368333451304183,0.46893952009396,0.159988226370187
2021-03-19,0.576253776867071,0.369521552366475,0.468166730011963,0.166417303063429
2021-03-22,0.583743126200548,0.385576729079394,0.472750312198765,0.169556260465872
2021-03-23,0.575278620772,0.348632623103059,0.466004563041976,0.166158193429331
2021-03-24,0.578870298965604,0.35144589549264,0.469353460911894,0.166231918999459
2021-03-25,0.587104809050859,0.366716719505488,0.467525932883246,0.166592396120463
2021-03-26,0.58603953321734,0.362792971990999,0.464495622781765,0.167898526354296
2021-03-29,0.593499612309102,0.375046780974468,0.472358101686727,0.18130737744146
2021-03-30,0.591439522696071,0.375438611464838,0.468333330140077,0.1866212676247
2021-03-31,0.592014935735513,0.373950307606792,0.469238340610977,0.192541193573133
2021-04-01,0.592010419380404,0.375086515536512,0.468010447108376,0.199201361740133
2021-04-07,0.592692882222005,0.376845390349564,0.469619051023016,0.206113938707242
2021-04-08,0.584881142283519,0.37730094534617,0.465590482775727,0.209928089184432
2021-04-09,0.581191238955966,0.375761457746787,0.463418935473114,0.210443508534381
2021-04-12,0.585189945354647,0.370453027936991,0.463502152937406,0.212851442284688
2021-04-13,0.588418698106002,0.377665378946995,0.455803803351754,0.222395378749294
2021-04-14,0.585470447270473,0.369647393791607,0.440017920094424,0.217244395173878
2021-04-15,0.586881294391868,0.362077713856388,0.440027568231421,0.212818288787803
2021-04-16,0.586739648183217,0.360066365854299,0.433406890297862,0.211745502232963
2021-04-19,0.587512403817797,0.357849347984968,0.430622170634427,0.222290477452495
2021-04-20,0.58398615136797,0.348513992021596,0.420185833774942,0.228453173588631
2021-04-21,0.58255241244026,0.337668022080023,0.414356046680445,0.230133210550761
2021-04-22,0.568414030331646,0.327383179271799,0.40087583609381,0.223315048671525
2021-04-23,0.564985676151862,0.310698946150352,0.39852426897103,0.213655558532819
2021-04-26,0.563529536919067,0.307646390561412,0.397253648457491,0.215852022466155
2021-04-27,0.564075757583098,0.300463119925698,0.363352654110564,0.206777863232188
2021-04-28,0.563055780030368,0.299580965450776,0.362420800460603,0.208213563326941
2021-04-30,0.563312476426973,0.299570647884998,0.345866660618214,0.210794719103792
2021-05-06,0.562204093314648,0.302231623561016,0.348083657489626,0.212928732214751
2021-05-07,0.561739149071602,0.290899758677414,0.345382210133758,0.212669724918336
2021-05-10,0.55948860679177,0.288901183534854,0.320330607098227,0.194972544288858
2021-05-11,0.557520145502486,0.290157149151881,0.320484266745885,0.191316091123368
2021-05-12,0.515531604619001,0.249388262059487,0.304496380548426,0.174387890848342
2021-05-14,0.519283343503367,0.232617618106179,0.278041113432837,0.163086238242643
2021-05-17,0.499920760042775,0.228002409614687,0.270991901160933,0.108384969818742
2021-05-18,0.503206789662175,0.214982233542619,0.25813266785096,0.121786522270761
2021-05-20,0.503799962032544,0.22116970819665,0.263238328397841,0.132904391565899
2021-05-21,0.507043812979483,0.230559827103978,0.267435325680647,0.147020454524019
2021-05-24,0.50444625825293,0.223178878155184,0.269646426487837,0.145915248513338
2021-05-25,0.502126116029671,0.224095217643683,0.266494584085747,0.148868032716033
2021-05-27,0.537698333168501,0.22899471345567,0.289023415487799,0.170982589436937
2021-05-28,0.540777272540007,0.227531046856156,0.284369056274188,0.178601073217027
2021-06-01,0.539931528238975,0.215698300318184,0.279618542567019,0.178311122690787
2021-06-02,0.54462342261638,0.20337590263846,0.289210717462912,0.182169682846423
2021-06-03,0.547957005410904,0.198810967334668,0.287152655782279,0.195354473769896
2021-06-04,0.54838154630114,0.197770966834389,0.279768372163874,0.195987497768881
2021-06-07,0.546411675574802,0.1971211232077,0.278645364725776,0.194970790754354
2021-06-08,0.542207469974533,0.198824471611033,0.280129632920302,0.198616484653293
2021-06-09,0.540284446540839,0.202009531952342,0.28194189453254,0.20359584980137
2021-06-10,0.537607604207665,0.200083013483119,0.269699126226021,0.200735263009185
2021-06-11,0.534195417026682,0.203339521487447,0.272196608555737,0.204926367259498
2021-06-15,0.525577613481326,0.204973277884929,0.256985947233848,0.208612188113238
2021-06-16,0.533699647564092,0.16260501415516,0.247774275766602,0.192541516678447
2021-06-17,0.542052890740063,0.17453872337337,0.225653880045344,0.224571204563971
2021-06-18,0.541936696571173,0.170759429823102,0.223707281091736,0.225316453958795
2021-06-21,0.536182957124525,0.172509054149311,0.224984903459642,0.226356027945313
2021-06-22,0.524095015593233,0.151878076620257,0.220815797548599,0.222121061935836
2021-06-23,0.502342242847173,0.179987739323812,0.234569229795422,0.213437336863472
2021-06-24,0.495146839570038,0.180895387975137,0.23746008007855,0.216375091761673
2021-06-25,0.495028912233134,0.18226050958184,0.238243053472185,0.21783594049778
2021-06-28,0.513845863300927,0.189138180149332,0.251147005923814,0.215710901066861
2021-06-29,0.51369243151805,0.19049406015049,0.252176881545296,0.216848114747832
2021-06-30,0.524408581596079,0.20205090556956,0.264955739487078,0.251235654532875
2021-07-02,0.513106693937136,0.201236995348257,0.26865943181714,0.263653410122773
2021-07-06,0.552815235416955,0.193877448441452,0.286280482548974,0.253637713324777
2021-07-07,0.543299496895847,0.191906595602256,0.289553820687689,0.254769900606481
2021-07-08,0.534065389055702,0.180092969979032,0.274016773740528,0.228248985437302
2021-07-09,0.537792725522089,0.192106724356911,0.29155445745658,0.242562199596632
2021-07-12,0.535519018368765,0.193472807132313,0.287582950798743,0.241645839632664
2021-07-13,0.537213972781722,0.21203610582651,0.297809543170601,0.246785778906332
2021-07-14,0.540563225411777,0.215548320220312,0.304345762228448,0.252165251399157
2021-07-15,0.542692768484301,0.221259135199785,0.306849216959576,0.259815915051767
2021-07-16,0.545464199196452,0.197251518689875,0.317708434977087,0.247167336007491
2021-07-19,0.541783490195535,0.208470662460713,0.32150240856746,0.240573166387155
2021-07-21,0.529905019545015,0.207916815194616,0.316366733943363,0.237418025985105
2021-07-26,0.51321542302009,0.202825304849807,0.29527220435716,0.240096290556541
2021-07-27,0.587009015371758,0.144326597287513,0.255380721986891,0.185589480084416
2021-07-28,0.623076392312702,0.126641897842268,0.235967270768282,0.181520952198451
2021-07-29,0.612675847999492,0.136857181299278,0.235527342602316,0.182358261994053
2021-07-30,0.621861044001215,0.14750169090381,0.237512996634328,0.207318215761729
2021-08-02,0.621418896115243,0.15522333202394,0.242050466984417,0.211188171636663
2021-08-03,0.618449832993463,0.186007655039052,0.257167605483971,0.201135591130741
2021-08-04,0.616918756214995,0.189417213985937,0.253660551254338,0.205250802214962
2021-08-05,0.616972655648817,0.187416364142083,0.265597515208904,0.217209344024951
2021-08-06,0.616149691640791,0.186660023270059,0.266882117615985,0.219696780726368
2021-08-10,0.614750606298935,0.186930979583517,0.268208633891592,0.220714521750434
2021-08-11,0.619496811069331,0.187922731583105,0.225905903338461,0.248923505789896
2021-08-12,0.618051957935321,0.189039534350677,0.224562090636676,0.245904882337095
2021-08-13,0.616929551539934,0.191015158844915,0.226956718001736,0.246475962498896
2021-08-17,0.61587386162107,0.192907527987873,0.229111869963311,0.248921009429813
2021-08-18,0.63235515699869,0.24446538486158,0.25550711731656,0.294245580920317
2021-08-19,0.630015492628679,0.249477572318281,0.262092534275309,0.298540690274012
2021-08-20,0.628278893275706,0.255643297115174,0.268621261874145,0.304458317282191
2021-08-23,0.633176600430858,0.267097135715049,0.28366616049938,0.293439030059395
2021-08-24,0.633851125255857,0.288405971354478,0.296726618239213,0.277362817994806
2021-08-25,0.637875377493298,0.294726610103056,0.310727512190528,0.285091410591612
2021-08-26,0.633192984465082,0.292782167316597,0.311781417519466,0.28405508422871
2021-08-27,0.635192253745431,0.290619101185049,0.31819631198281,0.28188653931548
2021-08-30,0.631844783359676,0.286158132337438,0.318434137372319,0.267965930044982
2021-08-31,0.630214455299812,0.286496936370513,0.3186456472059,0.268739615949434
2021-09-01,0.629339352606095,0.290043889618525,0.320817832957255,0.247650483481927
2021-09-02,0.628649130399993,0.297253167877237,0.321534415536251,0.256202531429504
2021-09-03,0.625408389269275,0.298467147134756,0.303306647271671,0.255529624015613
2021-09-07,0.625169983654613,0.274453459722832,0.295900421857418,0.257475666350229
2021-09-08,0.635330037266604,0.338028924740019,0.260388145823868,0.280372993430311
2021-09-09,0.6335653092291,0.335891097792773,0.260108002516599,0.276210354279795
2021-09-10,0.60176443963962,0.330936540596377,0.243199520751049,0.276657635667168
2021-09-13,0.59660749445889,0.331152394411964,0.244911465621035,0.278320482788417
2021-09-14,0.584430450762317,0.330700931256402,0.245732695435044,0.271782737271625
2021-09-15,0.590121024362662,0.312171479909374,0.226800009384924,0.263973473974865
2021-09-16,0.584388997922924,0.312490678505945,0.227523441737218,0.265431084292827
2021-09-17,0.591808799401718,0.319940293511358,0.243173110672344,0.258333661015473
2021-09-24,0.590096541585288,0.319920749269426,0.244664317637702,0.259477761120296
2021-09-27,0.57068860803899,0.31803746043811,0.245233483566438,0.260048374651984
2021-09-28,0.566226982232097,0.317009208280783,0.240701626247908,0.22972540549125
2021-09-29,0.567765926428566,0.31334088304324,0.224200945756179,0.220178528801652
2021-09-30,0.537899182472755,0.35968623845408,0.260561661621593,0.220977056633244
2021-10-08,0.530513276779285,0.351974280679695,0.263207005570477,0.227015358847961
2021-10-12,0.533338373167028,0.266377064762534,0.189803385994372,0.236177126760811
2021-10-15,0.519428335181703,0.257838338764012,0.206725549739506,0.236102299051886
2021-10-18,0.523807323321219,0.267778844038469,0.222133412469147,0.250463567424486
2021-10-19,0.522822863393873,0.268065262882129,0.223477647776914,0.251347294176661
2021-10-20,0.527424628380879,0.270126659312886,0.227932152707259,0.259168659763132
2021-10-21,0.519554408999817,0.270032877888644,0.229761818162988,0.260054506301612
2021-10-22,0.517171001423532,0.263689788679354,0.230104080549041,0.258909764960541
2021-10-25,0.514049631388338,0.262575828240613,0.231169135261523,0.254610703968672
2021-10-26,0.510671544877929,0.2546284813048,0.234871215065372,0.251433691956833
2021-10-27,0.511662823325131,0.2453860111586,0.230146338957614,0.251559826222508
2021-10-28,0.52441439607371,0.24434352023157,0.239864125265425,0.238760336053312
2021-10-29,0.521764678040067,0.255712105563618,0.246928972867843,0.251484393974789
2021-11-01,0.506942013436269,0.256100971875549,0.228238749581234,0.245958079028
2021-11-02,0.505412697690042,0.246322036797299,0.22885688403023,0.243337233948715
2021-11-05,0.503568847589222,0.249896117198505,0.205884559257986,0.228601434211769
2021-11-08,0.506201961675222,0.248588456981954,0.21398903373039,0.225816185344137
2021-11-09,0.503528410400484,0.247691520095127,0.214081362037669,0.228473784865885
2021-11-10,0.503715678008644,0.244586006495568,0.215371406191595,0.222914874793044
2021-11-11,0.494529240516177,0.248594646791328,0.223177921328309,0.228698180710096
2021-11-12,0.505031394439074,0.254096920834756,0.21630487334193,0.232362994844742
2021-11-15,0.505329690867715,0.255413802395149,0.218381875177161,0.231141224551487
2021-11-16,0.504059946597679,0.253706247764637,0.214804457859823,0.229477242047222
2021-11-17,0.486344165691346,0.253478279876126,0.216559786012864,0.231574524388999
2021-11-18,0.482091920634672,0.248787233151344,0.204913904667976,0.22819000349712
2021-11-19,0.487880878643358,0.252071754846477,0.210764192303045,0.226799341273959
2021-11-22,0.446268615977831,0.257841704832559,0.224785428141305,0.215356752660866
2021-11-24,0.438538730299131,0.257182878270631,0.237973626878368,0.218370154981073
2021-11-26,0.427093940533862,0.239859461485402,0.234221436559099,0.214598187443248
2021-11-29,0.446486379255405,0.264322126203118,0.259782037729084,0.254315782269562
2021-11-30,0.445735682841671,0.26216165730652,0.26008104600958,0.250106497674895
2021-12-01,0.439089682495712,0.258372228097698,0.250718951875672,0.233692590880032
2021-12-02,0.442528553195351,0.259939332998157,0.258127447436812,0.241612672469005
2021-12-03,0.44157456033758,0.260916859338833,0.25368814545991,0.24285689026765
2021-12-06,0.433135111770594,0.272190963216175,0.261252698627885,0.244975688284449
2021-12-07,0.44268665933633,0.275221621114829,0.25956832246974,0.239987818605825
2021-12-08,0.433346602613069,0.274822207439425,0.261144601351628,0.241973596837401
2021-12-09,0.424247124239097,0.294828831061395,0.261886381439991,0.232150623534845
2021-12-10,0.43376286167217,0.280907700358063,0.273053733511389,0.237314425325544
2021-12-13,0.435691078997157,0.282926078046562,0.275241241114897,0.239254185515932
2021-12-14,0.433992604396568,0.286070733943522,0.2724342435463,0.234048403471732
2021-12-15,0.442702630943935,0.292288673104141,0.276932263581376,0.234023924799532
2021-12-16,0.44744973743189,0.291137233298596,0.276589174725562,0.236985040907896
2021-12-17,0.446609643814964,0.311721651848056,0.282705436839506,0.2438475971584
2021-12-20,0.462231186493355,0.33937555620149,0.267034421683445,0.258449870116477
2021-12-21,0.483805274515319,0.36397811786571,0.300469011695777,0.287754321198077
2021-12-22,0.490230064479114,0.377442246590733,0.30334542001187,0.292229258825185
2021-12-23,0.488816122804421,0.375888393004516,0.302681247497527,0.292356678000213
2021-12-28,0.489884764627013,0.378086651234603,0.305937185827055,0.295011791925836
2021-12-29,0.486317847365232,0.369480573637827,0.297938554509315,0.279757875590893
2021-12-30,0.494022980086594,0.37243419926688,0.312366778572993,0.269203258128524
2022-01-04,0.492259738462686,0.364023480747644,0.302084422761159,0.260875050783525
2022-01-05,0.494696494282299,0.366722498681173,0.304087144885888,0.266862570779697
2022-01-06,0.513496199961146,0.35888917812459,0.326246074641036,0.277904918991257
2022-01-07,0.507655121412501,0.354769500757766,0.328876990218799,0.272594823481047
2022-01-11,0.489495538684628,0.35374817590052,0.319330775734687,0.268425465325165
2022-01-12,0.478768787763242,0.35610810646446,0.324099549951494,0.251507469579512
2022-01-13,0.49589831272765,0.370219579021098,0.342390216316545,0.254279314902132
2022-01-14,0.48367482924932,0.378040083045089,0.344123330613097,0.248459447072161
2022-01-18,0.48120092551812,0.388550082468264,0.362656760362339,0.225884277553384
2022-01-19,0.441106185124462,0.385256389141324,0.290367207641053,0.218247222303888
2022-01-20,0.441245499409812,0.38367348900129,0.293812298417616,0.218542510851838
2022-01-21,0.410562948731532,0.379551094055877,0.291828646665791,0.218677791242442
2022-01-24,0.407090539487728,0.38459650892416,0.304606590093793,0.218655566138941
2022-01-25,0.405294590284363,0.383114409572034,0.299301315859966,0.219168745810305
2022-01-26,0.429810249432896,0.407727186497586,0.375372801252399,0.283555943263724
2022-01-27,0.430328363858846,0.400969999493957,0.369812388678819,0.290334328646175
2022-01-28,0.45414990405521,0.436234392070055,0.412562901730585,0.298283156162771
2022-02-07,0.460767522955927,0.410779309521833,0.389650256760475,0.305063289926632
2022-02-08,0.499153452562824,0.425055179083314,0.418167040650669,0.371086095319535
2022-02-09,0.491782630460839,0.422519273428365,0.415917074809807,0.374141493767036
2022-02-10,0.496882739986708,0.42434143653419,0.417097884985976,0.375486745182529
2022-02-14,0.497082779858893,0.422732539897906,0.415787409103339,0.374896782530764
2022-02-15,0.505999956435922,0.442064322226137,0.435782733176191,0.371904349928305
2022-02-16,0.500904938448105,0.434869132409117,0.428152284864022,0.370453756005566
2022-02-17,0.503648797538201,0.436220673860905,0.430283566228376,0.371816239303519
2022-02-18,0.503587240286364,0.432796699333682,0.4286506389432,0.371063774312355
2022-02-22,0.484528538033665,0.426266714413586,0.42573929166593,0.36492411318634
2022-02-24,0.496020138244902,0.437421724145689,0.432351039454734,0.372831761761678
2022-02-25,0.503426675135614,0.443009209065839,0.43951389365633,0.376047050661107
2022-02-28,0.498455369981605,0.445695229621031,0.441124014843818,0.376876696627197
2022-03-02,0.497279132387023,0.443498458719301,0.440568012826379,0.36753250759342
2022-03-03,0.48280454248009,0.435768866768127,0.438197549048348,0.365794607257228
2022-03-04,0.482114722002489,0.432237889937211,0.430270128796722,0.364641028483464
2022-03-07,0.494881470921019,0.444859477507741,0.437180481902327,0.370057863600506
2022-03-08,0.534542325297079,0.48099564208594,0.467601622699476,0.3846335981967
2022-03-10,0.535515029713753,0.490395132187611,0.471551814474242,0.398667540184428
2022-03-11,0.5349603153772,0.475424223784337,0.463030756161486,0.385863741088144
2022-03-14,0.526556596836957,0.463516771163041,0.457331994112726,0.385337828115605
2022-03-15,0.568146429934135,0.434165300987838,0.451409300697067,0.382107617939791
2022-03-16,0.615451139884724,0.387475881804767,0.44004211525036,0.340506874417838
2022-03-17,0.635781077465136,0.397725785249728,0.451317483594923,0.359922332524013
2022-03-18,0.635226975780475,0.402577751787507,0.454294011853398,0.363492609914925
2022-03-22,0.63176497868701,0.402403959743977,0.453803350093938,0.363293416776647
2022-03-23,0.630109427895843,0.400683608694552,0.45214648854527,0.362980468378914
2022-03-24,0.629023247896589,0.395673622411932,0.450388998151349,0.362848427887011
2022-03-25,0.62820997627549,0.393504106268667,0.449203930853677,0.35528368719772
2022-03-28,0.629505173612447,0.390548525435523,0.446291132802195,0.350110245198695
2022-03-29,0.627720795953703,0.388391473508829,0.444549412590957,0.349307317164345
2022-03-30,0.624728647193659,0.383814239268589,0.441126306687313,0.34871160999804
2022-03-31,0.623419088005055,0.367734627522716,0.437667362168906,0.348321197909594
2022-04-01,0.622640118817778,0.367946593016182,0.433746275372288,0.349163843961566
2022-04-06,0.620171870162551,0.361480835574811,0.422815431038864,0.350062419017901
2022-04-07,0.618823529442849,0.358189000372797,0.421112839267631,0.34957295868103
2022-04-08,0.619092824262526,0.369408309355148,0.432196174816129,0.355347867906941
2022-04-11,0.617691954861544,0.368844371450904,0.430804309269186,0.349450116988521
2022-04-12,0.628342260064505,0.372275874280952,0.427644748746595,0.359324291398888
2022-04-13,0.625401611850846,0.341616551829319,0.402886475677749,0.335031862843173
2022-04-14,0.621806055334288,0.324049701200305,0.372042721569936,0.330503743370793
2022-04-19,0.620394705761884,0.329968039981575,0.369045255010348,0.325113637309129
2022-04-20,0.62237855361299,0.333142050690767,0.366585011090846,0.332334172659651
2022-04-21,0.619529996892932,0.320866182299682,0.364171093911926,0.312792613986962
2022-04-22,0.619772024944718,0.290919607482409,0.348018176692788,0.295999927324768
2022-04-25,0.617898354813635,0.283802551867963,0.342127047327827,0.296602693865727
2022-04-26,0.644897831650034,0.329925717870332,0.405912328761681,0.315851255903354
2022-04-27,0.639489517379496,0.325450383944864,0.398592428741981,0.321340135012442
2022-04-28,0.631326273796107,0.302439416002059,0.367002185557475,0.315751280250025
2022-05-06,0.629581290911551,0.303384387273282,0.367116885685727,0.316989939914886
2022-05-10,0.619904319400038,0.3047196704613,0.357251159754632,0.294745997346496
2022-05-11,0.603266955187092,0.269075497427064,0.328871371716721,0.262484038613064
2022-05-12,0.603128792061244,0.269240059312866,0.32697392524086,0.260691657179614
2022-05-13,0.595807210036393,0.267794389320064,0.321912007070188,0.254518293229056
2022-05-17,0.595724058943149,0.274887764898649,0.327382094602913,0.259543270689422
2022-05-18,0.584623115456931,0.275593975952152,0.327699043616622,0.260657555041213
2022-05-19,0.583291898211642,0.273645609667154,0.326964196820615,0.258400872487171
2022-05-20,0.57014069646962,0.26614925490178,0.319156312242743,0.252425140815355
2022-05-23,0.578002129820794,0.274621230645369,0.334614908191818,0.270518697940366
2022-05-24,0.575581354906889,0.273887510156436,0.334122972021043,0.269637399600855
2022-05-25,0.58158829057111,0.284602004911634,0.357351504781308,0.279165227557722
2022-05-26,0.579468400420124,0.280531153602119,0.358669746990143,0.271742214169756
2022-05-27,0.577119111302244,0.278910666821483,0.35669127327304,0.274640442979346
2022-05-31,0.569151020055133,0.279392757909481,0.355809584632533,0.27552674531304
2022-06-02,0.580917927869584,0.298652560625867,0.374053526122189,0.273204788207922
2022-06-07,0.574954619773613,0.298971471971967,0.368192169125367,0.272791888639946
2022-06-08,0.580596871689051,0.314221552011814,0.343771166893792,0.273120800387775
2022-06-09,0.581187869578359,0.317185622895119,0.342400966226549,0.271017159893882
2022-06-10,0.581254252548137,0.316112411434691,0.341645027226006,0.276129686964437
2022-06-13,0.572468880193867,0.287891141242,0.317259178973093,0.251824684379986
2022-06-14,0.573932570254237,0.299190973963717,0.324155056266419,0.264334923221398
2022-06-15,0.570114123522863,0.285542114658184,0.3182385784361,0.246796476870963
2022-06-16,0.570427900568832,0.279390218510571,0.306100413310148,0.246398646618902
2022-06-17,0.571470241494669,0.277093697740306,0.304855001789622,0.24949542022072
2022-06-21,0.573081974746421,0.257130770277957,0.299255189815771,0.248881839017167
2022-06-22,0.560336900860955,0.253495608526148,0.30113003413188,0.24515807402391
2022-06-23,0.569106870856793,0.256539803217016,0.322221138723099,0.25966567987733
2022-06-24,0.57135709918721,0.25324338879854,0.298632215301942,0.254985869774216
2022-06-27,0.575035106518561,0.261031056090181,0.308785451497011,0.262341116653702
2022-06-28,0.578789397993671,0.269897949076865,0.315675152446567,0.271921593144391
2022-06-29,0.579266234102424,0.27374808143392,0.31938698036873,0.271972749409257
2022-06-30,0.586705457883492,0.284917040241505,0.335494115860452,0.275017442427176
2022-07-05,0.575651380410346,0.259416167895914,0.310724221793533,0.244650459889895
2022-07-06,0.574462036404677,0.259717530378724,0.310924409416682,0.245607706769764
2022-07-07,0.578664118166064,0.276183102293002,0.330798004285514,0.244913467507343
2022-07-08,0.577729928015194,0.277166668733912,0.330942567408465,0.247073281327289
2022-07-12,0.575374075509708,0.276991162191692,0.328474492648526,0.247773236711512
2022-07-13,0.609224866251002,0.288082251546075,0.345085197775986,0.218102444118212
2022-07-14,0.607547145755766,0.287911354309898,0.344611984074606,0.217173869627053
2022-07-15,0.606170058444866,0.286485320599712,0.344275784121326,0.214565252144871
2022-07-19,0.616556942163121,0.270280341162906,0.332094969463922,0.204271645670361
2022-07-20,0.622114092910953,0.27791564227993,0.348907946081492,0.218820548452988
2022-07-21,0.622709507733761,0.287695229747982,0.351212061698398,0.232786893445719
2022-07-22,0.625842014784435,0.281700806792611,0.338020267764453,0.241691797189861
2022-07-25,0.624015731190277,0.281179322318047,0.337429604451302,0.239107323450636
2022-07-26,0.622149919087888,0.285843932377334,0.333083863018282,0.240252011427021
2022-07-27,0.624618252859196,0.28191259866307,0.334430916947697,0.244761828166677
2022-07-28,0.620797381642734,0.281678263689266,0.333979686219439,0.24468137281947
2022-07-29,0.618227929675582,0.282195391738897,0.334210848176158,0.246579706184595
2022-08-01,0.623205424118123,0.282153800538794,0.322176942694972,0.252174148283157
2022-08-02,0.621269539850289,0.28299589761374,0.321842195139136,0.253642274832877
2022-08-03,0.639914814633614,0.32518418779022,0.327755913152442,0.245017082861094
2022-08-04,0.633268308855969,0.318103638628422,0.315121827321035,0.238949222577923
2022-08-05,0.635050814806218,0.322365232141118,0.318328078442288,0.246632243808619
2022-08-08,0.628241946501595,0.33131655320011,0.326315505545613,0.25417699266791
2022-08-10,0.622185979734331,0.33109416113044,0.32608585301383,0.25129500164791
2022-08-12,0.613912614670595,0.328359652444466,0.326941375349319,0.248568677979894
2022-08-16,0.62686018650561,0.360133233270395,0.356451401191529,0.223355698951272
2022-08-17,0.619310627278511,0.357229775312717,0.355685276352738,0.2232538335617
2022-08-18,0.618131255716315,0.359342294009724,0.347645214821066,0.226589955258756
2022-08-19,0.618067175509097,0.362034854459381,0.349172371141054,0.223126458119654
2022-08-22,0.614359452365616,0.360597544967356,0.353548655732044,0.235268207446582
2022-08-23,0.605559193074215,0.35301184666423,0.331876748892864,0.242040667772176
2022-08-24,0.603036655254491,0.349713142396394,0.328899452420646,0.242603697355314
2022-08-25,0.606877720001562,0.352305189976223,0.300422767839396,0.258375257290608
2022-08-26,0.608270354728705,0.355105541374891,0.313629348579736,0.266611700452608
2022-08-29,0.601547900661982,0.350547479552798,0.312611287256897,0.266929993658935
2022-08-30,0.597965837302491,0.325016941365633,0.293113854391586,0.25926001521141
2022-08-31,0.597216254967793,0.316386921244017,0.284461211135287,0.25198590741412
2022-09-01,0.592314060289738,0.318344085822169,0.270995780294252,0.263375179294761
2022-09-02,0.594107549372125,0.325362203634738,0.28195492421253,0.262722222453126
2022-09-06,0.591080713365846,0.324630471043225,0.282061929215003,0.260606154419885
2022-09-07,0.536438459313684,0.309168111225397,0.272764628323633,0.280436336715931
2022-09-08,0.533519375032132,0.306853994049702,0.268291835021665,0.278639756517597
2022-09-13,0.53464158462949,0.285292516407588,0.266860340009801,0.26869048463762
2022-09-14,0.543682799921469,0.299862221638901,0.28894244686341,0.292354243153445
2022-09-15,0.552071118522071,0.317792576277772,0.301804696404698,0.306293675675235
2022-09-16,0.537886828359157,0.311017612973321,0.304250751408792,0.294560530428845
2022-09-20,0.533620052928375,0.323750173987485,0.313612238060865,0.281795840527836
2022-09-21,0.532996228015092,0.322427042633136,0.313969339078965,0.282385986337156
2022-09-22,0.528901002041295,0.322091651621759,0.314589702085385,0.283372128057779
2022-09-26,0.527837353601282,0.322875401823588,0.316089575759145,0.283600153373104
2022-09-27,0.541193968071726,0.36294344831502,0.383534493484598,0.35398078910633
2022-09-28,0.533392388489232,0.362649713966826,0.378578645268351,0.337104520550046
2022-09-29,0.55475935204426,0.376481724802208,0.396975126676482,0.361096280443766
2022-09-30,0.55418751103773,0.372978034526223,0.395790378066984,0.360540067096295
2022-10-11,0.550710077650391,0.376754249243274,0.396729508401077,0.354931914223644
2022-10-12,0.564691704307194,0.341556448490446,0.366486690259124,0.365899639150518
2022-10-13,0.543873344428301,0.334578169646226,0.365548269333411,0.342020393967196
2022-10-14,0.542065527718897,0.335187124904734,0.36604685734402,0.342078758699379
2022-10-17,0.546313924331812,0.370584019825432,0.385978986300794,0.332890928699244
2022-10-18,0.545526392377368,0.363564226654293,0.385435591029286,0.325733081914074
2022-10-19,0.536632178420467,0.358804929541777,0.380866281150265,0.324581294816343
2022-10-20,0.548013725036261,0.350972566712937,0.38228980180664,0.323956672934069
2022-10-21,0.547741528567811,0.35170177065312,0.382806350282187,0.323789743145748
2022-10-25,0.546205818876401,0.349810687289786,0.381433086893675,0.308712512714676
2022-10-26,0.583148533794178,0.306954484334713,0.346690557816608,0.284425770241037
2022-10-27,0.583268286139956,0.309590623248296,0.348966143132455,0.29079283135116
2022-10-28,0.578492977192625,0.310806814514636,0.333354397178833,0.288697979479011
2022-10-31,0.597611713706544,0.323894375731729,0.34262280172936,0.223209816519658
2022-11-01,0.598308128135159,0.302904756638411,0.331304312642937,0.209947415208345
2022-11-02,0.623137456790857,0.298677401358603,0.358111485042751,0.240826082811377
2022-11-04,0.625699899788804,0.295328671591472,0.355816779745446,0.2441782611766
2022-11-07,0.627182019062227,0.244339091568599,0.356339358157702,0.228961141335525
2022-11-08,0.623346747540353,0.245206273085753,0.355781823501203,0.230530691052978
2022-11-09,0.621860886207741,0.238643540342259,0.347900960585619,0.230711430839256
2022-11-10,0.621616925845699,0.241815650325531,0.339509405502947,0.225832127504317
2022-11-11,0.620826057457584,0.245207899709354,0.341230471455764,0.225365748600691
2022-11-14,0.62935582496719,0.280274854042542,0.371664874438423,0.259082802039822
2022-11-15,0.6256907092882,0.280343045944374,0.371115566521711,0.255468131652336
2022-11-16,0.633467104122495,0.276877959613454,0.36798993758699,0.261414843483757
2022-11-17,0.631990641495069,0.276343491886361,0.367481365901671,0.263671518367573
2022-11-18,0.630402967272467,0.276834507863046,0.365540822819186,0.261835331164779
2022-11-21,0.62835095946337,0.277512950131958,0.363903709961589,0.265900127683458
2022-11-22,0.627720617284517,0.276812624863251,0.365607081456007,0.269680804433376
2022-11-25,0.624143395958614,0.277017555952104,0.363309955631476,0.270473283030445
2022-11-28,0.623168392481844,0.279076901041274,0.365016609953208,0.265977805032564
2022-11-29,0.624333266036893,0.283231164473915,0.371745378009536,0.268203565677677
2022-11-30,0.647682298002328,0.252520572892848,0.382946049289736,0.304759015780349
2022-12-01,0.643414851472996,0.25259587474311,0.377396647852073,0.304381509577208
2022-12-02,0.642059312166773,0.25652224004609,0.377144833985818,0.304335283778356
2022-12-05,0.640372220186576,0.258368553688287,0.375779666300148,0.305708432853284
2022-12-06,0.654120412472351,0.25513705370756,0.352780440190747,0.306661933875692
2022-12-07,0.652045037093448,0.255426870844207,0.349790386667339,0.305493420385212
2022-12-08,0.649045741791555,0.259331117998889,0.350852430807894,0.309256188530963
2022-12-09,0.637959534346324,0.259801860768932,0.350313415179251,0.30828498271175
2022-12-12,0.635998279056302,0.262183155230321,0.351164630935938,0.309441582613171
2022-12-13,0.638601704113211,0.264960793667511,0.356596387760836,0.312248767295165
2022-12-14,0.635994193042223,0.264229523634359,0.355980700698306,0.304598191863956
2022-12-15,0.634019977400325,0.263109316631011,0.351817105406467,0.304435977886438
2022-12-16,0.632674815374428,0.265097139417157,0.351420409218142,0.305496283104148
2022-12-19,0.630545724899085,0.25639995418511,0.350831411584854,0.300385919029041
2022-12-20,0.612073505290458,0.282368347486156,0.348646324834682,0.264538213866426
2022-12-21,0.613995758079011,0.308837239618037,0.357702120947709,0.265773591332562
2022-12-22,0.611710981081899,0.309358917152218,0.357478286802697,0.266211549069017
2022-12-23,0.590074685580248,0.305727455231975,0.342500258789695,0.260773367600138
2022-12-28,0.589307833412059,0.307836129328258,0.341750206686149,0.263880529166072
2022-12-29,0.593082015407523,0.308220596089266,0.298910812849721,0.269254674980049
2023-01-04,0.593227299210069,0.31233769676387,0.305025150541436,0.275222055092706
2023-01-05,0.616565022872897,0.264075175912249,0.31503575998374,0.257187398657496
2023-01-06,0.616875468724158,0.266384846769498,0.316716590723175,0.28294618716663
2023-01-10,0.615052909260659,0.266519132991931,0.315222530880564,0.28142725694396
2023-01-11,0.614546640705569,0.269348542055481,0.315484191720829,0.27655518784281
2023-01-12,0.611387654429537,0.26340196408574,0.313978663983573,0.275123316401705
2023-01-13,0.609784589236365,0.263599332791223,0.313894687718635,0.275408151512276
2023-01-17,0.61001788638709,0.233574939215335,0.321722493333988,0.291321023026382
2023-01-18,0.595731591041501,0.232302795963692,0.314370424482828,0.277132115113626
2023-01-19,0.594031432499974,0.222116489175093,0.313918326771267,0.277210283139544
2023-01-20,0.590231187716844,0.209087170156946,0.316311080129657,0.26936937664587
2023-01-30,0.594942979180202,0.213830777179948,0.32113548291654,0.278342245831951
2023-01-31,0.593535304115965,0.209483347877652,0.314106863468119,0.254734295912107
2023-02-01,0.594582160433711,0.212359688430165,0.319204425180552,0.25822989553328
2023-02-02,0.596914453735711,0.211136967828085,0.328651229200975,0.262018957341436
2023-02-03,0.594750637823118,0.212092453975467,0.327288310322979,0.262155212267566
2023-02-06,0.599231191679186,0.208073112531112,0.318977632642218,0.250662099923904
2023-02-07,0.606391985488882,0.199304692015898,0.33563479884793,0.249272270838196
2023-02-08,0.605152032924088,0.199776856335866,0.336800001521497,0.248469319683132
2023-02-09,0.602180627440602,0.203595610325813,0.319558191824148,0.245662637603399
2023-02-10,0.610854711545218,0.197143798510136,0.310354806552723,0.209504991213361
2023-02-13,0.607261156325852,0.19648392449708,0.312503902227747,0.210732417171851
2023-02-14,0.599656516362709,0.180466496784553,0.298768958476261,0.184847518831392
2023-02-15,0.596212969104501,0.184418342829521,0.300631995765919,0.184723834108702
2023-02-16,0.597323467495226,0.189288932590071,0.308158108098573,0.196437443322104
2023-02-17,0.572457591755509,0.172431221778263,0.257919410448605,0.169708928915764
2023-02-21,0.578896587630544,0.185511539589507,0.269789162436501,0.159792640067769
2023-02-22,0.49187765543171,0.159732081609435,0.260393133153046,0.105211376927945
2023-02-24,0.493797568009164,0.170548565326607,0.267752172252934,0.110228222100191
2023-02-27,0.501227224209759,0.15364189707211,0.264783134304185,0.121524820574525
2023-02-28,0.501958773707215,0.156234483661724,0.267904900869487,0.127636066661903
2023-03-02,0.490843556379733,0.157447221719206,0.270978837456157,0.128797571752611
2023-03-03,0.502423432359452,0.160000739410013,0.277387067747827,0.108421522218703
2023-03-06,0.504150748160575,0.172616269898528,0.278211721069629,0.109356966360052
2023-03-07,0.503500263834275,0.168474144381668,0.270521262551853,0.111112460165915
2023-03-08,0.502135515017121,0.16402334588881,0.267660523096678,0.10798607699737
2023-03-09,0.49140820769551,0.164872821078098,0.266159953601341,0.111500565121754
2023-03-10,0.492455687916231,0.163262113144626,0.268474906929781,0.116926240337488
2023-03-13,0.521326333579648,0.208688138892173,0.289697414697522,0.163779321011587
2023-03-14,0.532255965670201,0.181157982100412,0.298227936438172,0.116750367306093
2023-03-15,0.538741844515991,0.202197264732559,0.313843837907043,0.120790472525785
2023-03-16,0.541534206361722,0.202362948065973,0.319841063168391,0.135901165246527
2023-03-17,0.550566909942731,0.214960036077879,0.317499812012412,0.150144801765055
2023-03-20,0.554900553587364,0.22500861250747,0.322385380333712,0.162758567940323
2023-03-22,0.555672715547798,0.233743762542562,0.326134545302722,0.17568075267917
2023-03-23,0.565436846568243,0.253042815866908,0.341055570530337,0.209673139562064
2023-03-24,0.56911111495372,0.250255083798539,0.341713604884835,0.209197952316286
2023-03-27,0.569380481215984,0.251470779538176,0.344095510656148,0.212069056953112
2023-03-28,0.571123747931818,0.249307813712114,0.344897009104762,0.205837174939484
2023-03-29,0.566195801449418,0.249354622698865,0.337455358794331,0.205050368766691
2023-03-30,0.555656218158901,0.242532598341786,0.33543032060301,0.205724548709677
2023-03-31,0.555314063728797,0.236346549384387,0.337353181632692,0.203339068613333
2023-04-03,0.555000018247609,0.240938476880213,0.340450859957438,0.204632318964108
2023-04-04,0.550486967526865,0.245888262017478,0.334084307930131,0.214447213719743
2023-04-06,0.542835301817802,0.24825065773385,0.33551319611272,0.223283568721783
2023-04-11,0.542015772703343,0.231722516207796,0.332676262154504,0.224404961022012
2023-04-12,0.540423338489178,0.230185083154211,0.296778923966539,0.225602983444458
2023-04-13,0.531068965710234,0.233175419083946,0.296572592668763,0.221425598079342
2023-04-14,0.529233977971124,0.23253764042281,0.294091513111122,0.220425674792153
2023-04-17,0.529527686188072,0.242356087482717,0.296031686311827,0.224161112423792
2023-04-18,0.545585299772377,0.234961141502668,0.28993108745001,0.238333995306285
2023-04-19,0.540992125428998,0.236824130846168,0.288999577296156,0.236676399503658
2023-04-20,0.548331216862894,0.239205521474508,0.285465593584551,0.226094544751901
2023-04-21,0.547277036178494,0.239498661397291,0.28641061625419,0.228195734843647
2023-04-24,0.564040856515756,0.243019046932528,0.301291408650837,0.201591707540614
2023-04-25,0.565580657201728,0.241483678251937,0.310405329024128,0.200808948289841
2023-04-26,0.56365889043217,0.241627713933034,0.314027110447186,0.208103459309979
2023-04-27,0.561066244688183,0.24142352889154,0.314007815938807,0.209734383855005
2023-04-28,0.560748790230371,0.241749687962133,0.316968910911725,0.201039638639626
2023-05-08,0.555443045295913,0.26737706951318,0.316214387194145,0.184555398465017
2023-05-09,0.580997715214688,0.264926964003374,0.318123135809154,0.147788339917808
2023-05-10,0.591366833359611,0.241220323932656,0.31808115535342,0.163287363557793
2023-05-11,0.591015463852039,0.248703975357752,0.325994580268142,0.165647286098174
2023-05-12,0.589830558880428,0.24929236773733,0.326793507220221,0.170675046255553
2023-05-15,0.590705373583727,0.227342284459842,0.336493770048825,0.191950988086907
2023-05-16,0.599450019445098,0.239825285573864,0.335137760804438,0.196381454849666
2023-05-17,0.596436515918996,0.231125299838675,0.333865627118357,0.198570078385351
2023-05-18,0.586034960738665,0.226957706828033,0.329381972753011,0.199772089886579
2023-05-19,0.586192385719568,0.232700320296522,0.332290068487555,0.203166549859096
2023-05-22,0.586409804458452,0.226585048188763,0.319606182842134,0.19580159446516
2023-05-23,0.586523606677652,0.231337984348821,0.322834648188015,0.199358139285425
2023-05-24,0.594893106312775,0.240517644353816,0.301190094835354,0.188018492645848
2023-05-25,0.605213777720232,0.258400825280721,0.298250544917061,0.192978531904113
2023-05-30,0.595792897274621,0.257718966084665,0.298608962205039,0.195322826724782
2023-05-31,0.582854929385477,0.270942537057009,0.309825882915322,0.179766808517421
2023-06-01,0.585303740163809,0.281213251748204,0.313346225456955,0.194898506393384
2023-06-05,0.584107708281001,0.279802382578604,0.312871704775378,0.196324386431281
2023-06-07,0.576981208659418,0.301964823935834,0.331663783489418,0.211578034401686
2023-06-08,0.561367405421861,0.310062803696889,0.32818370414718,0.220976029543771
2023-06-09,0.560131789041541,0.302731622042849,0.324720804573983,0.224195228771604
2023-06-12,0.559701514915284,0.309851540697378,0.331716238849499,0.224337398236095
2023-06-13,0.558779397544971,0.308589079583074,0.331531759903354,0.224428598206534
2023-06-14,0.558143167541087,0.307369043852754,0.331638987435634,0.224194697573681
2023-06-15,0.557720316538461,0.301452870611002,0.331889725704642,0.215429633590786
2023-06-16,0.564653735988925,0.297845405692002,0.320324808797214,0.231030231892919
2023-06-20,0.567086111399604,0.301009473293226,0.326687329614427,0.240015293848419
2023-06-21,0.5793015976198,0.311836799586715,0.341785075017851,0.273585113772889
2023-06-26,0.591720935216708,0.29415306695568,0.360630880463197,0.265651998276554
2023-06-27,0.605506601120913,0.33666802275795,0.35326160424811,0.300324478382827
2023-06-28,0.612460496800619,0.322937837585946,0.345745922498637,0.308652643969008
2023-06-30,0.610929071660724,0.316919421592266,0.343016017311193,0.308667147365151
2023-07-03,0.599475703106507,0.315549934498208,0.341657100277845,0.307394050176602
2023-07-05,0.609058142003843,0.332941097264518,0.369540155707753,0.302274103525188
2023-07-06,0.61053937818726,0.33934580539781,0.376713044906294,0.311495629507818
2023-07-07,0.608244596150457,0.345684343848012,0.381912941599709,0.320218642321322
2023-07-10,0.607736039917634,0.347088316049687,0.381977409594986,0.322053532728512
2023-07-11,0.606675234814674,0.343550594912895,0.379222997383362,0.32281268757749
2023-07-12,0.607334699982003,0.34129829889827,0.38503979949226,0.327013291909704
2023-07-13,0.589357279043088,0.34736956727398,0.373078410013195,0.315646170792708
2023-07-14,0.603276203246713,0.363308271639552,0.379832381723459,0.356695569476627
2023-07-18,0.60175653349046,0.362025736952909,0.372005055261829,0.355825249955717
2023-07-19,0.612741529565234,0.349447277565887,0.383277546928047,0.344847840845234
2023-07-20,0.610875576393148,0.345670755191053,0.382189356793829,0.342797866127074
2023-07-21,0.605294477487437,0.358144971015477,0.383882774152167,0.340533016185524
2023-07-24,0.601944172673847,0.356914553651302,0.381765061182595,0.339883672161383
2023-07-25,0.59343196782997,0.350039782971167,0.37649027502911,0.339962953986945
2023-07-26,0.63192606719076,0.326731327707428,0.368652948829162,0.355371349969824
2023-07-27,0.630550303219423,0.326338833358851,0.364407986800709,0.348980766607778
2023-07-28,0.622873661087421,0.322312385508744,0.361252322964707,0.337554183190061
2023-07-31,0.622974249540353,0.295921700220064,0.353816604572642,0.364430872616298
2023-08-01,0.622527563642812,0.30026452548977,0.356845272005256,0.363507980311994
2023-08-02,0.620725121996066,0.29787513551628,0.349537643031686,0.36277330549424
2023-08-03,0.626627661681486,0.318645510800505,0.36661724173692,0.379297819257891
2023-08-04,0.61964038751247,0.299007033506912,0.359955372635487,0.367063835012663
2023-08-07,0.618429818671883,0.298680476624108,0.358494551804256,0.363508572413678
2023-08-08,0.614894911319613,0.296244475698274,0.364162503798364,0.353072626914718
2023-08-10,0.611429410429958,0.294301862005426,0.36438873552093,0.351626539075931
2023-08-14,0.608678500680768,0.293061950447098,0.355529407723068,0.349231212738226
2023-08-16,0.630933232693576,0.327148410847733,0.385409002619193,0.438095620200604
2023-08-17,0.63518403788572,0.335138717813024,0.397590241746717,0.445121783980083
2023-08-18,0.632350741332862,0.330278371411695,0.394034771167551,0.438065512038016
2023-08-21,0.638216876912326,0.335757327098514,0.398781228864139,0.443439803834379
2023-08-22,0.644678698725274,0.324742503239401,0.389822789489842,0.448507073394996
2023-08-23,0.644866796280768,0.331851232795192,0.389574425976256,0.446174954325799
2023-08-24,0.630184084657406,0.316938201759754,0.392625224264617,0.427294389246229
2023-08-25,0.622267985112747,0.315884845333986,0.387683920555105,0.425879811361364
2023-08-28,0.621652204701954,0.323299810500388,0.391387999494553,0.419830239802368
2023-08-29,0.614095808320966,0.339157509163356,0.400786133612836,0.427341486232908
2023-08-30,0.621659850714549,0.336169284580728,0.400860318974557,0.426779149538765
2023-08-31,0.620013442387411,0.335305783814335,0.39925647484865,0.425028896469104
