Date,STI,Hang_Seng,KOSPI,Nikkei_225,Shanghai_Composite,SP500
2003-01-06,1331.62,9665.96,666.71,8713.33,1334.68,929.01
2003-01-07,1318.74,9652.4,652.2,8656.5,1332.06,922.93
2003-01-08,1332.32,9688.21,651.72,8517.8,1372.07,909.93
2003-01-09,1335.09,9675.41,630.4,8497.93,1397.38,927.57
2003-01-10,1347.17,9721.5,628.36,8470.45,1384.86,927.57
2003-01-14,1401.37,9796.31,650.05,8553.06,1466.85,931.66
2003-01-15,1386.62,9873.49,648.29,8611.75,1459.92,918.22
2003-01-16,1379.52,9743.23,648.69,8609.17,1485.62,914.6
2003-01-17,1366.83,9614.59,636.46,8690.25,1478.68,901.78
2003-01-21,1365.32,9568.47,632.86,8708.58,1454.89,887.62
2003-01-22,1369.13,9560.29,622.49,8611.04,1460.53,878.36
2003-01-23,1364.41,9584.7,625.18,8790.92,1450.62,887.34
2003-01-24,1358.04,9460.6,609.43,8731.65,1479.07,861.4
2003-01-27,1331.25,9298.67,593.09,8609.47,1496.16,847.48
2003-01-28,1339.69,9325.6,600.56,8525.39,1500.64,858.54
2003-01-29,1302.85,9240.79,583.35,8331.08,1499.81,864.36
2003-02-10,1282.73,9232.14,577.25,8484.93,1480.17,835.97
2003-02-13,1268.33,9173.43,575.67,8599.66,1504.34,817.37
2003-02-14,1273.48,9201.76,575.24,8701.92,1510.95,834.89
2003-02-18,1293.81,9397.05,603.45,8692.97,1496.47,851.17
2003-02-19,1315.53,9427.63,600.83,8678.44,1510.8,845.13
2003-02-20,1312.41,9390.48,605.51,8650.92,1509.49,837.1
2003-02-21,1315.03,9250.86,603.6,8513.54,1478.87,848.17
2003-02-24,1306.79,9239.47,616.29,8564.95,1481.94,832.58
2003-02-25,1290.44,9148.48,592.25,8360.49,1511.28,838.57
2003-02-26,1287.14,9116.28,590.26,8356.81,1513.18,827.55
2003-02-27,1271.25,9134.24,582.46,8359.38,1513.7,837.28
2003-02-28,1273.85,9122.66,575.43,8363.04,1511.93,841.15
2003-03-03,1279.2,9268.77,590.04,8490.4,1525.48,834.81
2003-03-04,1268.96,9181.89,576.58,8480.22,1524.3,821.99
2003-03-05,1265.5,9109.18,560.26,8472.62,1517.18,829.85
2003-03-06,1243.82,8962.26,555.33,8369.15,1498.34,822.1
2003-03-07,1226.15,8907.1,546.02,8144.12,1493.09,828.89
2003-03-10,1213.82,8861.87,544.24,8042.26,1468.92,807.48
2003-03-12,1233.68,8874.99,531.81,7943.04,1475.01,804.19
2003-03-13,1231.77,8787.45,531.78,7868.56,1464.65,831.9
2003-03-14,1250.88,8956.17,537.65,8002.69,1466.04,833.27
2003-03-17,1234.42,8804.16,515.24,7871.64,1469.27,862.79
2003-03-18,1274.12,9041.51,537.31,7954.46,1459.89,866.45
2003-03-19,1285.01,9158.59,541.78,8051.04,1469.96,874.02
2003-03-20,1308.17,9194.56,568.46,8195.05,1464.54,875.67
2003-03-24,1299.56,9108.45,569.85,8435.07,1477.77,864.23
2003-03-25,1311.32,9062.15,554.98,8238.76,1462.4,874.74
2003-03-26,1325.0,9047.09,554.79,8351.92,1456.27,869.95
2003-03-27,1313.65,8872.32,549.26,8368.67,1499.35,868.52
2003-03-28,1318.43,8863.36,556.33,8280.16,1491.94,863.5
2003-03-31,1267.82,8634.45,535.7,7972.71,1510.58,848.18
2003-04-01,1282.58,8596.89,538.56,7986.72,1522.55,858.48
2003-04-02,1299.77,8706.19,542.92,8069.85,1521.32,880.9
2003-04-03,1302.54,8648.16,545.24,8017.75,1511.73,876.45
2003-04-04,1313.73,8822.45,558.01,8074.12,1521.13,878.85
2003-04-07,1338.83,8962.21,585.9,8249.98,1515.13,879.93
2003-04-08,1318.12,8806.66,587.32,8131.41,1520.55,878.29
2003-04-09,1292.85,8636.85,569.47,8057.61,1543.67,865.99
2003-04-10,1295.91,8625.72,577.73,7980.12,1551.18,871.58
2003-04-11,1301.02,8645.65,582.97,7816.49,1576.86,868.3
2003-04-14,1282.87,8533.55,594.4,7752.1,1616.07,885.23
2003-04-15,1291.83,8632.1,604.99,7838.83,1631.47,890.81
2003-04-16,1292.35,8675.14,621.34,7879.49,1606.24,879.91
2003-04-17,1282.51,8579.14,612.72,7821.9,1613.6,893.58
2003-04-22,1274.37,8571.91,603.32,7790.46,1568.69,911.37
2003-04-23,1266.08,8519.6,598.09,7793.38,1541.96,919.02
2003-04-24,1243.01,8442.11,588.35,7854.57,1503.59,911.43
2003-04-25,1229.14,8409.01,566.63,7699.5,1487.15,898.81
2003-04-28,1241.04,8435.04,569.02,7607.88,1537.69,914.84
2003-04-30,1281.33,8717.22,599.35,7831.42,1521.44,916.92
2003-05-12,1327.42,9155.57,631.04,8221.12,1531.87,945.11
2003-05-13,1323.16,9119.04,614.07,8190.26,1485.31,942.3
2003-05-14,1311.0,9103.69,609.97,8244.91,1522.92,939.28
2003-05-16,1304.91,9093.18,610.81,8117.29,1554.45,944.3
2003-05-19,1292.89,9087.37,596.36,8039.13,1555.45,920.77
2003-05-20,1299.23,9050.4,602.08,8059.48,1535.52,919.73
2003-05-21,1290.73,9059.8,600.57,8018.51,1533.48,923.42
2003-05-22,1305.7,9131.49,595.38,8051.66,1546.11,931.87
2003-05-23,1318.14,9303.73,611.51,8184.76,1560.95,933.22
2003-05-27,1325.3,9420.81,614.3,8120.24,1568.34,951.48
2003-05-28,1338.6,9510.62,628.36,8234.18,1551.81,953.22
2003-05-29,1344.3,9508.55,632.43,8375.36,1568.16,949.64
2003-05-30,1349.0,9487.38,633.42,8424.51,1576.26,963.59
2003-06-02,1380.72,9637.53,648.71,8547.17,1576.53,967.0
2003-06-03,1378.39,9662.82,636.94,8564.49,1562.24,971.56
2003-06-05,1427.61,9639.01,642.38,8657.23,1556.25,990.14
2003-06-09,1443.73,9733.51,650.35,8822.73,1530.21,975.93
2003-06-10,1440.92,9703.72,649.75,8789.09,1538.76,984.84
2003-06-11,1448.79,9662.06,651.29,8890.3,1565.84,997.48
2003-06-12,1479.41,9736.84,657.95,8918.6,1562.11,998.51
2003-06-13,1479.3,9855.64,665.24,8980.64,1566.77,988.61
2003-06-16,1465.16,9862.28,657.82,8839.83,1559.7,1010.74
2003-06-17,1493.69,10030.37,674.66,9033.0,1557.18,1011.66
2003-06-18,1486.7,9970.3,675.75,9092.97,1553.88,1010.09
2003-06-19,1521.15,9980.11,690.49,9110.51,1538.75,994.7
2003-06-20,1519.16,9930.31,686.22,9120.39,1529.47,995.69
2003-06-23,1491.79,9734.29,674.59,9137.14,1511.36,981.64
2003-06-24,1464.21,9629.35,664.01,8919.26,1512.43,983.45
2003-06-25,1462.57,9628.99,674.03,8932.26,1502.08,975.32
2003-06-26,1458.02,9606.11,675.75,8923.41,1515.38,985.82
2003-06-27,1477.73,9657.21,677.28,9104.06,1497.05,976.22
2003-06-30,1447.89,9577.12,669.93,9083.11,1486.02,974.5
2003-07-02,1477.17,9602.62,685.8,9592.24,1499.68,993.75
2003-07-03,1482.93,9646.1,686.83,9624.8,1504.44,985.7
2003-07-07,1516.09,9892.4,704.29,9795.16,1501.48,1004.42
2003-07-08,1518.95,9992.87,708.34,9898.72,1512.02,1007.84
2003-07-09,1523.15,10027.41,705.5,9990.95,1503.31,1002.21
2003-07-10,1519.76,9983.31,700.51,9955.62,1531.93,988.7
2003-07-11,1544.84,9911.5,704.15,9635.35,1528.85,998.14
2003-07-14,1574.46,10122.4,720.1,9755.63,1521.41,1003.86
2003-07-15,1588.67,10135.55,713.45,9751.0,1525.44,1000.42
2003-07-16,1595.92,10207.17,716.48,9735.97,1529.49,994.09
2003-07-18,1580.96,10140.84,699.35,9527.73,1507.16,993.32
2003-07-22,1550.51,10008.71,699.7,9485.97,1498.48,988.11
2003-07-23,1556.82,9900.56,695.74,9615.34,1502.15,988.61
2003-07-24,1549.25,9923.14,702.94,9671.0,1493.45,981.6
2003-07-25,1566.93,9939.2,705.09,9648.01,1477.65,998.68
2003-07-28,1587.16,10134.88,717.8,9839.91,1470.39,996.52
2003-07-29,1580.88,10198.6,722.33,9834.31,1477.3,989.28
2003-07-30,1578.19,10121.22,714.15,9632.66,1479.65,987.49
2003-07-31,1558.87,10134.83,713.52,9563.21,1476.74,990.31
2003-08-01,1557.08,10248.6,727.26,9611.67,1476.97,980.15
2003-08-04,1537.28,10183.14,718.54,9452.79,1494.36,982.82
2003-08-05,1508.69,10177.38,721.84,9382.58,1494.31,965.46
2003-08-06,1510.18,9987.54,707.88,9323.91,1486.25,967.08
2003-08-07,1533.61,9958.05,709.81,9265.56,1487.37,974.12
2003-08-08,1534.54,9945.22,704.14,9327.53,1471.27,977.59
2003-08-11,1553.59,10093.54,704.58,9487.8,1474.41,980.59
2003-08-12,1563.63,10184.17,701.3,9564.81,1479.28,990.35
2003-08-13,1591.48,10301.47,713.08,9752.75,1465.83,984.03
2003-08-14,1598.97,10374.02,727.01,9913.47,1455.9,990.51
2003-08-18,1622.24,10525.04,730.1,10032.97,1445.09,999.74
2003-08-19,1615.28,10509.29,740.13,10174.1,1449.71,1002.35
2003-08-20,1611.97,10475.33,737.2,10292.06,1441.66,1000.3
2003-08-21,1635.34,10643.63,754.34,10362.69,1441.09,1003.27
2003-08-22,1640.19,10760.73,754.72,10281.17,1438.88,993.06
2003-08-25,1630.39,10764.22,756.73,10276.64,1422.18,993.71
2003-08-26,1600.02,10753.93,753.0,10332.57,1425.21,996.73
2003-08-27,1594.52,10678.55,758.98,10308.99,1425.36,996.79
2003-08-28,1593.58,10760.12,752.81,10225.22,1415.69,1002.84
2003-08-29,1599.25,10908.99,759.47,10343.55,1421.98,1008.01
2003-09-02,1596.36,10939.94,766.5,10690.08,1446.51,1021.99
2003-09-03,1605.0,11102.36,766.32,10715.69,1447.85,1026.27
2003-09-04,1610.23,11138.62,764.15,10646.95,1447.43,1027.97
2003-09-05,1617.84,11170.61,761.55,10650.77,1431.53,1021.39
2003-09-08,1622.28,11165.28,760.25,10683.76,1425.73,1031.64
2003-09-09,1580.14,11046.82,767.46,10922.04,1420.07,1023.17
2003-09-16,1584.48,11071.38,763.63,10887.03,1406.1,1029.32
2003-09-17,1602.75,11140.05,766.59,10990.11,1389.82,1025.97
2003-09-18,1601.23,11069.22,758.18,11033.32,1390.48,1039.58
2003-09-19,1589.86,10968.42,748.25,10938.42,1391.37,1036.3
2003-09-22,1586.63,10873.27,714.89,10475.1,1381.44,1022.82
2003-09-24,1634.03,11295.89,724.7,10502.29,1394.23,1009.38
2003-09-25,1629.82,11286.52,713.52,10310.04,1376.29,1003.27
2003-09-26,1627.54,11290.15,697.4,10318.44,1370.84,996.85
2003-09-29,1628.71,11141.28,696.06,10229.57,1355.33,1006.58
2003-09-30,1630.8,11229.87,697.52,10219.05,1367.16,995.97
2003-10-08,1733.91,11720.8,722.76,10542.2,1371.69,1033.78
2003-10-09,1738.12,11800.37,736.16,10531.44,1369.17,1038.73
2003-10-10,1746.04,11935.83,757.89,10786.04,1404.01,1038.06
2003-10-14,1730.73,11856.02,766.52,10966.43,1388.17,1049.48
2003-10-15,1748.96,12056.18,764.23,10899.95,1383.1,1046.76
2003-10-16,1754.19,12027.57,776.97,11025.15,1365.51,1050.07
2003-10-17,1772.18,12044.49,767.75,11037.89,1370.58,1039.32
2003-10-20,1780.24,12147.89,776.44,11161.71,1359.5,1044.68
2003-10-21,1792.86,12250.69,779.89,11031.52,1364.3,1046.03
2003-10-22,1771.26,12238.63,779.28,10889.62,1398.01,1030.36
2003-10-23,1732.96,11737.18,754.14,10335.16,1386.65,1033.77
2003-10-27,1712.62,11749.72,761.61,10454.12,1369.46,1031.13
2003-10-28,1736.1,12091.88,775.36,10561.01,1369.32,1046.79
2003-10-29,1722.29,12130.51,779.66,10739.22,1361.49,1048.11
2003-10-30,1715.3,12143.35,785.94,10695.56,1344.63,1046.94
2003-10-31,1723.71,12190.1,782.36,10559.59,1348.3,1050.71
2003-11-04,1793.51,12440.72,796.06,10847.97,1389.55,1053.25
2003-11-05,1777.25,12438.92,805.51,10837.54,1385.11,1051.81
2003-11-06,1763.13,12150.09,790.04,10552.3,1356.79,1058.05
2003-11-07,1769.09,12215.17,804.05,10628.98,1335.2,1053.21
2003-11-10,1742.33,12156.68,796.56,10504.54,1340.1,1047.11
2003-11-11,1698.95,12003.62,787.77,10207.04,1343.62,1046.57
2003-11-12,1717.36,11971.48,796.31,10226.22,1317.79,1058.53
2003-11-13,1746.74,12227.57,813.11,10337.67,1319.61,1058.41
2003-11-14,1736.72,12203.53,809.89,10167.06,1331.05,1050.35
2003-11-17,1698.12,11997.02,794.47,9786.83,1328.1,1043.63
2003-11-18,1708.38,12027.26,800.97,9897.05,1316.56,1034.15
2003-11-19,1677.35,11872.99,771.7,9614.6,1338.87,1042.44
2003-11-20,1662.43,11845.41,769.45,9865.7,1376.51,1033.65
2003-11-21,1657.25,11839.8,770.78,9852.83,1361.56,1035.28
2003-11-26,1688.41,12086.67,782.65,10144.83,1411.91,1058.45
2003-11-28,1714.0,12317.47,796.18,10100.57,1397.22,1058.2
2003-12-01,1737.75,12456.99,807.39,10403.27,1432.7,1070.12
2003-12-02,1728.96,12412.23,807.78,10410.15,1435.31,1066.62
2003-12-03,1737.46,12361.18,808.34,10326.39,1445.03,1064.73
2003-12-04,1732.01,12342.65,805.13,10429.99,1452.81,1069.72
2003-12-05,1733.0,12314.73,789.41,10373.46,1451.12,1061.5
2003-12-08,1719.33,12177.44,784.8,10045.34,1436.66,1069.3
2003-12-09,1711.36,12393.64,787.35,10124.28,1443.37,1060.18
2003-12-10,1711.15,12398.38,794.64,9910.56,1469.42,1059.05
2003-12-11,1720.19,12554.58,791.13,10075.14,1470.02,1071.21
2003-12-12,1727.73,12594.42,806.08,10169.66,1470.79,1074.14
2003-12-15,1743.17,12520.17,822.16,10490.77,1470.36,1068.04
2003-12-16,1729.04,12260.33,810.79,10271.6,1466.34,1075.13
2003-12-17,1723.57,12193.12,800.09,10092.64,1453.99,1076.48
2003-12-18,1715.63,12240.25,807.5,10104.0,1457.3,1089.18
2003-12-19,1710.81,12371.75,811.2,10284.54,1446.29,1088.66
2003-12-22,1722.49,12487.99,804.54,10372.51,1492.96,1092.94
2003-12-24,1725.87,12456.7,792.55,10371.27,1513.82,1094.04
2003-12-29,1741.01,12464.29,792.44,10500.62,1496.43,1109.48
2003-12-30,1763.87,12526.74,810.71,10676.64,1511.69,1109.64
2004-01-05,1828.66,13005.33,824.1,10825.17,1568.35,1122.22
2004-01-06,1828.72,13036.32,823.43,10813.99,1574.52,1123.67
2004-01-07,1835.96,13157.68,827.07,10757.82,1587.2,1126.33
2004-01-08,1841.68,13203.59,824.15,10837.65,1610.13,1131.92
2004-01-09,1852.53,13385.8,845.27,10965.05,1581.47,1121.86
2004-01-13,1861.56,13396.65,848.43,10849.68,1612.68,1121.22
2004-01-14,1860.53,13320.88,849.62,10863.0,1592.42,1130.52
2004-01-15,1829.98,13249.81,845.66,10665.15,1586.49,1132.05
2004-01-16,1836.87,13167.76,847.95,10857.2,1600.43,1139.83
2004-01-29,1842.32,13334.01,853.47,10779.44,1628.84,1134.11
2004-01-30,1848.36,13289.37,848.5,10783.61,1590.73,1131.13
2004-02-03,1845.13,13090.01,839.87,10641.92,1649.28,1136.03
2004-02-04,1834.64,13086.73,835.5,10447.25,1685.16,1126.52
2004-02-05,1828.66,13030.94,840.92,10464.6,1693.43,1128.59
2004-02-06,1854.41,13309.6,850.23,10460.92,1679.19,1142.76
2004-02-09,1888.2,13576.68,864.77,10402.61,1703.53,1139.81
2004-02-10,1872.68,13515.66,866.8,10365.4,1691.01,1145.54
2004-02-12,1862.94,13625.13,877.95,10459.26,1663.83,1152.11
2004-02-13,1864.07,13739.8,882.18,10557.69,1658.54,1145.81
2004-02-17,1893.47,13815.44,884.8,10701.13,1703.77,1156.99
2004-02-18,1888.51,13928.38,877.1,10676.81,1717.1,1151.82
2004-02-19,1889.96,13867.22,881.65,10753.8,1717.02,1147.06
2004-02-20,1891.78,13868.37,877.49,10720.69,1721.75,1144.11
2004-02-23,1884.53,13765.07,877.52,10868.96,1681.65,1140.99
2004-02-24,1878.41,13756.41,864.59,10644.13,1682.3,1139.09
2004-02-25,1868.28,13599.47,866.87,10658.73,1647.38,1143.67
2004-02-26,1888.7,13674.64,864.86,10815.29,1654.9,1144.91
2004-02-27,1888.63,13907.03,883.42,11041.92,1675.07,1144.94
2004-03-02,1892.93,13731.35,899.21,11361.51,1687.28,1149.1
2004-03-03,1880.58,13454.09,895.81,11351.92,1661.81,1151.03
2004-03-04,1893.01,13451.56,907.43,11401.79,1668.87,1154.87
2004-03-05,1891.54,13454.76,905.38,11537.29,1662.1,1156.86
2004-03-08,1888.35,13573.54,900.1,11502.86,1637.14,1147.2
2004-03-09,1885.2,13397.25,891.58,11532.04,1637.1,1140.58
2004-03-10,1875.02,13214.2,876.02,11433.24,1678.07,1123.89
2004-03-11,1847.78,13024.06,869.93,11297.04,1691.64,1106.78
2004-03-12,1835.08,12932.23,848.8,11162.75,1694.74,1120.57
2004-03-15,1838.23,12919.41,852.26,11317.9,1736.22,1104.49
2004-03-16,1826.32,12932.62,850.13,11242.29,1745.54,1110.7
2004-03-17,1833.57,12975.72,872.38,11436.86,1745.1,1123.75
2004-03-18,1835.18,12816.19,872.82,11484.28,1717.26,1122.32
2004-03-19,1839.12,12790.58,883.33,11418.51,1747.87,1109.78
2004-03-22,1812.16,12550.91,863.69,11318.51,1755.69,1095.4
2004-03-23,1818.41,12588.36,866.17,11281.09,1741.69,1093.95
2004-03-24,1835.29,12678.13,861.72,11364.99,1740.05,1091.33
2004-03-25,1830.4,12520.21,853.38,11530.91,1736.48,1109.19
2004-03-26,1827.11,12483.24,863.95,11770.65,1734.05,1108.06
2004-03-29,1835.54,12427.34,874.67,11718.24,1719.67,1122.47
2004-03-30,1844.54,12641.39,873.46,11693.68,1724.28,1127.0
2004-03-31,1858.92,12681.67,880.5,11715.39,1741.62,1126.21
2004-04-01,1870.7,12676.25,882.75,11683.42,1758.15,1132.17
2004-04-02,1880.45,12731.76,883.69,11815.95,1768.65,1141.81
2004-04-06,1881.67,12886.97,906.19,12079.7,1777.52,1148.16
2004-04-07,1884.43,12920.05,909.93,12019.62,1774.55,1140.53
2004-04-08,1901.92,12909.37,916.86,12092.59,1770.28,1139.32
2004-04-13,1895.51,13031.81,917.63,12127.82,1715.14,1129.44
2004-04-14,1869.67,12669.86,916.31,12098.18,1697.16,1128.17
2004-04-16,1853.99,12458.38,898.88,11824.56,1693.86,1134.61
2004-04-19,1844.71,12450.0,902.1,11764.21,1675.89,1135.82
2004-04-20,1850.42,12394.37,918.9,11952.26,1669.42,1118.15
2004-04-21,1848.41,12227.3,929.95,11944.3,1651.58,1124.09
2004-04-22,1863.71,12167.7,924.01,11980.1,1657.79,1139.93
2004-04-23,1867.64,12383.94,936.06,12120.66,1635.5,1140.6
2004-04-26,1849.38,12132.68,919.74,12163.89,1635.5,1135.53
2004-04-27,1853.58,12154.91,915.47,12044.88,1611.86,1138.11
2004-04-28,1847.76,12165.31,901.83,12004.29,1606.8,1122.41
2004-04-30,1842.03,11942.96,862.84,11761.79,1595.59,1107.3
2004-05-10,1791.78,11485.5,790.68,10884.7,1560.21,1087.12
2004-05-11,1803.39,11508.09,791.02,10907.18,1568.06,1095.45
2004-05-12,1802.17,11528.18,817.09,11153.58,1603.77,1097.28
2004-05-13,1778.59,11396.94,790.13,10825.1,1597.57,1096.44
2004-05-14,1754.96,11276.86,768.46,10849.63,1562.69,1095.7
2004-05-17,1700.33,10967.65,728.98,10505.05,1539.96,1084.1
2004-05-18,1722.8,11072.39,741.99,10711.09,1555.44,1091.49
2004-05-19,1765.26,11469.41,777.95,10967.74,1558.29,1088.68
2004-05-20,1741.57,11339.62,767.79,10862.04,1549.06,1089.19
2004-05-21,1767.23,11576.01,786.36,11070.25,1558.33,1093.56
2004-05-24,1779.79,11662.97,799.64,11101.64,1550.35,1095.41
2004-05-25,1766.42,11692.56,784.06,10962.93,1518.05,1113.05
2004-05-27,1778.55,11983.9,802.46,11166.03,1557.18,1121.28
2004-05-28,1787.18,12116.87,816.51,11309.57,1548.72,1120.68
2004-06-01,1791.97,12105.55,815.77,11296.76,1579.66,1121.2
2004-06-03,1780.88,11929.93,770.06,11027.05,1543.53,1116.64
2004-06-04,1791.7,12022.64,780.74,11128.05,1542.09,1122.5
2004-06-07,1818.0,12326.85,809.45,11439.92,1517.15,1140.42
2004-06-08,1820.14,12344.16,809.31,11521.93,1493.81,1142.18
2004-06-09,1820.12,12339.94,794.53,11449.74,1468.07,1131.33
2004-06-10,1828.79,12422.87,782.3,11575.97,1468.34,1136.47
2004-06-14,1814.06,12076.57,738.79,11491.66,1438.74,1125.29
2004-06-15,1820.5,12050.69,752.1,11387.7,1463.78,1132.01
2004-06-16,1831.31,12161.78,752.34,11641.72,1475.42,1133.56
2004-06-17,1814.15,12082.86,760.09,11607.9,1445.5,1132.05
2004-06-18,1791.62,11855.55,741.73,11382.08,1427.3,1135.02
2004-06-21,1787.15,11845.59,749.3,11600.16,1433.47,1130.3
2004-06-23,1794.65,11849.77,738.93,11580.56,1440.73,1144.06
2004-06-24,1799.48,12163.68,763.13,11744.15,1427.75,1140.65
2004-06-25,1805.54,12185.52,779.03,11780.4,1401.11,1134.43
2004-06-28,1816.42,12194.6,770.95,11884.06,1385.18,1133.35
2004-06-29,1830.24,12116.3,778.72,11860.81,1408.69,1136.2
2004-06-30,1838.0,12285.75,785.79,11858.87,1399.16,1140.84
2004-07-02,1839.33,12220.13,755.42,11721.49,1441.19,1125.38
2004-07-06,1874.57,12284.08,758.47,11475.27,1450.5,1116.21
2004-07-07,1873.75,12320.26,761.88,11384.86,1438.4,1118.33
2004-07-08,1860.5,12119.75,743.64,11322.23,1439.78,1109.11
2004-07-09,1862.03,12202.26,747.46,11423.53,1430.65,1112.81
2004-07-12,1870.89,12191.01,746.27,11582.28,1397.15,1114.35
2004-07-13,1878.15,12078.33,750.95,11608.62,1399.46,1115.14
2004-07-14,1870.9,11932.83,736.57,11356.65,1403.76,1111.47
2004-07-15,1867.56,11939.41,732.74,11409.14,1421.54,1106.69
2004-07-16,1871.47,12059.2,739.39,11436.0,1456.13,1101.39
2004-07-20,1865.26,12123.63,737.0,11258.37,1447.94,1108.67
2004-07-21,1873.17,12395.11,753.32,11433.86,1448.04,1093.88
2004-07-22,1862.97,12320.21,742.63,11285.04,1407.44,1096.84
2004-07-23,1850.26,12352.99,737.51,11187.33,1407.4,1086.2
2004-07-26,1855.98,12319.83,736.21,11159.55,1387.67,1084.07
2004-07-27,1869.08,12301.32,738.51,11031.54,1384.13,1094.83
2004-07-28,1875.25,12320.27,744.42,11204.37,1388.81,1095.42
2004-07-29,1892.11,12183.1,730.61,11116.84,1407.33,1100.43
2004-07-30,1891.71,12238.03,735.34,11325.78,1386.2,1101.72
2004-08-02,1887.41,12201.39,719.59,11222.24,1373.22,1106.62
2004-08-03,1911.8,12357.12,726.44,11140.57,1366.37,1099.69
2004-08-04,1903.85,12280.26,729.41,11010.02,1404.51,1098.63
2004-08-05,1935.7,12491.92,743.35,11060.89,1389.04,1080.7
2004-08-06,1922.75,12478.68,733.95,10972.57,1390.46,1063.97
2004-08-09,1922.75,12467.41,742.13,10908.7,1395.85,1065.22
2004-08-10,1901.41,12408.04,748.62,10953.55,1400.77,1079.04
2004-08-11,1896.19,12343.13,753.06,11049.46,1384.96,1075.79
2004-08-12,1888.18,12413.43,766.7,11028.07,1368.2,1063.23
2004-08-13,1872.88,12359.83,776.02,10757.2,1368.45,1064.8
2004-08-16,1877.6,12219.75,773.85,10687.81,1354.51,1079.34
2004-08-17,1880.52,12256.12,771.03,10725.97,1360.2,1081.71
2004-08-18,1890.68,12228.54,773.19,10774.26,1358.22,1095.17
2004-08-19,1907.05,12396.67,788.53,10903.53,1340.45,1091.23
2004-08-20,1894.93,12376.9,787.64,10889.14,1341.74,1098.35
2004-08-23,1901.23,12431.77,787.65,10960.97,1325.41,1095.68
2004-08-24,1905.4,12646.49,792.34,10985.33,1344.63,1096.19
2004-08-25,1917.09,12793.03,803.97,11130.02,1339.78,1104.96
2004-08-26,1919.1,12784.39,810.21,11129.33,1334.42,1105.09
2004-08-27,1915.9,12818.42,810.3,11209.59,1320.61,1107.77
2004-08-30,1905.45,12877.78,805.19,11184.53,1319.53,1099.15
2004-08-31,1918.34,12850.28,803.57,11081.79,1342.06,1104.24
2004-09-01,1929.48,13023.87,817.36,11127.35,1321.46,1105.91
2004-09-02,1940.86,12999.07,823.83,11152.75,1327.93,1118.31
2004-09-03,1936.55,12948.1,820.69,11022.49,1327.12,1113.63
2004-09-07,1961.47,13136.04,818.8,11298.94,1324.29,1121.3
2004-09-08,1959.13,13049.96,815.85,11279.19,1309.33,1116.27
2004-09-09,1965.28,12942.2,821.88,11170.96,1284.31,1118.38
2004-09-10,1967.7,13003.99,836.34,11083.23,1287.08,1123.92
2004-09-13,1985.79,13139.57,851.91,11253.11,1260.32,1125.82
2004-09-14,1994.13,13148.06,851.42,11295.58,1300.36,1128.33
2004-09-15,2003.99,13084.4,850.63,11158.58,1355.23,1120.37
2004-09-16,1997.12,13209.84,855.38,11139.36,1371.2,1123.5
2004-09-17,2003.56,13224.93,848.11,11082.49,1414.7,1128.55
2004-09-21,2001.87,13304.48,857.15,11080.87,1448.56,1129.3
2004-09-22,1993.55,13272.23,835.1,11019.41,1420.15,1113.56
2004-09-24,1973.46,13066.84,832.1,10895.16,1435.56,1110.11
2004-09-30,1984.74,13120.03,835.09,10823.57,1396.7,1114.58
2004-10-08,2004.3,13241.46,881.38,11349.35,1422.93,1122.14
2004-10-12,1971.04,13251.59,858.09,11201.81,1384.44,1121.84
2004-10-13,1971.15,13171.58,856.18,11195.99,1386.72,1113.65
2004-10-14,1951.47,13035.38,846.63,11034.29,1332.94,1103.29
2004-10-15,1962.54,13059.43,841.94,10982.95,1330.52,1108.2
2004-10-18,1950.55,13034.74,848.27,10965.62,1335.39,1114.02
2004-10-19,1970.23,13154.55,855.77,11064.86,1337.62,1103.23
2004-10-20,1953.0,12999.13,828.61,10882.18,1330.58,1103.66
2004-10-21,1969.18,13015.2,820.63,10789.23,1310.55,1106.49
2004-10-25,1953.44,12818.1,808.14,10659.15,1311.15,1094.8
2004-10-26,1957.41,12852.35,813.7,10672.46,1324.78,1111.09
2004-10-27,1959.05,12838.71,809.91,10691.95,1342.8,1125.4
2004-10-28,1988.05,13113.15,833.54,10853.12,1341.74,1127.44
2004-10-29,1980.69,13054.66,834.84,10771.42,1320.54,1130.2
2004-11-01,1978.79,13094.25,835.66,10734.71,1305.29,1130.51
2004-11-02,1995.38,13308.74,846.67,10887.81,1301.53,1130.56
2004-11-04,2010.65,13369.09,851.2,10946.27,1304.78,1161.67
2004-11-05,2015.77,13494.95,860.68,11061.77,1305.13,1166.17
2004-11-08,2009.96,13561.49,846.11,10983.83,1304.23,1164.89
2004-11-09,2011.51,13516.67,844.15,10964.87,1307.43,1164.08
2004-11-10,2022.99,13672.37,860.54,10994.96,1354.39,1162.91
2004-11-12,2038.46,13784.46,876.67,11019.98,1352.22,1184.17
2004-11-16,2036.42,13746.08,876.61,11161.75,1370.39,1175.43
2004-11-17,2046.4,13824.98,885.42,11131.29,1356.14,1181.94
2004-11-18,2032.62,13799.82,875.84,11082.42,1367.83,1183.55
2004-11-19,2038.21,13787.68,867.03,11082.84,1379.96,1170.34
2004-11-22,2020.14,13800.6,849.99,10849.39,1383.02,1177.24
2004-11-24,2040.19,13997.02,872.56,10872.33,1359.12,1181.76
2004-11-26,2028.43,13895.03,858.12,10833.75,1356.73,1182.65
2004-11-29,2038.72,14066.91,865.4,10977.89,1337.43,1178.57
2004-11-30,2027.66,14060.05,878.06,10899.25,1340.77,1173.82
2004-12-01,2038.84,14162.8,876.8,10784.25,1334.94,1191.37
2004-12-02,2062.76,14261.79,884.1,10973.07,1333.09,1190.33
2004-12-03,2061.58,14211.84,882.55,11074.89,1337.2,1191.17
2004-12-06,2032.38,14256.86,870.75,10981.96,1339.64,1190.25
2004-12-07,2016.26,14235.78,861.07,10873.63,1323.75,1177.07
2004-12-08,2020.66,14022.32,871.74,10941.37,1326.44,1182.81
2004-12-09,1999.14,14008.82,861.31,10776.63,1338.81,1189.24
2004-12-10,2016.33,13901.81,844.85,10756.8,1317.72,1188.0
2004-12-13,2017.29,13886.16,844.2,10789.25,1309.69,1198.68
2004-12-14,2031.29,14043.52,849.4,10915.58,1307.55,1203.38
2004-12-15,2048.79,14078.54,868.84,10956.46,1313.05,1205.72
2004-12-16,2034.3,14024.63,873.7,10924.37,1305.02,1203.21
2004-12-17,2057.98,13992.44,875.13,11078.32,1290.49,1194.2
2004-12-20,2056.24,14214.04,884.31,11103.42,1275.46,1194.65
2004-12-21,2063.59,14180.79,882.82,11125.92,1275.17,1205.45
2004-12-22,2055.77,14151.08,883.38,11209.44,1307.57,1209.57
2004-12-28,2058.12,14196.95,878.43,11424.13,1278.94,1213.54
2004-12-29,2057.82,14266.38,884.27,11381.56,1274.31,1213.45
2004-12-30,2061.56,14163.55,895.92,11488.76,1273.71,1213.55
2005-01-04,2068.49,14045.9,886.9,11517.75,1242.77,1188.05
2005-01-05,2071.04,13764.36,885.19,11437.52,1251.94,1183.74
2005-01-06,2089.82,13712.04,871.28,11492.26,1239.43,1187.89
2005-01-07,2085.58,13574.86,870.84,11433.24,1244.75,1186.19
2005-01-11,2092.21,13509.25,884.29,11539.99,1257.46,1182.99
2005-01-12,2079.8,13565.31,880.03,11453.39,1256.92,1187.7
2005-01-13,2082.34,13573.28,885.54,11358.22,1256.31,1177.45
2005-01-14,2076.13,13494.78,905.1,11438.39,1245.62,1184.52
2005-01-18,2084.19,13604.22,920.57,11423.26,1225.45,1195.98
2005-01-19,2097.39,13678.63,916.27,11405.34,1218.11,1184.63
2005-01-20,2085.39,13543.59,909.37,11284.77,1204.39,1175.41
2005-01-24,2074.24,13386.99,923.11,11289.49,1255.78,1163.75
2005-01-25,2065.71,13584.06,915.1,11276.91,1254.23,1168.41
2005-01-26,2086.93,13623.68,927.0,11376.57,1241.96,1174.07
2005-01-27,2073.12,13628.91,924.87,11341.31,1225.89,1174.55
2005-01-28,2089.51,13650.06,921.59,11320.58,1213.67,1171.36
2005-01-31,2096.32,13721.69,932.7,11387.59,1191.82,1181.27
2005-02-01,2094.65,13578.26,923.69,11384.4,1188.93,1189.41
2005-02-02,2108.69,13555.8,921.44,11407.14,1252.5,1193.19
2005-02-03,2108.16,13515.33,928.79,11389.35,1242.31,1189.89
2005-02-04,2113.58,13585.17,933.55,11360.4,1269.0,1203.03
2005-02-16,2155.1,14015.49,971.56,11601.68,1278.88,1210.34
2005-02-17,2164.2,13967.82,972.56,11582.72,1276.13,1200.75
2005-02-18,2168.86,14087.87,984.1,11660.12,1258.97,1201.59
2005-02-22,2146.73,14090.52,977.8,11597.71,1309.28,1184.16
2005-02-23,2136.42,13957.94,968.43,11500.18,1309.47,1190.8
2005-02-24,2152.59,14060.91,987.1,11531.15,1309.95,1200.2
2005-02-25,2135.08,14157.09,996.95,11658.25,1312.44,1211.37
2005-02-28,2119.4,14195.35,1011.36,11740.6,1306.0,1203.6
2005-03-02,2144.36,13850.78,1007.48,11813.71,1287.45,1210.08
2005-03-03,2147.53,13892.37,1010.92,11856.46,1294.34,1210.47
2005-03-04,2154.55,13730.78,1012.96,11873.05,1287.71,1222.12
2005-03-07,2166.12,13771.95,1007.5,11925.36,1293.74,1225.31
2005-03-08,2160.63,13881.71,1000.28,11886.91,1318.27,1219.43
2005-03-09,2184.29,13941.47,1008.79,11966.69,1316.79,1207.01
2005-03-10,2170.2,13856.02,998.66,11864.91,1286.23,1209.25
2005-03-11,2169.41,13890.93,1022.79,11923.89,1289.94,1200.08
2005-03-14,2168.97,13906.85,1019.69,11850.25,1293.5,1206.83
2005-03-15,2163.93,13816.75,993.13,11821.09,1269.14,1197.75
2005-03-16,2169.64,13832.52,993.13,11873.18,1255.59,1188.07
2005-03-17,2159.89,13817.99,980.05,11775.5,1243.47,1190.21
2005-03-18,2174.49,13828.37,979.72,11879.81,1227.4,1189.65
2005-03-22,2176.41,13776.47,980.41,11841.97,1206.92,1171.71
2005-03-23,2145.1,13603.61,966.81,11739.12,1201.65,1172.53
2005-03-24,2151.45,13597.1,956.33,11745.97,1208.19,1171.42
2005-03-29,2127.71,13411.88,958.96,11599.82,1195.02,1165.36
2005-03-30,2123.16,13425.75,955.45,11565.88,1172.57,1181.41
2005-03-31,2141.43,13516.88,965.68,11668.95,1181.24,1180.59
2005-04-01,2143.75,13491.35,981.9,11723.63,1223.57,1172.92
2005-04-04,2157.8,13513.41,982.5,11667.54,1202.97,1176.12
2005-04-06,2165.78,13562.26,988.0,11827.16,1214.87,1184.07
2005-04-07,2176.39,13602.35,988.9,11810.99,1225.49,1191.14
2005-04-08,2181.94,13666.72,992.17,11874.75,1248.52,1181.2
2005-04-11,2181.58,13659.93,985.94,11745.64,1240.97,1181.21
2005-04-12,2173.56,13658.05,981.79,11670.3,1219.51,1187.76
2005-04-13,2174.09,13799.62,981.31,11637.52,1248.2,1173.79
2005-04-14,2168.59,13772.4,953.92,11563.17,1234.33,1162.05
2005-04-15,2150.23,13638.75,947.22,11370.69,1216.96,1142.62
2005-04-18,2107.67,13355.23,925.0,10938.44,1197.73,1145.98
2005-04-19,2128.71,13444.09,932.45,11065.86,1199.9,1152.78
2005-04-20,2129.25,13501.63,937.36,11088.58,1184.19,1137.5
2005-04-21,2137.73,13597.31,939.14,10984.39,1172.56,1159.95
2005-04-22,2136.91,13693.55,940.79,11045.95,1169.19,1152.12
2005-04-25,2137.39,13750.23,946.17,11073.77,1157.97,1162.1
2005-04-26,2149.64,13859.58,944.46,11035.83,1165.33,1151.83
2005-04-27,2145.34,13839.64,930.16,11005.42,1148.76,1156.38
2005-04-28,2140.24,13909.42,917.73,11008.9,1169.12,1143.22
2005-05-09,2166.29,14085.09,935.2,11171.32,1130.83,1178.84
2005-05-10,2165.85,14018.38,934.28,11159.46,1135.56,1166.22
2005-05-11,2173.14,13939.8,923.38,11120.7,1124.27,1171.11
2005-05-12,2181.19,13968.28,921.21,11077.94,1103.99,1159.36
2005-05-13,2171.67,13866.81,923.19,11049.11,1107.63,1154.05
2005-05-17,2154.37,13667.03,927.16,10825.39,1099.64,1173.8
2005-05-18,2153.65,13627.01,930.36,10835.41,1102.96,1185.56
2005-05-19,2167.27,13698.93,952.09,11077.16,1103.47,1191.08
2005-05-20,2173.77,13717.42,952.19,11037.29,1099.27,1189.28
2005-05-24,2175.2,13719.32,951.61,11133.65,1073.85,1194.07
2005-05-25,2160.47,13562.06,941.3,11014.43,1072.14,1190.01
2005-05-26,2152.56,13569.99,943.91,11027.94,1058.87,1197.62
2005-05-27,2154.7,13714.78,960.91,11192.33,1051.95,1198.78
2005-05-31,2161.77,13867.07,970.21,11276.59,1060.74,1191.5
2005-06-01,2176.93,13873.07,969.51,11329.67,1039.19,1202.22
2005-06-02,2191.55,13814.58,970.88,11280.05,1016.06,1204.29
2005-06-03,2192.67,13818.45,976.09,11300.05,1013.64,1196.02
2005-06-07,2206.84,13837.29,970.88,11217.45,1030.94,1197.26
2005-06-08,2198.29,13898.55,976.22,11281.03,1115.58,1194.67
2005-06-09,2198.56,13898.31,987.58,11160.88,1131.05,1200.93
2005-06-10,2220.43,13934.76,990.79,11304.23,1108.29,1198.11
2005-06-13,2218.86,13952.02,990.49,11311.51,1106.29,1200.82
2005-06-14,2202.19,13904.81,983.75,11335.92,1093.46,1203.91
2005-06-15,2201.91,13914.3,1001.94,11415.88,1072.84,1206.58
2005-06-16,2202.74,13833.53,1003.14,11416.38,1086.01,1210.96
2005-06-17,2209.15,13912.03,1003.68,11514.03,1085.61,1216.96
2005-06-20,2197.38,13945.77,994.65,11483.35,1115.62,1216.1
2005-06-21,2196.64,13979.35,989.99,11488.74,1101.49,1213.61
2005-06-22,2206.34,14161.02,1002.15,11547.28,1102.03,1213.88
2005-06-23,2223.45,14190.44,1010.8,11576.75,1093.7,1200.73
2005-06-24,2223.72,14230.29,1002.43,11537.03,1101.88,1191.57
2005-06-27,2206.71,14176.04,991.11,11414.28,1124.64,1190.69
2005-06-28,2197.61,14287.44,994.74,11513.83,1108.59,1201.57
2005-06-29,2202.27,14277.28,999.08,11577.44,1104.99,1199.85
2005-06-30,2212.66,14201.06,1008.16,11584.01,1080.94,1191.33
2005-07-05,2222.61,14124.8,1018.81,11616.7,1039.04,1204.99
2005-07-06,2234.13,14149.93,1019.01,11603.53,1033.55,1194.94
2005-07-07,2212.34,14030.81,1026.82,11590.14,1038.6,1197.87
2005-07-08,2215.99,13964.47,1021.95,11565.99,1017.98,1211.86
2005-07-11,2241.19,14157.24,1040.43,11674.79,1011.5,1219.44
2005-07-12,2235.59,14146.95,1043.88,11692.14,1046.16,1222.21
2005-07-13,2239.01,14307.3,1050.16,11659.84,1037.39,1223.29
2005-07-14,2250.16,14491.54,1061.93,11764.26,1040.42,1226.5
2005-07-15,2250.29,14504.29,1059.6,11758.68,1026.11,1227.92
2005-07-19,2292.92,14567.74,1075.48,11764.84,1014.35,1229.35
2005-07-20,2309.26,14602.7,1074.4,11789.35,1021.05,1235.2
2005-07-21,2311.14,14620.14,1074.65,11786.73,1020.63,1227.04
2005-07-22,2319.34,14786.46,1074.22,11695.05,1046.32,1233.68
2005-07-25,2309.61,14794.03,1089.7,11762.65,1045.4,1229.03
2005-07-26,2321.77,14769.93,1090.6,11737.96,1072.81,1231.16
2005-07-27,2333.62,14801.86,1093.03,11835.08,1089.91,1236.79
2005-07-28,2346.19,14813.32,1104.72,11858.31,1086.55,1243.72
2005-07-29,2352.56,14880.98,1111.29,11899.6,1083.03,1234.18
2005-08-01,2365.72,14978.88,1115.98,11946.92,1088.95,1235.35
2005-08-02,2377.13,15137.08,1118.83,11940.2,1104.04,1244.12
2005-08-03,2365.19,15118.5,1117.11,11981.8,1107.7,1245.04
2005-08-04,2362.39,15111.54,1111.39,11883.31,1102.59,1235.86
2005-08-05,2338.87,15051.32,1089.36,11766.48,1128.74,1226.42
2005-08-08,2348.21,15108.94,1086.64,11778.98,1138.88,1223.13
2005-08-10,2338.49,15346.41,1104.86,12098.08,1165.03,1229.13
2005-08-11,2305.97,15445.2,1123.77,12263.32,1183.58,1237.81
2005-08-12,2303.2,15450.95,1130.22,12261.68,1167.92,1230.39
2005-08-16,2305.3,15443.62,1116.93,12315.67,1177.28,1219.34
2005-08-17,2280.23,15449.58,1113.25,12273.12,1192.83,1220.24
2005-08-18,2282.7,15148.09,1092.71,12307.37,1148.04,1219.02
2005-08-19,2286.36,15038.61,1089.88,12291.73,1150.18,1219.71
2005-08-22,2300.95,15218.63,1116.68,12452.51,1158.6,1221.73
2005-08-23,2289.66,14973.89,1115.84,12472.93,1149.96,1217.59
2005-08-24,2278.35,14873.85,1094.21,12502.26,1167.14,1209.59
2005-08-25,2284.4,14889.1,1097.29,12405.16,1172.47,1212.37
2005-08-26,2286.55,14982.89,1086.55,12439.48,1171.86,1205.1
2005-08-29,2272.0,14836.97,1063.16,12309.83,1154.43,1212.28
2005-08-30,2268.49,14922.22,1072.61,12453.14,1146.39,1208.41
2005-08-31,2275.43,14903.55,1083.33,12413.6,1162.8,1220.33
2005-09-01,2295.54,15143.75,1106.37,12506.97,1184.93,1221.59
2005-09-02,2300.89,15221.89,1115.83,12600.0,1188.85,1218.02
2005-09-06,2289.37,15160.78,1122.65,12599.43,1173.32,1233.39
2005-09-07,2296.9,15224.57,1142.99,12607.59,1194.31,1236.36
2005-09-08,2297.9,15166.17,1145.26,12533.89,1194.41,1231.67
2005-09-09,2301.28,15165.77,1152.5,12692.04,1189.62,1241.48
2005-09-12,2325.11,15199.79,1158.36,12896.43,1188.21,1240.56
2005-09-13,2310.35,15070.56,1158.12,12901.95,1207.16,1231.2
2005-09-14,2313.35,15086.62,1170.77,12834.25,1217.26,1227.16
2005-09-15,2317.67,15041.02,1169.59,12986.78,1217.28,1227.73
2005-09-16,2306.38,14983.2,1174.13,12958.68,1212.95,1237.91
2005-09-20,2307.42,15241.86,1190.93,13148.57,1212.62,1221.34
2005-09-21,2298.65,15223.62,1196.67,13196.57,1187.99,1210.2
2005-09-22,2290.68,15179.95,1199.97,13159.36,1159.96,1214.62
2005-09-26,2317.58,15274.31,1206.41,13392.63,1155.04,1215.63
2005-09-27,2306.5,15189.88,1209.63,13310.04,1133.24,1215.66
2005-09-28,2301.84,15221.46,1228.57,13435.91,1131.77,1216.89
2005-09-29,2299.29,15431.25,1231.22,13617.24,1155.48,1227.68
2005-09-30,2305.14,15428.52,1221.01,13574.3,1155.61,1228.81
2005-10-12,2320.53,14575.02,1217.06,13463.74,1161.85,1177.68
2005-10-13,2320.7,14621.83,1193.44,13449.24,1152.61,1176.84
2005-10-14,2303.24,14485.88,1190.17,13420.54,1139.55,1186.57
2005-10-17,2288.54,14541.35,1176.36,13400.29,1131.38,1190.1
2005-10-18,2284.16,14597.4,1186.22,13352.24,1141.2,1178.14
2005-10-19,2218.13,14372.76,1153.13,13129.49,1134.61,1195.76
2005-10-20,2226.88,14408.94,1162.23,13190.46,1135.95,1177.8
2005-10-21,2239.36,14487.85,1183.48,13199.95,1141.32,1179.59
2005-10-24,2222.83,14402.35,1184.6,13106.18,1141.17,1199.38
2005-10-25,2226.46,14424.88,1181.28,13280.62,1121.92,1196.54
2005-10-26,2228.79,14458.14,1179.0,13395.02,1097.16,1191.38
2005-10-27,2201.9,14381.06,1166.36,13417.08,1097.78,1178.9
2005-10-28,2192.41,14215.83,1140.72,13346.54,1080.87,1198.41
2005-10-31,2216.77,14386.37,1158.11,13606.5,1092.82,1207.01
2005-11-02,2255.54,14597.48,1208.38,13894.78,1104.79,1214.76
2005-11-04,2266.52,14585.79,1221.98,14075.96,1100.05,1220.14
2005-11-07,2257.08,14365.79,1218.47,14061.6,1100.65,1222.81
2005-11-08,2271.99,14403.2,1226.71,14036.73,1110.15,1218.59
2005-11-09,2270.33,14597.55,1227.59,14072.2,1108.15,1220.65
2005-11-10,2258.25,14633.33,1234.43,14080.88,1088.3,1230.96
2005-11-11,2266.03,14740.6,1256.12,14155.06,1090.19,1234.72
2005-11-14,2254.15,14629.49,1257.63,14116.04,1088.65,1233.76
2005-11-15,2240.49,14627.41,1253.86,14091.77,1087.51,1229.01
2005-11-16,2254.46,14650.54,1267.16,14170.87,1095.89,1231.21
2005-11-17,2261.49,14787.98,1269.35,14411.79,1095.31,1242.8
2005-11-18,2293.2,14883.32,1272.25,14623.12,1117.0,1248.27
2005-11-21,2282.5,14885.57,1268.8,14680.43,1119.94,1254.85
2005-11-22,2278.04,14885.65,1244.5,14708.32,1098.66,1261.23
2005-11-25,2295.73,15081.47,1293.22,14784.29,1114.92,1268.25
2005-11-28,2308.54,15100.0,1293.74,14986.94,1110.82,1257.46
2005-11-29,2302.88,15028.76,1279.38,14927.7,1096.99,1257.48
2005-11-30,2300.25,14937.14,1297.44,14872.15,1099.26,1249.48
2005-12-01,2310.99,15068.03,1305.98,15130.5,1098.75,1264.67
2005-12-02,2332.52,15200.38,1310.12,15421.6,1094.29,1265.08
2005-12-05,2332.61,15158.82,1315.15,15551.31,1079.2,1262.09
2005-12-06,2308.35,14990.61,1321.06,15423.38,1087.79,1263.7
2005-12-07,2311.81,15134.95,1324.75,15484.66,1099.61,1257.37
2005-12-08,2305.71,14879.16,1324.2,15183.36,1098.32,1255.84
2005-12-09,2321.1,14910.51,1317.42,15404.05,1113.48,1259.37
2005-12-12,2331.4,14984.4,1333.23,15738.7,1116.37,1260.43
2005-12-13,2323.97,14942.62,1336.48,15778.86,1117.85,1267.43
2005-12-14,2324.38,14976.26,1334.27,15464.58,1125.39,1272.74
2005-12-15,2325.73,15059.02,1337.68,15254.44,1123.56,1270.94
2005-12-16,2325.53,15029.81,1321.04,15173.07,1127.51,1267.32
2005-12-19,2326.55,15182.89,1339.4,15391.48,1131.75,1259.92
2005-12-20,2328.72,15169.17,1341.0,15641.26,1136.34,1259.62
2005-12-21,2332.67,15221.42,1354.16,15957.57,1130.76,1262.79
2005-12-22,2323.66,15182.53,1350.87,15941.37,1135.24,1268.12
2005-12-28,2337.89,15101.54,1368.16,16194.61,1157.03,1258.17
2005-12-29,2345.38,15045.59,1379.37,16344.2,1169.86,1254.42
2006-01-04,2384.14,15200.06,1402.11,16361.54,1180.96,1273.46
2006-01-05,2403.75,15271.13,1395.51,16425.37,1197.27,1273.48
2006-01-06,2420.74,15344.44,1412.78,16428.21,1209.42,1285.45
2006-01-11,2418.65,15650.88,1394.09,16363.59,1211.05,1294.18
2006-01-12,2407.38,15719.37,1402.58,16445.19,1226.7,1286.06
2006-01-13,2405.86,15787.97,1416.28,16454.95,1221.46,1287.61
2006-01-17,2376.96,15576.2,1389.58,15805.95,1208.44,1282.93
2006-01-18,2359.3,15481.21,1352.91,15341.18,1233.35,1277.93
2006-01-19,2378.52,15670.42,1360.64,15696.28,1251.58,1285.04
2006-01-20,2388.91,15662.08,1324.78,15696.69,1255.31,1261.49
2006-01-23,2364.97,15464.77,1297.43,15360.65,1255.77,1263.82
2006-01-24,2368.32,15530.57,1326.83,15648.89,1252.06,1266.86
2006-01-25,2378.64,15520.39,1342.59,15651.0,1258.05,1264.68
2006-02-06,2441.08,15548.06,1341.64,16747.76,1287.63,1265.02
2006-02-07,2448.73,15517.01,1332.28,16720.99,1282.1,1254.78
2006-02-08,2428.25,15373.44,1310.99,16272.68,1290.06,1265.65
2006-02-09,2431.62,15413.43,1321.66,16439.67,1269.45,1263.78
2006-02-10,2423.59,15425.95,1335.23,16257.83,1282.66,1266.99
2006-02-13,2429.5,15312.09,1320.79,15877.66,1279.64,1262.86
2006-02-14,2440.98,15420.32,1328.21,16184.87,1286.33,1275.53
2006-02-15,2424.17,15423.26,1303.84,15932.83,1299.17,1280.0
2006-02-16,2434.66,15450.88,1314.32,16043.67,1270.63,1289.38
2006-02-17,2431.34,15475.69,1332.73,15713.45,1267.41,1287.24
2006-02-21,2443.56,15627.24,1346.49,15894.94,1288.42,1283.03
2006-02-22,2427.89,15635.72,1340.58,15781.78,1284.23,1292.67
2006-02-23,2435.58,15812.53,1361.23,16096.1,1288.85,1287.79
2006-02-24,2453.67,15856.05,1365.82,16101.91,1296.87,1289.43
2006-02-27,2477.37,15949.89,1374.88,16192.95,1297.19,1294.12
2006-02-28,2481.96,15918.48,1371.59,16205.43,1299.03,1280.66
2006-03-02,2480.3,15882.45,1367.7,15909.76,1285.67,1289.14
2006-03-03,2493.43,15802.0,1328.95,15663.34,1293.3,1287.23
2006-03-06,2512.88,15811.83,1344.76,15901.16,1288.95,1278.26
2006-03-07,2489.15,15602.36,1316.67,15726.02,1259.92,1275.88
2006-03-08,2502.6,15493.09,1314.05,15627.49,1250.38,1278.47
2006-03-09,2504.25,15510.13,1311.21,16036.91,1245.17,1272.23
2006-03-10,2496.73,15445.05,1320.07,16115.63,1245.65,1281.42
2006-03-13,2512.14,15542.07,1338.28,16361.51,1259.67,1284.13
2006-03-14,2506.7,15519.76,1326.3,16238.36,1259.04,1297.48
2006-03-15,2498.02,15720.36,1333.98,16319.04,1274.81,1303.02
2006-03-16,2498.93,15729.04,1335.98,16096.21,1274.19,1305.33
2006-03-17,2494.41,15801.66,1341.12,16339.73,1269.46,1307.25
2006-03-20,2512.6,15929.95,1346.69,16624.8,1288.42,1305.08
2006-03-22,2489.27,15642.81,1309.83,16495.48,1296.71,1305.04
2006-03-23,2491.64,15771.17,1312.26,16489.37,1302.46,1301.67
2006-03-24,2497.31,15716.46,1321.23,16560.87,1294.7,1302.95
2006-03-27,2504.23,15815.87,1330.34,16650.1,1295.92,1301.61
2006-03-28,2513.57,15856.58,1331.31,16690.24,1298.79,1293.23
2006-03-29,2520.75,15745.11,1332.72,16938.41,1305.57,1302.89
2006-03-30,2521.04,15880.69,1338.14,17045.34,1294.72,1300.25
2006-03-31,2533.4,15805.04,1359.6,17059.66,1298.3,1294.87
2006-04-03,2548.68,16063.75,1379.75,17333.31,1319.47,1297.81
2006-04-04,2532.59,16100.09,1385.64,17292.91,1329.8,1305.93
2006-04-06,2542.64,16411.13,1397.0,17489.33,1339.74,1309.04
2006-04-07,2552.05,16471.78,1402.36,17563.37,1342.96,1295.5
2006-04-10,2545.92,16521.59,1398.29,17456.58,1359.08,1296.62
2006-04-11,2554.66,16475.81,1386.08,17418.13,1362.23,1286.57
2006-04-12,2546.25,16310.76,1383.59,17162.55,1360.13,1288.12
2006-04-13,2544.38,16429.45,1405.72,17199.15,1332.33,1289.12
2006-04-18,2559.25,16637.53,1427.0,17232.86,1385.11,1307.28
2006-04-19,2585.84,16830.44,1437.84,17350.12,1396.7,1309.93
2006-04-20,2583.73,16944.34,1434.15,17317.53,1385.9,1311.46
2006-04-21,2603.45,16912.15,1451.31,17403.96,1416.79,1311.28
2006-04-24,2592.5,16705.67,1430.94,16914.4,1409.79,1308.11
2006-04-25,2583.61,16577.77,1431.15,16970.29,1399.77,1301.74
2006-04-26,2596.65,16672.66,1451.22,17055.93,1417.48,1305.41
2006-04-27,2601.06,16742.85,1452.53,17114.54,1416.73,1309.72
2006-04-28,2610.71,16661.3,1419.73,16906.23,1440.22,1310.61
2006-05-08,2657.78,17301.79,1452.23,17291.67,1497.1,1324.66
2006-05-09,2629.68,17133.99,1450.44,17190.91,1531.16,1325.14
2006-05-10,2642.89,17080.59,1451.09,16951.93,1545.69,1322.85
2006-05-11,2620.58,17140.78,1464.7,16862.14,1537.38,1305.92
2006-05-15,2534.83,16494.84,1413.98,16486.91,1664.09,1294.5
2006-05-16,2513.7,16393.11,1382.11,16158.42,1613.25,1292.08
2006-05-17,2548.69,16615.55,1401.47,16307.67,1625.15,1270.32
2006-05-18,2502.18,16266.52,1365.15,16087.18,1617.28,1261.81
2006-05-19,2493.98,16313.36,1372.29,16155.45,1659.55,1267.03
2006-05-22,2416.69,15805.52,1338.59,15857.87,1657.69,1262.07
2006-05-23,2429.55,15864.56,1329.86,15599.2,1604.55,1256.58
2006-05-24,2436.55,15822.64,1333.38,15907.2,1590.92,1258.57
2006-05-25,2404.45,15696.89,1295.76,15693.75,1591.43,1272.88
2006-05-26,2445.02,15895.1,1322.43,15970.76,1613.89,1280.16
2006-05-30,2441.54,15857.89,1317.7,15859.45,1657.29,1259.87
2006-06-01,2386.7,15645.27,1295.09,15503.74,1684.19,1285.71
2006-06-02,2419.42,15912.71,1309.04,15789.31,1669.4,1288.22
2006-06-05,2407.25,16016.23,1301.62,15668.31,1684.62,1265.29
2006-06-07,2355.43,15816.55,1266.84,15096.01,1589.55,1256.15
2006-06-08,2297.11,15450.11,1223.13,14633.03,1591.49,1257.93
2006-06-09,2337.44,15628.69,1235.65,14750.84,1551.38,1252.3
2006-06-12,2338.53,15621.44,1239.84,14833.01,1552.8,1237.44
2006-06-13,2293.35,15234.42,1203.86,14218.6,1548.49,1223.69
2006-06-14,2280.67,15247.92,1221.73,14309.56,1531.33,1230.04
2006-06-15,2302.43,15435.08,1219.4,14470.76,1533.98,1256.16
2006-06-16,2373.91,15842.65,1262.19,14879.34,1574.47,1251.54
2006-06-19,2367.9,15768.86,1251.67,14860.35,1586.29,1240.13
2006-06-20,2327.11,15608.97,1225.83,14648.41,1592.33,1240.12
2006-06-21,2329.6,15659.36,1227.19,14644.26,1598.12,1252.2
2006-06-22,2359.55,15826.7,1238.83,15135.69,1596.07,1245.6
2006-06-23,2343.03,15808.81,1228.62,15124.04,1605.71,1244.5
2006-06-26,2367.94,15804.81,1238.05,15152.4,1633.45,1250.56
2006-06-27,2357.58,15774.7,1247.54,15171.81,1639.55,1239.2
2006-06-28,2350.8,15742.66,1238.71,14886.11,1639.29,1246.0
2006-06-29,2386.77,15865.22,1263.02,15121.15,1671.62,1272.87
2006-06-30,2435.39,16267.62,1295.15,15505.18,1672.21,1270.2
2006-07-03,2438.26,16326.66,1294.61,15571.62,1697.28,1280.19
2006-07-05,2424.11,16267.18,1279.85,15523.94,1718.56,1270.91
2006-07-06,2448.07,16440.99,1263.96,15321.4,1741.47,1274.08
2006-07-07,2445.13,16459.78,1273.93,15307.61,1730.19,1265.48
2006-07-10,2438.45,16603.81,1299.29,15552.81,1734.33,1267.34
2006-07-11,2415.91,16490.13,1300.44,15473.82,1745.81,1272.43
2006-07-12,2422.76,16522.21,1296.69,15249.32,1740.0,1258.6
2006-07-13,2396.64,16305.48,1285.02,15097.95,1655.77,1242.28
2006-07-14,2363.55,16135.71,1255.13,14845.24,1665.21,1236.2
2006-07-18,2333.81,16043.94,1233.42,14437.24,1684.25,1236.86
2006-07-19,2341.79,16097.54,1233.65,14500.26,1645.16,1259.81
2006-07-20,2383.54,16472.62,1273.3,14946.84,1655.12,1249.13
2006-07-21,2371.37,16464.18,1271.33,14821.26,1665.33,1240.29
2006-07-24,2375.04,16480.59,1263.35,14794.5,1665.94,1260.91
2006-07-25,2407.56,16583.86,1279.77,15005.24,1685.46,1268.88
2006-07-26,2406.31,16617.24,1279.08,14884.07,1686.65,1268.4
2006-07-27,2444.66,16916.77,1296.27,15179.78,1675.17,1263.2
2006-07-28,2429.44,16955.04,1297.07,15342.87,1662.03,1278.55
2006-07-31,2445.43,16971.34,1297.82,15456.81,1612.73,1276.66
2006-08-01,2445.04,16911.37,1287.36,15440.91,1600.61,1270.92
2006-08-02,2453.99,17032.75,1295.11,15464.29,1600.87,1277.41
2006-08-03,2457.09,17048.42,1292.05,15470.37,1601.06,1280.27
2006-08-04,2462.92,16887.8,1304.51,15499.18,1570.15,1279.36
2006-08-07,2460.25,16953.55,1289.54,15154.06,1547.44,1275.77
2006-08-08,2465.04,17048.2,1311.1,15464.66,1580.58,1271.48
2006-08-10,2444.63,17222.14,1304.31,15630.91,1606.06,1271.81
2006-08-11,2450.63,17249.95,1292.1,15565.02,1605.93,1266.74
2006-08-14,2450.5,17290.01,1295.11,15857.11,1570.74,1268.21
2006-08-16,2453.43,17451.03,1315.61,16071.36,1616.41,1295.43
2006-08-17,2470.65,17373.05,1327.78,16020.84,1603.33,1297.48
2006-08-18,2483.53,17330.7,1331.1,16105.98,1598.02,1302.3
2006-08-21,2467.3,17007.88,1321.67,15969.04,1601.15,1297.52
2006-08-22,2480.99,17149.75,1334.96,16181.17,1613.35,1298.82
2006-08-23,2472.26,17088.39,1324.95,16163.03,1612.4,1292.99
2006-08-24,2446.11,16883.04,1315.73,15960.62,1623.02,1296.06
2006-08-25,2453.21,16955.45,1329.35,15938.66,1623.03,1295.09
2006-08-28,2427.05,16922.29,1327.89,15762.59,1650.44,1301.78
2006-08-29,2455.33,17083.28,1344.61,15890.56,1651.02,1304.28
2006-08-30,2471.4,17284.71,1341.35,15872.02,1655.19,1305.37
2006-08-31,2482.39,17392.27,1352.74,16140.76,1658.64,1303.82
2006-09-01,2491.49,17423.72,1356.67,16134.25,1636.69,1311.01
2006-09-05,2519.72,17438.8,1361.24,16385.96,1664.08,1313.25
2006-09-06,2526.53,17258.51,1357.01,16284.09,1672.12,1300.26
2006-09-07,2505.39,17096.44,1351.17,16012.41,1661.19,1294.02
2006-09-08,2510.14,17145.76,1354.89,16080.46,1667.98,1298.92
2006-09-11,2488.51,16948.59,1334.08,15794.38,1674.97,1299.54
2006-09-12,2487.2,17075.4,1328.04,15719.34,1695.86,1313.0
2006-09-13,2508.03,17210.04,1333.13,15750.05,1689.39,1318.07
2006-09-14,2518.97,17183.45,1358.75,15942.39,1689.69,1316.28
2006-09-15,2521.91,17237.65,1361.1,15866.93,1721.05,1319.66
2006-09-19,2538.24,17346.7,1373.95,15874.28,1735.24,1317.64
2006-09-20,2531.42,17512.96,1366.44,15718.67,1732.45,1325.18
2006-09-21,2538.26,17619.97,1366.79,15834.23,1740.9,1318.03
2006-09-22,2520.5,17600.65,1348.38,15634.67,1725.36,1314.78
2006-09-25,2523.89,17546.04,1355.21,15633.81,1722.37,1326.37
2006-09-26,2526.0,17308.08,1343.97,15557.45,1712.64,1336.35
2006-09-27,2557.9,17521.51,1360.03,15947.87,1725.04,1336.59
2006-09-28,2567.97,17530.57,1371.43,16024.85,1736.96,1338.88
2006-09-29,2568.86,17543.05,1371.41,16127.58,1752.42,1335.85
2006-10-10,2647.66,17823.7,1328.37,16477.25,1784.86,1353.42
2006-10-11,2641.61,17862.79,1325.49,16400.57,1790.1,1349.95
2006-10-12,2640.64,17873.09,1331.78,16368.81,1778.18,1362.83
2006-10-13,2666.68,17988.86,1348.6,16536.54,1784.66,1365.62
2006-10-16,2669.55,18010.2,1356.72,16692.76,1771.3,1369.06
2006-10-17,2637.7,18014.84,1351.3,16611.59,1763.9,1364.05
2006-10-18,2642.42,18048.09,1354.26,16653.0,1787.19,1365.8
2006-10-19,2667.58,17986.97,1354.06,16551.36,1792.25,1366.96
2006-10-20,2686.43,18113.55,1364.24,16651.63,1790.36,1368.6
2006-10-23,2691.61,18089.85,1364.95,16788.82,1759.39,1377.02
2006-10-25,2714.66,18157.94,1371.43,16699.3,1806.65,1382.22
2006-10-26,2741.69,18353.74,1373.65,16811.6,1810.65,1389.08
2006-10-27,2729.98,18297.55,1369.09,16669.07,1807.18,1377.34
2006-10-31,2701.75,18324.35,1364.55,16399.39,1837.99,1377.94
2006-11-01,2737.78,18453.65,1374.35,16375.26,1855.71,1367.81
2006-11-02,2730.98,18714.78,1383.73,16350.02,1851.31,1367.34
2006-11-06,2729.13,18936.55,1379.19,16364.76,1886.31,1379.78
2006-11-07,2749.22,18939.31,1387.44,16393.41,1889.53,1382.84
2006-11-08,2735.3,18811.24,1380.07,16215.74,1866.82,1385.72
2006-11-09,2745.59,18952.86,1399.44,16198.57,1896.48,1378.33
2006-11-10,2745.31,18891.14,1395.73,16112.43,1883.35,1380.9
2006-11-13,2747.24,18868.54,1396.69,16022.49,1863.77,1384.42
2006-11-14,2759.88,18878.42,1407.37,16289.55,1888.24,1393.22
2006-11-15,2777.62,19093.0,1412.54,16243.47,1922.94,1396.57
2006-11-16,2798.45,19154.07,1410.75,16163.87,1941.55,1399.76
2006-11-17,2813.18,19182.71,1412.22,16091.73,1971.79,1401.2
2006-11-20,2771.41,18954.63,1402.21,15725.94,2017.28,1400.5
2006-11-21,2802.88,19008.3,1405.9,15734.14,2037.55,1402.81
2006-11-22,2830.02,19250.79,1422.54,15914.23,2041.35,1406.09
2006-11-24,2814.81,19260.3,1421.73,15734.6,2050.81,1400.95
2006-11-27,2840.94,19204.01,1425.13,15885.38,2047.28,1381.96
2006-11-28,2787.81,18639.53,1411.47,15855.26,2038.72,1386.72
2006-11-29,2826.36,18780.93,1422.55,16076.2,2054.09,1399.48
2006-11-30,2838.53,18960.48,1432.21,16274.33,2099.29,1400.63
2006-12-01,2836.04,18690.82,1434.36,16321.78,2102.05,1396.71
2006-12-04,2850.72,18702.73,1426.46,16303.59,2161.65,1409.12
2006-12-05,2901.99,18944.19,1420.59,16265.76,2173.28,1414.76
2006-12-06,2895.02,19026.36,1413.73,16371.28,2156.6,1412.9
2006-12-07,2901.8,18842.99,1410.3,16473.36,2156.75,1407.29
2006-12-08,2865.14,18739.99,1390.43,16417.82,2093.64,1409.84
2006-12-11,2887.23,18924.66,1390.73,16527.99,2180.5,1413.04
2006-12-12,2893.81,18907.17,1376.98,16637.78,2218.95,1411.56
2006-12-13,2884.15,18718.19,1383.28,16692.93,2223.46,1413.21
2006-12-14,2916.28,18919.4,1418.38,16829.2,2249.11,1425.49
2006-12-15,2931.29,19110.65,1421.87,16914.31,2273.91,1427.09
2006-12-18,2963.44,19192.91,1433.23,16962.11,2332.43,1422.48
2006-12-19,2897.3,18964.55,1427.76,16776.88,2364.18,1425.55
2006-12-20,2920.83,19240.12,1442.28,17011.04,2373.21,1423.53
2006-12-21,2920.84,19222.84,1436.47,17047.83,2342.94,1418.3
2006-12-22,2942.39,19320.52,1437.49,17104.96,2343.67,1410.76
2006-12-27,2961.25,19725.73,1425.1,17223.15,2536.39,1426.84
2006-12-28,2963.49,20001.91,1434.46,17224.81,2567.59,1424.73
2007-01-04,3023.8,20025.58,1397.29,17353.67,2715.72,1418.34
2007-01-05,3029.04,20211.28,1385.76,17091.59,2641.33,1409.71
2007-01-09,3008.35,19898.08,1374.34,17237.77,2807.8,1412.11
2007-01-10,2961.15,19568.34,1355.79,16942.4,2825.58,1414.85
2007-01-11,2969.69,19385.37,1365.31,16838.17,2770.11,1423.82
2007-01-12,3009.09,19613.41,1388.37,17057.01,2668.11,1430.73
2007-01-16,3038.21,20027.95,1389.71,17202.46,2821.02,1431.9
2007-01-17,3037.66,20064.57,1379.48,17261.35,2778.9,1430.62
2007-01-18,3061.65,20277.51,1383.21,17370.93,2756.98,1426.37
2007-01-19,3072.88,20327.72,1360.56,17310.44,2832.21,1430.5
2007-01-22,3145.2,20772.22,1363.41,17424.18,2933.19,1422.95
2007-01-23,3132.9,20769.7,1363.09,17408.57,2949.14,1427.99
2007-01-24,3150.24,20821.05,1383.06,17507.4,2975.13,1440.13
2007-01-25,3108.63,20669.83,1382.36,17458.3,2857.36,1423.9
2007-01-26,3087.74,20281.13,1371.33,17421.93,2882.56,1422.18
2007-01-29,3128.91,20236.68,1363.1,17470.46,2945.26,1420.62
2007-01-30,3130.26,20460.46,1370.72,17490.19,2930.56,1428.82
2007-01-31,3125.56,20106.42,1360.23,17383.42,2786.33,1438.24
2007-02-01,3168.1,20430.16,1382.9,17519.5,2785.43,1445.94
2007-02-02,3217.68,20563.68,1413.14,17547.11,2673.21,1448.39
2007-02-05,3223.32,20455.62,1417.95,17344.8,2612.54,1446.99
2007-02-06,3223.25,20655.2,1428.58,17406.86,2675.7,1448.0
2007-02-07,3236.6,20679.69,1426.29,17292.32,2716.18,1450.02
2007-02-08,3217.76,20735.05,1423.58,17292.48,2737.73,1448.31
2007-02-09,3220.89,20677.66,1427.68,17504.33,2730.39,1438.06
2007-02-13,3149.16,20132.25,1418.44,17621.45,2831.87,1444.26
2007-02-14,3182.21,20209.91,1436.1,17752.64,2905.09,1455.3
2007-02-15,3252.49,20538.42,1443.63,17897.23,2993.01,1456.81
2007-02-16,3236.93,20567.91,1448.81,17875.65,2998.47,1455.54
2007-02-26,3307.92,20507.95,1470.03,18215.35,3040.6,1449.37
2007-02-27,3232.02,20147.87,1454.6,18119.92,2771.79,1399.04
2007-02-28,3104.15,19651.51,1417.34,17604.12,2881.07,1406.82
2007-03-05,2982.29,18664.88,1376.15,16642.25,2785.31,1374.12
2007-03-06,3036.52,19058.56,1402.93,16844.5,2840.18,1395.41
2007-03-07,3059.15,18918.64,1410.95,16764.62,2896.59,1391.97
2007-03-08,3122.49,19175.17,1423.89,17090.31,2928.01,1401.89
2007-03-09,3143.71,19134.88,1423.58,17164.04,2937.91,1402.84
2007-03-12,3182.68,19442.42,1441.33,17292.39,2954.91,1406.6
2007-03-13,3158.9,19333.14,1436.05,17178.84,2964.79,1377.95
2007-03-14,3053.21,18836.93,1407.37,16676.89,2906.33,1387.17
2007-03-15,3094.6,18969.44,1426.93,16860.39,2951.7,1392.28
2007-03-16,3068.75,18953.5,1427.88,16744.15,2930.48,1386.95
2007-03-19,3113.39,19266.74,1443.39,17009.55,3014.44,1402.06
2007-03-20,3116.88,19356.9,1444.17,17163.2,3032.2,1410.94
2007-03-22,3219.51,19690.25,1448.53,17419.2,3071.23,1434.54
2007-03-23,3205.82,19692.64,1447.38,17480.61,3074.29,1436.11
2007-03-26,3204.55,19765.85,1449.77,17521.96,3122.81,1437.5
2007-03-27,3234.11,19706.79,1453.23,17365.05,3138.83,1428.61
2007-03-28,3201.75,19553.87,1439.74,17254.73,3173.02,1417.23
2007-03-29,3228.88,19821.78,1450.95,17263.94,3197.54,1422.53
2007-03-30,3231.24,19800.93,1452.55,17287.65,3183.98,1420.86
2007-04-02,3246.31,19809.7,1459.53,17028.41,3252.59,1424.55
2007-04-03,3288.36,20002.7,1463.75,17244.05,3291.3,1437.77
2007-04-04,3332.92,20209.71,1483.41,17544.09,3291.54,1439.37
2007-04-10,3422.62,20347.87,1499.16,17664.69,3444.29,1448.39
2007-04-11,3420.62,20449.43,1513.42,17670.07,3495.22,1438.87
2007-04-12,3372.69,20380.21,1525.61,17540.42,3531.03,1447.8
2007-04-13,3373.59,20340.97,1520.78,17363.95,3518.27,1452.85
2007-04-16,3414.15,20757.53,1532.04,17628.3,3596.44,1468.33
2007-04-17,3415.32,20788.61,1528.66,17527.45,3611.87,1471.48
2007-04-18,3400.41,20777.09,1534.58,17667.33,3612.4,1472.5
2007-04-19,3291.28,20299.71,1513.66,17371.97,3449.02,1470.73
2007-04-20,3360.67,20566.59,1533.08,17452.62,3584.2,1484.35
2007-04-23,3388.48,20556.57,1544.35,17455.37,3710.89,1480.93
2007-04-24,3374.52,20572.8,1556.71,17451.77,3720.53,1480.41
2007-04-25,3362.68,20536.78,1545.55,17236.16,3743.96,1495.42
2007-04-26,3406.89,20667.29,1553.13,17429.17,3783.06,1494.25
2007-04-27,3398.6,20526.5,1542.52,17400.41,3759.87,1494.07
2007-05-08,3439.21,20706.35,1582.65,17656.84,3950.01,1507.72
2007-05-09,3452.72,20844.78,1593.42,17748.12,4013.08,1512.58
2007-05-10,3469.26,20746.27,1599.68,17736.96,4049.7,1491.47
2007-05-11,3446.92,20468.21,1603.56,17553.72,4021.68,1505.85
2007-05-14,3501.1,20979.24,1605.77,17677.94,4046.39,1503.15
2007-05-15,3475.08,20868.15,1589.37,17512.98,3899.18,1501.19
2007-05-16,3501.17,20937.26,1600.6,17529.0,3986.04,1514.14
2007-05-17,3525.51,20994.61,1615.58,17498.6,4048.29,1512.75
2007-05-18,3512.4,20904.84,1612.25,17399.58,4030.26,1522.75
2007-05-21,3514.49,20927.75,1628.2,17556.87,4072.23,1525.1
2007-05-22,3539.82,20843.92,1642.88,17680.05,4110.38,1524.12
2007-05-23,3559.01,20798.97,1646.59,17705.12,4173.71,1522.28
2007-05-25,3486.63,20520.66,1644.56,17481.21,4179.78,1515.73
2007-05-29,3527.08,20469.59,1661.8,17672.56,4334.92,1518.11
2007-05-30,3511.13,20293.76,1662.72,17588.26,4053.09,1530.23
2007-06-01,3548.32,20602.87,1716.24,17958.88,4000.74,1536.34
2007-06-04,3579.35,20729.59,1737.59,17973.42,3670.4,1539.18
2007-06-05,3572.9,20842.15,1742.19,18053.81,3767.1,1530.95
2007-06-07,3546.33,20800.16,1753.04,18053.38,3890.8,1490.72
2007-06-08,3491.59,20509.15,1727.28,17779.09,3913.14,1507.67
2007-06-11,3545.46,20615.49,1716.56,17834.48,3995.68,1509.12
2007-06-12,3561.54,20636.39,1729.88,17760.91,4072.14,1493.0
2007-06-13,3551.22,20578.75,1721.99,17732.77,4176.48,1515.67
2007-06-14,3573.43,20867.26,1769.18,17842.29,4115.21,1522.97
2007-06-15,3581.16,21017.05,1772.26,17971.49,4132.87,1532.91
2007-06-18,3623.79,21582.89,1806.88,18149.52,4253.35,1531.05
2007-06-20,3628.67,21684.67,1783.79,18211.68,4181.32,1512.84
2007-06-21,3639.49,21954.67,1794.24,18240.3,4230.82,1522.19
2007-06-22,3615.38,21999.91,1770.98,18188.63,4091.45,1502.56
2007-06-25,3580.33,21822.35,1757.73,18087.48,3941.08,1497.74
2007-06-26,3525.1,21803.57,1749.55,18066.11,3973.37,1492.89
2007-06-27,3505.5,21705.56,1733.1,17849.28,4078.6,1506.34
2007-06-28,3538.23,21938.22,1751.75,17932.27,3914.2,1505.71
2007-06-29,3548.2,21772.73,1743.6,18138.36,3820.7,1503.35
2007-07-03,3569.43,22151.14,1805.5,18149.9,3899.72,1524.87
2007-07-05,3551.68,22252.99,1847.79,18221.48,3615.87,1525.4
2007-07-06,3561.96,22531.74,1861.01,18140.94,3781.35,1530.44
2007-07-09,3626.72,22817.43,1883.59,18261.98,3883.22,1531.85
2007-07-10,3620.32,22885.84,1894.53,18252.67,3853.02,1510.12
2007-07-11,3594.94,22607.02,1889.96,18049.51,3865.72,1518.76
2007-07-12,3624.56,22809.02,1909.75,17984.14,3915.99,1547.7
2007-07-13,3654.61,23099.29,1962.93,18238.95,3914.4,1552.5
2007-07-18,3583.97,22841.92,1930.7,18015.58,3930.06,1546.17
2007-07-19,3604.62,23016.2,1937.9,18116.57,3912.94,1553.08
2007-07-20,3651.38,23291.9,1983.54,18157.93,4058.85,1534.1
2007-07-23,3635.35,23365.56,1993.05,17963.64,4213.36,1541.57
2007-07-24,3665.13,23472.88,1992.26,18002.03,4210.33,1511.04
2007-07-25,3633.54,23362.18,2004.22,17858.42,4323.97,1518.09
2007-07-26,3579.73,23211.69,1963.54,17702.09,4346.46,1482.66
2007-07-27,3492.7,22570.41,1883.22,17283.81,4345.36,1458.95
2007-07-30,3526.29,22739.9,1906.71,17289.3,4440.77,1473.91
2007-07-31,3547.66,23184.94,1933.27,17248.89,4471.03,1455.27
2007-08-01,3431.71,22455.36,1856.45,16870.98,4300.56,1465.81
2007-08-02,3435.46,22443.25,1853.07,16984.11,4407.73,1472.2
2007-08-03,3436.04,22538.44,1876.8,16979.86,4560.77,1433.06
2007-08-06,3308.99,21936.73,1855.05,16914.46,4628.11,1467.67
2007-08-07,3302.01,21907.99,1859.82,16921.77,4651.23,1476.71
2007-08-08,3413.17,22536.67,1903.41,17029.28,4663.16,1497.49
2007-08-10,3359.18,21792.71,1828.49,16764.09,4749.37,1453.64
2007-08-13,3380.61,21891.1,1849.26,16800.05,4820.06,1452.92
2007-08-14,3386.59,22007.32,1817.89,16844.61,4872.79,1426.54
2007-08-16,3152.16,20672.39,1691.98,16148.49,4765.45,1411.27
2007-08-17,3130.71,20387.13,1638.07,15273.68,4656.57,1445.94
2007-08-20,3322.38,21595.63,1731.27,15732.48,4904.85,1445.55
2007-08-21,3228.66,21729.35,1736.18,15901.34,4955.21,1447.12
2007-08-22,3321.5,22346.88,1759.5,15900.64,4980.08,1464.07
2007-08-23,3370.91,22966.97,1799.72,16316.32,5032.49,1462.5
2007-08-24,3369.45,22921.89,1791.33,16248.97,5107.67,1479.37
2007-08-27,3388.44,23577.73,1803.03,16301.39,5150.12,1466.79
2007-08-28,3343.0,23363.76,1829.31,16287.49,5194.69,1432.36
2007-08-29,3334.66,23020.6,1826.19,16012.83,5109.43,1463.76
2007-08-30,3321.15,23484.54,1841.7,16153.82,5167.88,1457.64
2007-08-31,3392.91,23984.14,1873.24,16569.09,5218.83,1473.99
2007-09-04,3376.06,23886.07,1874.74,16420.47,5294.04,1489.42
2007-09-05,3445.08,24069.17,1865.59,16158.45,5310.72,1472.29
2007-09-06,3466.06,24050.4,1888.81,16257.0,5393.66,1478.55
2007-09-07,3488.97,23982.61,1884.9,16122.16,5277.18,1453.55
2007-09-10,3441.87,23999.7,1835.87,15764.97,5355.29,1451.7
2007-09-11,3494.57,23952.24,1847.36,15877.67,5113.97,1471.49
2007-09-12,3506.09,24310.14,1813.52,15797.6,5172.63,1471.56
2007-09-13,3504.4,24537.02,1848.02,15821.19,5273.59,1483.95
2007-09-14,3536.4,24898.11,1870.02,16127.42,5312.18,1484.25
2007-09-18,3477.75,24576.85,1838.61,15801.8,5425.21,1519.78
2007-09-19,3594.36,25554.64,1902.65,16381.54,5395.27,1529.03
2007-09-20,3552.46,25701.13,1908.97,16413.79,5470.06,1518.75
2007-09-21,3542.22,25843.78,1919.26,16312.61,5454.67,1525.75
2007-09-27,3714.77,27065.15,1945.28,16832.22,5409.4,1531.38
2007-09-28,3706.23,27142.47,1946.48,16785.69,5552.3,1526.75
2007-10-09,3865.75,28228.04,2014.13,17159.9,5715.89,1565.15
2007-10-10,3814.45,28569.33,2041.12,17177.89,5771.46,1562.47
2007-10-11,3875.77,29133.02,2058.85,17458.98,5913.23,1554.41
2007-10-12,3857.25,28838.37,2026.44,17331.17,5903.26,1561.8
2007-10-15,3862.02,29540.78,2035.39,17358.15,6030.09,1548.71
2007-10-16,3810.72,28954.55,2005.76,17137.92,6092.06,1538.53
2007-10-17,3839.73,29298.71,1983.94,16955.31,6036.28,1541.24
2007-10-18,3809.69,29465.05,2005.09,17106.09,5825.28,1540.08
2007-10-22,3642.64,28373.63,1903.81,16438.47,5667.33,1506.33
2007-10-23,3695.3,29376.86,1947.98,16450.58,5773.39,1519.59
2007-10-24,3649.12,29333.53,1933.36,16358.39,5843.11,1515.88
2007-10-25,3707.14,29854.49,1976.75,16284.17,5562.39,1514.4
2007-10-26,3771.55,30405.22,2028.06,16505.63,5589.63,1535.28
2007-10-29,3819.78,31586.9,2062.92,16698.08,5748.0,1540.98
2007-10-30,3798.45,31638.22,2052.37,16651.01,5897.19,1531.02
2007-10-31,3805.7,31352.58,2064.85,16737.63,5954.77,1549.38
2007-11-01,3803.56,31492.88,2063.14,16870.4,5914.29,1508.44
2007-11-02,3715.32,30468.34,2019.34,16517.48,5777.81,1509.65
2007-11-05,3670.18,28942.32,2015.76,16268.92,5634.45,1502.17
2007-11-06,3683.1,29438.13,2054.24,16249.63,5536.57,1520.27
2007-11-07,3673.01,29708.93,2043.19,16096.68,5601.78,1475.62
2007-11-09,3599.67,28783.41,1990.47,15583.42,5315.54,1453.7
2007-11-12,3511.12,27665.73,1923.42,15197.09,5187.73,1439.18
2007-11-13,3475.47,27803.35,1932.89,15126.63,5158.12,1481.05
2007-11-14,3524.91,29166.01,1972.58,15499.56,5412.69,1470.58
2007-11-15,3477.59,28751.21,1947.74,15396.3,5365.27,1451.15
2007-11-16,3440.96,27614.43,1926.2,15154.61,5316.27,1458.74
2007-11-19,3411.72,27460.17,1893.47,15042.56,5269.82,1433.27
2007-11-20,3438.27,27771.21,1872.24,15211.52,5293.7,1439.7
2007-11-21,3347.2,26618.19,1806.99,14837.66,5214.23,1416.77
2007-11-26,3418.58,27626.62,1855.33,15135.21,4958.85,1407.22
2007-11-27,3372.64,27210.21,1859.79,15222.85,4861.11,1428.23
2007-11-28,3369.72,27371.24,1834.69,15153.78,4803.39,1469.02
2007-11-29,3478.22,28482.54,1877.56,15513.74,5003.33,1469.72
2007-11-30,3521.27,28643.61,1906.0,15680.67,4871.78,1481.14
2007-12-03,3521.56,28658.42,1902.43,15628.97,4868.61,1472.42
2007-12-04,3527.87,28879.59,1917.83,15480.19,4915.89,1462.79
2007-12-05,3560.05,29345.45,1938.2,15608.88,5042.65,1485.01
2007-12-06,3552.55,29558.92,1953.17,15874.08,5035.07,1507.34
2007-12-07,3557.95,28842.47,1934.32,15956.37,5091.76,1504.66
2007-12-10,3553.08,28501.1,1906.42,15924.39,5161.92,1515.96
2007-12-11,3589.03,29226.84,1925.07,16044.72,5175.08,1477.65
2007-12-12,3549.25,28521.06,1927.45,15932.26,5095.54,1486.59
2007-12-13,3479.31,27744.45,1915.9,15536.52,4958.04,1488.41
2007-12-14,3466.38,27563.64,1895.05,15514.51,5007.91,1467.95
2007-12-17,3353.56,26596.58,1839.82,15249.79,4876.76,1445.9
2007-12-18,3369.31,26732.87,1861.47,15207.86,4836.17,1454.98
2007-12-21,3398.1,27626.92,1878.32,15257.0,5101.78,1484.46
2007-12-27,3477.2,27842.93,1908.62,15564.69,5308.89,1476.27
2007-12-28,3445.82,27370.6,1897.13,15307.78,5261.56,1478.49
2008-01-04,3437.79,27519.69,1863.9,14691.41,5361.57,1411.63
2008-01-07,3353.06,27179.49,1831.14,14500.55,5393.34,1416.18
2008-01-08,3338.27,27112.9,1826.23,14528.67,5386.53,1390.19
2008-01-09,3344.53,27615.85,1844.47,14599.16,5435.81,1409.13
2008-01-10,3311.07,27230.86,1824.78,14388.11,5456.54,1420.33
2008-01-11,3287.34,26867.01,1782.27,14110.79,5484.68,1401.02
2008-01-15,3154.58,25837.78,1746.95,13972.63,5443.79,1380.95
2008-01-16,3058.49,24450.85,1704.97,13504.51,5290.61,1373.2
2008-01-17,3139.88,25114.98,1723.55,13783.45,5151.63,1333.25
2008-01-18,3104.25,25201.87,1734.72,13861.29,5180.51,1325.19
2008-01-22,2866.55,21757.63,1609.02,12573.05,4559.75,1310.5
2008-01-23,2983.62,24090.17,1628.42,12829.06,4703.05,1338.6
2008-01-24,3050.09,23539.27,1663.0,13092.78,4717.73,1352.07
2008-01-25,3159.48,25122.37,1692.41,13629.16,4761.69,1330.61
2008-01-28,3041.06,24053.61,1627.19,13087.91,4419.29,1353.96
2008-01-29,3049.9,24291.8,1637.91,13478.86,4457.94,1362.3
2008-01-30,3000.03,23653.69,1589.06,13345.03,4417.85,1355.81
2008-01-31,2981.75,23455.74,1624.68,13592.47,4383.39,1378.55
2008-02-01,3007.8,24123.58,1634.53,13497.16,4320.77,1395.42
2008-02-04,3077.08,25032.08,1690.13,13859.7,4672.17,1380.82
2008-02-05,3038.42,24808.7,1696.57,13745.5,4599.7,1336.64
2008-02-13,2949.54,23169.55,1631.78,13068.3,4490.72,1367.21
2008-02-14,3045.59,24021.68,1697.45,13626.45,4552.32,1348.86
2008-02-15,3088.68,24148.43,1694.77,13622.56,4497.13,1349.99
2008-02-19,3098.06,24123.17,1720.52,13757.91,4664.29,1348.78
2008-02-20,3026.83,23590.58,1687.91,13310.37,4567.03,1360.03
2008-02-21,3054.81,23623.0,1704.36,13688.28,4527.18,1342.53
2008-02-22,3048.64,23305.04,1686.45,13500.46,4370.29,1353.11
2008-02-25,3064.95,23269.14,1709.13,13914.57,4192.53,1371.8
2008-02-26,3077.83,23714.75,1709.13,13824.72,4238.18,1381.29
2008-02-27,3094.45,24483.84,1720.89,14031.3,4334.05,1380.02
2008-02-28,3074.15,24591.69,1736.17,13925.51,4299.51,1367.68
2008-02-29,3026.45,24331.67,1711.62,13603.02,4348.54,1330.63
2008-03-03,2926.55,23584.97,1671.73,12992.18,4438.27,1331.34
2008-03-04,2919.68,23119.87,1676.18,12992.28,4335.45,1326.75
2008-03-05,2910.77,23114.34,1677.1,12972.06,4292.65,1333.7
2008-03-06,2917.92,23342.73,1697.44,13215.42,4360.99,1304.34
2008-03-07,2866.28,22501.33,1663.97,12782.8,4300.52,1293.37
2008-03-10,2836.59,22705.05,1625.17,12532.13,4146.3,1273.37
2008-03-11,2860.85,22995.35,1641.48,12658.28,4165.88,1320.65
2008-03-12,2917.94,23422.76,1658.83,12861.13,4070.12,1308.77
2008-03-13,2805.55,22301.64,1615.62,12433.44,3971.26,1315.48
2008-03-14,2839.01,22237.11,1600.26,12241.6,3962.67,1288.14
2008-03-17,2792.75,21084.61,1574.44,11787.51,3820.05,1276.6
2008-03-18,2833.58,21384.61,1588.75,11964.16,3668.9,1330.74
2008-03-19,2833.21,21866.94,1622.23,12260.44,3761.6,1298.42
2008-03-25,3000.19,22464.52,1674.93,12745.22,3629.62,1352.99
2008-03-26,2995.22,22617.01,1679.67,12706.63,3606.86,1341.13
2008-03-27,3025.2,22664.22,1676.24,12604.58,3411.49,1325.76
2008-03-28,3031.9,23285.95,1701.83,12820.47,3580.15,1315.22
2008-03-31,3007.36,22849.2,1703.99,12525.54,3472.71,1322.7
2008-04-01,3046.54,23137.46,1702.25,12656.42,3329.16,1370.18
2008-04-02,3124.61,23872.43,1742.19,13189.36,3347.88,1367.53
2008-04-03,3171.55,24264.63,1763.63,13389.9,3446.24,1369.31
2008-04-07,3181.92,24578.76,1773.56,13450.23,3599.62,1372.54
2008-04-08,3130.42,24311.69,1754.71,13250.43,3612.54,1365.54
2008-04-10,3064.6,24187.1,1764.64,12945.3,3471.74,1360.55
2008-04-11,3126.87,24667.79,1779.71,13323.73,3492.89,1332.83
2008-04-14,3042.96,23811.2,1746.71,12917.51,3296.67,1328.32
2008-04-15,3056.49,23901.33,1742.17,12990.58,3348.35,1334.43
2008-04-16,3087.49,23878.35,1758.56,13146.13,3291.6,1364.71
2008-04-17,3126.3,24258.96,1768.67,13398.3,3222.74,1365.56
2008-04-18,3124.87,24197.78,1771.9,13476.45,3094.67,1390.33
2008-04-21,3171.09,24721.67,1800.48,13696.55,3116.98,1388.17
2008-04-22,3187.23,24939.15,1787.49,13547.82,3147.79,1375.94
2008-04-23,3193.84,25289.24,1800.79,13579.16,3278.33,1379.93
2008-04-24,3177.55,25680.78,1799.34,13540.87,3583.03,1388.82
2008-04-25,3189.2,25516.78,1824.68,13863.47,3557.75,1397.84
2008-04-28,3201.63,25666.29,1823.17,13894.37,3474.72,1396.37
2008-04-30,3147.79,25755.35,1825.47,13849.99,3693.11,1385.59
2008-05-07,3228.95,25610.21,1854.01,14102.48,3579.15,1392.57
2008-05-08,3171.88,25449.79,1848.0,13943.26,3656.84,1397.68
2008-05-09,3162.03,25063.17,1823.7,13655.34,3613.49,1388.28
2008-05-13,3203.42,25552.77,1842.8,13953.73,3560.24,1403.04
2008-05-14,3198.51,25533.48,1843.75,14118.55,3657.43,1408.66
2008-05-15,3207.43,25513.71,1885.71,14251.74,3637.32,1423.57
2008-05-16,3241.49,25618.86,1888.88,14219.48,3624.23,1425.35
2008-05-20,3199.88,25169.46,1873.15,14160.09,3443.16,1413.4
2008-05-21,3196.9,25460.29,1847.51,13926.3,3544.19,1390.71
2008-05-22,3160.86,25043.12,1835.42,13978.46,3485.63,1394.35
2008-05-23,3122.15,24714.07,1827.94,14012.2,3473.09,1375.93
2008-05-27,3115.35,24282.04,1825.23,13893.31,3375.41,1385.35
2008-05-28,3132.78,24249.51,1805.64,13709.44,3459.03,1390.84
2008-05-29,3160.78,24383.99,1841.22,14124.47,3401.44,1398.26
2008-05-30,3192.62,24533.12,1852.02,14338.54,3433.35,1400.38
2008-06-02,3188.05,24831.36,1847.53,14440.14,3459.04,1385.67
2008-06-03,3153.94,24375.76,1819.39,14209.17,3436.4,1377.65
2008-06-04,3134.8,24123.25,1833.81,14435.57,3369.91,1377.2
2008-06-05,3143.89,24255.29,1832.31,14341.12,3351.65,1404.05
2008-06-10,3033.05,23375.52,1774.38,14021.17,3072.33,1358.44
2008-06-11,3046.77,23327.6,1781.67,14183.48,3024.24,1335.49
2008-06-12,3020.15,23023.86,1739.36,13888.6,2957.53,1339.87
2008-06-13,2979.56,22592.3,1747.35,13973.73,2868.8,1360.03
2008-06-16,3036.92,23029.69,1760.82,14354.37,2874.1,1360.14
2008-06-17,3028.24,23057.99,1750.71,14348.37,2794.75,1350.93
2008-06-18,3040.09,23325.8,1774.13,14452.82,2941.11,1337.81
2008-06-19,2992.66,22797.61,1740.72,14130.17,2748.87,1342.83
2008-06-20,3001.81,22745.6,1731.0,13942.08,2831.74,1317.93
2008-06-23,2979.15,22714.96,1715.59,13857.47,2760.42,1318.0
2008-06-24,2962.16,22456.02,1710.84,13849.56,2803.02,1314.29
2008-06-25,2986.62,22635.16,1717.79,13829.92,2905.01,1321.97
2008-06-26,2980.95,22455.67,1717.66,13822.32,2901.85,1283.15
2008-06-27,2955.91,22042.35,1684.45,13544.36,2748.43,1278.38
2008-06-30,2947.54,22102.01,1674.92,13481.38,2736.1,1280.0
2008-07-02,2906.23,21704.45,1623.6,13286.37,2651.73,1261.52
2008-07-03,2880.45,21242.78,1606.54,13265.4,2703.53,1262.9
2008-07-07,2934.12,21913.06,1579.72,13360.04,2792.4,1252.31
2008-07-08,2886.62,21220.81,1533.47,13033.1,2814.95,1273.7
2008-07-09,2917.62,21805.81,1519.38,13052.13,2920.55,1244.69
2008-07-10,2901.58,21821.78,1537.43,13067.21,2875.45,1253.39
2008-07-11,2926.84,22184.55,1567.51,13039.69,2856.63,1239.49
2008-07-14,2904.12,22014.46,1558.62,13010.16,2878.26,1228.3
2008-07-15,2830.75,21174.77,1509.33,12754.56,2779.45,1214.91
2008-07-16,2835.32,21223.5,1507.4,12760.8,2705.87,1245.36
2008-07-17,2864.1,21734.72,1525.56,12887.95,2684.78,1260.32
2008-07-18,2847.73,21874.19,1509.99,12803.7,2778.37,1260.68
2008-07-22,2890.66,22527.48,1561.23,13184.96,2846.12,1277.0
2008-07-23,2978.98,23134.55,1591.76,13312.93,2837.85,1282.19
2008-07-24,2977.91,23087.72,1626.14,13603.31,2910.29,1252.54
2008-07-25,2922.91,22740.71,1597.93,13334.76,2865.1,1257.76
2008-07-28,2910.36,22687.21,1598.29,13353.78,2903.01,1234.37
2008-07-29,2886.56,22258.0,1567.2,13159.45,2850.31,1263.2
2008-07-30,2925.5,22690.6,1577.7,13367.79,2836.67,1284.26
2008-07-31,2929.65,22731.1,1594.67,13376.81,2775.72,1267.38
2008-08-01,2906.07,22862.6,1573.77,13094.59,2801.82,1260.31
2008-08-04,2876.08,22514.92,1543.05,12933.18,2741.74,1249.01
2008-08-05,2860.51,21949.75,1535.54,12914.66,2690.75,1284.88
2008-08-07,2834.71,22104.2,1564.0,13124.99,2727.58,1266.07
2008-08-08,2807.54,21885.21,1568.72,13168.41,2605.72,1296.32
2008-08-11,2825.39,21859.34,1581.09,13430.91,2470.07,1305.32
2008-08-12,2816.82,21640.89,1577.12,13303.6,2457.2,1289.59
2008-08-13,2811.79,21293.32,1562.72,13023.05,2446.3,1285.83
2008-08-14,2816.66,21392.71,1572.19,12956.8,2437.08,1292.93
2008-08-18,2776.98,20930.67,1567.71,13165.45,2319.87,1278.6
2008-08-19,2728.39,20484.37,1541.41,12865.05,2344.47,1266.69
2008-08-20,2751.75,20931.26,1540.71,12851.69,2523.28,1274.54
2008-08-21,2713.47,20392.06,1512.59,12752.21,2431.72,1277.72
2008-08-25,2733.45,21104.79,1502.11,12878.66,2413.37,1266.84
2008-08-26,2707.19,21056.66,1490.25,12778.71,2350.08,1271.51
2008-08-27,2705.09,21464.72,1493.92,12752.96,2342.15,1281.66
2008-08-28,2691.0,20972.29,1474.15,12768.25,2350.14,1300.68
2008-08-29,2739.95,21261.89,1474.24,13072.87,2397.37,1282.83
2008-09-02,2758.94,21042.46,1407.14,12609.47,2304.89,1277.58
2008-09-03,2706.53,20585.06,1426.89,12689.59,2276.67,1274.98
2008-09-04,2626.05,20389.48,1426.43,12557.66,2277.41,1236.83
2008-09-05,2574.21,19933.28,1404.38,12212.23,2202.45,1242.31
2008-09-08,2694.49,20794.27,1476.65,12624.46,2143.42,1267.79
2008-09-09,2673.21,20491.11,1454.5,12400.65,2145.78,1224.51
2008-09-10,2622.41,19999.78,1464.98,12346.63,2150.76,1232.04
2008-09-11,2541.15,19388.72,1443.24,12102.5,2078.98,1249.05
2008-09-12,2570.67,19352.9,1477.92,12214.76,2079.67,1251.7
2008-09-16,2461.43,18300.61,1387.75,11609.72,1986.64,1213.6
2008-09-17,2419.29,17637.19,1425.26,11749.79,1929.05,1156.39
2008-09-18,2419.21,17632.46,1392.42,11489.3,1895.84,1206.51
2008-09-19,2559.07,19327.73,1455.78,11920.86,2075.09,1255.08
2008-09-22,2544.13,19632.2,1460.34,12090.59,2236.41,1207.09
2008-09-24,2477.6,18961.99,1495.98,12115.03,2216.81,1185.87
2008-09-25,2444.24,18934.43,1501.63,12006.53,2297.5,1209.18
2008-09-26,2411.46,18682.09,1476.33,11893.16,2293.78,1213.27
2008-10-06,2168.32,16803.76,1358.75,10473.09,2173.74,1056.89
2008-10-08,2033.61,15431.73,1286.69,9203.32,2092.22,984.94
2008-10-09,2102.71,15943.24,1294.89,9157.49,2074.58,909.92
2008-10-10,1948.33,14796.87,1241.47,8276.43,2000.57,899.22
2008-10-14,2128.31,16832.88,1367.69,9447.57,2017.32,998.01
2008-10-15,2059.39,15998.3,1340.28,9547.47,1994.67,907.84
2008-10-16,1951.2,15230.52,1213.78,8458.45,1909.94,946.43
2008-10-17,1878.51,14554.21,1180.67,8693.82,1930.65,940.55
2008-10-20,1939.22,15323.01,1207.63,9005.59,1974.01,985.4
2008-10-21,1920.79,15041.17,1196.1,9306.25,1958.53,955.05
2008-10-22,1821.13,14266.6,1134.59,8674.69,1895.82,896.78
2008-10-23,1745.67,13760.49,1049.71,8460.98,1875.56,908.11
2008-10-24,1600.28,12618.38,938.75,7649.08,1839.62,876.77
2008-10-27,1600.28,11015.84,946.45,7162.9,1723.35,848.92
2008-10-29,1671.2,12702.07,968.97,8211.9,1719.81,930.09
2008-10-30,1801.91,14329.85,1084.72,9029.76,1763.61,954.09
2008-10-31,1794.2,13968.67,1113.06,8576.98,1728.79,968.75
2008-11-04,1829.69,14384.34,1153.35,9114.6,1706.7,1005.75
2008-11-05,1868.82,14840.16,1181.5,9521.24,1760.61,952.77
2008-11-06,1819.2,13790.04,1092.22,8899.14,1717.72,904.88
2008-11-07,1863.49,14243.43,1134.49,8583.0,1747.71,930.99
2008-11-10,1885.02,14744.63,1152.46,9081.43,1874.8,919.21
2008-11-11,1806.96,14040.9,1128.73,8809.3,1843.61,898.95
2008-11-12,1784.01,13939.09,1123.86,8695.51,1859.11,852.3
2008-11-13,1755.47,13221.35,1088.44,8238.64,1927.61,911.29
2008-11-14,1759.14,13542.66,1088.26,8462.39,1986.44,873.29
2008-11-17,1749.67,13529.53,1078.32,8522.58,2030.48,850.75
2008-11-18,1692.55,12915.89,1036.16,8328.41,1902.43,859.12
2008-11-19,1665.59,12815.8,1016.82,8273.22,2017.47,806.58
2008-11-20,1613.95,12298.56,948.69,7703.04,1983.76,752.44
2008-11-21,1662.1,12659.2,1003.73,7910.79,1969.39,800.03
2008-11-25,1653.25,12878.6,983.32,8323.93,1888.71,857.39
2008-11-26,1711.13,13369.45,1029.78,8213.22,1897.88,887.68
2008-11-28,1732.57,13888.24,1076.07,8512.27,1871.16,896.24
2008-12-01,1690.23,14108.84,1058.62,8397.22,1894.61,816.21
2008-12-02,1639.18,13405.85,1023.2,7863.69,1889.64,848.81
2008-12-03,1640.57,13588.66,1022.67,8004.1,1965.41,870.74
2008-12-04,1643.68,13509.78,1006.54,7924.24,2001.5,845.22
2008-12-05,1659.17,13846.09,1028.13,7917.51,2018.66,876.07
2008-12-09,1754.58,14753.22,1105.84,8395.87,2037.74,888.67
2008-12-10,1821.7,15577.74,1145.87,8660.24,2079.12,899.24
2008-12-11,1794.16,15613.9,1154.43,8720.55,2031.68,873.59
2008-12-12,1740.34,14758.39,1103.82,8235.87,1954.21,879.73
2008-12-16,1782.09,15130.21,1161.56,8568.02,1975.01,913.18
2008-12-17,1779.29,15460.52,1169.75,8612.52,1976.82,904.42
2008-12-18,1798.95,15497.81,1175.91,8667.23,2015.69,885.28
2008-12-19,1795.47,15127.51,1180.97,8588.52,2018.46,887.88
2008-12-22,1745.63,14622.39,1179.61,8723.78,1987.76,871.63
2008-12-24,1736.99,14184.14,1128.51,8517.1,1863.8,868.15
2008-12-29,1780.57,14328.48,1117.59,8747.17,1850.48,869.42
2008-12-30,1770.65,14235.5,1124.47,8859.56,1832.91,890.64
2009-01-05,1924.87,15563.31,1173.57,9043.12,1880.72,927.45
2009-01-06,1913.66,15509.51,1194.28,9080.84,1937.15,934.7
2009-01-07,1880.58,14987.46,1228.17,9239.24,1924.01,906.65
2009-01-08,1827.61,14415.91,1205.7,8876.42,1878.18,909.73
2009-01-09,1806.02,14377.44,1180.96,8836.8,1904.86,890.35
2009-01-13,1761.82,13668.05,1167.71,8413.91,1863.37,871.79
2009-01-14,1764.72,13704.61,1182.68,8438.45,1928.87,842.62
2009-01-15,1704.06,13242.96,1111.34,8023.31,1920.21,843.74
2009-01-16,1730.45,13255.51,1135.2,8230.15,1954.44,850.12
2009-01-20,1723.37,12959.77,1126.81,8065.79,1994.11,805.22
2009-01-21,1704.52,12583.63,1103.61,7901.64,1985.02,840.24
2009-01-22,1708.77,12657.99,1116.23,8051.74,2004.95,827.5
2009-01-23,1685.23,12578.6,1093.4,7745.25,1990.66,831.95
2009-02-02,1705.29,12861.49,1146.95,7873.98,2011.68,825.44
2009-02-03,1711.92,12776.89,1163.2,7825.51,2060.81,838.51
2009-02-04,1707.39,13063.89,1195.37,8038.94,2107.75,832.23
2009-02-05,1704.6,13178.9,1177.88,7949.65,2098.02,845.85
2009-02-06,1715.35,13655.04,1210.26,8076.62,2181.24,868.6
2009-02-09,1682.34,13769.06,1202.69,7969.03,2224.71,869.89
2009-02-10,1703.29,13880.64,1198.87,7945.94,2265.16,827.16
2009-02-12,1684.96,13228.3,1179.84,7705.36,2248.09,835.19
2009-02-13,1705.64,13554.67,1192.44,7779.4,2320.79,826.84
2009-02-17,1637.92,12945.4,1127.19,7645.51,2319.44,789.17
2009-02-18,1651.06,13016.0,1113.19,7534.44,2209.86,788.42
2009-02-19,1629.35,13023.36,1107.1,7557.65,2227.12,778.94
2009-02-20,1594.94,12699.17,1065.95,7416.38,2261.48,770.05
2009-02-23,1630.69,13175.1,1099.55,7376.16,2305.78,743.33
2009-02-24,1614.44,12798.52,1063.88,7268.56,2200.65,773.14
2009-02-25,1616.79,13005.08,1067.08,7461.22,2206.57,764.9
2009-02-26,1617.44,12894.94,1054.79,7457.93,2121.25,752.83
2009-02-27,1594.87,12811.57,1063.03,7568.42,2082.85,735.09
2009-03-02,1533.4,12317.46,1018.81,7280.15,2093.45,700.82
2009-03-03,1528.51,12033.88,1025.57,7229.72,2071.43,696.33
2009-03-04,1544.34,12331.15,1059.26,7290.96,2198.11,712.87
2009-03-05,1518.64,12211.24,1058.18,7433.49,2221.08,682.55
2009-03-06,1513.12,11921.52,1055.03,7173.1,2193.01,683.38
2009-03-09,1456.95,11344.58,1071.73,7086.03,2118.75,676.53
2009-03-10,1485.75,11694.05,1092.2,7054.98,2158.57,719.6
2009-03-11,1505.51,11930.66,1127.51,7376.12,2139.02,721.36
2009-03-12,1493.53,12001.53,1128.39,7198.25,2133.88,750.74
2009-03-13,1577.52,12525.8,1126.03,7569.28,2128.85,756.55
2009-03-16,1586.32,12976.71,1125.46,7704.15,2153.29,753.89
2009-03-17,1559.03,12878.09,1163.88,7949.13,2218.33,778.12
2009-03-18,1575.94,13117.17,1169.95,7972.17,2223.73,794.35
2009-03-19,1584.86,13130.92,1161.81,7945.96,2265.76,784.04
2009-03-23,1664.08,13447.42,1199.5,8215.53,2325.48,822.92
2009-03-24,1706.34,13910.34,1221.7,8488.3,2338.42,806.12
2009-03-25,1691.68,13622.11,1229.02,8479.99,2291.55,813.88
2009-03-26,1758.79,14108.98,1243.8,8636.33,2361.7,832.86
2009-03-27,1745.66,14119.5,1237.51,8626.97,2374.44,815.94
2009-03-30,1673.14,13456.33,1197.46,8236.08,2358.04,787.53
2009-03-31,1699.99,13576.02,1206.26,8109.53,2373.21,797.87
2009-04-01,1702.26,13519.54,1233.36,8351.91,2408.02,811.08
2009-04-02,1803.34,14521.97,1276.97,8719.78,2425.29,834.38
2009-04-03,1820.87,14545.69,1283.75,8749.84,2419.78,842.5
2009-04-07,1802.39,14928.97,1300.1,8832.85,2439.18,815.55
2009-04-08,1783.96,14474.86,1262.07,8595.01,2347.39,825.16
2009-04-09,1828.51,14901.41,1316.35,8916.06,2379.88,856.56
2009-04-14,1897.02,15580.16,1342.63,8842.68,2527.18,841.5
2009-04-15,1905.99,15669.62,1333.09,8742.96,2536.06,852.06
2009-04-16,1891.75,15582.99,1336.72,8755.26,2534.13,865.3
2009-04-17,1896.56,15601.27,1329.0,8907.58,2503.94,869.6
2009-04-20,1874.85,15750.91,1336.39,8924.75,2557.46,832.39
2009-04-21,1887.25,15285.89,1336.81,8711.33,2535.83,850.08
2009-04-22,1843.41,14878.45,1356.02,8727.3,2461.35,843.55
2009-04-23,1859.98,15214.46,1368.8,8847.01,2463.95,851.92
2009-04-24,1852.85,15258.85,1354.1,8707.99,2448.59,866.23
2009-04-27,1818.61,14840.42,1339.83,8726.34,2405.35,857.51
2009-04-28,1808.41,14555.11,1300.24,8493.77,2401.44,855.16
2009-04-30,1920.28,15520.99,1369.36,8828.26,2477.57,872.81
2009-05-07,2241.6,17217.89,1401.08,9385.7,2597.45,907.39
2009-05-08,2238.21,17389.87,1412.13,9432.83,2625.65,929.23
2009-05-11,2166.1,17087.95,1415.16,9451.98,2579.75,909.24
2009-05-12,2178.13,17153.64,1403.51,9298.61,2618.17,908.35
2009-05-13,2185.29,17059.62,1414.52,9340.49,2663.77,883.92
2009-05-14,2122.11,16541.69,1380.95,9093.73,2639.89,893.07
2009-05-15,2139.78,16790.7,1391.73,9265.02,2645.26,882.88
2009-05-18,2176.98,17022.91,1386.68,9038.69,2652.78,909.71
2009-05-19,2260.36,17544.03,1428.21,9290.29,2676.68,908.13
2009-05-20,2269.24,17475.84,1435.7,9344.64,2651.41,903.47
2009-05-21,2210.97,17199.49,1421.65,9264.15,2610.62,888.33
2009-05-22,2245.27,17062.52,1403.75,9225.81,2597.6,887.0
2009-05-26,2238.79,16991.56,1372.04,9310.81,2588.57,910.33
2009-05-27,2306.08,17885.27,1362.02,9438.77,2632.93,893.06
2009-06-01,2380.07,18888.59,1415.1,9677.75,2721.28,942.87
2009-06-02,2375.82,18389.08,1412.85,9704.31,2724.3,944.74
2009-06-03,2383.82,18576.47,1414.89,9741.67,2778.59,931.76
2009-06-04,2362.74,18502.77,1378.14,9668.96,2767.24,942.46
2009-06-05,2396.35,18679.53,1394.71,9768.01,2753.89,940.09
2009-06-08,2333.7,18253.39,1393.3,9865.63,2768.34,939.14
2009-06-09,2349.87,18058.49,1371.84,9786.82,2787.89,942.43
2009-06-10,2391.22,18785.66,1414.88,9991.49,2816.25,939.15
2009-06-11,2381.81,18791.03,1419.39,9981.33,2797.32,944.89
2009-06-12,2377.07,18889.68,1428.59,10135.82,2743.76,946.21
2009-06-15,2316.56,18498.96,1412.42,10039.67,2789.55,923.72
2009-06-16,2288.16,18165.5,1399.15,9752.88,2776.02,911.97
2009-06-17,2271.45,18084.6,1391.17,9840.85,2810.12,910.71
2009-06-18,2237.2,17776.66,1375.76,9703.72,2853.9,918.37
2009-06-19,2273.18,17920.93,1383.34,9786.26,2880.49,921.23
2009-06-22,2266.92,18059.55,1399.71,9826.27,2896.3,893.04
2009-06-23,2226.1,17538.37,1360.54,9549.61,2892.7,895.1
2009-06-24,2278.96,17892.15,1363.79,9590.32,2922.3,900.94
2009-06-25,2302.46,18275.03,1392.73,9796.08,2925.05,920.26
2009-06-26,2317.95,18600.26,1394.53,9877.39,2928.21,918.9
2009-06-29,2317.17,18528.51,1388.45,9783.47,2975.31,927.23
2009-06-30,2333.14,18378.73,1390.07,9958.44,2959.36,919.32
2009-07-02,2320.82,18178.05,1411.48,9876.15,3060.25,896.42
2009-07-06,2266.09,17979.41,1428.94,9680.87,3124.67,898.72
2009-07-07,2272.26,17862.27,1434.2,9647.79,3089.45,881.03
2009-07-08,2259.77,17721.07,1431.02,9420.75,3080.77,879.56
2009-07-09,2307.61,17790.59,1430.89,9291.06,3123.03,882.68
2009-07-10,2307.98,17708.42,1428.62,9287.28,3113.93,879.13
2009-07-13,2266.64,17254.63,1378.12,9050.33,3080.56,901.05
2009-07-14,2310.55,17885.73,1385.56,9261.81,3145.16,905.84
2009-07-15,2389.42,18258.66,1420.86,9269.25,3188.55,932.68
2009-07-16,2401.02,18361.87,1432.22,9344.16,3183.74,940.74
2009-07-17,2430.96,18805.66,1440.1,9395.32,3189.74,940.38
2009-07-21,2454.33,19501.73,1488.99,9652.02,3213.21,954.58
2009-07-22,2450.83,19248.17,1494.04,9723.16,3296.61,954.07
2009-07-23,2484.9,19817.7,1496.49,9792.94,3328.49,976.29
2009-07-24,2533.43,19982.79,1502.59,9944.55,3372.6,979.26
2009-07-27,2576.66,20251.62,1524.05,10088.66,3435.21,982.18
2009-07-28,2624.04,20624.54,1526.03,10087.26,3438.37,979.62
2009-07-29,2604.06,20135.5,1524.32,10113.24,3266.43,975.15
2009-07-30,2636.19,20234.08,1534.74,10165.21,3321.56,986.75
2009-07-31,2659.2,20573.33,1557.29,10356.83,3412.06,987.48
2009-08-03,2681.64,20807.26,1564.98,10352.47,3462.59,1002.63
2009-08-04,2648.76,20796.43,1566.37,10375.01,3471.44,1005.65
2009-08-05,2606.83,20494.77,1559.47,10252.53,3428.5,1002.72
2009-08-06,2601.5,20899.24,1565.04,10388.09,3356.33,997.08
2009-08-07,2549.35,20375.37,1576.0,10412.09,3260.69,1010.48
2009-08-11,2597.3,21074.21,1579.21,10585.46,3264.73,994.35
2009-08-12,2571.31,20435.24,1565.35,10435.0,3112.72,1005.81
2009-08-13,2614.18,20861.3,1564.64,10517.19,3140.56,1012.73
2009-08-14,2631.51,20893.33,1591.41,10597.33,3046.97,1004.09
2009-08-17,2545.98,20137.65,1547.06,10268.61,2870.63,979.73
2009-08-18,2567.72,20306.27,1550.24,10284.96,2910.88,989.67
2009-08-19,2522.78,19954.23,1545.96,10204.0,2785.58,996.46
2009-08-20,2559.57,20328.86,1576.39,10383.41,2911.58,1007.37
2009-08-21,2544.86,20199.02,1580.98,10238.2,2960.77,1026.13
2009-08-24,2612.33,20535.94,1612.22,10581.05,2993.43,1025.57
2009-08-25,2618.76,20435.24,1601.38,10497.36,2915.8,1028.0
2009-08-26,2628.43,20456.32,1614.12,10639.71,2967.59,1028.12
2009-08-27,2642.23,20242.75,1599.33,10473.97,2946.4,1030.98
2009-08-28,2642.8,20098.62,1607.94,10534.14,2860.69,1028.93
2009-08-31,2592.9,19724.19,1591.85,10492.53,2667.75,1020.62
2009-09-02,2569.93,19522.0,1613.16,10280.46,2714.97,994.75
2009-09-03,2598.36,19761.68,1613.53,10214.64,2845.02,1003.24
2009-09-04,2622.69,20318.62,1608.9,10187.11,2861.61,1016.4
2009-09-08,2660.91,21069.81,1619.69,10393.23,2930.48,1025.39
2009-09-09,2650.48,20851.04,1607.77,10312.14,2946.26,1033.37
2009-09-10,2682.02,21069.56,1644.68,10513.67,2924.88,1044.14
2009-09-11,2681.03,21161.42,1651.7,10444.33,2989.79,1042.73
2009-09-14,2639.74,20932.2,1634.91,10202.06,3026.74,1049.34
2009-09-15,2638.4,20866.37,1653.4,10217.62,3033.73,1052.63
2009-09-16,2674.42,21402.92,1683.33,10270.77,2999.71,1068.76
2009-09-17,2672.6,21768.51,1695.47,10443.8,3060.26,1065.49
2009-09-18,2647.91,21623.45,1699.71,10370.54,2962.67,1068.3
2009-09-24,2667.43,21050.73,1693.88,10544.22,2853.55,1050.78
2009-09-25,2662.82,21024.4,1691.48,10265.98,2838.84,1044.38
2009-09-28,2629.25,20588.41,1675.55,10009.52,2763.52,1062.98
2009-09-29,2663.31,21013.17,1690.05,10100.2,2754.54,1060.61
2009-09-30,2672.57,20955.25,1673.14,10133.23,2779.43,1057.08
2009-10-09,2652.51,21499.44,1646.79,10016.39,2911.72,1071.49
2009-10-13,2668.4,21467.36,1628.93,10076.56,2936.19,1073.19
2009-10-14,2708.48,21886.48,1649.09,10060.21,2970.53,1092.02
2009-10-15,2712.15,21999.08,1658.99,10238.65,2979.79,1096.56
2009-10-16,2708.12,21929.9,1640.36,10257.56,2976.63,1087.68
2009-10-19,2711.7,22200.46,1649.07,10236.51,3038.27,1097.91
2009-10-20,2711.09,22384.96,1659.15,10336.84,3084.45,1091.06
2009-10-21,2692.55,22318.11,1653.86,10333.39,3070.59,1081.4
2009-10-22,2681.97,22210.52,1630.33,10267.17,3051.41,1092.91
2009-10-23,2715.34,22589.73,1640.17,10282.99,3107.85,1079.6
2009-10-27,2694.5,22169.59,1649.53,10212.46,3021.46,1063.41
2009-10-28,2648.98,21761.58,1609.71,10075.05,3031.33,1042.63
2009-10-29,2632.31,21264.99,1585.85,9891.1,2960.47,1066.11
2009-10-30,2651.13,21752.87,1580.69,10034.74,2995.85,1036.19
2009-11-02,2645.43,21620.19,1559.09,9802.95,3076.65,1042.88
2009-11-04,2648.64,21614.77,1579.93,9844.31,3128.54,1046.5
2009-11-05,2629.35,21479.08,1552.24,9717.44,3155.05,1066.63
2009-11-06,2658.21,21829.72,1572.46,9789.35,3164.04,1069.3
2009-11-09,2693.38,22207.55,1576.79,9808.99,3175.58,1093.08
2009-11-10,2707.6,22268.16,1582.3,9870.73,3178.61,1093.01
2009-11-11,2740.43,22627.21,1594.82,9871.68,3175.19,1098.51
2009-11-12,2726.24,22397.57,1572.73,9804.49,3172.95,1087.24
2009-11-13,2727.23,22553.63,1571.99,9770.31,3187.65,1093.48
2009-11-17,2764.95,22914.15,1585.98,9729.93,3282.89,1110.32
2009-11-18,2745.04,22840.33,1603.97,9676.8,3303.23,1109.8
2009-11-19,2758.79,22643.16,1620.54,9549.47,3320.61,1094.9
2009-11-20,2761.54,22455.84,1620.6,9497.68,3308.35,1091.38
2009-11-24,2779.98,22423.14,1606.42,9401.58,3223.53,1105.65
2009-11-25,2792.84,22611.8,1611.88,9441.64,3290.17,1110.63
2009-11-30,2732.12,21821.5,1555.6,9345.55,3195.3,1095.63
2009-12-01,2770.95,22113.15,1569.72,9572.2,3235.36,1108.86
2009-12-02,2796.34,22289.57,1591.63,9608.94,3269.75,1109.24
2009-12-03,2808.18,22553.87,1615.0,9977.67,3264.63,1099.92
2009-12-04,2791.01,22498.15,1624.76,10022.59,3317.04,1105.98
2009-12-07,2796.98,22324.96,1632.65,10167.6,3331.9,1103.25
2009-12-08,2805.5,22060.52,1627.78,10140.47,3296.66,1091.94
2009-12-09,2797.21,21741.76,1634.17,10004.72,3239.57,1095.95
2009-12-10,2781.86,21700.04,1652.73,9862.82,3254.26,1102.35
2009-12-11,2800.75,21902.11,1656.9,10107.87,3247.32,1106.41
2009-12-14,2799.54,22085.75,1664.77,10105.68,3302.9,1114.11
2009-12-15,2798.7,21813.92,1665.85,10083.48,3274.46,1107.93
2009-12-16,2813.93,21611.74,1664.24,10177.41,3255.21,1109.18
2009-12-17,2813.27,21347.63,1647.84,10163.8,3179.08,1096.08
2009-12-18,2802.59,21175.88,1647.04,10142.05,3113.89,1102.47
2009-12-21,2786.81,20948.1,1644.23,10183.47,3122.97,1114.05
2009-12-22,2823.82,21092.04,1655.54,10378.03,3050.52,1118.02
2009-12-28,2855.68,21480.22,1685.59,10634.23,3188.78,1127.78
2009-12-29,2869.76,21499.44,1672.48,10638.06,3211.76,1126.2
2009-12-30,2879.76,21496.62,1682.77,10546.44,3262.6,1126.42
2010-01-04,2894.55,21823.28,1696.14,10654.79,3243.76,1132.99
2010-01-05,2920.28,22279.58,1690.62,10681.83,3282.18,1136.52
2010-01-06,2930.49,22416.67,1705.32,10731.45,3254.22,1137.14
2010-01-07,2913.25,22269.45,1683.45,10681.66,3192.78,1141.69
2010-01-08,2922.76,22296.75,1695.26,10798.32,3196.0,1144.98
2010-01-12,2916.11,22326.64,1698.64,10879.14,3273.97,1136.22
2010-01-13,2888.38,21748.6,1671.41,10735.03,3172.66,1145.68
2010-01-14,2909.52,21716.95,1685.77,10907.68,3215.55,1148.46
2010-01-15,2908.42,21654.16,1701.8,10982.1,3224.15,1136.03
2010-01-19,2912.92,21677.98,1710.22,10764.9,3246.87,1150.23
2010-01-20,2893.13,21286.17,1714.38,10737.52,3151.85,1138.04
2010-01-21,2850.98,20862.67,1722.01,10868.41,3158.86,1116.48
2010-01-22,2819.71,20726.18,1684.35,10590.55,3128.59,1091.76
2010-01-25,2811.71,20598.55,1670.2,10512.69,3094.41,1096.78
2010-01-26,2740.33,20109.33,1637.34,10325.28,3019.39,1092.17
2010-01-27,2706.26,20033.07,1625.48,10252.08,2986.61,1097.5
2010-01-28,2757.68,20356.37,1642.43,10414.29,2994.14,1084.53
2010-01-29,2745.35,20121.99,1602.43,10198.04,2989.29,1073.87
2010-02-01,2736.17,20243.75,1606.44,10205.02,2941.36,1089.19
2010-02-02,2720.87,20272.18,1595.81,10371.09,2934.71,1103.32
2010-02-03,2764.84,20722.08,1615.02,10404.33,3003.83,1097.28
2010-02-04,2744.98,20341.64,1616.42,10355.98,2995.31,1063.11
2010-02-05,2683.56,19665.08,1567.12,10057.09,2939.4,1066.19
2010-02-08,2693.62,19550.89,1552.79,9951.82,2935.17,1056.74
2010-02-09,2745.02,19790.28,1570.49,9932.9,2948.84,1070.52
2010-02-10,2734.39,19922.22,1570.12,9963.99,2982.5,1068.13
2010-02-12,2758.9,20268.69,1593.66,10092.19,3018.13,1075.51
2010-02-22,2757.46,20377.27,1627.1,10400.47,3003.4,1108.01
2010-02-23,2782.55,20623.0,1628.9,10352.1,2982.57,1094.6
2010-02-24,2762.14,20467.74,1612.83,10198.83,3022.18,1105.24
2010-02-25,2749.15,20399.57,1587.51,10101.96,3060.62,1102.94
2010-02-26,2750.86,20608.7,1594.58,10126.03,3051.94,1104.49
2010-03-02,2772.2,20906.11,1615.12,10221.84,3073.11,1118.31
2010-03-03,2782.79,20876.79,1622.44,10253.14,3097.0,1118.79
2010-03-04,2768.7,20575.78,1618.2,10145.72,3023.37,1122.97
2010-03-05,2790.29,20787.97,1634.57,10368.96,3031.06,1138.7
2010-03-08,2834.57,21196.87,1660.04,10585.92,3053.23,1138.5
2010-03-09,2839.54,21207.55,1660.83,10567.65,3069.14,1140.45
2010-03-10,2862.29,21208.29,1662.24,10563.92,3048.93,1145.61
2010-03-11,2873.91,21228.2,1656.62,10664.95,3051.28,1150.24
2010-03-12,2881.36,21209.74,1662.74,10751.26,3013.41,1149.99
2010-03-15,2874.33,21079.1,1649.5,10751.98,2976.94,1150.51
2010-03-16,2896.43,21022.93,1648.01,10721.71,2992.84,1159.46
2010-03-17,2919.3,21384.49,1682.86,10846.98,3050.48,1166.21
2010-03-18,2913.94,21330.67,1675.17,10744.03,3046.09,1165.83
2010-03-19,2915.7,21370.82,1686.11,10824.72,3067.75,1159.9
2010-03-23,2905.66,20987.78,1681.82,10774.15,3053.12,1174.17
2010-03-24,2886.36,21008.62,1681.01,10815.03,3056.81,1167.72
2010-03-25,2888.37,20778.55,1688.39,10828.85,3019.18,1165.73
2010-03-26,2906.28,21053.11,1697.72,10996.37,3059.72,1166.59
2010-03-29,2929.14,21237.43,1691.99,10986.47,3123.8,1173.22
2010-03-30,2933.39,21374.79,1700.19,11097.14,3128.47,1173.27
2010-03-31,2887.46,21239.35,1692.85,11089.94,3109.1,1169.43
2010-04-01,2943.02,21537.0,1719.17,11244.4,3147.42,1178.1
2010-04-07,2988.1,21928.77,1726.6,11292.83,3148.22,1182.45
2010-04-08,2963.19,21867.04,1733.78,11168.2,3118.71,1186.44
2010-04-09,2971.97,22208.5,1724.47,11204.34,3145.35,1194.37
2010-04-12,2977.17,22138.17,1710.3,11251.9,3129.26,1196.48
2010-04-13,2971.6,22103.53,1710.59,11161.23,3161.25,1197.3
2010-04-14,3019.74,22121.43,1735.33,11204.9,3166.18,1210.65
2010-04-15,3016.94,22157.82,1743.91,11273.79,3164.97,1211.67
2010-04-16,3007.19,21865.26,1734.49,11102.18,3130.3,1192.13
2010-04-19,2960.93,21405.17,1705.3,10908.77,2980.3,1197.52
2010-04-20,2981.37,21623.38,1718.03,10900.68,2979.53,1207.17
2010-04-21,2967.65,21510.93,1747.58,11090.05,3033.28,1205.94
2010-04-22,2980.69,21454.94,1739.52,10949.09,2999.48,1208.67
2010-04-23,2988.49,21244.49,1737.03,10914.46,2983.54,1217.28
2010-04-26,3002.62,21587.06,1752.2,11165.79,2969.5,1212.05
2010-04-27,2991.68,21261.79,1749.55,11212.66,2907.93,1183.71
2010-04-28,2932.04,20949.4,1733.91,10924.79,2900.33,1191.36
2010-04-30,2974.61,21108.59,1741.56,11057.4,2870.61,1186.69
2010-05-06,2839.65,20133.41,1684.71,10695.69,2739.7,1128.15
2010-05-07,2821.11,19920.29,1647.5,10364.59,2688.38,1110.88
2010-05-10,2880.48,20426.64,1677.63,10530.7,2698.76,1159.73
2010-05-11,2857.67,20146.51,1670.24,10411.1,2647.57,1155.79
2010-05-12,2880.33,20212.49,1663.03,10394.03,2655.71,1171.67
2010-05-13,2867.92,20422.46,1694.58,10620.55,2710.51,1157.44
2010-05-14,2855.21,20145.43,1695.63,10462.51,2696.63,1135.68
2010-05-17,2833.69,19715.2,1651.51,10235.76,2559.93,1136.94
2010-05-18,2844.35,19944.94,1643.24,10242.64,2594.78,1120.8
2010-05-19,2774.54,19578.98,1630.08,10186.84,2587.81,1115.05
2010-05-20,2753.51,19545.83,1600.18,10030.31,2555.94,1071.59
2010-05-24,2723.87,19667.76,1604.93,9758.4,2673.42,1073.65
2010-05-25,2650.61,18985.5,1560.83,9459.89,2622.63,1074.03
2010-05-26,2696.02,19196.45,1582.12,9522.66,2625.79,1067.95
2010-05-27,2739.7,19431.37,1607.5,9639.72,2655.92,1103.06
2010-06-01,2715.44,19496.95,1630.4,9711.83,2568.28,1070.71
2010-06-03,2793.47,19786.71,1661.84,9914.19,2552.66,1102.83
2010-06-04,2806.51,19780.07,1664.13,9901.19,2553.59,1064.88
2010-06-07,2751.88,19378.15,1637.97,9520.8,2511.73,1050.47
2010-06-08,2746.61,19487.48,1651.48,9537.94,2513.95,1062.0
2010-06-09,2745.8,19621.24,1647.22,9439.13,2583.87,1055.69
2010-06-10,2779.58,19632.7,1651.7,9542.65,2562.58,1086.84
2010-06-11,2796.29,19872.38,1675.34,9705.25,2569.94,1091.6
2010-06-17,2843.95,20138.4,1707.92,9999.4,2560.25,1116.04
2010-06-18,2833.4,20286.71,1711.95,9995.02,2513.22,1117.51
2010-06-21,2885.64,20912.18,1739.68,10238.01,2586.21,1113.2
2010-06-22,2872.3,20819.08,1731.48,10112.89,2588.7,1095.31
2010-06-23,2871.05,20856.61,1725.82,9923.7,2569.87,1092.04
2010-06-24,2847.61,20733.49,1739.87,9928.34,2566.75,1073.69
2010-06-25,2851.64,20690.79,1729.84,9737.48,2552.82,1076.76
2010-06-28,2869.99,20726.68,1732.03,9693.94,2535.28,1074.57
2010-06-29,2830.34,20248.9,1707.76,9570.67,2427.05,1041.24
2010-06-30,2835.51,20128.99,1698.29,9382.64,2398.37,1030.71
2010-07-02,2844.19,19905.32,1671.82,9203.71,2382.9,1022.58
2010-07-06,2868.02,20084.12,1684.94,9338.04,2409.42,1028.06
2010-07-07,2861.03,19857.07,1675.65,9279.65,2421.12,1060.27
2010-07-08,2897.15,20050.56,1698.64,9535.74,2415.15,1070.25
2010-07-09,2917.17,20378.66,1723.01,9585.32,2470.92,1077.96
2010-07-12,2925.32,20467.43,1734.05,9548.11,2490.72,1078.75
2010-07-13,2928.7,20431.06,1735.08,9537.23,2450.28,1095.34
2010-07-14,2952.81,20560.81,1758.01,9795.24,2470.44,1095.17
2010-07-15,2943.55,20255.62,1751.29,9685.53,2424.3,1096.48
2010-07-16,2957.72,20250.16,1738.45,9408.36,2424.27,1064.88
2010-07-21,2926.09,20487.23,1748.78,9278.83,2535.39,1069.59
2010-07-22,2955.67,20589.7,1735.53,9220.88,2562.41,1093.67
2010-07-23,2973.47,20815.33,1758.06,9430.96,2572.03,1102.66
2010-07-26,2966.99,20839.91,1769.07,9503.66,2588.68,1115.01
2010-07-27,2979.38,20973.39,1768.31,9496.85,2575.37,1113.84
2010-07-28,2985.38,21091.18,1773.47,9753.27,2633.66,1106.13
2010-07-29,2997.65,21093.82,1770.88,9696.02,2648.12,1101.53
2010-07-30,2987.7,21029.81,1759.33,9537.3,2637.5,1101.6
2010-08-03,3014.77,21457.66,1790.6,9694.01,2627.0,1120.46
2010-08-04,3001.87,21549.88,1789.26,9489.34,2638.52,1127.24
2010-08-05,3006.76,21551.72,1783.86,9653.92,2620.76,1125.81
2010-08-06,2995.06,21678.8,1783.83,9642.12,2658.39,1121.64
2010-08-10,2984.29,21473.6,1781.13,9551.05,2595.27,1121.06
2010-08-11,2949.26,21294.54,1758.19,9292.85,2607.5,1089.47
2010-08-12,2927.04,21105.71,1721.75,9212.59,2575.48,1083.61
2010-08-13,2939.97,21071.57,1746.24,9253.46,2606.7,1079.25
2010-08-16,2933.51,21112.12,1743.31,9196.67,2661.71,1079.38
2010-08-17,2923.36,21137.43,1755.03,9161.68,2671.89,1092.54
2010-08-18,2919.37,21022.73,1761.99,9240.54,2666.3,1094.16
2010-08-19,2946.77,21072.46,1779.64,9362.68,2687.98,1075.63
2010-08-20,2936.48,20981.82,1775.54,9179.38,2642.31,1071.69
2010-08-23,2925.99,20889.01,1767.71,9116.69,2639.37,1067.36
2010-08-24,2922.85,20658.71,1760.53,8995.14,2650.31,1051.87
2010-08-25,2926.55,20634.98,1734.79,8845.39,2596.58,1055.33
2010-08-26,2925.87,20612.06,1729.76,8906.48,2603.48,1047.22
2010-08-27,2938.74,20597.35,1729.56,8991.06,2610.74,1064.59
2010-08-30,2957.06,20737.22,1760.13,9149.26,2652.66,1048.92
2010-08-31,2950.33,20536.49,1742.75,8824.06,2638.8,1049.33
2010-09-01,2982.83,20623.83,1764.69,8927.02,2622.88,1080.29
2010-09-02,2986.66,20868.92,1775.73,9062.84,2655.78,1090.1
2010-09-03,3002.56,20971.5,1780.02,9114.13,2655.39,1104.51
2010-09-07,3036.09,21401.79,1787.74,9226.0,2698.36,1091.84
2010-09-08,3011.42,21088.86,1779.22,9024.6,2695.29,1098.87
2010-09-09,3022.28,21167.27,1784.36,9098.39,2656.35,1104.18
2010-09-13,3066.81,21658.35,1818.86,9321.82,2688.32,1121.9
2010-09-14,3048.65,21696.04,1815.25,9299.31,2688.52,1121.1
2010-09-16,3067.11,21691.45,1811.85,9509.5,2602.47,1124.66
2010-09-17,3076.37,21970.86,1827.35,9626.09,2598.69,1125.59
2010-09-27,3113.46,22340.84,1860.83,9603.14,2627.97,1142.16
2010-09-28,3097.35,22109.95,1855.97,9495.76,2611.35,1147.7
2010-09-29,3106.03,22378.67,1866.45,9559.38,2610.68,1144.73
2010-09-30,3097.63,22358.17,1872.81,9369.35,2655.66,1141.2
2010-10-08,3153.34,22944.18,1897.07,9588.88,2738.74,1165.15
2010-10-12,3149.36,23121.7,1868.04,9388.64,2841.41,1169.77
2010-10-13,3202.16,23457.69,1876.15,9403.51,2861.36,1178.1
2010-10-14,3195.02,23852.17,1899.76,9583.51,2879.64,1173.81
2010-10-15,3204.27,23757.63,1902.29,9500.25,2971.16,1176.19
2010-10-18,3181.27,23469.38,1875.42,9498.49,2955.23,1184.71
2010-10-19,3192.29,23763.73,1857.32,9539.45,3001.85,1165.9
2010-10-20,3179.15,23556.5,1870.44,9381.6,3003.95,1178.17
2010-10-21,3163.53,23649.48,1874.69,9376.48,2983.53,1180.26
2010-10-22,3173.57,23517.54,1897.31,9426.71,2975.04,1183.08
2010-10-25,3182.08,23627.91,1915.71,9401.16,3051.42,1185.62
2010-10-26,3162.51,23601.24,1919.41,9377.38,3041.54,1185.64
2010-10-27,3124.38,23164.58,1909.54,9387.03,2997.05,1182.45
2010-10-28,3129.5,23210.86,1907.87,9366.03,2992.58,1183.78
2010-10-29,3142.62,23096.32,1882.95,9202.45,2978.83,1183.26
2010-11-01,3192.18,23652.94,1914.74,9154.72,3054.02,1184.38
2010-11-02,3205.28,23671.42,1918.04,9159.98,3045.43,1193.57
2010-11-04,3240.31,24535.63,1942.5,9358.78,3086.94,1221.06
2010-11-08,3300.4,24964.37,1942.41,9732.92,3159.51,1223.25
2010-11-09,3313.61,24710.6,1947.46,9694.49,3135.0,1213.4
2010-11-10,3289.24,24500.61,1967.85,9830.52,3115.36,1218.71
2010-11-11,3293.39,24700.3,1914.73,9861.46,3147.74,1213.54
2010-11-12,3252.0,24222.58,1913.12,9724.81,2985.44,1199.21
2010-11-15,3236.8,24027.18,1913.81,9827.51,3014.41,1197.75
2010-11-16,3212.1,23693.02,1899.13,9797.1,2894.54,1178.34
2010-11-18,3215.22,23637.39,1927.86,10013.63,2865.45,1196.69
2010-11-19,3197.37,23605.71,1940.96,10022.39,2888.57,1199.73
2010-11-22,3190.92,23524.02,1944.34,10115.19,2884.37,1197.84
2010-11-24,3137.01,23023.86,1925.98,10030.11,2859.94,1198.35
2010-11-26,3158.08,22877.25,1901.8,10039.56,2871.7,1189.4
2010-11-29,3158.21,23166.22,1895.54,10125.99,2866.36,1187.76
2010-11-30,3144.7,23007.99,1904.63,9937.04,2820.18,1180.55
2010-12-01,3181.94,23249.8,1929.32,9988.05,2823.45,1206.07
2010-12-02,3197.96,23448.78,1950.26,10168.52,2843.61,1221.53
2010-12-03,3172.44,23320.52,1957.26,10178.32,2842.43,1224.71
2010-12-06,3181.41,23237.69,1953.64,10167.23,2857.18,1223.12
2010-12-07,3191.88,23428.15,1962.52,10141.1,2875.86,1223.75
2010-12-08,3202.8,23092.52,1955.72,10232.33,2848.55,1228.28
2010-12-09,3210.2,23171.8,1988.96,10285.88,2810.95,1233.0
2010-12-10,3185.42,23162.91,1986.14,10211.95,2841.04,1240.4
2010-12-13,3182.32,23317.61,1996.59,10293.89,2922.95,1240.46
2010-12-14,3176.91,23431.19,2009.05,10316.77,2927.08,1241.59
2010-12-15,3147.2,22975.35,2017.48,10309.78,2911.41,1235.23
2010-12-16,3147.67,22668.78,2009.24,10311.29,2898.14,1242.87
2010-12-17,3153.01,22714.85,2026.3,10303.83,2893.74,1243.91
2010-12-21,3139.85,22993.86,2037.09,10370.53,2904.11,1254.6
2010-12-22,3144.31,23045.19,2038.11,10346.48,2877.9,1258.84
2010-12-28,3183.7,22621.73,2033.32,10292.63,2732.99,1258.51
2010-12-29,3207.91,22969.3,2043.49,10344.54,2751.53,1259.78
2010-12-30,3212.46,22999.34,2051.0,10228.92,2759.57,1257.88
2011-01-04,3250.29,23668.48,2085.14,10398.1,2852.65,1270.2
2011-01-05,3254.25,23757.82,2082.55,10380.77,2839.22,1276.56
2011-01-06,3279.7,23786.3,2077.61,10529.76,2824.2,1273.85
2011-01-07,3261.35,23686.63,2086.2,10541.04,2838.8,1271.5
2011-01-11,3241.49,23760.34,2088.32,10510.68,2804.05,1274.48
2011-01-12,3244.94,24125.61,2094.95,10512.8,2821.3,1285.96
2011-01-13,3255.87,24238.98,2089.48,10589.76,2827.71,1283.76
2011-01-14,3245.96,24283.23,2108.17,10499.04,2791.34,1293.24
2011-01-18,3249.58,24153.98,2096.48,10518.98,2708.98,1295.02
2011-01-19,3241.96,24419.62,2115.69,10557.1,2758.1,1281.92
2011-01-20,3205.48,24003.7,2106.66,10437.31,2677.65,1280.26
2011-01-21,3184.6,23876.86,2069.92,10274.52,2715.29,1283.35
2011-01-24,3185.76,23801.78,2082.16,10345.11,2695.72,1290.84
2011-01-25,3181.15,23788.83,2086.67,10464.42,2677.43,1291.18
2011-01-26,3220.78,23843.24,2110.46,10401.9,2708.81,1296.63
2011-01-27,3219.83,23779.62,2115.01,10478.66,2749.15,1299.54
2011-01-28,3229.69,23617.02,2107.87,10360.34,2752.75,1276.34
2011-01-31,3179.72,23447.34,2069.73,10237.92,2790.69,1286.12
2011-02-01,3184.74,23482.95,2072.03,10274.5,2798.96,1307.59
2011-02-09,3150.56,23164.03,2045.58,10617.83,2774.06,1320.88
2011-02-10,3103.39,22708.62,2008.5,10605.65,2818.16,1321.87
2011-02-14,3104.42,23121.06,2014.59,10725.54,2899.13,1332.32
2011-02-15,3080.66,22899.78,2010.52,10746.67,2899.24,1328.01
2011-02-16,3094.72,23156.97,1989.11,10808.29,2923.9,1336.32
2011-02-17,3082.83,23301.84,1977.22,10836.64,2926.96,1340.43
2011-02-18,3086.92,23595.24,2013.14,10842.8,2899.79,1343.01
2011-02-22,3019.12,22990.81,1969.92,10664.7,2855.52,1315.44
2011-02-23,3001.85,22906.9,1961.63,10579.1,2862.64,1307.4
2011-02-24,2973.08,22601.04,1949.88,10452.71,2878.6,1306.1
2011-02-25,3025.16,23012.37,1963.43,10526.76,2878.56,1319.88
2011-02-28,3010.51,23338.02,1939.3,10624.09,2905.05,1327.22
2011-03-02,3027.51,23048.66,1928.24,10492.38,2913.81,1308.44
2011-03-03,3037.35,23122.42,1970.66,10586.02,2902.98,1330.97
2011-03-04,3061.31,23408.86,2004.68,10693.66,2942.31,1321.15
2011-03-07,3066.52,23313.19,1980.27,10505.02,2996.21,1310.13
2011-03-08,3103.84,23711.7,1996.32,10525.19,2999.94,1321.82
2011-03-09,3092.9,23810.11,2001.47,10589.5,3002.15,1320.02
2011-03-10,3075.44,23614.89,1981.58,10434.38,2957.14,1295.11
2011-03-11,3043.49,23249.78,1955.54,10254.43,2933.8,1304.28
2011-03-14,3030.86,23345.88,1971.23,9620.49,2937.63,1296.39
2011-03-15,2946.08,22678.25,1923.92,8605.15,2896.26,1281.87
2011-03-16,2971.0,22700.88,1957.97,9093.72,2930.8,1256.88
2011-03-17,2942.88,22284.43,1959.03,8962.67,2897.3,1273.72
2011-03-18,2935.78,22300.23,1981.13,9206.75,2906.89,1279.21
2011-03-22,3002.75,22857.9,2013.66,9608.32,2919.14,1293.77
2011-03-23,3022.19,22825.4,2012.18,9449.47,2948.48,1297.54
2011-03-24,3043.03,22915.28,2036.78,9435.01,2946.71,1309.66
2011-03-25,3070.84,23158.67,2054.04,9536.13,2977.81,1313.8
2011-03-28,3057.38,23068.19,2056.39,9478.53,2984.0,1310.19
2011-03-29,3056.95,23060.36,2072.13,9459.08,2958.08,1319.44
2011-03-30,3095.32,23451.43,2091.38,9708.79,2955.77,1328.26
2011-03-31,3105.85,23527.52,2106.7,9755.1,2928.11,1325.83
2011-04-01,3120.47,23801.9,2121.01,9708.39,2967.41,1332.41
2011-04-06,3170.33,24285.05,2126.71,9584.37,3001.36,1335.54
2011-04-07,3171.65,24281.8,2122.14,9590.93,3007.91,1333.51
2011-04-08,3187.31,24396.07,2127.97,9768.08,3030.02,1328.17
2011-04-11,3160.44,24303.07,2122.39,9719.7,3022.75,1324.46
2011-04-12,3138.0,23976.37,2089.4,9555.26,3021.37,1314.16
2011-04-13,3172.08,24135.03,2121.92,9641.18,3050.4,1314.41
2011-04-14,3158.92,24014.0,2141.06,9653.92,3042.64,1314.52
2011-04-15,3153.3,24008.07,2140.5,9591.52,3050.53,1319.68
2011-04-18,3144.38,23830.31,2137.72,9556.65,3057.33,1305.14
2011-04-19,3125.37,23520.62,2122.68,9441.03,2999.04,1312.62
2011-04-20,3165.8,23896.1,2169.91,9606.82,3007.04,1330.36
2011-04-21,3194.73,24138.31,2198.54,9685.77,3026.67,1337.38
2011-04-26,3171.83,24007.38,2206.3,9558.69,2938.98,1347.24
2011-04-27,3182.68,23892.84,2206.7,9691.84,2925.41,1355.66
2011-04-28,3184.99,23805.63,2208.35,9849.74,2887.04,1360.48
2011-05-06,3099.52,23159.14,2147.45,9859.2,2863.89,1340.2
2011-05-09,3136.94,23336.0,2139.17,9794.38,2872.46,1346.29
2011-05-11,3177.18,23291.8,2166.63,9864.26,2883.42,1342.08
2011-05-12,3130.45,23073.76,2122.65,9716.65,2844.08,1348.65
2011-05-13,3163.68,23276.27,2120.08,9648.77,2871.03,1337.77
2011-05-16,3136.48,22960.63,2104.18,9558.3,2849.07,1329.47
2011-05-18,3141.21,23011.14,2135.78,9662.08,2872.77,1340.68
2011-05-19,3168.81,23163.38,2095.51,9620.82,2859.57,1343.6
2011-05-20,3168.54,23199.39,2111.5,9607.08,2858.46,1333.27
2011-05-23,3110.48,22711.02,2055.71,9460.63,2774.57,1317.37
2011-05-24,3113.09,22730.78,2061.76,9477.17,2767.06,1316.28
2011-05-25,3118.65,22747.28,2035.87,9422.88,2741.74,1320.47
2011-05-26,3123.7,22900.79,2091.91,9562.05,2736.53,1325.69
2011-05-27,3135.52,23118.07,2100.24,9521.94,2709.95,1331.1
2011-05-31,3159.93,23684.13,2142.47,9693.73,2743.47,1345.2
2011-06-01,3172.87,23626.43,2141.34,9719.61,2743.57,1314.55
2011-06-02,3160.6,23253.84,2114.2,9555.04,2705.18,1312.94
2011-06-03,3145.67,22949.56,2113.47,9492.21,2728.02,1300.16
2011-06-07,3115.95,22868.67,2099.71,9442.95,2744.3,1284.94
2011-06-08,3102.98,22661.63,2083.35,9449.46,2750.29,1279.56
2011-06-09,3097.57,22609.83,2071.42,9467.15,2703.34,1289.0
2011-06-10,3078.35,22420.37,2046.67,9514.44,2705.14,1270.98
2011-06-13,3059.04,22508.08,2048.74,9448.21,2700.38,1271.83
2011-06-14,3057.39,22496.0,2076.83,9547.79,2730.04,1287.87
2011-06-15,3054.82,22343.77,2086.53,9574.32,2705.43,1265.42
2011-06-16,3020.13,21953.11,2046.63,9411.28,2664.28,1267.64
2011-06-17,3005.28,21695.26,2031.93,9351.4,2642.82,1271.5
2011-06-20,3013.6,21599.51,2019.65,9354.32,2621.25,1278.36
2011-06-21,3053.51,21850.59,2048.17,9459.66,2646.48,1295.52
2011-06-22,3042.83,21859.97,2063.9,9629.43,2649.32,1287.14
2011-06-23,3044.72,21759.14,2055.86,9596.74,2688.25,1283.5
2011-06-24,3066.85,22171.95,2090.81,9678.71,2746.21,1268.45
2011-06-27,3048.28,22041.77,2070.29,9578.31,2758.23,1280.1
2011-06-28,3050.79,22061.78,2062.91,9648.98,2759.2,1296.67
2011-06-29,3079.74,22061.18,2094.42,9797.26,2728.48,1307.41
2011-06-30,3120.44,22398.1,2100.69,9816.09,2762.08,1320.64
2011-07-05,3129.69,22747.95,2161.75,9972.46,2816.35,1337.88
2011-07-06,3114.71,22517.55,2171.19,10082.48,2810.48,1339.22
2011-07-07,3125.87,22530.18,2180.59,10071.14,2794.27,1353.22
2011-07-08,3151.28,22726.43,2180.35,10137.73,2797.77,1343.8
2011-07-11,3117.37,22347.23,2157.16,10069.53,2802.69,1319.49
2011-07-12,3075.45,21663.16,2109.73,9925.92,2754.58,1313.64
2011-07-13,3088.42,21926.88,2129.64,9963.14,2795.48,1317.72
2011-07-14,3088.7,21940.2,2130.07,9936.12,2810.44,1308.87
2011-07-15,3084.24,21875.38,2145.2,9974.47,2820.17,1316.14
2011-07-19,3096.12,21902.4,2130.21,9889.72,2796.98,1326.73
2011-07-20,3126.53,22003.69,2154.95,10005.9,2794.21,1325.84
2011-07-21,3138.51,21987.29,2145.04,10010.39,2765.89,1343.8
2011-07-22,3182.95,22444.8,2171.23,10132.11,2770.79,1345.02
2011-07-25,3171.55,22293.29,2150.48,10050.01,2688.75,1337.43
2011-07-26,3186.57,22572.08,2168.7,10097.72,2703.03,1331.94
2011-07-27,3193.54,22541.69,2174.31,10047.19,2723.49,1304.89
2011-07-28,3189.85,22570.74,2155.85,9901.35,2708.78,1300.67
2011-07-29,3189.26,22440.25,2133.21,9833.03,2701.73,1292.28
2011-08-01,3215.27,22663.37,2172.31,9965.01,2703.78,1286.94
2011-08-02,3177.09,22421.46,2121.27,9844.59,2679.26,1254.05
2011-08-03,3130.34,21992.72,2066.26,9637.14,2678.49,1260.34
2011-08-04,3107.01,21884.74,2018.47,9659.18,2684.04,1200.07
2011-08-05,2994.78,20946.14,1943.75,9299.88,2626.42,1199.38
2011-08-08,2884.0,20490.57,1869.45,9097.56,2526.82,1119.46
2011-08-10,2821.09,19783.67,1806.24,9038.74,2549.18,1120.76
2011-08-11,2796.22,19595.14,1817.44,8981.94,2581.51,1172.64
2011-08-12,2850.59,19620.01,1793.31,8963.72,2593.17,1178.81
2011-08-16,2832.73,20212.08,1879.87,9107.43,2608.17,1192.76
2011-08-17,2828.53,20289.03,1892.67,9057.26,2601.26,1193.89
2011-08-18,2824.96,20016.27,1860.58,8943.76,2559.47,1140.65
2011-08-19,2733.63,19399.92,1744.88,8719.24,2534.36,1123.53
2011-08-22,2731.81,19486.87,1710.7,8628.13,2515.86,1123.82
2011-08-23,2765.15,19875.53,1776.68,8733.01,2554.02,1162.35
2011-08-24,2721.81,19466.79,1754.78,8639.61,2541.09,1177.6
2011-08-25,2765.74,19752.48,1764.58,8772.36,2615.26,1159.27
2011-08-26,2748.18,19582.88,1778.95,8797.78,2612.19,1176.8
2011-08-29,2791.89,19865.11,1829.5,8851.35,2576.41,1210.08
2011-08-31,2885.26,20534.85,1880.11,8955.2,2567.34,1218.89
2011-09-01,2867.18,20585.33,1880.7,9060.8,2556.04,1204.42
2011-09-02,2843.09,20212.91,1867.75,8950.74,2528.28,1173.97
2011-09-06,2775.09,19710.5,1766.71,8590.57,2470.52,1165.24
2011-09-07,2832.13,20048.0,1833.46,8763.41,2516.09,1198.62
2011-09-08,2856.9,19912.82,1846.64,8793.12,2498.94,1185.9
2011-09-09,2825.39,19866.63,1812.93,8737.66,2497.75,1154.23
2011-09-14,2739.35,19045.44,1749.16,8518.57,2484.83,1188.68
2011-09-15,2765.95,19181.5,1774.08,8668.86,2479.05,1209.11
2011-09-16,2789.04,19455.31,1840.1,8864.16,2482.34,1216.01
2011-09-20,2780.84,19014.8,1837.97,8721.24,2447.75,1202.09
2011-09-21,2791.79,18824.17,1854.28,8741.16,2512.96,1166.76
2011-09-22,2717.66,17911.95,1800.55,8560.26,2443.06,1129.56
2011-09-26,2654.31,17407.8,1652.71,8374.13,2393.18,1162.95
2011-09-27,2725.91,18130.55,1735.71,8609.95,2415.05,1175.38
2011-09-28,2701.17,18011.06,1723.09,8615.65,2392.06,1151.06
2011-09-30,2675.16,17592.41,1769.65,8700.29,2359.22,1131.42
2011-10-11,2693.05,18141.59,1795.02,8773.68,2348.52,1195.54
2011-10-12,2737.75,18329.46,1809.5,8738.9,2420.0,1207.25
2011-10-13,2733.97,18757.81,1823.1,8823.25,2438.79,1203.66
2011-10-14,2744.17,18501.79,1835.4,8747.96,2431.38,1224.58
2011-10-17,2778.97,18873.99,1865.18,8879.6,2440.4,1200.86
2011-10-18,2724.69,18076.46,1838.9,8741.91,2383.49,1225.38
2011-10-19,2720.21,18309.22,1855.92,8772.54,2377.51,1209.88
2011-10-20,2694.01,17983.1,1805.09,8682.15,2331.37,1215.39
2011-10-21,2712.41,18025.72,1838.38,8678.89,2317.27,1238.25
2011-10-24,2760.95,18771.82,1898.32,8843.98,2370.33,1254.19
2011-10-25,2769.94,18968.2,1888.65,8762.31,2409.67,1229.05
2011-10-27,2847.57,19688.7,1922.04,8926.54,2435.61,1284.59
2011-10-28,2905.72,20019.24,1929.48,9050.47,2473.41,1285.09
2011-10-31,2855.77,19864.87,1909.03,8988.39,2468.25,1253.3
2011-11-01,2789.35,19369.96,1909.63,8835.52,2470.02,1218.28
2011-11-02,2834.75,19733.71,1898.01,8640.42,2504.11,1237.9
2011-11-04,2848.24,19842.79,1928.41,8801.4,2528.29,1253.23
2011-11-08,2866.52,19678.47,1903.14,8655.51,2503.84,1275.92
2011-11-09,2858.66,20014.43,1907.53,8755.44,2524.92,1229.1
2011-11-10,2786.9,18963.89,1813.25,8500.8,2479.54,1239.7
2011-11-11,2790.94,19137.17,1863.45,8514.47,2481.08,1263.85
2011-11-14,2830.33,19508.18,1902.81,8603.7,2528.71,1251.78
2011-11-15,2811.58,19348.44,1886.12,8541.93,2529.76,1257.81
2011-11-16,2807.44,18960.9,1856.07,8463.16,2466.96,1236.91
2011-11-17,2778.25,18817.47,1876.67,8479.63,2463.05,1216.13
2011-11-18,2730.34,18491.23,1839.17,8374.91,2416.56,1215.65
2011-11-21,2697.98,18225.85,1820.03,8348.27,2415.13,1192.98
2011-11-22,2717.2,18251.59,1826.28,8314.74,2412.62,1188.04
2011-11-25,2643.93,17689.48,1776.4,8160.01,2380.22,1158.67
2011-11-28,2694.43,18037.81,1815.28,8287.49,2383.03,1192.55
2011-11-29,2688.1,18256.2,1856.52,8477.82,2412.39,1195.19
2011-11-30,2702.46,17989.35,1847.51,8434.61,2333.41,1246.96
2011-12-01,2761.88,19002.26,1916.18,8597.38,2386.86,1244.58
2011-12-02,2773.36,19040.39,1916.04,8643.75,2360.66,1244.28
2011-12-05,2766.46,19179.69,1922.9,8695.98,2333.23,1257.08
2011-12-06,2749.24,18942.23,1902.82,8575.16,2325.91,1258.47
2011-12-07,2782.55,19240.58,1919.42,8722.17,2332.73,1261.01
2011-12-08,2728.31,19107.81,1912.39,8664.58,2329.82,1234.35
2011-12-09,2694.6,18586.23,1874.75,8536.46,2315.27,1255.19
2011-12-12,2701.72,18575.66,1899.76,8653.82,2291.54,1236.47
2011-12-13,2685.74,18447.17,1864.06,8552.81,2248.59,1225.73
2011-12-14,2672.39,18354.43,1857.75,8519.13,2228.52,1211.82
2011-12-15,2635.25,18026.84,1819.11,8377.37,2180.9,1215.75
2011-12-16,2659.22,18285.39,1839.96,8401.72,2224.84,1219.66
2011-12-19,2618.09,18070.21,1776.93,8296.12,2218.24,1205.35
2011-12-20,2614.45,18080.2,1793.06,8336.48,2215.93,1241.3
2011-12-21,2673.32,18416.45,1848.41,8459.98,2191.15,1243.72
2011-12-22,2664.8,18378.23,1847.49,8395.16,2186.3,1254.0
2011-12-28,2666.25,18518.67,1825.12,8423.62,2170.01,1249.64
2011-12-29,2672.78,18397.92,1825.74,8398.89,2173.56,1263.02
2012-01-04,2711.02,18727.31,1866.22,8560.11,2169.39,1277.3
2012-01-05,2713.02,18813.41,1863.74,8488.71,2148.45,1281.06
2012-01-06,2715.59,18593.06,1843.14,8390.35,2163.4,1277.81
2012-01-10,2719.83,19004.28,1853.22,8422.26,2285.74,1292.08
2012-01-11,2747.13,19151.94,1845.55,8447.88,2276.05,1292.48
2012-01-12,2743.66,19095.38,1864.57,8385.59,2275.01,1295.5
2012-01-13,2791.54,19204.42,1875.68,8500.02,2244.58,1289.09
2012-01-17,2815.85,19627.75,1892.74,8466.4,2298.38,1293.67
2012-01-18,2795.4,19686.92,1892.39,8550.58,2266.38,1308.04
2012-01-19,2811.2,19942.95,1914.97,8639.68,2296.07,1314.5
2012-01-20,2849.38,20110.37,1949.89,8766.36,2319.12,1315.38
2012-01-30,2888.29,20160.41,1940.55,8793.05,2285.04,1313.01
2012-01-31,2906.69,20390.49,1955.79,8802.51,2292.61,1312.41
2012-02-01,2904.76,20333.37,1959.24,8809.79,2268.08,1324.09
2012-02-02,2901.04,20739.45,1984.3,8876.82,2312.56,1325.54
2012-02-03,2917.95,20756.98,1972.34,8831.93,2330.41,1344.9
2012-02-06,2940.1,20709.94,1973.13,8929.2,2331.14,1344.33
2012-02-07,2957.78,20699.19,1981.59,8917.52,2291.9,1347.05
2012-02-08,2982.2,21018.46,2003.73,9015.59,2347.53,1349.96
2012-02-09,2981.17,21010.01,2014.62,9002.24,2349.59,1351.95
2012-02-10,2960.0,20783.86,1993.71,8947.17,2351.98,1342.64
2012-02-13,2976.34,20887.4,2005.74,8999.18,2351.85,1351.77
2012-02-14,2987.41,20917.83,2002.64,9052.07,2344.77,1350.5
2012-02-15,3011.68,21365.23,2025.32,9260.34,2366.7,1343.23
2012-02-16,2977.2,21277.28,1997.45,9238.1,2356.86,1358.04
2012-02-17,3000.59,21491.62,2023.47,9384.17,2357.18,1361.23
2012-02-21,3025.07,21478.72,2024.24,9463.02,2381.43,1362.21
2012-02-22,2995.59,21549.28,2028.65,9554.0,2403.59,1357.66
2012-02-23,2968.34,21380.99,2007.8,9595.57,2409.55,1363.46
2012-02-24,2978.08,21406.86,2019.89,9647.38,2439.63,1365.74
2012-02-27,2946.78,21217.86,1991.16,9633.93,2447.06,1367.59
2012-02-28,2969.73,21568.73,2003.69,9722.52,2451.86,1372.18
2012-02-29,2994.06,21680.08,2030.25,9723.24,2428.49,1365.68
2012-03-02,2993.49,21562.26,2034.63,9777.03,2460.69,1369.63
2012-03-05,2991.8,21265.31,2016.06,9698.59,2445.0,1364.33
2012-03-06,2932.01,20806.25,2000.36,9637.63,2410.45,1343.36
2012-03-07,2913.16,20627.78,1982.15,9576.06,2394.79,1352.63
2012-03-08,2970.38,20900.73,2000.76,9768.96,2420.28,1365.91
2012-03-09,2963.15,21086.0,2018.3,9929.74,2439.46,1370.87
2012-03-12,2966.11,21134.18,2002.5,9889.86,2434.86,1371.09
2012-03-13,2989.07,21339.7,2025.04,9899.08,2455.79,1395.95
2012-03-14,3026.4,21307.89,2045.08,10050.52,2391.23,1394.28
2012-03-15,3025.84,21353.53,2043.76,10123.28,2373.77,1402.6
2012-03-16,3010.68,21317.85,2034.44,10129.83,2404.74,1404.17
2012-03-21,3005.63,20856.63,2027.23,10086.49,2378.2,1402.89
2012-03-22,2979.25,20901.56,2026.12,10127.08,2375.77,1392.78
2012-03-23,2990.08,20668.8,2026.83,10011.47,2349.54,1397.11
2012-03-26,2974.5,20668.86,2019.19,10018.24,2350.6,1416.51
2012-03-27,3018.91,21046.91,2039.76,10255.15,2347.18,1412.52
2012-03-28,3010.49,20885.42,2031.74,10182.57,2284.88,1405.54
2012-03-29,2994.09,20609.39,2014.41,10114.79,2252.16,1403.28
2012-03-30,3010.46,20555.58,2014.04,10083.56,2262.79,1408.47
2012-04-05,2986.2,20593.0,2028.77,9767.61,2302.24,1398.08
2012-04-10,2982.44,20356.24,1994.41,9538.02,2305.86,1358.59
2012-04-12,2978.14,20327.32,1986.63,9524.79,2350.86,1387.57
2012-04-13,2987.82,20701.04,2008.91,9637.99,2359.16,1370.26
2012-04-16,2992.12,20610.64,1992.63,9470.64,2357.03,1369.57
2012-04-17,2986.59,20562.31,1985.3,9464.71,2334.99,1390.78
2012-04-18,3000.58,20780.73,2004.53,9667.26,2380.85,1385.14
2012-04-19,3008.21,20995.01,1999.86,9588.38,2378.63,1376.92
2012-04-20,2994.48,21010.64,1974.65,9561.36,2406.86,1378.53
2012-04-23,2962.35,20624.39,1972.63,9542.17,2388.59,1366.94
2012-04-24,2974.37,20677.16,1963.42,9468.04,2388.83,1371.97
2012-04-25,2979.78,20646.29,1961.98,9561.01,2406.81,1390.69
2012-04-26,2981.47,20809.71,1964.04,9561.83,2404.7,1399.98
2012-04-27,2981.58,20741.45,1975.35,9520.89,2396.32,1403.36
2012-05-02,3006.14,21309.08,1999.07,9380.25,2438.44,1402.31
2012-05-07,2924.95,20536.65,1956.44,9119.14,2451.95,1369.58
2012-05-08,2931.98,20484.75,1967.01,9181.65,2448.88,1363.72
2012-05-09,2900.91,20330.64,1950.29,9045.06,2408.59,1354.58
2012-05-10,2903.6,20227.28,1944.93,9009.65,2410.23,1357.99
2012-05-11,2887.34,19964.63,1917.13,8953.31,2394.98,1353.39
2012-05-14,2864.12,19735.04,1913.73,8973.84,2380.73,1338.35
2012-05-15,2876.7,19894.31,1898.96,8900.74,2374.84,1330.66
2012-05-16,2831.15,19259.83,1840.53,8801.17,2346.19,1324.8
2012-05-17,2822.61,19200.93,1845.24,8876.59,2378.89,1304.86
2012-05-18,2779.1,18951.85,1782.46,8611.31,2344.52,1295.22
2012-05-22,2823.75,19039.15,1828.69,8729.29,2373.31,1316.63
2012-05-23,2780.42,18786.19,1808.62,8556.6,2363.44,1318.86
2012-05-24,2779.53,18666.4,1814.47,8563.38,2350.97,1320.68
2012-05-25,2772.75,18713.41,1824.17,8580.39,2333.55,1317.82
2012-05-29,2801.85,19055.46,1849.91,8657.08,2389.64,1332.42
2012-05-30,2783.95,18690.22,1844.86,8633.19,2384.67,1313.32
2012-05-31,2772.54,18629.52,1843.47,8542.73,2372.23,1310.33
2012-06-01,2745.71,18558.34,1834.51,8440.25,2373.44,1278.04
2012-06-07,2759.26,18678.29,1847.95,8639.72,2293.13,1314.99
2012-06-08,2737.89,18502.34,1835.64,8459.26,2281.45,1325.66
2012-06-11,2787.81,18953.63,1867.04,8624.9,2305.86,1308.93
2012-06-12,2797.08,18872.56,1854.74,8536.72,2289.79,1324.18
2012-06-13,2786.88,19026.52,1859.32,8587.84,2318.92,1314.88
2012-06-14,2773.81,18808.4,1871.48,8568.89,2295.95,1329.1
2012-06-15,2811.0,19233.94,1858.16,8569.32,2306.85,1342.84
2012-06-18,2824.22,19427.81,1891.71,8721.02,2316.05,1344.78
2012-06-19,2842.41,19416.67,1891.77,8655.87,2300.79,1357.98
2012-06-20,2855.68,19518.85,1904.12,8752.31,2292.88,1355.69
2012-06-21,2830.15,19265.07,1889.15,8824.07,2260.88,1325.51
2012-06-25,2815.26,18897.45,1825.38,8734.62,2224.11,1313.72
2012-06-26,2805.63,18981.84,1817.81,8663.99,2222.07,1319.99
2012-06-27,2841.6,19176.95,1817.65,8730.49,2216.93,1331.85
2012-06-28,2846.82,19025.27,1819.18,8874.11,2195.84,1329.04
2012-06-29,2878.45,19441.46,1854.01,9006.78,2225.43,1362.16
2012-07-03,2945.33,19735.53,1867.82,9066.59,2229.19,1374.02
2012-07-05,2971.47,19809.13,1875.49,9079.8,2201.35,1367.58
2012-07-06,2978.55,19800.64,1858.2,9020.75,2223.58,1354.68
2012-07-09,2929.08,19428.09,1836.13,8896.88,2170.81,1352.46
2012-07-10,2964.62,19396.36,1829.45,8857.73,2164.44,1341.47
2012-07-11,2989.31,19419.87,1826.39,8851.0,2175.38,1341.45
2012-07-12,2972.04,19025.11,1785.39,8720.01,2185.49,1334.76
2012-07-13,2995.56,19092.63,1812.89,8724.12,2185.9,1356.78
2012-07-17,3014.8,19455.33,1821.96,8755.0,2161.19,1363.67
2012-07-18,3017.21,19239.88,1794.91,8726.74,2169.1,1372.78
2012-07-19,3028.96,19559.05,1822.96,8795.55,2184.84,1376.51
2012-07-20,3015.53,19640.8,1822.93,8669.87,2168.64,1362.66
2012-07-23,2982.49,19053.47,1789.44,8508.32,2141.4,1350.52
2012-07-24,3002.01,18903.2,1793.93,8488.09,2146.59,1338.31
2012-07-25,2990.92,18877.33,1769.31,8365.9,2136.15,1337.89
2012-07-26,3004.57,18892.79,1782.47,8443.1,2126.0,1360.02
2012-07-27,2998.49,19274.96,1829.16,8566.64,2128.76,1385.97
2012-07-30,3032.8,19585.4,1843.79,8635.44,2109.91,1385.3
2012-07-31,3036.4,19796.81,1881.99,8695.06,2103.64,1379.32
2012-08-01,3051.08,19820.38,1879.93,8641.85,2123.36,1375.32
2012-08-02,3036.19,19690.2,1869.4,8653.18,2111.18,1365.0
2012-08-03,3051.33,19666.18,1848.68,8555.11,2132.8,1390.99
2012-08-06,3071.82,19998.72,1885.88,8726.29,2154.92,1394.23
2012-08-07,3067.74,20072.55,1886.8,8803.31,2157.62,1401.35
2012-08-08,3052.25,20065.52,1903.23,8881.16,2160.99,1402.22
2012-08-10,3054.2,20136.12,1946.4,8891.44,2168.81,1405.87
2012-08-13,3064.81,20081.36,1932.44,8885.15,2136.08,1404.11
2012-08-14,3087.84,20291.68,1956.96,8929.88,2142.52,1403.93
2012-08-16,3062.89,19962.95,1957.91,9092.76,2112.2,1415.51
2012-08-17,3062.11,20116.07,1946.54,9162.5,2114.89,1418.16
2012-08-21,3065.77,20100.09,1943.22,9156.92,2118.27,1413.17
2012-08-22,3049.47,19887.78,1935.19,9131.74,2107.71,1413.49
2012-08-23,3056.37,20132.24,1942.54,9178.12,2113.07,1402.08
2012-08-24,3050.49,19880.03,1919.81,9070.76,2092.1,1411.13
2012-08-27,3044.49,19798.67,1917.87,9085.39,2055.71,1410.44
2012-08-28,3040.07,19811.8,1916.33,9033.29,2073.15,1409.3
2012-08-29,3041.57,19788.51,1928.54,9069.81,2053.24,1410.49
2012-08-30,3011.82,19552.91,1906.38,8983.78,2052.58,1399.48
2012-08-31,3025.46,19482.57,1905.12,8839.91,2047.52,1406.58
2012-09-04,3011.55,19429.91,1907.13,8775.51,2043.65,1404.94
2012-09-05,2995.9,19145.07,1874.03,8679.82,2037.68,1403.44
2012-09-06,2989.26,19209.3,1881.24,8680.57,2051.92,1432.12
2012-09-07,3011.7,19802.16,1929.58,8871.65,2127.76,1437.92
2012-09-10,3008.72,19827.17,1924.7,8869.37,2134.89,1429.08
2012-09-11,3016.4,19857.88,1920.0,8807.38,2120.55,1433.56
2012-09-12,3029.66,20075.39,1950.03,8959.96,2126.55,1436.56
2012-09-13,3030.14,20047.63,1950.69,8995.15,2110.38,1459.99
2012-09-14,3070.42,20629.78,2007.58,9159.39,2123.85,1465.77
2012-09-18,3067.98,20601.93,2004.96,9123.77,2059.54,1459.32
2012-09-19,3075.63,20841.91,2007.88,9232.21,2067.83,1461.05
2012-09-20,3062.61,20590.92,1990.33,9086.98,2024.84,1460.26
2012-09-21,3078.23,20734.94,2002.37,9110.0,2026.69,1460.15
2012-09-24,3067.93,20694.7,2003.44,9069.29,2033.19,1456.89
2012-09-25,3067.13,20698.68,1991.41,9091.54,2029.29,1441.59
2012-09-26,3046.68,20527.73,1980.44,8906.7,2004.17,1433.32
2012-09-27,3059.43,20762.29,1988.7,8949.87,2056.32,1447.15
2012-09-28,3060.34,20840.38,1996.21,8870.16,2086.17,1440.67
2012-10-09,3065.91,20937.28,1979.04,8769.59,2115.23,1441.48
2012-10-10,3033.81,20919.6,1948.22,8596.23,2119.94,1432.56
2012-10-11,3032.66,20999.05,1933.09,8546.78,2102.87,1432.84
2012-10-12,3041.75,21136.43,1933.26,8534.12,2104.93,1428.59
2012-10-15,3043.05,21148.25,1925.59,8577.93,2098.7,1440.13
2012-10-16,3046.81,21207.07,1941.54,8701.31,2098.81,1454.92
2012-10-17,3045.67,21416.64,1955.15,8806.55,2105.62,1460.91
2012-10-18,3060.36,21518.71,1959.12,8982.86,2131.69,1457.34
2012-10-19,3048.92,21551.76,1943.84,9002.68,2128.3,1433.19
2012-10-22,3045.67,21697.55,1941.59,9010.71,2132.76,1433.82
2012-10-24,3044.73,21763.78,1913.96,8954.3,2115.99,1408.75
2012-10-25,3057.51,21810.23,1924.5,9055.2,2101.58,1412.97
2012-10-31,3038.37,21641.82,1912.06,8928.29,2068.88,1412.16
2012-11-01,3026.61,21821.87,1898.44,8946.87,2104.43,1427.59
2012-11-02,3040.75,22111.33,1918.72,9051.22,2117.05,1414.2
2012-11-05,3031.69,22006.4,1908.22,9007.44,2114.03,1417.26
2012-11-06,3019.33,21944.43,1928.17,8975.15,2106.0,1428.39
2012-11-07,3043.27,22099.85,1937.55,8972.89,2105.73,1394.53
2012-11-08,3012.25,21566.91,1914.41,8837.15,2071.51,1377.51
2012-11-09,3009.56,21384.38,1904.41,8757.6,2069.07,1379.85
2012-11-12,3007.57,21430.3,1900.87,8676.44,2079.27,1380.03
2012-11-14,2978.03,21441.99,1894.04,8664.73,2055.42,1355.49
2012-11-15,2945.92,21108.93,1870.72,8829.72,2030.29,1353.33
2012-11-16,2945.63,21159.01,1860.83,9024.16,2014.72,1359.88
2012-11-19,2950.93,21262.06,1878.1,9153.2,2016.98,1386.89
2012-11-20,2958.82,21228.28,1890.18,9142.64,2008.92,1387.81
2012-11-21,2960.3,21524.36,1884.04,9222.52,2030.32,1391.03
2012-11-26,3004.5,21861.81,1908.51,9388.94,2017.46,1406.29
2012-11-27,3011.91,21844.03,1925.2,9423.3,1991.17,1398.94
2012-11-28,3011.77,21708.98,1912.78,9308.35,1973.52,1409.93
2012-11-29,3045.9,21922.89,1934.85,9400.88,1963.49,1415.95
2012-11-30,3069.95,22030.39,1932.9,9446.01,1980.12,1416.18
2012-12-03,3065.74,21767.85,1940.02,9458.18,1959.77,1409.46
2012-12-04,3062.12,21799.97,1935.18,9432.46,1975.14,1407.05
2012-12-05,3075.92,22270.91,1947.04,9468.84,2031.91,1409.28
2012-12-06,3078.2,22249.81,1949.62,9545.16,2029.24,1413.94
2012-12-07,3107.11,22191.17,1957.45,9527.39,2061.79,1418.07
2012-12-10,3114.34,22276.72,1957.42,9533.75,2083.77,1418.55
2012-12-11,3118.33,22323.94,1964.62,9525.32,2074.7,1427.84
2012-12-12,3141.57,22503.35,1975.44,9581.46,2082.73,1428.48
2012-12-13,3156.55,22445.58,2002.77,9742.73,2061.48,1419.45
2012-12-14,3168.43,22605.98,1995.04,9737.56,2150.62,1413.58
2012-12-17,3158.7,22513.61,1983.07,9828.88,2160.34,1430.36
2012-12-18,3156.79,22494.73,1993.09,9923.01,2162.46,1446.79
2012-12-20,3175.52,22659.78,1999.5,10039.33,2168.35,1443.69
2012-12-21,3163.56,22506.29,1980.42,9940.06,2153.31,1430.15
2012-12-27,3183.93,22619.78,1987.35,10322.98,2205.9,1418.1
2012-12-28,3191.8,22666.59,1997.05,10395.18,2233.25,1402.43
2013-01-04,3225.22,23331.09,2011.94,10688.11,2276.99,1466.47
2013-01-07,3218.26,23329.75,2011.25,10599.01,2285.36,1461.89
2013-01-08,3205.52,23111.19,1997.94,10508.06,2276.07,1457.15
2013-01-09,3220.41,23218.47,1991.81,10578.57,2275.34,1461.02
2013-01-10,3226.25,23354.31,2006.8,10652.64,2283.66,1472.12
2013-01-11,3216.5,23264.07,1996.67,10801.57,2243.0,1472.05
2013-01-15,3196.07,23381.51,1983.74,10879.08,2325.68,1472.34
2013-01-16,3208.5,23356.99,1977.45,10600.44,2309.5,1472.63
2013-01-17,3195.1,23339.76,1974.27,10609.64,2284.91,1480.94
2013-01-18,3211.22,23601.78,1987.85,10913.3,2317.07,1485.98
2013-01-22,3219.86,23658.99,1996.52,10709.93,2315.14,1492.56
2013-01-23,3231.23,23635.1,1980.41,10486.99,2320.91,1494.81
2013-01-24,3248.39,23598.9,1964.48,10620.87,2302.6,1494.82
2013-01-25,3269.31,23580.43,1946.69,10926.65,2291.3,1502.96
2013-01-28,3273.91,23671.88,1939.71,10824.31,2346.5,1500.18
2013-01-29,3259.75,23655.17,1955.96,10866.72,2358.98,1507.84
2013-01-30,3285.9,23822.06,1964.43,11113.95,2382.48,1501.96
2013-01-31,3282.66,23729.53,1961.94,11138.66,2385.42,1498.11
2013-02-01,3291.14,23721.84,1957.79,11191.34,2419.02,1513.17
2013-02-04,3297.37,23685.01,1953.21,11260.35,2428.15,1495.71
2013-02-05,3272.66,23148.53,1938.18,11046.92,2433.13,1511.29
2013-02-06,3276.53,23256.93,1936.19,11463.75,2434.48,1512.12
2013-02-07,3261.77,23177.0,1931.77,11357.07,2418.53,1509.39
2013-02-08,3270.3,23215.16,1950.9,11153.16,2432.4,1517.93
2013-02-19,3295.77,23143.91,1985.83,11372.34,2382.91,1530.94
2013-02-20,3308.89,23307.41,2024.64,11468.28,2397.18,1511.95
2013-02-21,3287.6,22906.67,2015.22,11309.13,2325.95,1502.42
2013-02-22,3288.13,22782.44,2018.89,11385.94,2314.16,1515.6
2013-02-25,3288.76,22820.08,2009.52,11662.52,2325.82,1487.85
2013-02-26,3254.26,22519.69,2000.01,11398.81,2293.34,1496.94
2013-02-27,3261.12,22577.01,2004.04,11253.97,2313.22,1515.99
2013-02-28,3269.95,23020.27,2026.49,11559.36,2365.59,1514.68
2013-03-04,3239.95,22537.81,2013.15,11652.29,2273.4,1525.2
2013-03-05,3248.26,22560.5,2016.61,11683.45,2326.31,1539.79
2013-03-06,3291.81,22777.84,2020.74,11932.27,2347.18,1541.46
2013-03-07,3298.54,22771.44,2004.4,11968.08,2324.29,1544.26
2013-03-08,3289.53,23091.95,2006.01,12283.62,2318.61,1551.18
2013-03-11,3292.97,23090.82,2003.35,12349.05,2310.59,1556.22
2013-03-12,3303.02,22890.6,1993.34,12314.81,2286.6,1552.48
2013-03-13,3288.52,22556.65,1999.73,12239.66,2263.97,1554.52
2013-03-14,3279.5,22619.18,2002.13,12381.19,2270.28,1563.23
2013-03-15,3286.05,22533.11,1986.5,12560.95,2278.4,1560.7
2013-03-18,3256.47,22083.36,1968.18,12220.63,2240.02,1552.1
2013-03-19,3269.13,22041.86,1978.56,12468.23,2257.43,1548.34
2013-03-21,3267.65,22225.88,1950.82,12635.69,2324.24,1545.8
2013-03-22,3258.57,22115.3,1948.71,12338.53,2328.28,1556.89
2013-03-25,3267.48,22251.15,1977.67,12546.46,2326.72,1551.69
2013-03-26,3288.53,22311.08,1983.7,12471.62,2297.67,1563.77
2013-03-27,3313.03,22464.82,1993.44,12493.79,2301.26,1562.85
2013-03-28,3308.1,22299.63,1993.52,12335.96,2236.3,1569.19
2013-04-02,3317.59,22367.82,1986.15,12003.43,2227.74,1570.25
2013-04-03,3321.77,22337.49,1983.22,12362.2,2225.29,1553.69
2013-04-08,3284.61,21718.05,1918.69,13192.59,2211.59,1563.07
2013-04-09,3296.57,21870.34,1920.74,13192.35,2225.77,1568.61
2013-04-10,3293.25,22034.56,1935.58,13288.13,2226.13,1587.73
2013-04-11,3308.8,22101.27,1949.8,13549.16,2219.55,1593.37
2013-04-12,3294.19,22089.05,1924.23,13485.14,2206.78,1588.85
2013-04-15,3284.37,21772.67,1920.45,13275.66,2181.94,1552.36
2013-04-16,3291.58,21672.03,1922.21,13221.44,2194.84,1574.57
2013-04-17,3291.46,21569.67,1923.84,13382.89,2193.8,1552.01
2013-04-18,3296.37,21512.52,1900.06,13220.07,2197.6,1541.61
2013-04-19,3294.05,22013.57,1906.75,13316.48,2244.64,1555.25
2013-04-22,3308.92,22044.37,1926.31,13568.37,2242.17,1562.5
2013-04-23,3284.35,21806.61,1918.63,13529.65,2184.54,1578.78
2013-04-24,3322.71,22183.05,1935.31,13843.46,2218.32,1578.79
2013-04-25,3337.71,22401.24,1951.6,13926.08,2199.31,1585.16
2013-04-26,3348.87,22547.71,1944.56,13884.13,2177.91,1582.24
2013-05-02,3402.39,22668.3,1957.21,13694.04,2174.12,1597.59
2013-05-07,3383.16,23047.09,1954.35,14180.24,2235.57,1625.96
2013-05-08,3413.02,23244.35,1956.45,14285.69,2246.3,1632.69
2013-05-09,3432.78,23211.48,1979.45,14191.48,2232.97,1626.67
2013-05-10,3443.77,23321.22,1944.75,14607.54,2246.83,1633.7
2013-05-13,3428.96,22989.81,1948.7,14782.21,2241.92,1633.77
2013-05-14,3432.76,22930.28,1968.83,14758.42,2217.01,1650.34
2013-05-15,3441.53,23044.24,1971.26,15096.03,2224.8,1658.78
2013-05-16,3452.28,23082.68,1986.81,15037.24,2251.8,1650.47
2013-05-20,3454.23,23493.03,1982.43,15360.81,2299.99,1666.29
2013-05-21,3443.9,23366.37,1981.09,15381.02,2305.11,1669.16
2013-05-22,3454.37,23261.08,1993.83,15627.26,2302.4,1655.35
2013-05-23,3393.17,22669.68,1969.19,14483.98,2275.67,1650.51
2013-05-28,3406.08,22924.25,1986.22,14311.98,2321.32,1660.06
2013-05-29,3367.47,22554.93,2001.2,14326.46,2324.02,1648.36
2013-05-30,3336.01,22484.31,2000.1,13589.03,2317.75,1654.41
2013-05-31,3311.37,22392.16,2001.05,13774.54,2300.59,1630.74
2013-06-03,3291.08,22282.19,1989.57,13261.82,2299.25,1640.42
2013-06-04,3291.35,22285.52,1989.51,13533.76,2272.42,1631.38
2013-06-05,3243.43,22069.24,1959.19,13014.87,2270.93,1608.9
2013-06-07,3184.72,21575.26,1923.85,12877.53,2210.9,1643.38
2013-06-13,3130.69,20887.04,1882.73,12445.38,2148.35,1636.36
2013-06-14,3161.43,20969.14,1889.24,12686.52,2162.04,1626.73
2013-06-17,3183.44,21225.9,1883.1,13033.12,2156.22,1639.04
2013-06-18,3229.55,21225.88,1900.62,13007.28,2159.29,1651.81
2013-06-19,3213.79,20986.89,1888.31,13245.22,2143.45,1628.93
2013-06-20,3133.26,20382.87,1850.49,13014.58,2084.02,1588.19
2013-06-21,3124.45,20263.31,1822.83,13230.13,2073.09,1592.43
2013-06-24,3074.31,19813.98,1799.01,13062.78,1963.23,1573.09
2013-06-25,3089.93,19855.72,1780.63,12969.34,1959.51,1588.03
2013-06-26,3104.4,20338.55,1783.45,12834.01,1951.49,1603.26
2013-06-27,3118.03,20440.08,1834.7,13213.55,1950.01,1613.2
2013-06-28,3150.44,20803.29,1863.32,13677.32,1979.21,1606.28
2013-07-02,3173.32,20658.65,1855.02,14098.74,2006.56,1614.08
2013-07-03,3129.49,20147.31,1824.66,14055.56,1994.27,1615.41
2013-07-05,3169.73,20854.67,1833.31,14309.97,2007.2,1631.89
2013-07-08,3155.47,20582.19,1816.85,14109.34,1958.27,1640.46
2013-07-09,3178.63,20683.01,1830.35,14472.9,1965.45,1652.32
2013-07-10,3188.04,20904.56,1824.16,14416.6,2008.13,1652.62
2013-07-11,3248.92,21437.49,1877.6,14472.58,2072.99,1675.02
2013-07-12,3236.06,21277.28,1869.98,14506.25,2039.49,1680.19
2013-07-16,3224.96,21312.38,1866.36,14599.12,2065.72,1676.26
2013-07-17,3208.33,21371.87,1887.49,14615.04,2044.92,1680.91
2013-07-18,3218.2,21345.22,1875.48,14808.5,2023.4,1689.37
2013-07-19,3213.26,21362.42,1871.41,14589.91,1992.65,1692.09
2013-07-22,3234.35,21416.5,1880.35,14658.04,2004.76,1695.53
2013-07-23,3253.76,21915.42,1904.15,14778.51,2043.88,1692.39
2013-07-24,3274.76,21968.93,1912.08,14731.28,2033.33,1685.94
2013-07-25,3235.68,21900.96,1909.61,14562.93,2021.17,1690.25
2013-07-26,3236.1,21968.95,1910.81,14129.98,2010.85,1691.65
2013-07-29,3236.97,21850.15,1899.89,13661.13,1976.31,1685.33
2013-07-30,3245.45,21953.96,1917.05,13869.82,1990.06,1685.96
2013-07-31,3221.93,21883.66,1914.03,13668.32,1993.8,1685.73
2013-08-01,3243.29,22088.79,1920.74,14005.77,2029.07,1706.87
2013-08-02,3254.13,22190.97,1923.38,14466.16,2029.42,1709.67
2013-08-05,3241.79,22222.01,1916.22,14258.04,2050.48,1707.14
2013-08-06,3224.89,21923.7,1906.62,14401.06,2060.5,1697.37
2013-08-07,3229.91,21588.84,1878.33,13824.94,2046.78,1690.91
2013-08-12,3232.24,22271.28,1884.83,13519.43,2101.28,1689.47
2013-08-13,3244.12,22541.13,1913.03,13867.0,2106.16,1694.16
2013-08-16,3197.53,22517.81,1920.11,13650.11,2068.45,1655.83
2013-08-19,3173.33,22463.7,1917.64,13758.13,2085.6,1646.06
2013-08-20,3128.75,21970.29,1887.85,13396.38,2072.59,1652.35
2013-08-21,3108.99,21817.73,1867.46,13424.33,2072.96,1642.8
2013-08-22,3089.4,21895.4,1849.12,13365.17,2067.12,1656.96
2013-08-23,3088.85,21863.51,1870.16,13660.55,2057.46,1663.5
2013-08-26,3084.41,22005.32,1887.86,13636.28,2096.47,1656.78
2013-08-27,3034.02,21874.77,1885.84,13542.37,2103.57,1630.48
2013-08-28,3004.18,21524.65,1884.52,13338.46,2101.3,1634.96
2013-08-29,3038.03,21704.78,1907.54,13459.71,2097.23,1638.17
2013-08-30,3028.94,21731.37,1926.36,13388.86,2098.38,1632.97
2013-09-03,3054.78,22394.58,1933.74,13978.44,2123.11,1639.77
2013-09-04,3015.42,22326.22,1933.03,14053.87,2127.62,1653.08
2013-09-05,3039.45,22597.97,1951.65,14064.82,2122.43,1655.08
2013-09-06,3048.35,22621.22,1955.31,13860.81,2139.99,1655.17
2013-09-09,3088.2,22750.65,1974.67,14205.23,2212.52,1671.71
2013-09-10,3123.89,22976.65,1994.06,14423.36,2237.98,1683.99
2013-09-11,3108.19,22937.14,2003.85,14425.07,2241.27,1689.13
2013-09-12,3121.08,22953.72,2004.06,14387.27,2255.6,1683.42
2013-09-13,3120.3,22915.28,1994.32,14404.67,2236.22,1687.99
2013-09-17,3180.92,23180.52,2005.58,14311.67,2185.56,1704.76
2013-09-24,3211.75,23179.04,2007.1,14732.61,2207.53,1697.42
2013-09-25,3208.58,23209.63,1998.06,14620.53,2198.51,1692.77
2013-09-26,3194.31,23125.03,2007.32,14799.12,2155.81,1698.67
2013-09-27,3210.18,23207.04,2011.8,14760.07,2160.03,1691.75
2013-09-30,3167.87,22859.86,1996.96,14455.8,2174.67,1681.55
2013-10-08,3146.5,23178.85,2002.76,13894.61,2198.2,1655.45
2013-10-10,3169.91,22951.3,2001.4,14194.71,2190.93,1692.56
2013-10-11,3179.71,23218.32,2024.9,14404.74,2228.15,1703.2
2013-10-16,3174.03,23228.33,2034.61,14467.14,2193.07,1721.54
2013-10-17,3186.62,23094.88,2040.61,14586.51,2188.54,1733.15
2013-10-18,3192.9,23340.1,2052.4,14561.54,2193.78,1744.5
2013-10-21,3195.76,23438.15,2053.01,14693.57,2229.24,1744.66
2013-10-22,3210.21,23315.99,2056.12,14713.25,2210.65,1754.67
2013-10-23,3204.8,22999.95,2035.75,14426.05,2183.11,1746.38
2013-10-24,3217.95,22835.82,2046.69,14486.41,2164.32,1752.07
2013-10-25,3205.24,22698.34,2034.39,14088.19,2132.96,1759.77
2013-10-28,3207.85,22806.58,2048.14,14396.04,2133.87,1762.11
2013-10-29,3208.82,22846.54,2051.76,14325.98,2128.86,1771.95
2013-10-30,3230.44,23304.02,2059.58,14502.35,2160.46,1763.31
2013-10-31,3210.67,23206.37,2030.09,14327.94,2141.61,1756.54
2013-11-01,3201.2,23249.79,2039.42,14201.57,2149.56,1761.64
2013-11-05,3205.54,23038.95,2013.93,14225.37,2157.24,1762.97
2013-11-06,3205.29,23036.94,2013.67,14337.31,2139.61,1770.49
2013-11-07,3202.1,22881.03,2004.04,14228.44,2129.4,1747.15
2013-11-08,3177.25,22744.39,1984.87,14086.8,2106.13,1770.61
2013-11-11,3186.72,23069.85,1977.3,14269.84,2109.47,1771.89
2013-11-12,3180.25,22901.41,1995.48,14588.68,2126.77,1767.69
2013-11-13,3166.74,22463.83,1963.56,14567.16,2087.94,1782.0
2013-11-14,3191.08,22649.15,1967.56,14876.41,2100.51,1790.62
2013-11-15,3201.27,23032.15,2005.64,15165.92,2135.83,1798.18
2013-11-18,3203.03,23660.06,2010.81,15164.3,2197.22,1791.53
2013-11-19,3192.08,23657.81,2031.64,15126.56,2193.12,1787.87
2013-11-20,3184.23,23700.86,2017.24,15076.08,2206.61,1781.37
2013-11-21,3172.38,23580.29,1993.78,15365.6,2205.77,1795.85
2013-11-22,3172.85,23696.28,2006.23,15381.72,2196.38,1804.76
2013-11-25,3180.65,23684.45,2015.98,15619.13,2186.11,1802.48
2013-11-26,3173.51,23681.28,2022.64,15515.24,2183.07,1802.75
2013-11-27,3172.06,23806.35,2028.81,15449.63,2201.07,1807.23
2013-11-29,3176.35,23881.29,2044.87,15661.87,2220.5,1805.81
2013-12-02,3188.76,24038.55,2030.78,15655.07,2207.37,1800.9
2013-12-03,3187.67,23910.47,2009.36,15749.66,2222.67,1795.15
2013-12-04,3160.7,23728.7,1986.8,15407.94,2251.76,1792.81
2013-12-05,3124.38,23712.57,1984.77,15177.49,2247.06,1785.03
2013-12-06,3114.17,23743.1,1980.41,15299.86,2237.11,1805.09
2013-12-09,3113.64,23811.17,2000.38,15650.21,2238.2,1808.37
2013-12-10,3081.72,23744.19,1993.45,15611.31,2237.49,1802.62
2013-12-11,3060.74,23338.24,1977.97,15515.06,2204.17,1782.22
2013-12-12,3059.04,23218.12,1967.93,15341.82,2202.8,1775.5
2013-12-13,3066.02,23245.96,1962.91,15403.11,2196.07,1775.32
2013-12-16,3053.77,23114.66,1961.15,15152.91,2160.86,1786.54
2013-12-17,3067.57,23069.23,1965.74,15278.63,2151.08,1781.0
2013-12-18,3061.78,23143.82,1974.63,15587.8,2148.28,1810.65
2013-12-19,3070.23,22888.75,1975.65,15859.22,2127.79,1809.6
2013-12-20,3094.48,22812.18,1983.35,15870.42,2084.79,1818.32
2013-12-24,3127.29,23179.55,2001.59,15889.33,2092.91,1833.32
2013-12-27,3149.76,23243.24,2002.28,16178.94,2101.25,1841.4
2013-12-30,3153.29,23244.87,2011.34,16291.31,2097.53,1841.07
2014-01-06,3123.82,22684.15,1953.28,15908.88,2045.71,1826.77
2014-01-07,3120.88,22712.78,1959.44,15814.37,2047.32,1837.88
2014-01-08,3150.65,22996.59,1958.96,16121.45,2044.34,1837.49
2014-01-09,3145.41,22787.33,1946.11,15880.33,2027.62,1838.13
2014-01-10,3143.87,22846.25,1938.54,15912.06,2013.3,1842.37
2014-01-14,3123.75,22791.28,1946.07,15422.4,2026.84,1838.88
2014-01-15,3143.25,22902.0,1953.28,15808.73,2023.35,1848.38
2014-01-16,3140.44,22986.41,1957.32,15747.2,2023.7,1845.89
2014-01-17,3147.33,23133.35,1944.48,15734.46,2004.95,1838.7
2014-01-21,3133.76,23033.12,1963.89,15795.96,2008.31,1843.8
2014-01-22,3133.74,23082.25,1970.42,15820.96,2051.75,1844.86
2014-01-23,3100.24,22733.9,1947.59,15695.89,2042.18,1828.46
2014-01-24,3075.99,22450.06,1940.56,15391.56,2054.39,1790.29
2014-01-27,3042.43,21976.1,1910.34,15005.73,2033.3,1781.56
2014-01-28,3062.41,21960.64,1916.93,14980.16,2038.51,1792.5
2014-01-29,3047.93,22141.61,1941.15,15383.91,2049.91,1774.2
2014-02-07,3013.14,21636.85,1922.5,14462.41,2044.5,1797.02
2014-02-10,3017.2,21579.26,1923.3,14718.34,2086.07,1799.84
2014-02-12,3035.45,22285.79,1935.84,14800.06,2109.96,1819.26
2014-02-13,3039.9,22165.53,1926.96,14534.74,2098.4,1829.83
2014-02-14,3038.71,22298.41,1940.28,14313.03,2115.85,1838.63
2014-02-18,3070.78,22587.72,1946.91,14843.24,2119.07,1840.76
2014-02-19,3088.79,22664.52,1942.93,14766.53,2142.55,1828.75
2014-02-20,3086.64,22394.08,1930.57,14449.18,2138.78,1839.78
2014-02-21,3099.93,22568.24,1957.83,14865.67,2113.69,1836.25
2014-02-24,3105.84,22388.56,1949.05,14837.68,2076.69,1847.61
2014-02-25,3103.62,22317.2,1964.86,15051.6,2034.22,1845.12
2014-02-26,3088.25,22437.44,1970.77,14970.97,2041.25,1845.16
2014-02-27,3096.74,22828.18,1978.43,14923.11,2047.35,1854.29
2014-02-28,3110.78,22836.96,1979.99,14841.07,2056.3,1859.45
2014-03-03,3087.47,22500.67,1964.69,14652.23,2075.24,1845.73
2014-03-04,3104.71,22657.63,1954.11,14721.48,2071.47,1873.91
2014-03-05,3116.64,22579.78,1971.24,14897.63,2053.08,1873.81
2014-03-06,3129.17,22702.97,1975.62,15134.75,2059.58,1877.03
2014-03-07,3136.26,22660.49,1974.68,15274.07,2057.91,1878.04
2014-03-10,3126.63,22264.93,1954.42,15120.14,1999.06,1877.17
2014-03-11,3129.4,22269.61,1963.87,15224.11,2001.16,1867.63
2014-03-12,3097.43,21901.95,1932.54,14830.39,1997.69,1868.2
2014-03-13,3081.39,21756.08,1934.38,14815.98,2019.11,1846.34
2014-03-14,3073.72,21539.49,1919.9,14327.66,2004.34,1841.13
2014-03-17,3092.14,21473.95,1927.53,14277.67,2023.67,1858.83
2014-03-18,3093.84,21583.5,1940.21,14411.27,2025.2,1872.25
2014-03-19,3080.75,21568.69,1937.68,14462.52,2021.73,1860.77
2014-03-20,3057.2,21182.16,1919.52,14224.23,1993.48,1872.01
2014-03-24,3111.83,21846.45,1945.55,14475.3,2066.28,1857.44
2014-03-25,3104.17,21732.32,1941.25,14423.19,2067.31,1865.62
2014-03-26,3143.32,21887.75,1964.31,14477.16,2063.67,1852.56
2014-03-27,3162.46,21834.45,1977.97,14622.89,2046.59,1849.04
2014-03-28,3172.17,22065.53,1981.0,14696.03,2041.71,1857.62
2014-03-31,3188.62,22151.06,1985.61,14827.83,2033.31,1872.34
2014-04-01,3198.52,22448.54,1991.98,14791.99,2047.46,1885.52
2014-04-02,3192.78,22523.94,1997.25,14946.32,2058.99,1890.9
2014-04-03,3220.06,22565.08,1993.7,15071.88,2043.7,1888.77
2014-04-04,3212.72,22510.08,1988.09,15063.77,2058.83,1865.09
2014-04-08,3204.09,22596.97,1993.03,14606.88,2098.28,1851.96
2014-04-09,3209.92,22843.17,1998.95,14299.69,2105.24,1872.18
2014-04-10,3203.58,23186.96,2008.61,14300.12,2134.3,1833.08
2014-04-11,3198.22,23003.64,1997.44,13960.05,2130.54,1815.69
2014-04-14,3214.83,23038.8,1997.02,13910.16,2131.54,1830.61
2014-04-15,3246.32,22671.26,1992.27,13996.81,2101.6,1842.98
2014-04-16,3253.2,22696.01,1992.21,14417.68,2105.12,1862.31
2014-04-17,3253.8,22760.24,1992.05,14417.53,2098.89,1864.85
2014-04-22,3277.53,22730.68,2004.22,14388.77,2072.83,1879.55
2014-04-23,3258.01,22509.64,2000.37,14546.27,2067.38,1875.39
2014-04-24,3283.93,22562.8,1998.34,14404.99,2057.03,1878.61
2014-04-25,3267.57,22223.53,1971.66,14429.26,2036.52,1863.4
2014-04-28,3242.71,22132.53,1969.26,14288.23,2003.49,1869.43
2014-04-30,3264.71,22133.97,1961.79,14304.11,2026.36,1883.95
2014-05-07,3236.43,21746.26,1939.88,14033.45,2010.08,1878.21
2014-05-08,3247.69,21837.12,1950.6,14163.78,2015.27,1875.63
2014-05-09,3252.13,21862.99,1956.55,14199.59,2011.14,1878.48
2014-05-12,3222.43,22261.61,1964.94,14149.52,2052.87,1896.65
2014-05-14,3259.09,22582.77,2010.83,14405.76,2047.91,1888.53
2014-05-15,3272.49,22730.86,2010.2,14298.21,2024.97,1870.85
2014-05-16,3262.59,22712.91,2013.44,14096.59,2026.5,1877.86
2014-05-19,3262.43,22704.5,2015.14,14006.44,2005.18,1885.08
2014-05-20,3265.47,22834.68,2011.26,14075.25,2008.12,1872.83
2014-05-21,3261.78,22836.52,2008.33,14042.17,2024.95,1888.03
2014-05-22,3265.66,22953.76,2015.59,14337.79,2021.29,1892.49
2014-05-23,3278.02,22965.86,2017.17,14462.17,2034.57,1900.53
2014-05-27,3274.06,22944.3,1997.63,14636.52,2034.56,1911.91
2014-05-28,3271.84,23080.03,2017.06,14670.95,2050.23,1909.78
2014-05-29,3300.71,23010.14,2012.26,14681.72,2040.59,1920.03
2014-05-30,3295.85,23081.65,1994.96,14632.38,2039.21,1923.57
2014-06-03,3296.67,23291.04,2008.56,15034.25,2038.31,1924.24
2014-06-05,3279.64,23109.66,1995.48,15079.37,2040.88,1940.46
2014-06-09,3305.2,23117.47,1990.04,15124.0,2030.5,1951.27
2014-06-10,3293.82,23315.74,2011.8,14994.8,2052.53,1950.79
2014-06-11,3290.04,23257.29,2014.67,15069.48,2054.95,1943.89
2014-06-12,3293.01,23175.02,2011.65,14973.53,2051.71,1930.11
2014-06-13,3293.25,23319.17,1990.85,15097.84,2070.72,1936.16
2014-06-16,3290.26,23300.67,1993.59,14933.29,2085.98,1937.78
2014-06-17,3274.44,23203.59,2001.55,14975.97,2066.7,1941.99
2014-06-18,3276.8,23181.72,1989.49,15115.8,2055.52,1956.98
2014-06-19,3269.02,23167.73,1992.03,15361.16,2023.73,1959.48
2014-06-20,3258.8,23194.06,1968.07,15349.42,2026.67,1962.87
2014-06-23,3257.4,22804.81,1974.92,15369.28,2024.36,1962.61
2014-06-24,3262.03,22880.64,1994.35,15376.24,2033.93,1949.98
2014-06-25,3261.54,22866.7,1981.77,15266.61,2025.5,1959.53
2014-06-26,3278.57,23197.83,1995.05,15308.49,2038.68,1957.22
2014-06-27,3271.05,23221.52,1988.51,15095.0,2036.51,1960.96
2014-06-30,3255.67,23190.72,2002.21,15162.1,2048.33,1960.23
2014-07-02,3263.91,23549.62,2015.28,15369.97,2059.42,1974.62
2014-07-03,3273.15,23531.44,2010.97,15348.29,2063.23,1985.44
2014-07-07,3291.57,23540.92,2005.12,15379.44,2059.93,1977.65
2014-07-08,3283.34,23541.38,2006.66,15314.41,2064.02,1963.71
2014-07-09,3275.46,23176.07,2000.5,15302.65,2038.61,1972.83
2014-07-10,3269.5,23238.99,2002.84,15216.47,2038.34,1964.68
2014-07-11,3293.73,23233.45,1988.74,15164.04,2046.96,1967.57
2014-07-14,3290.98,23346.67,1993.88,15296.82,2066.65,1977.1
2014-07-15,3291.42,23459.96,2012.72,15395.16,2070.36,1973.28
2014-07-16,3304.43,23523.28,2013.48,15379.3,2067.28,1981.57
2014-07-17,3306.89,23520.87,2020.9,15370.26,2055.59,1958.12
2014-07-18,3310.53,23454.79,2019.42,15215.71,2059.07,1978.22
2014-07-22,3316.91,23782.11,2028.93,15343.28,2075.48,1983.53
2014-07-23,3340.7,23971.87,2028.32,15328.56,2078.49,1987.01
2014-07-24,3353.89,24141.5,2026.62,15284.42,2105.06,1987.98
2014-07-25,3350.17,24216.01,2033.85,15457.87,2126.61,1978.34
2014-07-29,3356.08,24640.53,2061.97,15618.07,2183.19,1969.95
2014-07-30,3353.65,24732.21,2082.61,15646.23,2181.24,1970.07
2014-07-31,3374.06,24756.85,2076.12,15620.77,2201.56,1930.67
2014-08-01,3344.42,24532.43,2073.1,15523.11,2185.3,1925.15
2014-08-04,3318.4,24600.08,2080.42,15474.5,2223.33,1938.99
2014-08-05,3327.67,24648.26,2066.26,15320.31,2219.95,1920.21
2014-08-06,3320.23,24584.13,2060.73,15159.79,2217.47,1920.24
2014-08-07,3314.22,24387.56,2054.51,15232.37,2187.67,1909.57
2014-08-08,3288.89,24331.41,2031.1,14778.37,2194.43,1931.59
2014-08-11,3306.45,24646.02,2039.37,15130.52,2224.65,1936.92
2014-08-12,3303.39,24689.41,2041.47,15161.31,2221.59,1933.75
2014-08-13,3301.41,24890.34,2062.36,15213.63,2222.88,1946.72
2014-08-14,3294.83,24801.36,2063.22,15314.57,2206.47,1955.18
2014-08-18,3312.78,24955.46,2053.13,15322.6,2239.47,1971.74
2014-08-19,3316.43,25122.95,2071.14,15449.79,2245.33,1981.6
2014-08-20,3323.65,25159.76,2072.78,15454.45,2240.21,1986.51
2014-08-21,3324.09,24994.1,2044.21,15586.2,2230.46,1992.37
2014-08-22,3325.5,25112.23,2056.7,15539.19,2240.81,1988.4
2014-08-25,3330.28,25166.91,2060.89,15613.25,2229.27,1997.92
2014-08-26,3323.02,25074.5,2068.05,15521.22,2207.11,2000.02
2014-08-27,3341.46,24918.75,2074.93,15534.82,2209.47,2000.12
2014-08-28,3330.22,24741.0,2075.76,15459.86,2195.82,1996.74
2014-08-29,3327.09,24742.06,2068.54,15424.59,2217.2,2003.37
2014-09-02,3328.3,24749.02,2051.58,15668.6,2266.05,2002.28
2014-09-03,3348.77,25317.95,2051.2,15728.35,2288.63,2000.72
2014-09-04,3346.34,25297.92,2056.26,15676.18,2306.86,1997.65
2014-09-05,3341.73,25240.15,2049.41,15668.68,2326.43,2007.71
2014-09-11,3347.28,24662.64,2034.16,15909.2,2311.68,1997.45
2014-09-12,3345.55,24595.32,2041.86,15948.29,2331.95,1985.54
2014-09-16,3272.62,24136.01,2042.92,15911.53,2296.55,1998.98
2014-09-17,3296.48,24376.41,2062.61,15888.67,2307.89,2001.57
2014-09-18,3297.29,24168.72,2047.74,16067.57,2315.93,2011.36
2014-09-19,3305.05,24306.16,2053.82,16321.17,2329.45,2010.4
2014-09-22,3296.57,23955.49,2039.27,16205.9,2289.87,1994.29
2014-09-24,3292.81,23921.61,2035.64,16167.45,2343.57,1998.3
2014-09-25,3290.99,23768.13,2034.11,16374.14,2345.1,1965.99
2014-09-26,3292.21,23678.41,2031.64,16229.86,2347.72,1982.85
2014-09-29,3289.72,23229.21,2026.6,16310.64,2357.71,1977.8
2014-09-30,3276.74,22932.98,2020.09,16173.52,2363.87,1972.29
2014-10-08,3226.71,23263.33,1965.25,15595.98,2382.79,1968.89
2014-10-10,3223.87,23088.54,1940.92,15300.55,2374.54,1906.13
2014-10-14,3194.4,23047.97,1929.25,14936.51,2359.48,1877.7
2014-10-15,3198.72,23140.05,1925.91,15073.52,2373.67,1862.49
2014-10-16,3154.21,22900.94,1918.83,14738.38,2356.5,1862.76
2014-10-17,3167.73,23023.21,1900.66,14532.51,2341.18,1886.76
2014-10-20,3181.05,23070.26,1930.06,15111.23,2356.73,1904.01
2014-10-21,3202.74,23088.58,1915.28,14804.28,2339.66,1941.28
2014-10-24,3222.55,23302.2,1925.69,15291.64,2302.28,1964.58
2014-10-27,3226.11,23143.23,1931.97,15388.72,2290.44,1961.63
2014-10-28,3211.65,23520.36,1925.68,15329.91,2337.87,1985.05
2014-10-29,3224.03,23819.87,1961.17,15553.91,2373.03,1982.3
2014-10-30,3234.31,23702.04,1958.93,15658.2,2391.08,1994.65
2014-10-31,3274.25,23998.06,1964.43,16413.76,2420.18,2018.05
2014-11-04,3281.57,23845.66,1935.19,16862.47,2430.74,2012.1
2014-11-05,3287.54,23695.62,1931.43,16937.32,2420.4,2023.57
2014-11-06,3290.96,23649.31,1936.48,16792.48,2425.81,2031.21
2014-11-07,3286.39,23550.24,1939.87,16880.38,2419.15,2031.92
2014-11-10,3301.0,23744.7,1958.23,16780.53,2473.18,2038.26
2014-11-11,3292.15,23808.28,1963.0,17124.11,2470.59,2039.68
2014-11-12,3283.71,23938.18,1967.27,17197.05,2494.28,2038.25
2014-11-13,3304.93,24019.94,1960.51,17392.79,2486.67,2039.33
2014-11-14,3315.67,24087.38,1945.14,17490.83,2479.19,2039.82
2014-11-17,3288.67,23797.08,1943.63,16973.8,2475.12,2041.32
2014-11-18,3313.73,23529.17,1967.01,17344.06,2457.53,2051.8
2014-11-19,3334.56,23373.31,1966.87,17288.75,2451.17,2048.72
2014-11-20,3315.6,23349.64,1958.04,17300.86,2452.62,2052.75
2014-11-21,3345.32,23437.12,1964.84,17357.51,2487.11,2063.5
2014-11-25,3344.99,23843.91,1980.21,17407.62,2567.6,2067.03
2014-11-26,3349.66,24111.98,1980.84,17383.58,2604.89,2072.83
2014-11-28,3350.5,23987.45,1980.78,17459.85,2682.92,2067.56
2014-12-01,3305.64,23367.45,1965.22,17590.1,2680.74,2053.44
2014-12-02,3322.32,23654.3,1965.83,17663.22,2763.32,2066.55
2014-12-03,3303.39,23428.62,1969.91,17720.43,2779.74,2074.33
2014-12-04,3304.82,23832.56,1986.61,17887.21,2900.36,2071.92
2014-12-05,3324.39,24002.64,1986.62,17920.45,2938.78,2075.37
2014-12-08,3297.84,24047.67,1978.95,17935.64,3021.52,2060.31
2014-12-09,3319.84,23485.83,1970.95,17813.38,2859.92,2059.82
2014-12-10,3325.81,23524.52,1945.56,17412.58,2940.88,2026.14
2014-12-11,3318.7,23312.54,1916.59,17257.4,2925.74,2035.33
2014-12-12,3324.13,23249.2,1921.71,17371.58,2938.17,2002.33
2014-12-15,3294.14,23027.85,1920.36,17099.4,2953.42,1989.63
2014-12-16,3215.09,22670.5,1904.13,16755.32,3021.52,1972.74
2014-12-17,3227.23,22585.84,1900.16,16819.73,3061.02,2012.89
2014-12-18,3243.65,22832.21,1897.5,17210.05,3057.52,2061.23
2014-12-19,3279.53,23116.63,1929.98,17621.4,3108.6,2070.65
2014-12-22,3330.96,23408.57,1943.12,17635.14,3127.45,2078.54
2014-12-29,3367.69,23773.18,1927.86,17729.84,3168.02,2090.57
2014-12-30,3366.11,23501.1,1915.59,17450.77,3165.81,2080.35
2015-01-05,3328.28,23721.32,1915.75,17408.71,3350.52,2020.58
2015-01-06,3281.95,23485.41,1882.45,16883.19,3351.45,2002.61
2015-01-07,3298.36,23681.26,1883.83,16885.33,3373.95,2025.9
2015-01-08,3345.11,23835.53,1904.65,17167.1,3293.46,2062.14
2015-01-09,3338.44,23919.95,1924.7,17197.73,3285.41,2044.81
2015-01-13,3341.07,24215.97,1917.14,17087.71,3235.3,2023.03
2015-01-14,3326.16,24112.6,1913.66,16795.96,3222.44,2011.27
2015-01-15,3338.84,24350.91,1914.14,17108.7,3336.46,1992.67
2015-01-16,3300.68,24103.52,1888.13,16864.16,3376.5,2019.42
2015-01-20,3334.02,23951.16,1918.31,17366.3,3173.05,2022.55
2015-01-21,3354.46,24352.58,1921.23,17280.48,3323.61,2032.12
2015-01-22,3370.29,24522.63,1920.82,17329.02,3343.34,2063.15
2015-01-23,3411.5,24850.45,1936.09,17511.75,3351.76,2051.82
2015-01-26,3398.52,24909.9,1935.68,17468.52,3383.18,2057.09
2015-01-27,3412.2,24807.28,1952.4,17768.3,3352.96,2029.55
2015-01-28,3419.15,24861.81,1961.58,17795.73,3305.74,2002.16
2015-01-29,3419.05,24595.85,1951.02,17606.22,3262.3,2021.25
2015-01-30,3391.2,24507.05,1949.26,17674.39,3210.36,1994.99
2015-02-02,3423.35,24484.74,1952.68,17558.04,3128.3,2020.85
2015-02-03,3408.02,24554.78,1951.96,17335.85,3204.91,2050.03
2015-02-04,3417.57,24679.76,1962.79,17678.74,3174.13,2041.51
2015-02-05,3406.58,24765.49,1952.84,17504.62,3136.53,2062.52
2015-02-06,3431.36,24679.39,1955.52,17648.5,3075.91,2055.47
2015-02-09,3418.02,24521.0,1947.0,17711.93,3095.12,2046.74
2015-02-10,3434.24,24528.1,1935.86,17652.68,3141.59,2068.59
2015-02-12,3419.17,24422.15,1941.63,17979.72,3173.42,2088.48
2015-02-13,3426.22,24682.54,1957.5,17913.36,3203.83,2096.99
2015-02-17,3415.91,24784.88,1961.45,17987.09,3246.91,2100.34
2015-02-25,3440.83,24778.28,1990.47,18585.2,3228.84,2113.86
2015-02-26,3426.18,24902.06,1993.08,18785.79,3298.36,2110.74
2015-02-27,3402.86,24823.29,1985.8,18797.94,3310.3,2104.5
2015-03-02,3403.89,24887.44,1996.81,18826.88,3336.28,2117.39
2015-03-03,3422.11,24702.78,2001.38,18815.16,3263.05,2107.78
2015-03-04,3415.53,24465.38,1998.29,18703.6,3279.53,2098.53
2015-03-05,3395.27,24193.04,1998.38,18751.84,3248.48,2101.04
2015-03-06,3417.51,24164.0,2012.94,18971.0,3241.19,2071.26
2015-03-09,3404.57,24123.05,1992.82,18790.55,3302.41,2079.43
2015-03-10,3398.26,23896.98,1984.77,18665.11,3286.07,2044.16
2015-03-11,3378.59,23717.97,1980.83,18723.52,3290.9,2040.24
2015-03-12,3373.6,23797.96,1970.59,18991.11,3349.32,2065.95
2015-03-13,3362.77,23823.21,1985.79,19254.25,3372.91,2053.4
2015-03-16,3376.04,23949.55,1987.33,19246.06,3449.3,2081.19
2015-03-17,3369.95,23901.49,2029.91,19437.0,3502.85,2074.28
2015-03-18,3361.75,24120.08,2028.45,19544.48,3577.3,2099.5
2015-03-19,3386.16,24468.89,2037.89,19476.56,3582.27,2089.27
2015-03-20,3412.44,24375.24,2037.24,19560.22,3617.32,2108.1
2015-03-23,3410.13,24494.51,2036.59,19754.36,3687.73,2104.42
2015-03-24,3413.26,24399.6,2041.37,19713.45,3691.41,2091.5
2015-03-25,3419.02,24528.23,2042.81,19746.2,3660.73,2061.05
2015-03-26,3431.59,24497.08,2022.56,19471.12,3682.09,2056.15
2015-03-27,3450.1,24486.2,2019.8,19285.63,3691.1,2061.02
2015-03-30,3454.26,24855.12,2030.04,19411.4,3786.57,2086.24
2015-03-31,3447.01,24900.89,2041.03,19206.99,3747.9,2067.89
2015-04-01,3447.02,25082.75,2028.45,19034.84,3810.29,2059.69
2015-04-02,3453.75,25275.64,2029.07,19312.79,3825.78,2066.96
2015-04-08,3460.68,26236.86,2059.26,19789.81,3994.81,2081.9
2015-04-09,3460.3,26944.39,2058.87,19937.72,3957.53,2091.18
2015-04-10,3472.38,27272.39,2087.76,19907.63,4034.31,2102.06
2015-04-13,3484.39,28016.34,2098.92,19905.46,4121.71,2092.43
2015-04-14,3521.08,27561.49,2111.72,19908.68,4135.56,2095.84
2015-04-15,3539.95,27618.82,2119.96,19869.76,4084.16,2106.63
2015-04-16,3531.61,27739.71,2139.9,19885.77,4194.82,2104.99
2015-04-17,3525.19,27653.12,2143.5,19652.88,4287.3,2081.18
2015-04-20,3503.25,27094.93,2146.71,19634.49,4217.08,2100.4
2015-04-21,3508.61,27850.49,2144.79,19909.09,4293.62,2097.29
2015-04-22,3496.24,27933.85,2143.89,20133.9,4398.49,2107.96
2015-04-23,3502.75,27827.7,2173.41,20187.65,4414.51,2112.93
2015-04-24,3513.0,28060.98,2159.8,20020.04,4393.69,2117.69
2015-04-27,3515.85,28433.59,2157.54,19983.32,4527.4,2108.92
2015-04-28,3495.09,28442.75,2147.67,20058.95,4476.21,2114.76
2015-04-30,3487.39,28133.0,2127.17,19520.01,4441.65,2085.51
2015-05-07,3432.78,27289.97,2091.0,19291.99,4112.21,2088.0
2015-05-08,3452.01,27577.34,2085.52,19379.19,4205.92,2116.1
2015-05-11,3470.8,27718.2,2097.38,19620.91,4333.58,2105.33
2015-05-12,3442.33,27407.18,2096.77,19624.84,4401.22,2099.12
2015-05-13,3453.17,27249.28,2114.16,19764.72,4375.76,2098.48
2015-05-14,3455.78,27286.55,2120.33,19570.24,4378.31,2121.1
2015-05-15,3463.1,27822.28,2106.5,19732.92,4308.69,2122.73
2015-05-18,3459.57,27591.25,2113.72,19890.27,4283.49,2129.2
2015-05-19,3454.04,27693.54,2120.85,20026.38,4417.55,2127.83
2015-05-20,3439.68,27585.05,2139.54,20196.56,4446.29,2125.85
2015-05-21,3439.86,27523.72,2122.81,20202.87,4529.42,2130.82
2015-05-22,3450.18,27992.83,2146.1,20264.41,4657.6,2126.06
2015-05-26,3459.98,28249.86,2143.5,20437.48,4910.9,2104.2
2015-05-27,3424.94,28081.21,2107.5,20472.58,4941.71,2123.48
2015-05-28,3417.77,27454.31,2110.89,20551.46,4620.27,2120.79
2015-05-29,3392.11,27424.19,2114.8,20563.15,4611.74,2107.39
2015-06-02,3340.75,27466.72,2078.64,20543.19,4910.53,2109.6
2015-06-03,3349.84,27657.47,2063.16,20473.51,4909.98,2114.07
2015-06-04,3345.0,27551.89,2072.86,20488.19,4947.1,2095.84
2015-06-05,3333.67,27260.16,2068.1,20460.9,5023.1,2092.83
2015-06-08,3320.33,27316.28,2065.19,20457.19,5131.88,2079.28
2015-06-09,3295.13,26989.52,2064.03,20096.3,5113.53,2080.15
2015-06-10,3325.77,26687.64,2051.32,20046.36,5106.04,2105.2
2015-06-11,3347.67,26907.85,2056.61,20382.97,5121.59,2108.86
2015-06-12,3353.85,27280.54,2052.17,20407.08,5166.35,2094.11
2015-06-15,3323.13,26861.81,2042.32,20387.79,5062.99,2084.43
2015-06-16,3298.09,26566.7,2028.72,20257.94,4887.43,2096.29
2015-06-17,3325.91,26753.79,2034.86,20219.27,4967.9,2100.44
2015-06-18,3300.42,26694.66,2041.88,19990.82,4785.36,2121.24
2015-06-19,3300.96,26760.53,2046.96,20174.24,4478.36,2109.99
2015-06-23,3339.78,27333.46,2081.2,20809.42,4576.49,2124.2
2015-06-24,3351.33,27404.97,2085.53,20868.03,4690.15,2108.58
2015-06-25,3349.87,27145.75,2085.06,20771.4,4527.78,2102.31
2015-06-26,3320.9,26663.87,2090.26,20706.15,4192.87,2101.49
2015-06-29,3280.18,25966.98,2060.49,20109.95,4053.03,2057.64
2015-06-30,3317.33,26250.03,2074.2,20235.73,4277.22,2063.11
2015-07-02,3327.84,26282.32,2107.33,20522.5,3912.77,2076.78
2015-07-06,3332.94,25236.28,2053.93,20112.12,3775.91,2068.76
2015-07-07,3340.93,24975.31,2040.29,20376.59,3727.12,2081.34
2015-07-08,3284.99,23516.56,2016.21,19737.64,3507.19,2046.68
2015-07-09,3267.4,24392.79,2027.81,19855.5,3709.33,2051.31
2015-07-10,3279.88,24901.28,2031.17,19779.83,3877.8,2076.62
2015-07-13,3311.22,25224.01,2061.52,20089.77,3970.39,2099.6
2015-07-14,3316.5,25120.91,2059.23,20385.33,3924.49,2108.95
2015-07-15,3338.86,25055.76,2072.91,20463.33,3805.7,2107.4
2015-07-16,3353.45,25162.78,2087.89,20600.12,3823.18,2124.29
2015-07-21,3371.41,25536.43,2083.62,20841.97,4017.68,2119.21
2015-07-22,3359.17,25282.62,2064.73,20593.67,4026.04,2114.15
2015-07-23,3356.37,25398.85,2065.07,20683.95,4123.92,2102.15
2015-07-24,3352.65,25128.51,2045.96,20544.53,4070.91,2079.65
2015-07-27,3313.42,24351.96,2038.81,20350.1,3725.56,2067.64
2015-07-28,3281.09,24503.94,2039.1,20328.89,3663.0,2093.25
2015-07-29,3284.0,24619.45,2037.62,20302.91,3789.17,2108.57
2015-07-30,3249.52,24497.98,2019.03,20522.83,3705.77,2108.63
2015-07-31,3202.5,24636.28,2030.16,20585.24,3663.73,2103.84
2015-08-03,3192.79,24411.42,2008.49,20548.11,3622.91,2098.04
2015-08-04,3191.04,24406.12,2027.99,20520.36,3756.54,2093.32
2015-08-05,3191.39,24514.16,2029.76,20614.06,3694.57,2099.84
2015-08-06,3196.66,24375.28,2013.29,20664.44,3661.54,2083.56
2015-08-11,3153.06,24498.21,1986.65,20720.75,3927.91,2084.07
2015-08-12,3061.49,23916.02,1975.47,20392.77,3886.32,2086.05
2015-08-13,3091.78,24018.8,1983.46,20595.55,3954.56,2083.39
2015-08-17,3067.35,23814.65,1968.52,20620.26,3993.67,2102.44
2015-08-18,3049.65,23474.97,1956.26,20554.47,3748.16,2096.92
2015-08-19,3041.25,23167.85,1939.38,20222.63,3794.11,2079.61
2015-08-20,3009.78,22757.47,1914.55,20033.52,3664.29,2035.73
2015-08-21,2971.01,22409.62,1876.07,19435.83,3507.74,1970.89
2015-08-24,2843.39,21251.57,1829.81,18540.68,3209.91,1893.21
2015-08-25,2886.29,21404.96,1846.63,17806.7,2964.97,1867.61
2015-08-26,2873.0,21080.39,1894.09,18376.83,2927.29,1940.51
2015-08-27,2945.43,21838.54,1908.0,18574.44,3083.59,1987.66
2015-08-28,2955.94,21612.39,1937.67,19136.32,3232.35,1988.87
2015-08-31,2921.44,21670.58,1941.49,18890.48,3205.99,1972.18
2015-09-01,2882.77,21185.43,1914.23,18165.69,3166.62,1913.85
2015-09-02,2878.13,20934.94,1915.22,18095.4,3160.17,1948.86
2015-09-08,2885.32,21259.04,1878.68,17427.08,3170.45,1969.41
2015-09-09,2928.18,22131.31,1934.2,18770.51,3243.09,1942.04
2015-09-10,2888.03,21562.5,1962.11,18299.62,3197.89,1952.29
2015-09-14,2871.47,21561.9,1931.46,17965.7,3114.8,1953.03
2015-09-15,2841.94,21455.23,1937.56,18026.48,3005.17,1978.09
2015-09-16,2868.74,21966.66,1975.45,18171.6,3152.26,1995.31
2015-09-17,2895.81,21854.63,1976.49,18432.27,3086.06,1990.2
2015-09-18,2879.59,21920.83,1995.95,18070.21,3097.92,1958.03
2015-09-25,2832.64,21186.32,1942.85,17880.51,3092.35,1931.34
2015-09-30,2790.89,20846.3,1962.81,17388.15,3052.78,1920.03
2015-10-08,2947.03,22354.91,2019.53,18141.17,3143.36,2013.43
2015-10-13,2984.88,22600.46,2019.05,18234.74,3293.23,2003.69
2015-10-14,2983.92,22439.91,2009.55,17891.0,3262.44,1994.24
2015-10-15,3015.14,22888.17,2033.27,18096.9,3338.07,2023.86
2015-10-16,3030.61,23067.37,2030.26,18291.8,3391.35,2033.11
2015-10-19,3024.5,23075.61,2030.27,18131.23,3386.7,2033.66
2015-10-20,3019.03,22989.22,2039.36,18207.15,3425.33,2030.77
2015-10-22,3038.11,22845.37,2023.0,18435.87,3368.74,2052.51
2015-10-23,3068.46,23151.94,2040.4,18825.3,3412.43,2075.15
2015-10-26,3083.07,23116.25,2048.08,18947.12,3429.58,2071.18
2015-10-27,3052.53,23142.73,2044.65,18777.04,3434.34,2065.89
2015-10-28,3040.51,22956.57,2042.51,18903.02,3375.2,2090.35
2015-10-29,3001.51,22819.94,2034.16,18935.71,3387.31,2089.41
2015-10-30,2998.35,22640.04,2029.47,19083.1,3382.56,2079.36
2015-11-02,2974.41,22370.04,2035.24,18683.24,3325.08,2104.05
2015-11-04,3040.48,23053.57,2052.77,18926.91,3459.64,2102.31
2015-11-05,3023.65,23051.04,2049.41,19116.41,3522.82,2099.93
2015-11-06,3010.47,22867.33,2041.07,19265.6,3590.03,2099.2
2015-11-09,2997.72,22726.77,2025.7,19642.74,3646.88,2078.58
2015-11-11,2981.59,22352.17,1997.27,19691.39,3650.25,2075.0
2015-11-12,2959.01,22888.92,1993.36,19697.77,3632.9,2045.97
2015-11-13,2925.68,22396.14,1973.29,19596.91,3580.84,2023.04
2015-11-16,2915.73,22010.82,1943.02,19393.69,3606.96,2053.19
2015-11-17,2916.78,22264.25,1963.58,19630.63,3604.79,2050.44
2015-11-18,2886.08,22188.26,1962.88,19649.18,3568.47,2083.58
2015-11-19,2919.83,22500.22,1988.91,19859.81,3617.06,2081.24
2015-11-20,2917.91,22754.72,1989.86,19879.81,3630.5,2089.17
2015-11-24,2923.49,22587.63,2016.29,19924.89,3616.11,2089.14
2015-11-25,2891.58,22498.0,2009.42,19847.58,3647.93,2088.87
2015-11-27,2859.12,22068.32,2028.99,19883.94,3436.3,2090.11
2015-11-30,2855.94,21996.42,1991.97,19747.47,3445.41,2080.41
2015-12-01,2870.26,22381.35,2023.93,20012.4,3456.31,2102.63
2015-12-02,2883.64,22479.69,2009.29,19938.13,3536.91,2079.51
2015-12-03,2883.89,22417.01,1994.07,19939.9,3584.82,2049.62
2015-12-04,2879.05,22235.89,1974.4,19504.48,3524.99,2091.69
2015-12-07,2900.92,22203.22,1963.67,19698.15,3536.93,2077.07
2015-12-08,2876.03,21905.13,1949.04,19492.6,3470.07,2063.59
2015-12-09,2861.19,21803.76,1948.24,19301.07,3472.44,2047.62
2015-12-10,2848.46,21704.61,1952.07,19046.55,3455.5,2052.23
2015-12-11,2834.63,21464.05,1948.62,19230.48,3434.58,2012.37
2015-12-14,2815.04,21309.85,1927.82,18883.42,3520.67,2021.94
2015-12-15,2815.52,21274.37,1932.97,18565.9,3510.35,2043.41
2015-12-16,2840.92,21701.21,1969.4,19049.91,3516.19,2073.07
2015-12-17,2861.18,21872.06,1977.96,19353.56,3580.0,2041.89
2015-12-18,2852.84,21755.56,1975.32,18986.8,3578.96,2005.55
2015-12-21,2845.55,21791.68,1981.19,18916.02,3642.47,2021.15
2015-12-22,2852.97,21830.02,1992.56,18886.7,3651.77,2038.97
2015-12-24,2877.62,22138.13,1990.65,18789.69,3612.49,2060.99
2015-12-28,2875.32,21919.62,1964.06,18873.35,3533.78,2056.5
2015-12-29,2888.22,21999.62,1966.31,18982.23,3563.74,2078.36
2015-12-30,2885.51,21882.15,1961.31,19033.71,3572.88,2063.36
2016-01-04,2835.97,21327.12,1918.76,18450.98,3296.26,2012.66
2016-01-05,2834.23,21188.72,1930.53,18374.0,3287.71,2016.71
2016-01-06,2804.27,20980.81,1925.43,18191.32,3361.84,1990.26
2016-01-07,2729.91,20333.34,1904.33,17767.34,3125.0,1943.09
2016-01-08,2751.23,20453.71,1917.62,17697.96,3186.41,1922.03
2016-01-12,2691.78,19711.76,1890.86,17218.96,3022.86,1938.68
2016-01-13,2696.5,19934.88,1916.28,17715.63,2949.6,1890.28
2016-01-14,2644.57,19817.41,1900.01,17240.95,3007.65,1921.84
2016-01-15,2630.76,19520.77,1878.87,17147.11,2900.97,1880.33
2016-01-19,2638.47,19635.81,1889.64,17048.37,3007.74,1881.33
2016-01-20,2559.77,18886.3,1845.45,16416.19,2976.69,1859.33
2016-01-21,2532.7,18542.15,1840.53,16017.26,2880.48,1868.99
2016-01-22,2577.09,19080.51,1879.43,16958.53,2916.56,1906.9
2016-01-25,2582.64,19340.14,1893.43,17110.91,2938.51,1877.08
2016-01-26,2545.61,18860.8,1871.69,16708.9,2749.78,1903.63
2016-01-27,2546.18,19052.45,1897.87,17163.92,2735.56,1882.95
2016-01-28,2562.45,19195.83,1906.94,17041.45,2655.66,1893.36
2016-01-29,2629.11,19683.11,1912.06,17518.3,2737.6,1940.24
2016-02-01,2602.41,19595.5,1924.82,17865.23,2688.85,1939.38
2016-02-02,2579.23,19446.84,1906.6,17750.68,2749.57,1903.03
2016-02-03,2550.74,18991.59,1890.67,17191.25,2739.25,1912.53
2016-02-04,2558.49,19183.09,1916.26,17044.99,2781.02,1915.45
2016-02-05,2623.21,19288.17,1917.79,16819.59,2763.49,1880.05
2016-02-16,2644.58,19122.08,1888.3,16054.43,2836.57,1895.58
2016-02-17,2613.79,18924.57,1883.94,15836.36,2867.34,1926.82
2016-02-18,2657.57,19363.08,1908.84,16196.8,2862.89,1917.83
2016-02-19,2656.87,19285.5,1916.24,15967.17,2860.02,1917.78
2016-02-22,2660.65,19464.09,1916.36,16111.05,2927.18,1945.5
2016-02-23,2672.07,19414.78,1914.22,16052.05,2903.33,1921.27
2016-02-24,2619.96,19192.45,1912.53,15915.79,2928.9,1929.8
2016-02-25,2603.4,18888.75,1918.57,16140.34,2741.25,1951.7
2016-02-26,2649.38,19364.15,1920.16,16188.41,2767.21,1948.05
2016-02-29,2666.51,19111.93,1916.66,16026.76,2687.98,1932.23
2016-03-02,2726.96,20003.49,1947.42,16746.55,2849.68,1986.45
2016-03-03,2787.62,19941.76,1958.17,16960.16,2859.76,1993.4
2016-03-04,2837.0,20176.7,1955.63,17014.78,2874.15,1999.99
2016-03-07,2823.51,20159.72,1957.87,16911.32,2897.34,2001.76
2016-03-08,2778.77,20011.58,1946.12,16783.15,2901.39,1979.26
2016-03-09,2810.43,19996.26,1952.95,16642.2,2862.56,1989.26
2016-03-10,2809.12,19984.42,1969.33,16852.35,2804.73,1989.57
2016-03-11,2828.86,20199.6,1971.41,16938.87,2810.31,2022.19
2016-03-14,2847.06,20435.34,1972.27,17233.75,2859.5,2019.64
2016-03-15,2839.44,20288.77,1969.97,17117.07,2864.37,2015.93
2016-03-16,2844.21,20257.7,1974.9,16974.45,2870.43,2027.22
2016-03-17,2880.17,20503.81,1987.99,16936.38,2904.83,2040.59
2016-03-18,2906.8,20671.63,1992.12,16724.81,2955.15,2049.58
2016-03-22,2880.65,20666.75,1996.81,17048.55,2999.36,2049.8
2016-03-23,2881.98,20615.23,1995.12,17000.98,3009.96,2036.71
2016-03-24,2847.39,20345.61,1985.97,16892.33,2960.97,2035.94
2016-03-29,2819.08,20366.3,1994.91,17103.53,2919.83,2055.01
2016-03-30,2872.78,20803.39,2002.14,16878.96,3000.65,2063.95
2016-03-31,2840.9,20776.7,1995.85,16758.67,3003.92,2059.74
2016-04-01,2818.49,20498.92,1973.57,16164.16,3009.53,2072.78
2016-04-05,2800.92,20177.0,1962.74,15732.82,3053.06,2045.17
2016-04-06,2811.25,20206.67,1971.32,15715.36,3050.59,2066.66
2016-04-07,2813.59,20266.05,1973.89,15749.84,3008.42,2041.91
2016-04-08,2808.32,20370.4,1972.05,15821.52,2984.96,2047.6
2016-04-11,2809.24,20440.81,1970.37,15751.13,3033.96,2041.99
2016-04-12,2814.65,20504.44,1981.32,15928.79,3023.65,2061.72
2016-04-14,2913.93,21337.81,2015.93,16911.05,3082.36,2082.78
2016-04-15,2923.94,21316.47,2014.71,16848.03,3078.12,2080.73
2016-04-18,2917.75,21161.5,2009.1,16275.95,3033.66,2094.34
2016-04-19,2951.81,21436.21,2011.36,16874.44,3042.82,2100.8
2016-04-20,2949.95,21236.31,2005.83,16906.54,2972.58,2102.4
2016-04-21,2960.78,21622.25,2022.1,17363.62,2952.89,2091.48
2016-04-22,2940.43,21467.04,2015.49,17572.49,2959.24,2091.58
2016-04-25,2900.28,21304.44,2014.55,17439.3,2946.67,2087.79
2016-04-26,2894.66,21407.27,2019.63,17353.28,2964.7,2091.7
2016-04-27,2874.72,21361.6,2015.4,17290.49,2953.67,2095.15
2016-04-28,2862.3,21388.03,2000.93,16666.05,2945.59,2075.81
2016-05-09,2766.06,20156.81,1967.81,16216.03,2832.11,2058.69
2016-05-10,2741.15,20242.68,1982.5,16565.19,2832.59,2084.39
2016-05-11,2732.87,20055.29,1980.1,16579.01,2837.04,2064.46
2016-05-12,2745.39,19915.46,1977.49,16646.34,2835.86,2064.11
2016-05-13,2734.91,19719.29,1966.99,16412.21,2827.11,2046.61
2016-05-16,2736.06,19883.95,1967.91,16466.4,2850.86,2066.66
2016-05-17,2781.11,20118.8,1968.06,16652.8,2843.68,2047.21
2016-05-18,2777.11,19826.41,1956.73,16644.69,2807.51,2047.63
2016-05-19,2740.11,19694.33,1946.78,16646.66,2806.91,2040.04
2016-05-20,2763.82,19852.2,1947.67,16736.35,2825.48,2052.32
2016-05-23,2766.93,19809.03,1955.25,16654.6,2843.65,2048.04
2016-05-24,2750.23,19830.43,1937.68,16498.76,2821.67,2076.06
2016-05-25,2766.66,20368.05,1960.51,16757.35,2815.09,2090.54
2016-05-26,2773.31,20397.11,1957.06,16772.46,2822.44,2090.1
2016-05-27,2802.51,20576.77,1969.17,16834.84,2821.05,2099.06
2016-05-31,2791.06,20815.09,1983.4,17234.98,2916.62,2096.95
2016-06-01,2790.54,20760.98,1982.72,16955.73,2913.51,2099.33
2016-06-02,2795.09,20859.22,1985.11,16562.55,2925.23,2105.26
2016-06-03,2809.23,20947.24,1985.84,16642.23,2938.68,2099.13
2016-06-07,2848.09,21328.24,2011.63,16675.45,2936.04,2112.13
2016-06-08,2862.38,21297.88,2027.08,16830.92,2927.16,2119.12
2016-06-13,2785.43,20512.99,1979.06,16019.18,2833.07,2079.06
2016-06-14,2768.33,20387.53,1972.03,15859.0,2842.19,2075.32
2016-06-15,2774.25,20467.52,1968.83,15919.58,2887.21,2071.5
2016-06-16,2751.56,20038.42,1951.99,15434.14,2872.82,2077.99
2016-06-17,2763.42,20169.98,1953.4,15599.66,2885.1,2071.22
2016-06-20,2800.87,20510.2,1981.12,15965.3,2888.81,2083.25
2016-06-21,2789.45,20668.44,1982.7,16169.11,2878.56,2088.9
2016-06-22,2786.13,20795.12,1992.58,16065.72,2905.55,2085.45
2016-06-23,2793.85,20868.34,1986.71,16238.35,2891.96,2113.32
2016-06-24,2735.39,20259.13,1925.24,14952.02,2854.29,2037.41
2016-06-27,2729.85,20227.3,1926.85,15309.21,2895.7,2000.54
2016-06-28,2756.53,20172.46,1936.22,15323.14,2912.56,2036.09
2016-06-29,2792.73,20436.12,1956.36,15566.83,2931.59,2070.77
2016-06-30,2840.93,20794.37,1970.35,15575.92,2929.61,2098.86
2016-07-05,2864.67,20750.72,1989.85,15669.33,3006.39,2088.55
2016-07-07,2862.17,20706.92,1974.08,15276.24,3016.85,2097.9
2016-07-08,2847.04,20564.17,1963.1,15106.98,2988.09,2129.9
2016-07-11,2876.14,20880.5,1988.54,15708.82,2994.92,2137.16
2016-07-12,2901.82,21224.74,1991.23,16095.65,3049.38,2152.14
2016-07-13,2910.65,21322.37,2005.55,16231.43,3060.69,2152.43
2016-07-14,2906.92,21561.06,2008.77,16385.89,3054.02,2163.75
2016-07-15,2925.35,21659.25,2017.26,16497.85,3054.3,2161.74
2016-07-19,2919.54,21673.2,2016.89,16723.31,3036.6,2163.78
2016-07-20,2945.74,21882.48,2015.46,16681.89,3027.9,2173.02
2016-07-21,2940.48,22000.49,2012.22,16810.22,3039.01,2165.17
2016-07-22,2945.35,21964.27,2010.34,16627.25,3012.82,2175.03
2016-07-25,2929.85,21993.44,2012.32,16620.29,3015.83,2168.48
2016-07-26,2933.44,22129.73,2027.34,16383.04,3050.17,2169.18
2016-07-27,2941.49,22218.99,2025.05,16664.82,2992.0,2166.58
2016-07-28,2918.62,22174.34,2021.1,16476.84,2994.32,2170.06
2016-07-29,2868.69,21891.37,2016.19,16569.27,2979.34,2173.6
2016-08-01,2892.52,22129.14,2029.61,16635.77,2953.39,2170.84
2016-08-03,2827.58,21739.12,1994.79,16083.11,2978.46,2163.79
2016-08-04,2831.96,21832.23,2000.03,16254.89,2982.43,2164.25
2016-08-05,2828.17,22146.09,2017.94,16254.45,2976.7,2182.87
2016-08-08,2870.78,22494.76,2031.12,16650.57,3004.28,2180.89
2016-08-10,2875.57,22492.43,2044.64,16735.12,3018.75,2175.49
2016-08-12,2867.4,22766.91,2050.47,16919.92,3050.67,2184.05
2016-08-16,2858.8,22910.84,2047.76,16596.51,3110.04,2178.15
2016-08-17,2843.35,22799.78,2043.75,16745.64,3109.55,2182.22
2016-08-18,2836.98,23023.16,2055.47,16486.01,3104.11,2187.02
2016-08-19,2844.02,22937.22,2056.24,16545.82,3108.1,2183.87
2016-08-22,2841.19,22997.91,2042.16,16598.19,3084.8,2182.64
2016-08-23,2850.43,22998.93,2049.93,16497.36,3089.71,2186.9
2016-08-24,2869.57,22820.78,2043.76,16597.3,3085.88,2175.44
2016-08-25,2876.93,22814.95,2042.92,16555.95,3068.33,2172.47
2016-08-26,2857.65,22909.54,2037.5,16360.71,3070.31,2169.04
2016-08-29,2829.43,22821.34,2032.35,16737.49,3070.03,2180.38
2016-08-30,2828.39,23016.11,2039.74,16725.36,3074.68,2176.12
2016-08-31,2820.59,22976.88,2034.65,16887.4,3085.49,2170.95
2016-09-01,2816.47,23162.34,2032.72,16926.84,3063.3,2170.86
2016-09-02,2803.92,23266.7,2038.31,16925.68,3067.35,2179.98
2016-09-06,2896.55,23787.68,2066.53,17081.98,3090.71,2186.48
2016-09-07,2893.65,23741.81,2061.88,17012.44,3091.93,2186.16
2016-09-08,2894.48,23919.34,2063.73,16958.77,3095.95,2181.3
2016-09-09,2873.33,24099.7,2037.87,16965.76,3078.85,2127.81
2016-09-13,2818.38,23215.76,1999.36,16729.04,3023.51,2127.02
2016-09-20,2854.69,23530.86,2025.71,16492.15,3023.0,2139.76
2016-09-21,2850.74,23669.9,2035.99,16807.62,3025.87,2163.12
2016-09-23,2856.95,23686.48,2054.07,16754.02,3033.9,2164.69
2016-09-26,2849.94,23317.92,2047.11,16544.56,2980.43,2146.1
2016-09-27,2860.23,23571.9,2062.82,16683.93,2998.17,2159.93
2016-09-28,2858.01,23619.65,2053.06,16465.4,2987.86,2171.37
2016-09-29,2885.71,23739.47,2068.72,16693.71,2998.48,2151.13
2016-09-30,2869.47,23297.15,2043.63,16449.84,3004.7,2168.27
2016-10-11,2856.13,23549.52,2031.93,17024.76,3065.25,2136.73
2016-10-12,2813.71,23407.05,2033.73,16840.0,3058.5,2139.18
2016-10-13,2805.48,23031.3,2015.44,16774.24,3061.35,2132.55
2016-10-14,2815.24,23233.31,2022.66,16856.37,3063.81,2132.98
2016-10-17,2817.07,23037.54,2027.61,16900.12,3041.17,2126.5
2016-10-18,2830.63,23394.39,2040.43,16963.61,3083.88,2139.6
2016-10-19,2844.62,23304.97,2040.94,16998.91,3084.72,2144.29
2016-10-20,2842.62,23374.4,2040.6,17235.5,3084.46,2141.34
2016-10-24,2856.68,23604.08,2047.74,17234.42,3128.25,2151.33
2016-10-25,2854.05,23565.11,2037.17,17365.25,3131.94,2143.16
2016-10-26,2828.57,23325.43,2013.89,17391.84,3116.31,2139.43
2016-10-27,2828.94,23132.35,2024.12,17336.42,3112.35,2133.04
2016-10-28,2816.26,22954.81,2019.42,17446.41,3104.27,2126.41
2016-10-31,2813.87,22934.54,2008.19,17425.02,3100.49,2126.15
2016-11-01,2813.69,23147.07,2007.39,17442.4,3122.44,2111.72
2016-11-02,2807.14,22810.5,1978.94,17134.68,3102.73,2097.94
2016-11-04,2788.8,22642.62,1982.02,16905.36,3125.32,2085.18
2016-11-07,2800.95,22801.4,1997.58,17177.21,3133.33,2131.52
2016-11-08,2820.24,22909.47,2003.38,17171.38,3147.89,2139.56
2016-11-09,2789.88,22415.19,1958.38,16251.54,3128.37,2163.26
2016-11-10,2834.09,22839.11,2002.6,17344.42,3171.28,2167.48
2016-11-11,2814.6,22531.09,1984.43,17374.79,3196.04,2164.45
2016-11-14,2787.27,22222.22,1974.4,17672.62,3210.37,2164.2
2016-11-15,2797.55,22323.91,1967.53,17668.15,3206.99,2180.39
2016-11-16,2793.99,22280.53,1979.65,17862.21,3205.06,2176.94
2016-11-17,2813.48,22262.88,1980.55,17862.63,3208.45,2187.12
2016-11-18,2838.65,22344.21,1974.58,17967.41,3192.86,2181.9
2016-11-21,2816.67,22357.78,1966.05,18106.02,3218.15,2198.18
2016-11-22,2822.2,22678.07,1983.47,18162.94,3248.35,2202.94
2016-11-25,2859.33,22723.45,1974.46,18381.22,3261.94,2213.35
2016-11-28,2874.65,22830.57,1978.13,18356.89,3277.0,2201.72
2016-11-29,2879.14,22737.07,1978.39,18307.04,3282.92,2204.66
2016-11-30,2905.17,22789.77,1983.48,18308.48,3250.03,2198.81
2016-12-01,2928.58,22878.23,1983.75,18513.12,3273.31,2191.08
2016-12-02,2919.37,22564.82,1970.61,18426.08,3243.84,2191.95
2016-12-05,2943.05,22505.55,1963.36,18274.99,3204.71,2204.71
2016-12-06,2949.12,22675.15,1989.86,18360.54,3199.65,2212.23
2016-12-07,2959.84,22800.92,1991.89,18496.69,3222.24,2241.35
2016-12-08,2958.86,22861.84,2031.07,18765.47,3215.37,2246.19
2016-12-09,2956.13,22760.98,2024.69,18996.37,3232.88,2259.53
2016-12-12,2952.19,22433.02,2027.24,19155.03,3152.97,2256.96
2016-12-13,2955.23,22446.7,2035.98,19250.52,3155.04,2271.72
2016-12-14,2954.06,22456.62,2036.87,19253.61,3140.53,2253.28
2016-12-15,2930.77,22059.4,2036.65,19273.79,3117.68,2262.03
2016-12-16,2937.86,22020.75,2042.24,19401.15,3122.98,2258.07
2016-12-19,2913.08,21832.68,2038.39,19391.6,3118.08,2262.53
2016-12-20,2911.31,21729.06,2041.94,19494.53,3102.88,2270.76
2016-12-21,2901.7,21809.8,2037.96,19444.49,3137.43,2265.18
2016-12-22,2882.04,21636.2,2035.73,19427.67,3139.56,2260.96
2016-12-28,2898.3,21754.74,2024.49,19401.72,3102.24,2249.92
2016-12-29,2889.15,21790.91,2026.46,19145.14,3096.1,2249.26
2017-01-04,2921.31,22134.47,2045.64,19594.16,3158.79,2270.75
2017-01-05,2954.14,22456.69,2041.95,19520.69,3165.41,2269.0
2017-01-06,2962.63,22503.01,2049.12,19454.33,3154.32,2276.98
2017-01-10,3006.02,22744.85,2045.12,19301.44,3161.67,2268.9
2017-01-11,3000.94,22935.35,2075.17,19364.67,3136.75,2275.32
2017-01-12,2993.0,22829.02,2087.14,19134.7,3119.29,2270.44
2017-01-13,3025.07,22937.38,2076.79,19287.28,3112.76,2274.64
2017-01-17,3012.77,22840.97,2071.87,18813.53,3108.77,2267.89
2017-01-18,3000.22,23098.26,2070.54,18894.37,3113.01,2271.89
2017-01-19,3008.22,23049.96,2072.79,19072.25,3101.3,2263.69
2017-01-20,3011.08,22885.91,2065.61,19137.91,3123.14,2271.31
2017-01-23,3025.48,22898.52,2065.99,18891.03,3136.77,2265.2
2017-01-24,3041.95,22949.86,2065.76,18787.99,3142.55,2280.07
2017-01-25,3039.94,23049.12,2066.94,19057.5,3149.55,2298.37
2017-01-26,3051.78,23374.17,2083.59,19402.39,3159.17,2296.68
2017-02-03,3041.94,23129.21,2073.16,18918.2,3140.17,2297.42
2017-02-06,3056.91,23348.24,2077.66,18976.71,3156.98,2292.56
2017-02-07,3071.64,23331.57,2075.21,18910.78,3153.09,2293.08
2017-02-08,3066.53,23485.13,2065.08,19007.6,3166.98,2294.67
2017-02-09,3079.96,23525.14,2065.88,18907.67,3183.18,2307.87
2017-02-10,3100.39,23574.98,2075.08,19378.93,3196.7,2316.1
2017-02-13,3111.63,23710.98,2078.65,19459.15,3216.84,2328.25
2017-02-14,3072.47,23703.01,2074.57,19238.98,3217.93,2337.58
2017-02-15,3088.48,23994.87,2083.86,19437.98,3212.99,2349.25
2017-02-16,3096.69,24107.7,2081.84,19347.53,3229.62,2347.22
2017-02-17,3107.65,24033.74,2080.58,19234.62,3202.08,2351.16
2017-02-21,3094.19,23963.63,2102.93,19381.44,3253.33,2365.38
2017-02-22,3122.2,24201.96,2106.61,19379.87,3261.22,2362.82
2017-02-23,3137.57,24114.86,2107.63,19371.46,3251.38,2363.81
2017-02-24,3117.03,23965.7,2094.12,19283.54,3253.43,2367.34
2017-02-27,3108.62,23925.05,2085.52,19107.47,3228.66,2369.75
2017-02-28,3096.61,23740.73,2091.64,19118.99,3241.73,2363.64
2017-03-02,3136.48,23728.07,2102.65,19564.8,3230.03,2381.92
2017-03-03,3122.34,23552.72,2078.75,19469.17,3218.31,2383.12
2017-03-06,3121.51,23596.28,2081.36,19379.14,3233.87,2375.31
2017-03-07,3130.44,23681.07,2094.05,19344.15,3242.41,2368.39
2017-03-08,3145.29,23782.27,2095.41,19254.03,3240.67,2362.98
2017-03-09,3118.84,23501.56,2091.06,19318.58,3216.75,2364.87
2017-03-10,3133.35,23568.67,2097.35,19604.61,3212.76,2372.6
2017-03-13,3147.15,23829.67,2117.59,19633.75,3237.02,2373.47
2017-03-14,3143.4,23827.95,2133.78,19609.5,3239.33,2365.45
2017-03-15,3137.43,23792.85,2133.0,19577.38,3241.76,2385.26
2017-03-16,3163.52,24288.28,2150.08,19590.14,3268.94,2381.38
2017-03-17,3169.38,24309.93,2164.58,19521.59,3237.45,2378.25
2017-03-21,3158.57,24593.12,2178.38,19455.88,3261.61,2344.02
2017-03-22,3118.19,24320.41,2168.3,19041.38,3245.22,2348.45
2017-03-23,3126.93,24327.7,2172.72,19085.31,3248.55,2345.96
2017-03-24,3142.9,24358.27,2168.95,19262.53,3269.45,2343.98
2017-03-27,3126.88,24193.7,2155.66,18985.59,3266.96,2341.59
2017-03-28,3157.82,24345.87,2163.31,19202.87,3252.95,2358.57
2017-03-29,3184.57,24392.05,2166.98,19217.48,3241.31,2361.13
2017-03-30,3173.24,24301.09,2164.64,19063.22,3210.24,2368.06
2017-03-31,3175.11,24111.59,2160.23,18909.26,3222.51,2362.72
2017-04-05,3176.55,24400.8,2160.85,18861.27,3270.3,2352.95
2017-04-06,3175.59,24273.72,2152.75,18597.06,3281.0,2357.49
2017-04-07,3177.27,24267.3,2151.73,18664.63,3286.62,2355.54
2017-04-10,3181.45,24262.18,2133.32,18797.88,3269.39,2357.16
2017-04-11,3174.75,24088.46,2123.85,18747.87,3288.97,2353.78
2017-04-12,3186.01,24313.5,2128.91,18552.61,3273.83,2344.93
2017-04-13,3169.24,24261.66,2148.61,18426.84,3275.96,2328.95
2017-04-18,3137.54,23924.54,2148.46,18418.59,3196.71,2342.19
2017-04-19,3126.28,23825.88,2138.4,18432.2,3170.69,2338.17
2017-04-20,3137.88,24056.98,2149.15,18430.49,3172.1,2355.84
2017-04-21,3139.83,24042.02,2165.04,18620.75,3173.15,2348.69
2017-04-24,3144.03,24139.48,2173.74,18875.88,3129.53,2374.15
2017-04-25,3163.93,24455.94,2196.85,19079.33,3134.57,2388.61
2017-04-26,3173.76,24578.43,2207.84,19289.43,3140.85,2387.45
2017-04-27,3171.36,24698.48,2209.46,19251.87,3152.19,2388.77
2017-04-28,3175.44,24615.13,2205.44,19196.74,3154.66,2384.2
2017-05-02,3211.11,24696.13,2219.67,19445.7,3143.71,2391.17
2017-05-08,3236.98,24577.91,2292.76,19895.7,3078.61,2399.38
2017-05-11,3271.11,25125.55,2296.37,19961.55,3061.5,2394.44
2017-05-12,3255.29,25156.34,2286.02,19883.9,3083.51,2390.9
2017-05-15,3264.21,25371.59,2290.65,19869.85,3090.23,2402.32
2017-05-16,3227.71,25335.94,2295.33,19919.82,3112.96,2400.67
2017-05-17,3224.1,25293.63,2293.08,19814.88,3104.44,2357.03
2017-05-18,3221.66,25136.52,2286.82,19553.86,3090.14,2365.72
2017-05-19,3216.92,25174.87,2288.48,19590.76,3090.63,2381.73
2017-05-22,3213.57,25391.34,2304.03,19678.28,3075.68,2394.02
2017-05-23,3222.69,25403.15,2311.74,19613.28,3061.95,2398.42
2017-05-24,3231.24,25428.5,2317.34,19742.98,3064.08,2404.39
2017-05-25,3234.37,25630.78,2342.93,19813.13,3107.83,2415.07
2017-05-26,3219.42,25639.27,2355.3,19686.84,3110.06,2415.82
2017-05-31,3210.82,25660.65,2347.38,19650.57,3117.18,2411.8
2017-06-01,3235.96,25809.22,2344.61,19860.03,3102.62,2430.06
2017-06-02,3240.01,25924.05,2371.72,20177.28,3105.54,2439.07
2017-06-05,3238.31,25862.99,2368.62,20170.82,3091.66,2436.1
2017-06-07,3230.49,25974.16,2360.14,19984.62,3140.32,2433.14
2017-06-08,3237.05,26063.06,2363.57,19909.26,3150.33,2433.79
2017-06-09,3254.19,26030.29,2381.69,20013.26,3158.4,2431.77
2017-06-12,3248.34,25708.04,2357.87,19908.58,3139.88,2429.39
2017-06-13,3257.52,25852.1,2374.7,19898.75,3153.74,2440.35
2017-06-14,3253.43,25875.9,2372.64,19883.52,3130.67,2437.92
2017-06-15,3232.09,25565.34,2361.65,19831.82,3132.49,2432.46
2017-06-16,3231.44,25626.49,2361.83,19943.26,3123.17,2433.15
2017-06-19,3247.18,25924.55,2370.9,20067.75,3144.37,2453.46
2017-06-20,3230.42,25843.04,2369.23,20230.41,3140.01,2437.03
2017-06-21,3201.77,25694.58,2357.53,20138.79,3156.21,2435.61
2017-06-22,3215.55,25674.53,2370.37,20110.51,3147.45,2434.5
2017-06-23,3209.47,25670.05,2378.6,20132.67,3157.87,2438.3
2017-06-27,3219.53,25839.99,2391.95,20225.09,3191.2,2419.38
2017-06-28,3215.7,25683.5,2382.56,20130.41,3173.2,2440.69
2017-06-29,3258.65,25965.42,2395.66,20220.3,3188.06,2419.7
2017-06-30,3226.48,25764.58,2391.79,20033.43,3192.43,2423.41
2017-07-03,3223.46,25784.17,2394.48,20055.8,3195.91,2429.01
2017-07-05,3248.71,25521.97,2388.35,20081.63,3207.13,2432.54
2017-07-06,3226.34,25465.22,2387.81,19994.06,3212.44,2409.75
2017-07-07,3229.01,25340.85,2379.87,19929.09,3217.96,2425.18
2017-07-10,3246.35,25500.06,2382.1,20080.98,3212.63,2427.43
2017-07-11,3218.8,25877.64,2396.0,20195.48,3203.04,2425.53
2017-07-12,3208.91,26043.64,2391.77,20098.38,3197.54,2443.25
2017-07-13,3235.67,26346.17,2409.49,20099.81,3218.16,2447.83
2017-07-14,3287.43,26389.23,2414.63,20118.86,3222.42,2459.27
2017-07-18,3306.08,26524.94,2426.04,19999.91,3187.57,2460.61
2017-07-19,3325.07,26672.16,2429.94,20020.86,3230.98,2473.83
2017-07-20,3293.13,26740.21,2441.84,20144.59,3244.86,2473.45
2017-07-21,3314.12,26706.09,2450.06,20099.75,3237.98,2472.54
2017-07-24,3310.8,26846.83,2451.53,19975.67,3250.6,2469.91
2017-07-25,3327.83,26852.05,2439.9,19955.2,3243.69,2477.13
2017-07-26,3336.72,26941.02,2434.51,20050.16,3247.68,2477.83
2017-07-27,3354.71,27131.17,2443.24,20079.64,3249.78,2475.42
2017-07-28,3330.75,26979.39,2400.99,19959.84,3253.24,2472.1
2017-07-31,3329.52,27323.99,2402.71,19925.18,3273.03,2470.3
2017-08-01,3338.2,27540.23,2422.96,19985.79,3292.64,2476.35
2017-08-02,3348.8,27607.38,2427.63,20080.04,3285.06,2477.57
2017-08-03,3342.92,27531.01,2386.85,20029.26,3272.93,2472.16
2017-08-04,3326.52,27562.68,2395.45,19952.33,3262.08,2476.83
2017-08-07,3320.67,27690.36,2398.75,20055.89,3279.46,2480.91
2017-08-08,3318.08,27854.91,2394.73,19996.01,3281.87,2474.92
2017-08-10,3323.24,27444.0,2359.47,19729.74,3261.75,2438.21
2017-08-14,3308.69,27250.23,2334.22,19537.1,3237.36,2465.84
2017-08-16,3278.95,27409.07,2348.26,19729.28,3246.45,2468.11
2017-08-17,3268.88,27344.22,2361.67,19702.63,3268.43,2430.01
2017-08-18,3251.99,27047.57,2358.37,19470.41,3268.72,2425.55
2017-08-21,3246.99,27154.68,2355.0,19393.13,3286.91,2428.37
2017-08-22,3263.79,27401.67,2365.33,19383.84,3290.23,2452.51
2017-08-24,3272.16,27518.6,2375.84,19353.77,3271.51,2438.97
2017-08-25,3259.57,27848.16,2378.51,19452.61,3331.52,2443.05
2017-08-28,3267.62,27863.29,2370.3,19449.9,3362.65,2444.24
2017-08-29,3249.34,27765.01,2364.74,19362.55,3365.23,2446.3
2017-08-30,3265.26,28094.61,2372.29,19506.54,3363.63,2457.59
2017-08-31,3277.26,27970.3,2363.19,19646.24,3360.81,2471.65
2017-09-05,3251.26,27741.35,2326.62,19385.81,3384.32,2457.85
2017-09-06,3232.47,27613.76,2319.82,19357.97,3385.39,2465.54
2017-09-07,3228.06,27522.92,2346.19,19396.52,3365.5,2465.1
2017-09-08,3228.56,27668.47,2343.72,19274.82,3365.24,2461.43
2017-09-11,3228.51,27955.13,2359.08,19545.77,3376.42,2488.11
2017-09-12,3235.69,27972.24,2365.47,19776.62,3379.49,2496.48
2017-09-13,3230.36,27894.08,2360.18,19865.82,3384.15,2498.37
2017-09-14,3220.95,27777.2,2377.66,19807.44,3371.43,2495.62
2017-09-15,3209.56,27807.59,2386.07,19909.5,3353.62,2500.23
2017-09-19,3225.95,28051.41,2416.05,20299.38,3356.84,2506.65
2017-09-20,3218.07,28127.8,2412.2,20310.46,3366.0,2508.24
2017-09-21,3213.82,28110.33,2406.5,20347.48,3357.81,2500.6
2017-09-25,3215.91,27500.34,2380.4,20397.58,3341.55,2496.66
2017-09-26,3212.04,27513.01,2374.32,20330.19,3343.58,2496.84
2017-09-27,3236.15,27642.43,2372.57,20267.05,3345.27,2507.04
2017-09-28,3227.14,27421.6,2373.14,20363.11,3339.64,2510.06
2017-09-29,3219.91,27554.3,2394.47,20356.28,3348.94,2519.36
2017-10-10,3288.95,28490.83,2433.81,20823.51,3382.99,2550.64
2017-10-11,3280.28,28389.57,2458.16,20881.27,3388.28,2555.24
2017-10-12,3303.09,28459.03,2474.76,20954.72,3386.1,2550.93
2017-10-13,3319.11,28476.43,2473.62,21155.18,3390.52,2553.17
2017-10-16,3323.06,28692.8,2480.05,21255.56,3378.47,2557.64
2017-10-17,3329.03,28697.49,2484.37,21336.12,3372.04,2559.36
2017-10-19,3334.91,28159.09,2473.06,21448.52,3370.17,2562.1
2017-10-20,3340.73,28487.24,2489.54,21457.64,3378.65,2575.21
2017-10-23,3349.8,28305.88,2490.05,21696.65,3380.7,2564.98
2017-10-24,3334.67,28154.97,2490.49,21805.17,3388.25,2569.13
2017-10-25,3343.88,28302.89,2492.5,21707.62,3396.9,2557.15
2017-10-26,3356.25,28202.38,2480.63,21739.78,3407.57,2560.4
2017-10-27,3386.44,28438.85,2496.63,22008.45,3416.81,2581.07
2017-10-30,3375.97,28336.19,2501.93,22011.67,3390.34,2572.83
2017-10-31,3374.08,28245.54,2523.43,22011.61,3393.34,2575.26
2017-11-01,3391.61,28594.06,2556.47,22420.08,3395.91,2579.36
2017-11-02,3380.5,28518.64,2546.36,22539.12,3383.31,2579.85
2017-11-06,3381.85,28596.8,2549.41,22548.35,3388.17,2591.13
2017-11-07,3413.1,28994.34,2545.44,22937.6,3413.57,2590.64
2017-11-08,3421.25,28907.6,2552.4,22913.82,3415.46,2594.38
2017-11-09,3423.91,29136.57,2550.57,22868.71,3427.79,2584.62
2017-11-10,3420.1,29120.92,2542.95,22681.42,3432.67,2582.3
2017-11-13,3419.13,29182.18,2530.35,22380.99,3447.84,2584.84
2017-11-14,3399.09,29152.12,2526.64,22380.01,3429.55,2578.87
2017-11-15,3368.7,28851.69,2518.25,22028.32,3402.52,2564.62
2017-11-16,3341.3,29018.76,2534.79,22351.12,3399.25,2585.64
2017-11-17,3382.38,29199.04,2533.99,22396.8,3382.91,2578.85
2017-11-20,3386.59,29260.31,2527.67,22261.76,3392.4,2582.14
2017-11-21,3423.38,29818.07,2530.7,22416.48,3410.5,2599.03
2017-11-22,3430.02,30003.49,2540.51,22523.15,3430.46,2597.08
2017-11-24,3442.15,29866.32,2544.33,22550.85,3353.82,2602.42
2017-11-27,3436.36,29686.19,2507.81,22495.99,3322.23,2601.42
2017-11-28,3442.35,29680.85,2514.19,22486.24,3333.66,2627.04
2017-11-29,3438.99,29623.83,2512.9,22597.2,3337.86,2626.07
2017-11-30,3433.54,29177.35,2476.37,22724.96,3317.19,2647.58
2017-12-01,3449.54,29074.24,2475.41,22819.03,3317.62,2642.22
2017-12-04,3438.47,29138.28,2501.67,22707.16,3309.62,2639.44
2017-12-05,3438.06,28842.8,2510.12,22622.38,3303.68,2629.57
2017-12-06,3397.21,28224.8,2474.37,22177.04,3293.97,2629.27
2017-12-07,3388.14,28303.19,2461.98,22498.03,3272.05,2636.98
2017-12-08,3424.64,28639.85,2464.0,22811.08,3289.99,2651.5
2017-12-11,3460.45,28965.29,2471.49,22938.73,3322.2,2659.99
2017-12-12,3465.54,28793.88,2461.0,22866.17,3280.81,2664.11
2017-12-13,3468.77,29222.1,2480.55,22758.07,3303.04,2662.85
2017-12-14,3435.78,29166.38,2469.48,22694.45,3292.44,2652.01
2017-12-15,3416.94,28848.11,2482.07,22553.22,3266.14,2675.81
2017-12-18,3414.82,29050.41,2481.88,22901.77,3267.92,2690.16
2017-12-19,3404.47,29253.66,2478.53,22868.0,3296.54,2681.47
2017-12-21,3382.53,29367.06,2429.83,22866.1,3300.06,2684.57
2017-12-22,3385.71,29578.01,2440.54,22902.76,3297.06,2683.34
2017-12-27,3391.67,29597.66,2436.67,22911.21,3275.78,2682.62
2017-12-28,3399.1,29863.71,2467.49,22783.98,3296.39,2687.54
2018-01-04,3501.16,30736.48,2466.46,23506.33,3385.71,2723.99
2018-01-05,3489.45,30814.64,2497.52,23714.53,3391.75,2743.15
2018-01-09,3524.65,31011.41,2510.23,23849.99,3413.9,2751.29
2018-01-10,3520.45,31073.72,2499.75,23788.2,3421.83,2748.23
2018-01-11,3512.68,31120.39,2487.91,23710.43,3425.34,2767.56
2018-01-12,3520.56,31412.54,2496.42,23653.82,3428.94,2786.24
2018-01-16,3550.21,31904.75,2521.74,23951.81,3436.59,2776.42
2018-01-17,3541.91,31983.41,2515.43,23868.34,3444.67,2802.56
2018-01-18,3521.31,32121.94,2515.81,23763.37,3474.75,2798.03
2018-01-19,3550.36,32254.89,2520.26,23808.06,3487.86,2810.3
2018-01-22,3569.43,32393.41,2502.11,23816.33,3501.36,2832.97
2018-01-23,3592.08,32930.7,2536.6,24124.15,3546.5,2839.13
2018-01-24,3609.24,32958.69,2538.0,23940.78,3559.47,2837.54
2018-01-25,3572.62,32654.45,2562.23,23669.49,3548.31,2839.25
2018-01-26,3567.14,33154.12,2574.76,23631.88,3558.13,2872.87
2018-01-29,3577.07,32966.89,2598.19,23629.34,3523.0,2853.53
2018-01-30,3548.74,32607.29,2567.74,23291.97,3488.01,2822.43
2018-01-31,3533.99,32887.27,2566.46,23098.29,3480.83,2823.81
2018-02-01,3547.23,32642.09,2568.54,23486.11,3446.98,2821.98
2018-02-02,3529.82,32601.78,2525.39,23274.53,3462.08,2762.13
2018-02-05,3482.93,32245.22,2491.75,22682.08,3487.5,2648.94
2018-02-06,3406.38,30595.42,2453.31,21610.24,3370.65,2695.14
2018-02-07,3383.77,30323.2,2396.56,21645.37,3309.26,2681.66
2018-02-08,3415.9,30451.27,2407.62,21890.86,3262.05,2581.0
2018-02-09,3377.24,29507.42,2363.77,21382.62,3129.85,2619.55
2018-02-13,3415.07,29839.53,2395.19,21244.68,3184.96,2662.94
2018-02-14,3402.86,30515.6,2421.83,21154.17,3199.16,2698.63
2018-02-22,3488.46,30965.68,2414.28,21736.44,3268.56,2703.96
2018-02-23,3533.22,31267.17,2451.52,21892.78,3289.02,2747.3
2018-02-26,3555.85,31498.6,2457.65,22153.63,3329.57,2779.6
2018-02-27,3540.39,31268.66,2456.14,22389.86,3292.07,2744.28
2018-02-28,3517.94,30844.72,2427.36,22068.24,3259.41,2713.83
2018-03-02,3479.2,30583.45,2402.16,21181.64,3254.53,2691.25
2018-03-05,3438.61,29886.39,2375.06,21042.09,3256.93,2720.94
2018-03-06,3491.92,30510.73,2411.41,21417.76,3289.64,2728.12
2018-03-07,3450.69,30196.92,2401.82,21252.72,3271.67,2726.8
2018-03-08,3480.44,30654.52,2433.08,21368.07,3288.41,2738.97
2018-03-09,3485.57,30996.21,2459.45,21469.2,3307.17,2786.57
2018-03-12,3540.19,31594.33,2484.12,21824.03,3326.7,2783.02
2018-03-13,3553.73,31601.45,2494.49,21968.1,3310.24,2765.31
2018-03-14,3539.41,31435.01,2486.08,21777.29,3291.38,2749.48
2018-03-15,3517.73,31541.1,2492.38,21803.95,3291.11,2747.33
2018-03-16,3512.14,31501.97,2493.97,21676.51,3269.88,2752.01
2018-03-19,3498.29,31513.76,2475.03,21480.9,3279.25,2712.92
2018-03-20,3513.31,31549.93,2485.52,21380.97,3290.64,2716.94
2018-03-22,3491.37,31071.05,2496.02,21591.99,3263.48,2643.69
2018-03-23,3421.39,30309.29,2416.76,20617.86,3152.76,2588.26
2018-03-26,3412.46,30548.77,2437.08,20766.1,3133.72,2658.55
2018-03-27,3439.35,30790.83,2452.06,21317.32,3166.65,2612.62
2018-03-28,3382.78,30022.53,2419.29,21031.31,3122.29,2605.0
2018-03-29,3427.97,30093.38,2436.37,21159.08,3160.53,2640.87
2018-04-03,3412.15,30180.1,2442.43,21292.29,3136.63,2614.45
2018-04-04,3339.7,29518.69,2408.06,21319.55,3131.11,2644.69
2018-04-09,3449.96,30229.58,2444.08,21678.26,3138.29,2613.16
2018-04-10,3466.38,30728.74,2450.74,21794.32,3190.32,2656.87
2018-04-11,3479.76,30897.71,2444.22,21687.1,3208.08,2642.19
2018-04-12,3468.61,30831.28,2442.71,21660.28,3180.16,2663.99
2018-04-13,3501.3,30808.38,2455.07,21778.74,3159.05,2656.3
2018-04-16,3497.19,30315.59,2457.49,21835.53,3110.65,2677.84
2018-04-17,3498.2,30062.75,2453.77,21847.59,3066.8,2706.39
2018-04-18,3557.82,30284.25,2479.98,22158.2,3091.4,2708.64
2018-04-19,3598.73,30708.44,2486.1,22191.18,3117.38,2693.13
2018-04-20,3573.38,30418.33,2476.33,22162.24,3071.54,2670.14
2018-04-23,3579.54,30254.4,2474.11,22088.04,3068.01,2670.29
2018-04-24,3584.56,30636.24,2464.14,22278.12,3128.93,2634.56
2018-04-25,3568.01,30328.15,2448.81,22215.32,3117.97,2639.4
2018-04-26,3570.02,30007.68,2475.64,22319.61,3075.03,2666.94
2018-04-27,3577.21,30280.67,2492.4,22467.87,3082.23,2669.91
2018-05-02,3615.28,30723.88,2505.61,22472.78,3081.18,2635.67
2018-05-08,3543.17,30402.81,2449.81,22508.69,3161.5,2671.92
2018-05-09,3548.54,30536.14,2443.98,22408.88,3159.15,2697.79
2018-05-10,3537.59,30809.22,2464.16,22497.18,3174.41,2723.07
2018-05-11,3570.17,31122.06,2477.71,22758.48,3163.26,2727.72
2018-05-14,3562.46,31541.08,2476.11,22865.86,3174.03,2730.13
2018-05-15,3540.23,31152.03,2458.54,22818.02,3192.12,2711.45
2018-05-16,3533.05,31110.2,2459.82,22717.23,3169.56,2722.46
2018-05-17,3536.76,30942.15,2448.45,22838.37,3154.28,2720.13
2018-05-18,3529.27,31047.91,2460.65,22930.36,3193.3,2712.97
2018-05-21,3548.23,31234.35,2465.57,23002.37,3213.84,2733.01
2018-05-23,3496.27,30665.64,2471.91,22689.74,3168.96,2733.29
2018-05-24,3528.92,30760.41,2466.01,22437.01,3154.65,2727.76
2018-05-25,3513.23,30588.04,2460.8,22450.79,3141.3,2721.33
2018-05-30,3443.95,30056.79,2409.03,22018.52,3041.44,2724.01
2018-05-31,3428.18,30468.56,2423.01,22201.82,3095.47,2705.27
2018-06-01,3427.51,30492.91,2438.96,22171.35,3075.14,2734.62
2018-06-04,3467.48,30997.98,2447.76,22475.94,3091.19,2746.87
2018-06-05,3483.16,31093.45,2453.76,22539.54,3114.21,2748.8
2018-06-07,3473.08,31512.63,2470.58,22823.26,3109.5,2770.37
2018-06-08,3436.37,30958.21,2451.58,22694.5,3067.15,2779.03
2018-06-11,3441.69,31063.7,2470.15,22804.04,3052.78,2782.0
2018-06-12,3430.69,31103.06,2468.83,22878.35,3079.8,2786.85
2018-06-14,3356.73,30440.17,2423.48,22738.61,3044.16,2782.49
2018-06-19,3301.35,29468.15,2340.11,22278.48,2907.82,2762.59
2018-06-20,3315.9,29696.17,2363.91,22555.43,2915.73,2767.32
2018-06-21,3300.0,29296.05,2337.83,22693.04,2875.81,2749.76
2018-06-22,3287.4,29338.7,2357.22,22516.83,2889.76,2754.88
2018-06-25,3260.84,28961.39,2357.88,22338.15,2859.34,2717.07
2018-06-26,3280.87,28881.4,2350.92,22342.0,2844.51,2723.06
2018-06-27,3254.77,28356.26,2342.03,22271.77,2813.18,2699.63
2018-06-28,3257.57,28497.32,2314.24,22270.39,2786.9,2716.31
2018-06-29,3268.7,28955.11,2326.13,22304.51,2847.42,2718.37
2018-07-03,3235.9,28545.57,2272.76,21785.54,2786.89,2713.22
2018-07-05,3256.71,28182.09,2257.55,21546.99,2733.88,2736.61
2018-07-06,3191.82,28315.62,2272.87,21788.14,2747.23,2759.82
2018-07-09,3228.82,28688.5,2285.8,22052.18,2815.11,2784.17
2018-07-10,3274.83,28682.25,2294.16,22196.89,2827.62,2793.84
2018-07-11,3249.08,28311.69,2280.62,21932.21,2777.77,2774.02
2018-07-12,3253.01,28480.83,2285.06,22187.96,2837.66,2798.29
2018-07-13,3260.35,28525.44,2310.9,22597.35,2831.18,2801.31
2018-07-16,3232.79,28539.66,2301.99,22597.35,2814.04,2798.43
2018-07-17,3239.64,28181.68,2297.92,22697.36,2798.13,2809.55
2018-07-18,3240.5,28117.42,2290.11,22794.19,2787.26,2815.62
2018-07-19,3277.58,28010.86,2282.29,22764.68,2772.54,2804.49
2018-07-20,3297.83,28224.48,2289.19,22697.88,2829.27,2801.83
2018-07-23,3293.71,28256.12,2269.31,22396.99,2859.54,2806.98
2018-07-24,3292.65,28662.57,2280.2,22510.48,2905.56,2820.4
2018-07-25,3326.83,28920.9,2273.03,22614.25,2903.65,2846.07
2018-07-26,3328.6,28781.14,2289.06,22586.87,2882.23,2837.44
2018-07-27,3324.98,28804.28,2294.99,22712.75,2873.59,2818.82
2018-07-30,3307.15,28733.13,2293.51,22544.84,2869.05,2802.6
2018-07-31,3319.85,28583.01,2295.26,22553.72,2876.4,2816.29
2018-08-01,3328.95,28340.74,2307.07,22746.7,2824.53,2813.36
2018-08-02,3286.32,27714.56,2270.2,22512.53,2768.02,2827.22
2018-08-03,3265.73,27676.32,2287.68,22525.18,2740.44,2840.35
2018-08-06,3285.34,27819.56,2286.5,22507.32,2705.16,2850.4
2018-08-07,3340.0,28248.88,2300.16,22662.74,2779.37,2858.45
2018-08-08,3326.74,28359.14,2301.45,22644.31,2744.07,2857.7
2018-08-10,3284.78,28366.62,2282.79,22298.08,2795.31,2833.28
2018-08-13,3245.34,27936.57,2248.45,21857.43,2785.87,2821.93
2018-08-14,3242.87,27752.93,2258.91,22356.08,2780.97,2839.96
2018-08-16,3211.93,27100.06,2240.8,22192.04,2705.19,2840.69
2018-08-17,3209.44,27213.41,2247.05,22270.38,2668.97,2850.13
2018-08-20,3204.71,27598.02,2247.88,22199.0,2698.47,2857.05
2018-08-21,3199.89,27752.79,2270.06,22219.73,2733.83,2862.96
2018-08-23,3249.89,27790.46,2282.6,22410.82,2724.62,2856.98
2018-08-24,3213.0,27671.87,2293.21,22601.77,2729.43,2874.69
2018-08-27,3225.62,28271.27,2299.3,22799.64,2780.9,2896.74
2018-08-28,3247.55,28351.62,2303.12,22813.47,2777.98,2897.52
2018-08-29,3243.92,28416.44,2309.03,22848.22,2769.29,2914.04
2018-08-30,3225.72,28164.05,2307.35,22869.5,2737.74,2901.13
2018-08-31,3213.48,27888.55,2322.88,22865.15,2725.25,2901.52
2018-09-04,3210.51,27973.34,2315.72,22696.9,2750.58,2896.72
2018-09-05,3156.28,27243.85,2291.77,22580.83,2704.34,2888.6
2018-09-06,3147.69,26974.82,2287.61,22487.94,2691.59,2878.05
2018-09-07,3134.39,26973.47,2281.58,22307.06,2702.3,2871.68
2018-09-10,3120.92,26613.42,2288.66,22373.09,2669.49,2877.13
2018-09-11,3109.91,26422.55,2283.2,22664.69,2664.8,2887.89
2018-09-12,3124.65,26345.04,2282.92,22604.61,2656.11,2888.92
2018-09-13,3131.77,27014.49,2286.23,22821.32,2686.58,2904.18
2018-09-14,3161.42,27286.41,2318.25,23094.67,2681.64,2904.98
2018-09-18,3139.34,27084.66,2308.98,23420.54,2699.95,2904.31
2018-09-19,3176.57,27407.37,2308.46,23672.52,2730.85,2907.95
2018-09-20,3180.43,27477.67,2323.45,23674.93,2729.24,2930.75
2018-09-21,3217.68,27953.58,2339.17,23869.93,2797.49,2929.67
2018-09-27,3236.26,27715.67,2355.43,23796.74,2791.77,2914.0
2018-09-28,3257.05,27788.52,2343.07,24120.04,2821.35,2913.98
2018-10-10,3131.48,26193.07,2228.61,23506.04,2725.84,2785.68
2018-10-11,3047.39,25266.37,2129.67,22590.86,2583.46,2728.37
2018-10-12,3069.17,25801.49,2161.85,22694.66,2606.91,2767.13
2018-10-15,3045.97,25445.06,2145.12,22271.3,2568.1,2750.79
2018-10-16,3034.31,25462.26,2145.12,22549.24,2546.33,2809.92
2018-10-18,3069.67,25454.55,2148.31,22658.16,2486.42,2768.78
2018-10-19,3062.51,25561.4,2156.26,22532.08,2550.47,2767.78
2018-10-22,3078.06,26153.15,2161.71,22614.82,2654.88,2755.88
2018-10-23,3031.39,25346.55,2106.1,22010.78,2594.83,2740.69
2018-10-24,3032.08,25249.78,2097.58,22091.18,2603.29,2656.1
2018-10-25,3012.84,24994.46,2063.3,21268.73,2603.8,2705.57
2018-10-26,2972.02,24717.63,2027.15,21184.6,2598.85,2658.69
2018-10-29,2981.54,24812.04,1996.05,21149.8,2542.1,2641.25
2018-10-30,2966.45,24585.53,2014.69,21457.29,2568.05,2682.63
2018-10-31,3018.8,24979.69,2029.69,21920.46,2602.78,2711.74
2018-11-01,3060.85,25416.0,2024.46,21687.65,2606.24,2740.37
2018-11-02,3116.39,26486.35,2096.0,22243.66,2676.48,2723.06
2018-11-05,3060.62,25934.39,2076.92,21898.99,2665.43,2738.31
2018-11-07,3065.36,26147.69,2078.69,22085.8,2641.34,2813.89
2018-11-08,3093.24,26227.72,2092.63,22486.92,2635.63,2806.83
2018-11-09,3077.97,25601.92,2086.09,22250.25,2598.87,2781.01
2018-11-12,3068.15,25633.18,2080.44,22269.88,2630.52,2726.22
2018-11-13,3053.6,25792.87,2071.23,21810.52,2654.88,2722.18
2018-11-14,3043.19,25654.43,2068.05,21846.48,2632.24,2701.58
2018-11-15,3054.53,26103.34,2088.06,21803.62,2668.17,2730.2
2018-11-16,3083.6,26183.53,2092.4,21680.34,2679.11,2736.27
2018-11-19,3065.07,26372.0,2100.56,21821.16,2703.51,2690.73
2018-11-20,3026.99,25840.34,2082.58,21583.12,2645.85,2641.89
2018-11-21,3038.65,25971.47,2076.55,21507.54,2651.5,2649.93
2018-11-26,3093.38,26376.18,2083.02,21812.0,2575.81,2673.45
2018-11-27,3090.4,26331.96,2099.42,21952.4,2574.68,2682.17
2018-11-28,3094.48,26682.56,2108.22,22177.02,2601.74,2743.79
2018-11-29,3109.44,26451.03,2114.1,22262.6,2567.44,2737.8
2018-11-30,3117.61,26506.75,2096.86,22351.06,2588.19,2760.17
2018-12-03,3190.62,27182.04,2131.93,22574.76,2654.8,2790.37
2018-12-04,3167.79,27260.44,2114.35,22036.05,2665.96,2700.06
2018-12-06,3115.52,26156.38,2068.69,21501.62,2605.18,2695.95
2018-12-07,3111.12,26063.76,2075.76,21678.68,2605.89,2633.08
2018-12-10,3072.44,25752.38,2053.79,21219.5,2584.58,2637.72
2018-12-11,3059.28,25771.67,2052.97,21148.02,2594.09,2636.78
2018-12-12,3099.99,26186.71,2082.57,21602.75,2602.15,2651.07
2018-12-13,3111.08,26524.35,2095.55,21816.19,2634.05,2650.54
2018-12-14,3077.09,26094.79,2069.38,21374.83,2593.74,2599.95
2018-12-17,3114.25,26087.98,2071.09,21506.88,2597.97,2545.94
2018-12-18,3045.54,25814.25,2062.11,21115.45,2576.65,2546.16
2018-12-19,3058.65,25865.39,2078.84,20987.92,2549.56,2506.96
2018-12-20,3050.62,25623.53,2060.12,20392.58,2536.27,2467.42
2018-12-21,3046.04,25753.42,2061.49,20166.19,2516.25,2416.62
2018-12-27,3044.74,25478.88,2028.44,20077.62,2483.09,2488.83
2018-12-28,3053.43,25504.2,2041.04,20014.77,2493.9,2485.74
2019-01-04,3059.23,25626.03,2010.25,19561.96,2514.87,2531.94
2019-01-07,3102.8,25835.7,2037.1,20038.97,2533.09,2549.69
2019-01-08,3122.94,25875.45,2025.27,20204.04,2526.46,2574.41
2019-01-09,3158.07,26462.32,2064.71,20427.06,2544.34,2584.96
2019-01-10,3183.51,26521.43,2063.28,20163.8,2535.1,2596.64
2019-01-11,3198.65,26667.27,2075.57,20359.7,2553.83,2596.26
2019-01-15,3212.3,26830.29,2097.18,20555.29,2570.34,2610.3
2019-01-16,3229.11,26902.1,2106.1,20442.75,2570.42,2616.1
2019-01-17,3214.44,26755.63,2107.06,20402.27,2559.64,2635.96
2019-01-18,3224.34,27090.81,2124.28,20666.07,2596.01,2670.71
2019-01-22,3192.71,27005.45,2117.77,20622.91,2579.7,2632.9
2019-01-23,3171.11,27008.2,2127.78,20593.72,2581.0,2638.7
2019-01-24,3190.73,27120.98,2145.03,20574.63,2591.69,2642.33
2019-01-25,3202.25,27569.19,2177.73,20773.56,2601.72,2664.76
2019-01-28,3199.5,27576.96,2177.3,20649.0,2596.98,2643.85
2019-01-29,3187.69,27531.68,2183.36,20664.64,2594.25,2640.0
2019-01-30,3174.38,27642.85,2206.2,20556.54,2575.58,2681.05
2019-01-31,3190.17,27942.47,2204.85,20773.49,2584.57,2704.1
2019-02-01,3188.68,27930.74,2203.46,20788.39,2618.23,2706.53
2019-02-12,3201.15,28171.33,2190.47,20864.21,2671.89,2744.73
2019-02-13,3244.77,28497.59,2201.48,21144.48,2721.07,2753.03
2019-02-14,3253.16,28432.05,2225.85,21139.71,2719.7,2745.73
2019-02-15,3239.74,27900.84,2196.09,20900.63,2682.39,2775.6
2019-02-19,3259.8,28228.13,2205.63,21302.65,2755.65,2779.76
2019-02-20,3278.38,28514.05,2229.76,21431.49,2761.22,2784.7
2019-02-21,3277.91,28629.92,2228.66,21464.23,2751.8,2774.88
2019-02-22,3269.9,28816.3,2230.5,21425.51,2804.23,2792.67
2019-02-25,3272.35,28959.3,2232.56,21528.23,2961.28,2796.11
2019-02-26,3261.66,28772.06,2226.6,21449.39,2941.52,2793.9
2019-02-27,3250.02,28757.44,2234.79,21556.51,2953.82,2792.38
2019-02-28,3212.69,28633.18,2195.44,21385.16,2940.95,2784.49
2019-03-04,3251.08,28959.59,2190.66,21822.04,3027.58,2792.81
2019-03-05,3234.07,28961.6,2179.23,21726.28,3054.25,2789.65
2019-03-06,3222.84,29037.6,2175.6,21596.81,3102.1,2771.45
2019-03-07,3229.48,28779.45,2165.79,21456.01,3106.42,2748.93
2019-03-08,3195.87,28228.42,2137.44,21025.56,2969.86,2743.07
2019-03-11,3191.42,28503.3,2138.1,21125.09,3026.99,2783.3
2019-03-12,3212.25,28920.87,2157.18,21503.69,3060.31,2791.52
2019-03-13,3195.59,28807.45,2148.41,21290.24,3026.95,2810.92
2019-03-14,3197.92,28851.39,2155.68,21287.02,2990.69,2808.48
2019-03-15,3200.18,29012.26,2176.11,21450.85,3021.75,2822.48
2019-03-18,3212.96,29409.01,2179.49,21584.5,3096.42,2832.94
2019-03-19,3220.92,29466.28,2177.62,21566.85,3090.98,2832.57
2019-03-20,3207.66,29320.97,2177.1,21608.92,3090.64,2824.23
2019-03-22,3212.1,29113.36,2186.95,21627.34,3104.15,2800.71
2019-03-25,3182.92,28523.35,2144.86,20977.11,3043.03,2798.36
2019-03-26,3200.28,28566.91,2148.8,21428.39,2997.09,2818.46
2019-03-27,3198.39,28728.25,2145.62,21378.73,3022.72,2805.37
2019-03-28,3203.58,28775.21,2128.1,21033.76,2994.94,2815.44
2019-03-29,3212.88,29051.36,2140.67,21205.81,3090.76,2834.4
2019-04-01,3250.51,29562.02,2168.28,21509.03,3170.36,2867.19
2019-04-02,3279.78,29624.67,2177.18,21505.31,3176.82,2867.24
2019-04-03,3311.27,29986.39,2203.27,21713.21,3216.29,2873.4
2019-04-04,3316.21,29936.32,2206.53,21724.95,3246.57,2879.39
2019-04-08,3315.42,30077.15,2210.6,21761.65,3244.81,2895.77
2019-04-09,3325.6,30157.49,2213.56,21802.59,3239.66,2878.2
2019-04-10,3327.65,30119.56,2224.39,21687.57,3241.93,2888.21
2019-04-11,3330.82,29839.45,2224.44,21711.38,3189.96,2888.32
2019-04-12,3331.98,29909.76,2233.45,21870.56,3188.63,2907.41
2019-04-15,3325.86,29810.72,2242.88,22169.11,3177.79,2905.58
2019-04-16,3332.04,30129.87,2248.63,22221.66,3253.6,2907.06
2019-04-17,3348.64,30124.68,2245.89,22277.97,3263.12,2900.45
2019-04-18,3347.58,29963.26,2213.77,22090.12,3250.2,2905.03
2019-04-23,3353.47,29963.24,2220.51,22259.74,3198.59,2933.68
2019-04-24,3362.43,29805.83,2201.03,22200.0,3201.61,2927.25
2019-04-25,3350.28,29549.8,2190.5,22307.58,3123.83,2926.17
2019-04-26,3356.95,29605.01,2179.31,22258.73,3086.4,2939.88
2019-05-07,3312.52,29363.02,2176.99,21923.72,2926.39,2884.05
2019-05-08,3283.84,29003.2,2168.01,21602.59,2893.76,2879.42
2019-05-09,3269.7,28311.07,2102.01,21402.13,2850.95,2870.72
2019-05-10,3273.5,28550.24,2108.04,21344.92,2939.21,2881.4
2019-05-14,3223.71,28122.02,2081.84,21067.23,2883.61,2834.41
2019-05-15,3218.77,28268.71,2092.78,21188.56,2938.68,2850.96
2019-05-16,3230.26,28275.07,2067.69,21062.98,2955.71,2876.32
2019-05-17,3205.46,27946.46,2055.8,21250.09,2882.3,2859.53
2019-05-21,3183.26,27657.24,2061.25,21272.45,2905.97,2864.36
2019-05-22,3183.14,27705.94,2064.86,21283.37,2891.71,2856.27
2019-05-23,3160.72,27267.13,2059.59,21151.14,2852.51,2822.24
2019-05-24,3169.89,27353.93,2045.31,21117.22,2853.0,2826.06
2019-05-28,3165.32,27390.81,2048.83,21260.14,2909.91,2802.39
2019-05-29,3163.28,27235.71,2023.32,21003.37,2914.7,2783.02
2019-05-30,3143.0,27114.88,2038.8,20942.53,2905.8,2788.86
2019-05-31,3117.76,26901.09,2041.74,20601.19,2898.7,2752.06
2019-06-03,3123.46,26893.86,2067.85,20410.88,2890.08,2744.45
2019-06-04,3142.37,26761.52,2066.97,20408.54,2862.28,2803.27
2019-06-10,3188.11,27578.64,2099.49,21134.42,2852.13,2886.73
2019-06-11,3209.58,27789.34,2111.81,21204.28,2925.72,2885.72
2019-06-12,3207.74,27308.46,2108.75,21129.72,2909.38,2879.84
2019-06-13,3220.66,27294.71,2103.15,21032.0,2910.74,2891.64
2019-06-14,3222.63,27118.35,2095.41,21116.89,2881.97,2886.98
2019-06-17,3207.99,27227.16,2090.73,21124.0,2887.62,2889.67
2019-06-18,3238.73,27498.77,2098.71,20972.71,2890.16,2917.75
2019-06-19,3288.17,28202.14,2124.78,21333.87,2917.8,2926.46
2019-06-20,3314.51,28550.43,2131.29,21462.86,2987.12,2954.18
2019-06-21,3321.4,28473.71,2125.62,21258.64,3001.98,2950.46
2019-06-24,3311.53,28513.0,2126.33,21285.99,3008.15,2945.35
2019-06-25,3304.27,28185.98,2121.64,21193.81,2982.07,2917.38
2019-06-26,3301.25,28221.98,2121.85,21086.59,2976.28,2913.78
2019-06-27,3328.6,28621.42,2134.32,21338.17,2996.79,2924.92
2019-06-28,3321.61,28542.62,2130.62,21275.92,2978.88,2941.76
2019-07-02,3370.8,28875.56,2122.02,21754.27,3043.94,2973.01
2019-07-03,3367.8,28855.14,2096.02,21638.16,3015.26,2995.82
2019-07-05,3366.81,28774.83,2110.59,21746.38,3011.06,2990.41
2019-07-08,3334.23,28331.69,2064.17,21534.35,2933.36,2975.95
2019-07-09,3329.46,28116.28,2052.03,21565.15,2928.23,2979.63
2019-07-10,3340.42,28204.69,2058.78,21533.48,2915.3,2993.07
2019-07-11,3350.45,28431.8,2080.58,21643.53,2917.76,2999.91
2019-07-12,3357.34,28471.62,2086.66,21685.9,2930.55,3013.77
2019-07-16,3360.03,28619.62,2091.87,21535.25,2937.62,3004.04
2019-07-17,3364.87,28593.17,2072.92,21469.18,2931.69,2984.42
2019-07-18,3361.05,28461.66,2066.55,21046.24,2901.18,2995.11
2019-07-19,3377.96,28765.4,2094.36,21466.99,2924.2,2976.61
2019-07-22,3357.22,28371.26,2093.34,21416.79,2886.97,2985.03
2019-07-23,3373.13,28466.48,2101.45,21620.88,2899.94,3005.47
2019-07-24,3368.44,28524.04,2082.3,21709.57,2923.28,3019.56
2019-07-25,3381.26,28594.3,2074.48,21756.55,2937.36,3003.67
2019-07-26,3363.76,28397.74,2066.26,21658.15,2944.54,3025.86
2019-07-29,3346.39,28106.41,2029.48,21616.8,2941.01,3020.97
2019-07-30,3350.54,28146.5,2038.68,21709.31,2952.34,3013.18
2019-07-31,3300.75,27777.75,2024.55,21521.53,2932.51,2980.38
2019-08-01,3291.75,27565.7,2017.34,21540.99,2908.77,2953.56
2019-08-02,3261.11,26918.58,1998.13,21087.16,2867.84,2932.05
2019-08-05,3194.51,26151.32,1946.98,20720.29,2821.5,2844.74
2019-08-06,3170.47,25976.24,1917.5,20585.31,2777.56,2881.77
2019-08-07,3184.69,25997.03,1909.71,20516.56,2768.68,2883.98
2019-08-08,3168.94,26120.77,1920.61,20593.35,2794.55,2938.09
2019-08-13,3146.73,25281.3,1925.83,20455.44,2797.26,2926.32
2019-08-14,3147.6,25302.28,1938.37,20655.13,2808.91,2840.6
2019-08-16,3115.03,25734.22,1927.17,20418.81,2823.82,2888.68
2019-08-19,3128.45,26291.84,1939.9,20563.16,2883.1,2923.65
2019-08-20,3135.95,26231.54,1960.25,20677.22,2880.0,2900.51
2019-08-21,3122.57,26270.04,1964.65,20618.57,2880.33,2924.43
2019-08-22,3127.74,26048.72,1951.01,20628.01,2883.44,2922.95
2019-08-23,3110.35,26179.33,1948.3,20710.91,2897.43,2847.11
2019-08-26,3065.33,25680.33,1916.31,20261.04,2863.57,2878.38
2019-08-27,3067.52,25664.07,1924.6,20456.08,2902.19,2869.16
2019-08-28,3056.47,25615.48,1941.09,20479.42,2893.76,2887.94
2019-08-29,3081.83,25703.5,1933.41,20460.93,2890.92,2924.58
2019-08-30,3106.52,25724.73,1967.79,20704.37,2886.24,2926.46
2019-09-03,3090.63,25527.85,1965.69,20625.16,2930.15,2906.27
2019-09-04,3130.57,26523.23,1988.53,20649.14,2957.41,2937.78
2019-09-05,3147.06,26515.53,2004.75,21085.94,2985.86,2976.0
2019-09-06,3144.48,26690.76,2009.13,21199.57,2999.6,2978.71
2019-09-09,3146.33,26681.4,2019.55,21318.42,3024.74,2978.43
2019-09-10,3155.71,26683.68,2032.08,21392.1,3021.2,2979.39
2019-09-11,3204.52,27159.06,2049.2,21597.76,3008.81,3000.93
2019-09-17,3183.0,26790.24,2062.33,22001.32,2978.12,3005.7
2019-09-18,3166.84,26754.12,2070.73,21960.71,2985.66,3006.73
2019-09-19,3158.8,26468.95,2080.35,22044.45,2999.28,3006.79
2019-09-20,3159.68,26435.67,2091.52,22079.09,3006.45,2992.07
2019-09-24,3155.46,26281.0,2101.04,22098.84,2985.34,2966.6
2019-09-25,3125.82,25945.35,2073.39,22020.15,2955.43,2984.87
2019-09-26,3125.81,26041.93,2074.52,22048.24,2929.09,2977.62
2019-09-27,3125.63,25954.81,2049.93,21878.9,2932.17,2961.79
2019-09-30,3119.99,26092.27,2063.05,21755.84,2905.19,2976.74
2019-10-08,3110.85,25893.4,2046.25,21587.78,2913.57,2893.06
2019-10-10,3089.48,25707.93,2028.15,21551.98,2947.71,2938.13
2019-10-11,3113.97,26308.44,2044.61,21798.87,2973.66,2970.27
2019-10-15,3116.17,26503.93,2068.17,22207.21,2991.05,2995.68
2019-10-16,3134.71,26664.28,2082.83,22472.92,2978.71,2989.69
2019-10-17,3126.14,26848.49,2077.94,22451.86,2977.33,2997.95
2019-10-18,3114.16,26719.58,2060.69,22492.68,2938.14,2986.2
2019-10-21,3139.15,26725.68,2064.84,22548.9,2939.62,3006.72
2019-10-23,3144.28,26566.73,2080.62,22625.38,2941.62,3004.52
2019-10-24,3168.87,26797.95,2085.66,22750.6,2940.92,3010.29
2019-10-25,3185.53,26667.39,2087.89,22799.81,2954.93,3022.55
2019-10-29,3197.04,26786.76,2092.69,22974.13,2954.18,3036.89
2019-10-30,3207.92,26667.71,2080.27,22843.12,2939.32,3046.77
2019-10-31,3229.88,26906.72,2083.48,22927.04,2929.06,3037.56
2019-11-01,3229.43,27100.76,2100.2,22850.77,2958.2,3066.91
2019-11-05,3248.63,27683.4,2142.64,23251.99,2991.56,3074.62
2019-11-06,3262.69,27688.64,2144.15,23303.82,2978.6,3076.78
2019-11-07,3285.72,27847.23,2144.29,23330.32,2978.71,3085.18
2019-11-08,3264.3,27651.14,2137.23,23391.87,2964.18,3093.08
2019-11-11,3240.65,26926.55,2124.09,23331.84,2909.97,3087.01
2019-11-12,3267.8,27065.28,2140.92,23520.01,2914.82,3091.84
2019-11-13,3239.22,26571.46,2122.45,23319.87,2905.24,3094.04
2019-11-14,3231.85,26323.69,2139.23,23141.55,2909.87,3096.63
2019-11-15,3238.86,26326.66,2162.18,23303.32,2891.34,3120.46
2019-11-18,3258.66,26681.09,2160.69,23416.76,2909.2,3122.03
2019-11-19,3238.87,27093.8,2153.24,23292.65,2933.99,3120.18
2019-11-20,3229.78,26889.61,2125.32,23148.57,2911.05,3108.46
2019-11-21,3192.21,26466.88,2096.6,23038.58,2903.64,3103.54
2019-11-22,3225.65,26595.08,2101.96,23112.88,2885.29,3110.29
2019-11-25,3220.63,26993.04,2123.5,23292.81,2906.17,3133.64
2019-11-26,3207.85,26913.92,2121.35,23373.32,2907.06,3140.52
2019-11-27,3215.53,26954.0,2127.85,23437.77,2903.19,3153.63
2019-11-29,3193.92,26346.49,2087.96,23293.91,2871.98,3140.98
2019-12-02,3187.97,26444.72,2091.92,23529.5,2875.81,3113.87
2019-12-03,3173.08,26391.3,2084.07,23379.81,2884.7,3093.2
2019-12-04,3159.79,26062.56,2068.89,23135.23,2878.12,3112.76
2019-12-05,3174.19,26217.04,2060.74,23300.09,2899.47,3117.43
2019-12-06,3194.71,26498.37,2081.85,23354.4,2912.01,3145.91
2019-12-09,3179.82,26494.73,2088.65,23430.7,2914.48,3135.96
2019-12-10,3162.89,26436.62,2098.0,23410.19,2917.32,3132.52
2019-12-11,3172.9,26645.43,2105.62,23391.86,2924.42,3141.63
2019-12-12,3194.67,26994.14,2137.35,23424.81,2915.7,3168.57
2019-12-13,3214.05,27687.76,2170.25,24023.1,2967.68,3168.8
2019-12-16,3206.09,27508.09,2168.15,23952.35,2984.39,3191.45
2019-12-17,3200.8,27843.71,2195.68,24066.12,3022.42,3192.52
2019-12-18,3209.54,27884.21,2194.76,23934.43,3017.04,3191.14
2019-12-19,3207.42,27800.49,2196.56,23864.85,3017.07,3205.37
2019-12-20,3212.39,27871.35,2204.18,23816.63,3004.94,3221.22
2019-12-23,3214.0,27906.41,2203.71,23821.11,2962.75,3224.01
2019-12-24,3221.67,27864.21,2190.08,23830.58,2982.68,3223.38
2019-12-27,3226.53,28225.42,2204.21,23837.72,3005.04,3240.02
2019-12-30,3222.44,28319.39,2197.67,23656.62,3040.02,3221.29
2020-01-06,3218.86,28226.19,2155.07,23204.86,3083.41,3246.28
2020-01-07,3247.86,28322.06,2175.54,23575.72,3104.8,3237.18
2020-01-08,3245.89,28087.92,2151.31,23204.76,3066.89,3253.05
2020-01-09,3247.48,28561.0,2186.45,23739.87,3094.88,3274.7
2020-01-10,3255.95,28638.2,2206.39,23850.57,3092.29,3265.35
2020-01-14,3270.54,28885.14,2238.88,24025.17,3106.82,3283.15
2020-01-15,3256.98,28773.59,2230.98,23916.58,3090.04,3289.29
2020-01-16,3278.0,28883.04,2248.05,23933.13,3074.08,3316.81
2020-01-17,3281.03,29056.42,2250.57,24041.26,3075.5,3329.62
2020-01-21,3247.17,27985.33,2239.69,23864.56,3052.14,3320.79
2020-01-22,3253.93,28341.04,2267.25,24031.35,3060.75,3321.75
2020-01-23,3234.56,27909.12,2246.13,23795.44,2976.53,3325.54
2020-02-03,3116.31,26356.98,2118.88,22971.94,2746.61,3248.92
2020-02-04,3156.57,26675.98,2157.9,23084.59,2783.29,3297.59
2020-02-05,3200.13,26786.74,2165.63,23319.56,2818.09,3334.69
2020-02-06,3231.55,27493.7,2227.94,23873.59,2866.51,3345.78
2020-02-07,3181.48,27404.27,2211.95,23827.98,2875.96,3327.71
2020-02-10,3163.15,27241.34,2201.07,23685.98,2890.49,3352.09
2020-02-12,3223.37,27823.66,2238.38,23861.21,2926.9,3379.45
2020-02-13,3220.09,27730.0,2232.96,23827.73,2906.07,3373.94
2020-02-14,3220.03,27815.6,2243.59,23687.59,2917.01,3380.16
2020-02-18,3196.63,27530.2,2208.88,23193.8,2984.97,3370.29
2020-02-19,3213.71,27655.81,2210.34,23400.7,2975.4,3386.15
2020-02-20,3198.68,27609.16,2195.5,23479.15,3030.15,3373.23
2020-02-21,3181.03,27308.81,2162.84,23386.74,3039.67,3337.75
2020-02-25,3158.24,26893.23,2103.61,22605.41,3013.05,3128.21
2020-02-26,3117.52,26696.49,2076.77,22426.19,2987.93,3116.39
2020-02-27,3111.7,26778.62,2054.89,21948.23,2991.33,2978.76
2020-02-28,3011.08,26129.93,1987.01,21142.96,2880.3,2954.22
2020-03-02,3007.72,26291.68,2002.51,21344.08,2970.93,3090.23
2020-03-03,3019.56,26284.82,2014.15,21082.73,2992.9,3003.37
2020-03-04,3025.03,26222.07,2059.33,21100.06,3011.67,3130.12
2020-03-05,3018.27,26767.87,2085.26,21329.12,3071.68,3023.94
2020-03-06,2960.98,26146.67,2040.22,20749.75,3034.51,2972.37
2020-03-09,2782.37,25040.46,1954.77,19698.76,2943.29,2746.56
2020-03-10,2832.54,25392.51,1962.93,19867.12,2996.76,2882.23
2020-03-11,2783.72,25231.61,1908.27,19416.06,2968.52,2741.38
2020-03-12,2678.64,24309.07,1834.33,18559.63,2923.49,2480.64
2020-03-13,2634.0,24032.91,1771.44,17431.05,2887.43,2711.02
2020-03-16,2495.77,23063.57,1714.86,17002.04,2789.25,2386.13
2020-03-17,2454.53,23263.73,1672.44,17011.53,2779.64,2529.19
2020-03-18,2425.62,22291.82,1591.2,16726.55,2728.76,2398.1
2020-03-19,2311.0,21709.13,1457.64,16552.83,2702.13,2409.39
2020-03-23,2233.48,21696.13,1482.46,16887.78,2660.17,2237.4
2020-03-24,2362.05,22663.49,1609.97,18092.35,2722.44,2447.33
2020-03-25,2505.47,23527.19,1704.76,19546.63,2781.59,2475.56
2020-03-26,2487.56,23352.34,1686.24,18664.6,2764.91,2630.07
2020-03-27,2528.76,23484.28,1717.73,19389.43,2772.2,2541.47
2020-03-30,2416.24,23175.11,1717.12,19084.97,2747.21,2626.65
2020-03-31,2481.23,23603.48,1754.64,18917.01,2750.3,2584.59
2020-04-01,2440.27,23085.79,1685.46,18065.41,2734.52,2470.5
2020-04-02,2453.03,23280.06,1724.86,17818.72,2780.64,2526.9
2020-04-03,2389.29,23236.11,1725.44,17820.19,2763.99,2488.65
2020-04-07,2571.89,24253.29,1823.6,18950.18,2820.76,2659.41
2020-04-08,2539.44,23970.37,1807.14,19353.24,2815.37,2749.98
2020-04-09,2571.32,24300.33,1836.21,19345.77,2825.9,2789.82
2020-04-14,2634.57,24435.4,1857.08,19638.81,2827.28,2846.06
2020-04-16,2612.25,24006.45,1857.07,19290.2,2819.94,2799.55
2020-04-17,2614.6,24380.0,1914.53,19897.26,2838.5,2874.56
2020-04-20,2597.85,24330.02,1898.36,19669.12,2852.55,2823.16
2020-04-21,2551.92,23793.55,1879.38,19280.78,2827.01,2736.56
2020-04-22,2550.04,23893.36,1896.15,19137.95,2843.98,2799.31
2020-04-23,2542.37,23977.32,1914.73,19429.44,2838.5,2797.8
2020-04-24,2518.16,23831.33,1889.01,19262.0,2808.53,2836.74
2020-04-27,2549.4,24280.14,1922.77,19783.22,2815.5,2878.48
2020-04-28,2562.95,24575.96,1934.09,19771.19,2810.02,2863.39
2020-05-08,2591.88,24230.17,1945.82,20179.09,2895.34,2929.8
2020-05-11,2611.31,24602.06,1935.4,20390.66,2894.8,2930.19
2020-05-12,2587.81,24245.68,1922.17,20366.48,2891.56,2870.12
2020-05-13,2572.01,24180.3,1940.42,20267.05,2898.05,2820.0
2020-05-14,2522.31,23829.74,1924.96,19914.78,2870.34,2852.5
2020-05-15,2523.55,23797.47,1927.28,20037.47,2868.46,2863.7
2020-05-18,2539.28,23934.77,1937.11,20133.73,2875.42,2953.91
2020-05-19,2581.33,24388.13,1980.61,20433.45,2898.58,2922.94
2020-05-20,2561.94,24399.95,1989.64,20595.15,2883.74,2971.61
2020-05-21,2555.34,24280.03,1998.31,20552.31,2867.92,2948.51
2020-05-22,2499.83,22930.14,1970.13,20388.16,2813.76,2955.45
2020-05-26,2530.3,23384.66,2029.78,21271.17,2846.55,2991.77
2020-05-27,2519.48,23301.36,2031.2,21419.23,2836.8,3036.13
2020-05-28,2515.24,23132.76,2028.54,21916.31,2846.22,3029.73
2020-05-29,2510.75,22961.47,2029.6,21877.89,2852.35,3044.31
2020-06-01,2550.86,23732.52,2065.08,22062.39,2915.43,3055.73
2020-06-02,2611.63,23995.94,2087.19,22325.61,2921.4,3080.82
2020-06-03,2700.39,24325.62,2147.0,22613.76,2923.37,3122.87
2020-06-04,2707.2,24366.3,2151.18,22695.74,2919.25,3112.35
2020-06-05,2751.5,24770.41,2181.87,22863.73,2930.8,3193.93
2020-06-08,2796.97,24776.77,2184.29,23178.1,2937.77,3232.39
2020-06-09,2794.17,25057.22,2188.92,23091.03,2956.11,3207.18
2020-06-10,2800.57,25049.73,2195.69,23124.95,2943.75,3190.14
2020-06-11,2704.21,24480.15,2176.78,22472.91,2920.9,3002.1
2020-06-12,2684.63,24301.38,2132.3,22305.48,2919.74,3041.31
2020-06-15,2613.88,23776.95,2030.82,21530.95,2890.03,3066.59
2020-06-16,2666.85,24344.09,2138.05,22582.21,2931.75,3124.74
2020-06-17,2669.62,24481.41,2141.05,22455.76,2935.87,3113.49
2020-06-18,2665.66,24464.94,2133.48,22355.46,2939.32,3115.34
2020-06-19,2634.83,24643.89,2141.32,22478.79,2967.63,3097.74
2020-06-22,2629.69,24511.34,2126.73,22437.27,2965.27,3117.86
2020-06-23,2634.92,24907.34,2131.24,22549.05,2970.62,3131.29
2020-06-24,2628.62,24781.58,2161.51,22534.32,2979.55,3050.33
2020-06-29,2574.1,24301.28,2093.48,21995.04,2961.52,3053.24
2020-06-30,2589.91,24427.19,2108.33,22288.14,2984.67,3100.29
2020-07-02,2636.69,25124.19,2135.37,22145.96,3090.57,3130.01
2020-07-06,2689.61,26339.16,2187.93,22714.44,3332.88,3179.72
2020-07-07,2661.42,25975.66,2164.17,22614.69,3345.34,3145.32
2020-07-08,2669.49,26129.18,2158.88,22438.65,3403.44,3169.94
2020-07-09,2652.65,26210.16,2167.9,22529.29,3450.59,3152.05
2020-07-13,2631.08,25772.12,2186.06,22784.74,3443.29,3155.22
2020-07-14,2620.19,25477.89,2183.61,22587.01,3414.62,3197.52
2020-07-15,2648.9,25481.58,2201.88,22945.5,3361.3,3226.56
2020-07-16,2623.67,24970.69,2183.76,22770.36,3210.1,3215.57
2020-07-17,2618.48,25089.17,2201.19,22696.42,3214.13,3224.73
2020-07-20,2616.3,25057.99,2198.2,22717.48,3314.15,3251.84
2020-07-21,2629.45,25635.66,2228.83,22884.22,3320.9,3257.3
2020-07-22,2594.53,25057.94,2228.66,22751.61,3333.16,3276.02
2020-07-27,2575.79,24603.26,2217.86,22715.85,3205.23,3239.41
2020-07-28,2582.97,24772.76,2256.99,22657.38,3227.96,3218.44
2020-07-29,2573.45,24883.14,2263.16,22397.11,3294.55,3258.44
2020-07-30,2529.82,24710.59,2267.01,22339.23,3286.82,3246.22
2020-08-03,2484.91,24458.13,2251.04,22195.38,3367.97,3294.61
2020-08-04,2515.7,24946.63,2279.97,22573.66,3371.69,3306.51
2020-08-05,2532.69,25102.54,2311.86,22514.85,3377.56,3327.77
2020-08-06,2559.1,24930.58,2342.61,22418.15,3386.46,3349.16
2020-08-07,2545.51,24531.62,2351.67,22329.94,3354.03,3351.28
2020-08-11,2544.15,24890.68,2418.67,22750.24,3340.29,3333.69
2020-08-12,2563.2,25244.02,2432.35,22843.96,3319.27,3380.35
2020-08-13,2595.97,25230.67,2437.53,23249.61,3320.73,3373.43
2020-08-14,2581.32,25183.01,2407.49,23289.36,3360.1,3372.85
2020-08-18,2563.09,25367.38,2348.24,23051.08,3451.09,3389.78
2020-08-19,2561.04,25178.91,2360.54,23110.61,3408.13,3374.85
2020-08-20,2527.92,24791.39,2274.22,22880.62,3363.9,3385.51
2020-08-21,2528.54,25113.84,2304.59,22920.3,3380.68,3397.16
2020-08-24,2538.61,25551.58,2329.83,22985.51,3385.64,3431.28
2020-08-25,2559.03,25486.22,2366.73,23296.77,3373.58,3443.62
2020-08-26,2542.08,25491.79,2369.32,23290.86,3329.74,3478.73
2020-08-27,2519.81,25281.15,2344.45,23208.86,3350.11,3484.55
2020-08-28,2539.63,25422.06,2353.8,22882.65,3403.81,3508.01
2020-08-31,2532.51,25177.05,2326.17,23139.76,3395.68,3500.31
2020-09-01,2538.55,25184.85,2349.55,23138.07,3410.61,3526.65
2020-09-02,2539.94,25120.09,2364.37,23247.15,3404.8,3580.84
2020-09-03,2531.79,25007.6,2395.9,23465.53,3384.98,3455.06
2020-09-04,2509.64,24695.45,2368.25,23205.43,3355.37,3426.96
2020-09-08,2504.76,24624.34,2401.91,23274.13,3316.42,3331.84
2020-09-09,2499.33,24468.93,2375.81,23032.54,3254.63,3398.96
2020-09-10,2492.09,24313.54,2396.48,23235.47,3234.82,3339.19
2020-09-11,2490.09,24503.31,2396.69,23406.49,3260.35,3340.97
2020-09-14,2482.55,24640.28,2427.91,23559.3,3278.81,3383.54
2020-09-15,2485.83,24732.76,2443.58,23454.89,3295.68,3401.2
2020-09-16,2505.15,24725.63,2435.92,23475.53,3283.92,3385.49
2020-09-17,2500.78,24340.85,2406.17,23319.37,3270.44,3357.01
2020-09-18,2497.71,24455.41,2412.4,23360.3,3338.09,3319.47
2020-09-23,2481.14,23742.51,2333.24,23346.49,3279.71,3236.92
2020-09-24,2450.82,23311.07,2272.7,23087.82,3223.18,3246.59
2020-09-25,2472.28,23235.42,2278.79,23204.62,3219.42,3298.46
2020-09-28,2483.01,23476.05,2308.08,23511.62,3217.53,3351.6
2020-09-29,2471.61,23275.53,2327.89,23539.1,3224.36,3335.47
2020-10-12,2552.42,24649.68,2403.73,23558.69,3358.47,3534.22
2020-10-14,2555.59,24667.09,2380.48,23626.73,3340.78,3488.67
2020-10-15,2523.62,24158.54,2361.21,23507.23,3332.18,3483.34
2020-10-16,2533.02,24386.79,2341.53,23410.63,3336.36,3483.81
2020-10-19,2543.57,24542.26,2346.74,23671.13,3312.67,3426.92
2020-10-20,2528.64,24569.54,2358.41,23567.04,3328.1,3443.12
2020-10-21,2525.61,24754.42,2370.86,23639.46,3325.02,3435.56
2020-10-22,2528.41,24786.13,2355.05,23474.27,3312.5,3453.49
2020-10-23,2537.39,24918.78,2360.81,23516.59,3278.0,3465.39
2020-10-27,2512.87,24787.19,2330.84,23485.8,3254.32,3390.68
2020-10-28,2483.48,24708.8,2345.26,23418.51,3269.24,3271.03
2020-10-29,2450.68,24586.6,2326.67,23331.94,3272.73,3310.11
2020-10-30,2423.84,24107.42,2267.15,22977.13,3224.53,3269.96
2020-11-02,2443.13,24460.01,2300.16,23295.48,3225.12,3310.24
2020-11-04,2515.98,24886.14,2357.32,23695.23,3277.44,3443.44
2020-11-05,2588.62,25695.92,2413.79,24105.28,3320.13,3510.45
2020-11-06,2578.68,25712.97,2416.5,24325.23,3312.16,3509.44
2020-11-09,2609.36,26016.17,2447.2,24839.84,3373.73,3550.5
2020-11-10,2705.0,26301.48,2452.83,24905.59,3360.15,3545.53
2020-11-11,2713.28,26226.98,2485.87,25349.6,3342.2,3572.66
2020-11-12,2711.9,26169.38,2475.62,25520.88,3338.68,3537.01
2020-11-13,2711.39,26156.86,2493.87,25385.87,3310.1,3585.15
2020-11-16,2748.0,26381.67,2543.03,25906.93,3346.97,3626.91
2020-11-17,2778.55,26415.09,2539.15,26014.62,3339.9,3609.53
2020-11-18,2788.59,26544.29,2545.64,25728.14,3347.3,3567.79
2020-11-19,2777.0,26356.97,2547.42,25634.34,3363.09,3581.87
2020-11-20,2813.01,26451.54,2553.5,25527.37,3377.73,3557.54
2020-11-24,2891.63,26588.2,2617.76,26165.59,3402.82,3635.41
2020-11-25,2869.55,26669.75,2601.54,26296.86,3362.33,3629.65
2020-11-27,2855.82,26894.68,2633.45,26644.71,3408.31,3638.35
2020-11-30,2805.95,26341.49,2591.34,26433.62,3391.76,3621.63
2020-12-01,2814.12,26567.68,2634.25,26787.54,3451.94,3662.45
2020-12-02,2810.95,26532.58,2675.9,26800.98,3449.38,3669.01
2020-12-03,2822.34,26728.5,2696.22,26809.37,3442.14,3666.72
2020-12-04,2839.89,26835.92,2731.45,26751.24,3444.58,3699.12
2020-12-07,2825.51,26506.85,2745.44,26547.44,3416.6,3691.96
2020-12-08,2825.63,26304.56,2700.93,26467.08,3410.18,3702.25
2020-12-09,2843.07,26502.84,2755.47,26817.94,3371.96,3672.82
2020-12-10,2824.96,26410.59,2746.46,26756.24,3373.28,3668.1
2020-12-11,2821.7,26505.87,2770.06,26652.52,3347.19,3663.46
2020-12-14,2858.14,26389.52,2762.2,26732.44,3369.12,3647.49
2020-12-15,2856.72,26207.29,2756.82,26687.84,3367.23,3694.62
2020-12-16,2872.8,26460.29,2771.79,26757.4,3366.98,3701.17
2020-12-17,2858.02,26678.38,2770.43,26806.67,3404.87,3722.48
2020-12-18,2848.98,26498.6,2772.18,26763.39,3394.9,3709.41
2020-12-21,2846.52,26306.68,2778.65,26714.42,3420.57,3694.92
2020-12-22,2827.32,26119.25,2733.68,26436.39,3356.78,3687.26
2020-12-23,2833.4,26343.1,2759.82,26524.79,3382.32,3690.01
2020-12-24,2842.04,26386.56,2806.86,26668.35,3363.11,3703.06
2020-12-28,2840.14,26314.63,2808.6,26854.03,3397.28,3735.36
2020-12-29,2848.14,26568.49,2820.51,27568.15,3379.04,3727.04
2020-12-30,2869.22,27147.11,2873.47,27444.17,3414.45,3732.04
2021-01-04,2858.9,27472.81,2944.45,27258.38,3502.96,3700.65
2021-01-05,2859.68,27649.86,2990.57,27158.63,3528.68,3726.86
2021-01-06,2863.01,27692.3,2968.21,27055.94,3550.88,3748.14
2021-01-07,2906.97,27548.52,3031.68,27490.13,3576.21,3803.79
2021-01-08,2993.19,27878.22,3152.18,28139.03,3570.11,3824.68
2021-01-12,2977.17,28276.75,3125.95,28164.34,3608.34,3801.19
2021-01-13,2977.51,28235.6,3148.29,28456.59,3598.65,3809.84
2021-01-14,3000.0,28496.86,3149.93,28698.26,3565.91,3795.54
2021-01-15,3004.87,28573.86,3085.9,28519.18,3566.38,3768.25
2021-01-19,2995.92,29642.28,3092.66,28633.46,3566.38,3798.91
2021-01-20,2998.77,29962.47,3114.55,28523.26,3583.09,3851.85
2021-01-21,3017.15,29927.76,3160.84,28756.86,3621.26,3853.07
2021-01-22,2991.53,29447.85,3140.63,28631.45,3606.75,3841.47
2021-01-25,2973.65,30159.01,3208.99,28822.29,3624.24,3855.36
2021-01-26,2945.52,29391.26,3140.31,28546.18,3569.43,3849.62
2021-01-27,2958.63,29297.53,3122.56,28635.21,3573.34,3750.77
2021-01-28,2920.3,28550.77,3069.05,28197.42,3505.18,3787.38
2021-01-29,2902.52,28283.71,2976.21,27663.39,3483.07,3714.24
2021-02-01,2896.32,28892.86,3056.53,28091.05,3505.28,3773.86
2021-02-02,2917.29,29248.7,3096.81,28362.17,3533.69,3826.31
2021-02-03,2927.47,29307.46,3129.68,28646.5,3517.31,3830.17
2021-02-04,2905.58,29113.5,3087.55,28341.95,3501.86,3871.74
2021-02-05,2907.11,29288.68,3120.63,28779.19,3496.33,3886.83
2021-02-08,2931.4,29319.47,3091.24,29388.5,3532.45,3915.59
2021-02-09,2935.27,29476.19,3084.67,29505.93,3603.49,3911.23
2021-02-10,2925.84,30038.72,3100.58,29562.93,3655.09,3909.88
2021-02-18,2908.85,30595.27,3086.66,30236.09,3675.36,3913.97
2021-02-19,2880.64,30644.73,3107.62,30017.92,3696.17,3906.71
2021-02-22,2881.21,30319.83,3079.75,30156.03,3642.44,3876.5
2021-02-24,2924.58,29718.24,2994.98,29671.7,3564.08,3925.43
2021-02-25,2973.54,30074.17,3099.69,30168.27,3585.05,3829.34
2021-02-26,2949.04,28980.21,3012.95,28966.01,3509.08,3811.15
2021-03-02,2973.87,29095.86,3043.87,29408.17,3508.59,3870.29
2021-03-03,3000.37,29880.42,3082.99,29559.1,3576.9,3819.72
2021-03-04,3014.78,29236.79,3043.49,28930.11,3503.49,3768.47
2021-03-05,3013.85,29098.29,3026.26,28864.32,3501.99,3841.94
2021-03-08,3071.16,28540.83,2996.11,28743.25,3421.41,3821.35
2021-03-09,3108.53,28773.23,2976.12,29027.94,3359.29,3875.44
2021-03-10,3079.72,28907.52,2958.12,29036.56,3357.74,3898.81
2021-03-11,3106.01,29385.61,3013.7,29211.64,3436.83,3939.34
2021-03-12,3095.22,28739.72,3054.39,29717.83,3453.08,3943.34
2021-03-15,3106.0,28833.76,3045.71,29766.97,3419.95,3968.94
2021-03-16,3105.51,29027.69,3067.17,29921.09,3446.73,3962.71
2021-03-17,3109.65,29034.12,3047.5,29914.33,3445.55,3974.12
2021-03-18,3137.66,29405.72,3066.01,30216.75,3463.07,3915.46
2021-03-19,3134.54,28990.94,3039.53,29792.05,3404.66,3913.1
2021-03-22,3128.08,28885.34,3035.46,29174.15,3443.44,3940.59
2021-03-23,3131.74,28497.38,3004.74,28995.92,3411.51,3910.52
2021-03-24,3133.31,27918.14,2996.35,28405.52,3367.06,3889.14
2021-03-25,3141.71,27899.61,3008.33,28729.88,3363.59,3909.52
2021-03-26,3157.95,28336.43,3041.01,29176.7,3418.33,3974.54
2021-03-29,3175.57,28338.3,3036.04,29384.52,3435.3,3971.09
2021-03-30,3190.89,28577.5,3070.0,29432.7,3456.68,3958.55
2021-03-31,3165.34,28378.35,3061.42,29178.8,3441.91,3972.89
2021-04-01,3181.68,28938.74,3087.4,29388.87,3466.33,4019.87
2021-04-07,3195.76,28674.8,3137.41,29730.79,3479.63,4079.95
2021-04-08,3186.4,29008.07,3143.26,29708.98,3482.55,4097.17
2021-04-09,3184.54,28698.8,3131.88,29768.06,3450.68,4128.8
2021-04-12,3173.93,28453.28,3135.59,29538.73,3412.95,4127.99
2021-04-13,3187.9,28497.25,3169.08,29751.61,3396.47,4141.59
2021-04-14,3179.39,28900.83,3182.38,29620.99,3416.72,4124.66
2021-04-15,3184.77,28793.14,3194.33,29642.69,3398.99,4170.42
2021-04-16,3201.76,28969.71,3198.62,29683.37,3426.62,4185.47
2021-04-19,3209.72,29106.15,3198.84,29685.37,3477.55,4163.26
2021-04-20,3192.17,29135.73,3220.7,29100.38,3472.94,4134.94
2021-04-21,3155.06,28621.92,3171.66,28508.55,3472.93,4173.42
2021-04-22,3187.78,28755.34,3177.52,29188.17,3465.11,4134.98
2021-04-23,3194.04,29078.75,3181.08,29020.63,3474.17,4180.17
2021-04-26,3204.9,28952.83,3217.53,29126.23,3441.17,4187.62
2021-04-27,3214.43,28941.54,3215.42,28991.89,3442.61,4186.72
2021-04-28,3219.56,29071.34,3181.47,29053.97,3457.07,4183.18
2021-04-30,3218.27,28724.88,3147.86,28812.63,3446.86,4181.17
2021-05-06,3173.0,28637.46,3160.43,29331.37,3441.28,4201.62
2021-05-07,3200.26,28610.65,3197.2,29357.82,3418.87,4232.6
2021-05-10,3182.41,28595.66,3249.3,29518.34,3427.99,4188.43
2021-05-11,3144.27,28013.81,3209.43,28608.59,3441.85,4152.1
2021-05-12,3123.26,28231.04,3161.66,28147.51,3462.75,4063.04
2021-05-14,3055.02,28027.57,3153.32,28084.47,3490.38,4173.85
2021-05-17,3079.69,28194.09,3134.52,27824.83,3517.62,4163.29
2021-05-18,3142.63,28593.81,3173.05,28406.84,3529.01,4127.83
2021-05-20,3109.81,28450.29,3162.28,28098.25,3506.94,4159.12
2021-05-21,3117.89,28458.44,3156.42,28317.83,3486.56,4155.86
2021-05-24,3123.61,28412.26,3144.3,28364.61,3497.28,4197.05
2021-05-25,3146.09,28910.86,3171.32,28553.98,3581.34,4188.13
2021-05-27,3164.82,29113.2,3165.51,28549.01,3608.85,4200.88
2021-05-28,3178.55,29124.41,3188.73,29149.41,3600.78,4204.11
2021-06-01,3187.23,29468.0,3221.87,28814.34,3624.71,4202.04
2021-06-02,3161.04,29297.62,3224.23,28946.14,3597.14,4208.12
2021-06-03,3165.0,28966.03,3247.43,29058.11,3584.21,4192.85
2021-06-04,3151.04,28918.1,3240.08,28941.52,3591.84,4229.89
2021-06-07,3175.81,28787.28,3252.12,29019.24,3599.54,4226.52
2021-06-08,3167.14,28781.38,3247.83,28963.56,3580.11,4227.26
2021-06-09,3153.47,28742.63,3216.18,28860.8,3591.4,4219.55
2021-06-10,3162.5,28738.88,3224.64,28958.56,3610.86,4239.18
2021-06-11,3157.97,28842.13,3249.32,28948.73,3589.75,4247.44
2021-06-15,3174.87,28638.53,3258.63,29441.3,3556.56,4246.59
2021-06-16,3139.57,28436.84,3278.68,29291.01,3518.33,4223.7
2021-06-17,3138.31,28558.59,3264.96,29018.33,3525.6,4221.86
2021-06-18,3144.16,28801.27,3267.93,28964.08,3525.1,4166.45
2021-06-21,3117.87,28489.0,3240.79,28010.93,3529.18,4224.79
2021-06-22,3109.2,28309.76,3263.88,28884.13,3557.41,4246.44
2021-06-23,3118.62,28817.07,3276.19,28874.89,3566.22,4241.84
2021-06-24,3119.62,28882.46,3286.1,28875.23,3566.65,4266.49
2021-06-25,3121.6,29288.22,3302.84,29066.18,3607.56,4280.7
2021-06-28,3126.88,29268.3,3301.89,29048.02,3606.37,4290.61
2021-06-29,3089.49,28994.1,3286.68,28812.61,3573.18,4291.8
2021-06-30,3130.46,28827.95,3296.68,28791.53,3591.2,4297.5
2021-07-02,3128.95,28310.42,3281.78,28783.28,3518.76,4352.34
2021-07-06,3190.59,28072.86,3305.21,28643.21,3530.26,4343.54
2021-07-07,3141.6,27960.62,3285.34,28366.95,3553.72,4358.13
2021-07-08,3107.59,27153.13,3252.68,28118.03,3525.5,4320.82
2021-07-09,3131.4,27344.54,3217.95,27940.42,3524.09,4369.55
2021-07-12,3147.14,27515.24,3246.47,28569.02,3547.84,4384.63
2021-07-13,3166.81,27963.41,3271.38,28718.24,3566.52,4369.21
2021-07-14,3153.15,27787.46,3264.81,28608.49,3528.5,4374.3
2021-07-15,3139.98,27996.27,3286.22,28279.09,3564.59,4360.03
2021-07-16,3152.3,28004.68,3276.91,28003.08,3539.3,4327.16
2021-07-19,3111.2,27489.78,3244.04,27652.74,3539.12,4258.49
2021-07-21,3119.0,27224.58,3215.91,27548.0,3562.66,4358.69
2021-07-26,3138.97,26192.32,3224.95,27833.29,3467.44,4422.3
2021-07-27,3138.81,25086.43,3232.53,27970.22,3381.18,4401.46
2021-07-28,3141.75,25473.88,3236.86,27581.66,3361.59,4400.64
2021-07-29,3180.61,26315.32,3242.65,27782.42,3411.72,4419.15
2021-07-30,3166.94,25961.03,3202.32,27283.59,3397.36,4395.26
2021-08-02,3161.22,26235.8,3223.04,27781.02,3464.29,4387.16
2021-08-03,3149.25,26194.82,3237.14,27641.83,3447.99,4423.15
2021-08-04,3182.9,26426.55,3280.38,27584.08,3477.22,4402.66
2021-08-05,3175.1,26204.69,3276.13,27728.12,3466.55,4429.1
2021-08-06,3177.18,26179.4,3270.36,27820.04,3458.23,4436.52
2021-08-10,3207.36,26605.62,3243.19,27888.15,3529.93,4436.75
2021-08-11,3180.0,26660.16,3220.62,28070.51,3532.62,4442.41
2021-08-12,3182.8,26517.82,3208.38,28015.02,3524.74,4460.83
2021-08-13,3165.49,26391.62,3171.29,27977.15,3516.3,4468.0
2021-08-17,3118.51,25745.87,3143.09,27424.47,3446.98,4448.08
2021-08-18,3131.44,25867.01,3158.93,27585.91,3485.29,4400.27
2021-08-19,3086.97,25316.33,3097.83,27281.17,3465.55,4405.8
2021-08-20,3102.75,24849.72,3060.51,27013.25,3427.33,4441.67
2021-08-23,3087.56,25109.59,3090.21,27494.24,3477.13,4479.53
2021-08-24,3107.62,25727.92,3138.3,27732.1,3514.47,4486.23
2021-08-25,3107.49,25693.95,3146.81,27724.8,3540.38,4496.19
2021-08-26,3109.42,25415.69,3128.53,27742.29,3501.66,4470.0
2021-08-27,3080.77,25407.89,3133.9,27641.14,3522.16,4509.37
2021-08-30,3102.11,25539.54,3144.19,27789.29,3528.15,4528.79
2021-08-31,3055.05,25878.99,3199.27,28089.54,3543.94,4522.68
2021-09-01,3087.84,26028.29,3207.02,28451.02,3567.1,4524.09
2021-09-02,3088.84,26090.43,3175.85,28543.51,3597.04,4536.95
2021-09-03,3083.85,25901.99,3201.06,29128.11,3581.73,4535.43
2021-09-07,3108.53,26353.63,3187.42,29916.14,3676.59,4520.03
2021-09-08,3068.94,26320.93,3162.99,30181.21,3675.19,4514.07
2021-09-09,3071.7,25716.0,3114.7,30008.19,3693.13,4493.28
2021-09-10,3098.8,26205.91,3125.76,30381.84,3703.11,4458.58
2021-09-13,3074.31,25813.81,3127.86,30447.37,3715.37,4468.73
2021-09-14,3080.37,25502.23,3148.83,30670.1,3662.6,4443.05
2021-09-15,3058.61,25033.21,3153.4,30511.71,3656.22,4480.7
2021-09-16,3064.54,24667.85,3130.09,30323.34,3607.09,4473.75
2021-09-17,3071.23,24920.76,3140.51,30500.05,3613.97,4432.99
2021-09-24,3061.35,24192.16,3125.24,30248.81,3613.07,4455.48
2021-09-27,3100.3,24208.78,3133.64,30240.06,3582.83,4443.11
2021-09-28,3077.69,24500.39,3097.92,30183.96,3602.22,4352.63
2021-09-29,3074.31,24663.5,3060.27,29544.29,3536.29,4359.46
2021-09-30,3086.7,24575.64,3068.82,29452.66,3568.17,4307.54
2021-10-08,3112.81,24837.85,2956.3,28048.94,3592.17,4391.34
2021-10-12,3112.05,24962.59,2916.38,28230.61,3546.94,4350.65
2021-10-15,3173.91,25330.96,3015.06,29068.63,3572.37,4471.37
2021-10-18,3173.82,25409.75,3006.68,29025.46,3568.14,4486.46
2021-10-19,3199.01,25787.21,3029.04,29215.52,3593.15,4519.63
2021-10-20,3198.08,26136.02,3013.13,29255.55,3587.0,4536.19
2021-10-21,3188.5,26017.53,3007.33,28708.58,3594.78,4549.78
2021-10-22,3205.14,26126.93,3006.16,28804.85,3582.6,4544.9
2021-10-25,3201.86,26132.03,3020.54,28600.41,3609.86,4566.48
2021-10-26,3204.57,26038.27,3049.08,29106.01,3597.64,4574.79
2021-10-27,3218.17,25628.74,3025.49,29098.24,3562.31,4551.68
2021-10-28,3203.82,25555.73,3009.55,28820.09,3518.42,4596.42
2021-10-29,3198.17,25377.24,2970.68,28892.69,3547.34,4605.38
2021-11-01,3219.05,25154.32,2978.94,29647.08,3544.48,4613.67
2021-11-02,3232.37,25099.67,3013.49,29520.9,3505.63,4630.65
2021-11-05,3242.34,24870.51,2969.27,29611.57,3491.57,4697.53
2021-11-08,3263.9,24763.77,2960.2,29507.05,3498.63,4701.7
2021-11-09,3243.42,24813.13,2962.46,29285.46,3507.0,4685.25
2021-11-10,3231.32,24996.14,2930.17,29106.78,3492.46,4646.71
2021-11-11,3238.07,25247.99,2924.92,29277.86,3532.79,4649.27
2021-11-12,3228.45,25327.97,2968.8,29609.97,3539.1,4682.85
2021-11-15,3240.58,25390.91,2999.52,29776.8,3533.3,4682.8
2021-11-16,3238.8,25713.78,2997.21,29808.12,3521.79,4700.9
2021-11-17,3232.68,25650.08,2962.42,29688.33,3537.37,4688.67
2021-11-18,3237.02,25319.72,2947.38,29598.66,3520.71,4704.54
2021-11-19,3232.34,25049.97,2971.02,29745.87,3560.37,4697.96
2021-11-22,3237.08,24951.34,3013.25,29774.11,3582.08,4682.94
2021-11-24,3227.15,24685.5,2994.29,29302.66,3592.7,4701.46
2021-11-26,3166.27,24080.52,2936.44,28751.62,3564.09,4594.62
2021-11-29,3120.58,23852.24,2909.32,28283.92,3562.7,4655.27
2021-11-30,3041.29,23475.26,2839.01,27821.76,3563.89,4567.0
2021-12-01,3098.25,23658.92,2899.72,27935.62,3576.89,4513.04
2021-12-02,3092.11,23788.93,2945.27,27753.37,3573.84,4577.1
2021-12-03,3101.93,23766.69,2968.33,28029.57,3607.43,4538.43
2021-12-06,3116.32,23349.38,2973.25,27927.37,3589.31,4591.67
2021-12-07,3134.66,23983.66,2991.72,28455.6,3595.09,4686.75
2021-12-08,3129.77,23996.87,3001.8,28860.62,3637.57,4701.21
2021-12-09,3142.45,24254.86,3029.57,28725.47,3673.04,4667.45
2021-12-10,3135.61,23995.72,3010.23,28437.77,3666.35,4712.02
2021-12-13,3119.95,23954.58,3001.66,28640.49,3681.08,4668.97
2021-12-14,3121.09,23635.95,2987.95,28432.64,3661.53,4634.09
2021-12-15,3114.88,23420.76,2989.39,28459.72,3647.63,4709.85
2021-12-16,3128.8,23475.5,3006.41,29066.32,3675.02,4668.67
2021-12-17,3111.63,23192.63,3017.73,28545.68,3632.36,4620.64
2021-12-20,3072.97,22744.86,2963.0,27937.81,3593.6,4568.02
2021-12-21,3085.08,22971.33,2975.03,28517.59,3625.13,4649.23
2021-12-22,3087.51,23102.33,2984.48,28562.21,3622.62,4696.56
2021-12-23,3096.81,23193.64,2998.17,28798.37,3643.34,4725.79
2021-12-28,3128.41,23280.56,3020.24,29069.16,3630.11,4786.35
2021-12-29,3138.02,23086.54,2993.29,28906.88,3597.0,4793.06
2021-12-30,3126.64,23112.01,2977.65,28791.71,3619.19,4778.73
2022-01-04,3181.13,23289.84,2989.24,29301.79,3632.33,4793.54
2022-01-05,3163.44,22907.25,2953.97,29332.16,3595.18,4700.58
2022-01-06,3184.3,23072.86,2920.53,28487.87,3586.08,4696.05
2022-01-07,3205.26,23493.38,2954.89,28478.56,3579.54,4677.03
2022-01-11,3246.37,23739.06,2927.38,28222.48,3567.44,4713.07
2022-01-12,3254.98,24402.17,2972.48,28765.66,3597.43,4726.35
2022-01-13,3257.3,24429.77,2962.09,28489.13,3555.26,4659.03
2022-01-14,3281.97,24383.32,2921.92,28124.28,3521.26,4662.85
2022-01-18,3280.04,24112.78,2864.24,28257.25,3569.91,4577.11
2022-01-19,3283.94,24127.85,2842.28,27467.23,3558.18,4532.76
2022-01-20,3294.82,24952.35,2862.68,27772.93,3555.06,4482.73
2022-01-21,3294.86,24965.55,2834.29,27522.26,3522.57,4397.94
2022-01-24,3283.35,24656.46,2792.0,27588.37,3524.11,4410.13
2022-01-25,3247.76,24243.61,2720.39,27131.34,3433.06,4356.45
2022-01-26,3271.57,24289.9,2709.24,27011.33,3455.67,4349.93
2022-01-27,3260.03,23807.0,2614.49,26170.3,3394.25,4326.51
2022-01-28,3246.33,23550.08,2663.34,26717.34,3361.44,4431.85
2022-02-07,3366.48,24579.55,2745.06,27248.87,3429.58,4483.87
2022-02-08,3401.74,24329.49,2746.47,27284.52,3452.63,4521.54
2022-02-09,3420.04,24829.99,2768.85,27579.87,3479.95,4587.18
2022-02-10,3428.0,24924.35,2771.93,27696.08,3485.91,4504.08
2022-02-14,3421.2,24556.57,2704.48,27079.59,3428.88,4401.67
2022-02-15,3421.38,24355.71,2676.54,26865.19,3446.09,4471.07
2022-02-16,3439.3,24718.9,2729.68,27460.4,3465.83,4475.01
2022-02-17,3441.57,24792.77,2744.09,27232.87,3468.04,4380.26
2022-02-18,3428.9,24327.71,2744.52,27122.07,3490.76,4348.87
2022-02-22,3400.58,23520.0,2706.79,26449.61,3457.15,4304.76
2022-02-24,3276.06,22901.56,2648.8,25970.82,3429.96,4288.7
2022-02-25,3294.47,22767.18,2676.76,26476.5,3451.41,4384.65
2022-02-28,3242.24,22713.02,2699.18,26526.82,3462.31,4373.94
2022-03-02,3244.4,22343.92,2703.52,26393.03,3484.19,4386.54
2022-03-03,3253.65,22467.34,2747.08,26577.27,3481.11,4363.49
2022-03-04,3226.78,21905.29,2713.43,25985.47,3447.65,4328.87
2022-03-07,3187.82,21057.63,2651.31,25221.41,3372.86,4201.09
2022-03-08,3148.86,20765.87,2622.4,24790.95,3293.53,4170.7
2022-03-10,3240.73,20890.26,2680.32,25690.4,3296.09,4259.52
2022-03-11,3249.66,20553.79,2661.28,25162.78,3309.75,4204.31
2022-03-14,3232.03,19531.66,2645.65,25307.85,3223.53,4173.11
2022-03-15,3236.04,18415.08,2621.53,25346.48,3063.97,4262.45
2022-03-16,3290.9,20087.5,2659.23,25762.01,3170.71,4357.86
2022-03-17,3322.71,21501.23,2694.51,26652.89,3215.04,4411.67
2022-03-18,3330.63,21412.4,2707.02,26827.43,3251.07,4463.12
2022-03-22,3350.17,21889.28,2710.0,27224.11,3259.86,4511.61
2022-03-23,3364.26,22154.08,2735.05,28040.16,3271.03,4456.24
2022-03-24,3399.7,21945.95,2729.66,28110.39,3250.26,4520.16
2022-03-25,3413.69,21404.88,2729.98,28149.84,3212.24,4543.06
2022-03-28,3431.99,21684.97,2729.56,27943.89,3214.5,4575.52
2022-03-29,3433.9,21927.63,2741.07,28252.42,3203.94,4631.6
2022-03-30,3442.61,22232.03,2746.74,28027.25,3266.6,4602.45
2022-03-31,3408.52,21996.85,2757.65,27821.43,3252.2,4530.41
2022-04-01,3419.11,22039.55,2739.85,27665.98,3282.72,4545.86
2022-04-06,3422.95,22080.52,2735.03,27350.3,3283.43,4481.15
2022-04-07,3404.23,21808.98,2695.86,26888.57,3236.7,4500.21
2022-04-08,3383.28,21872.01,2700.39,26985.8,3251.85,4488.28
2022-04-11,3363.56,21208.3,2693.1,26821.52,3167.13,4412.53
2022-04-12,3330.25,21319.13,2666.76,26334.98,3213.33,4397.45
2022-04-13,3342.22,21374.37,2716.49,26843.49,3186.82,4446.59
2022-04-14,3335.85,21518.08,2716.71,27172.0,3225.64,4392.59
2022-04-19,3307.13,21027.76,2718.89,26985.09,3194.03,4462.21
2022-04-20,3335.32,20944.67,2718.69,27217.85,3151.05,4459.45
2022-04-21,3348.46,20682.22,2728.21,27553.06,3079.81,4393.66
2022-04-22,3361.11,20638.52,2704.71,27105.26,3086.92,4271.78
2022-04-25,3339.59,19869.34,2657.13,26590.78,2928.51,4296.12
2022-04-26,3322.05,19934.71,2668.31,26700.11,2886.43,4175.2
2022-04-27,3320.67,19946.36,2639.06,26386.63,2958.28,4183.96
2022-04-28,3335.09,20276.17,2667.49,26847.9,2975.48,4287.5
2022-05-06,3291.89,20001.96,2644.51,27003.56,3001.56,4123.34
2022-05-10,3234.19,19633.69,2596.56,26167.1,3035.84,4001.05
2022-05-11,3226.07,19824.57,2592.27,26213.64,3058.7,3935.18
2022-05-12,3165.18,19380.34,2550.08,25748.72,3054.99,3930.08
2022-05-13,3191.16,19898.77,2604.24,26427.65,3084.28,4023.89
2022-05-17,3201.89,20602.52,2620.44,26659.75,3093.7,4088.85
2022-05-18,3225.35,20644.28,2625.98,26911.2,3085.98,3923.68
2022-05-19,3190.71,20120.68,2592.34,26402.84,3096.96,3900.79
2022-05-20,3240.58,20717.24,2639.29,26739.03,3146.57,3901.36
2022-05-23,3213.65,20470.06,2647.38,27001.52,3146.86,3973.75
2022-05-24,3195.04,20112.1,2605.87,26748.14,3070.93,3941.48
2022-05-25,3179.58,20171.27,2617.22,26677.8,3107.46,3978.73
2022-05-26,3209.18,20116.2,2612.45,26604.84,3123.11,4057.84
2022-05-27,3230.55,20697.36,2638.05,26781.68,3130.24,4158.24
2022-05-31,3232.49,21415.2,2685.9,27279.8,3186.43,4132.15
2022-06-02,3226.72,21082.13,2658.99,27413.88,3195.46,4176.82
2022-06-07,3231.54,21531.67,2626.34,27943.95,3241.76,4160.68
2022-06-08,3225.8,22014.59,2626.15,28234.29,3263.79,4115.77
2022-06-09,3209.62,21869.05,2625.44,28246.53,3238.95,4017.82
2022-06-10,3181.73,21806.18,2595.87,27824.29,3284.83,3900.86
2022-06-13,3139.35,21067.58,2504.51,26987.44,3255.55,3749.63
2022-06-14,3108.89,21067.99,2492.97,26629.86,3288.91,3735.48
2022-06-15,3105.85,21308.21,2447.38,26326.16,3305.41,3789.99
2022-06-16,3097.43,20845.43,2451.41,26431.2,3285.38,3666.77
2022-06-17,3098.09,21075.0,2440.93,25963.0,3316.79,3674.84
2022-06-21,3117.48,21559.59,2408.93,26246.31,3306.72,3764.79
2022-06-22,3093.31,21008.34,2342.81,26149.55,3267.2,3759.89
2022-06-23,3092.8,21273.87,2314.32,26171.25,3320.15,3795.73
2022-06-24,3111.65,21719.06,2366.6,26491.97,3349.75,3911.74
2022-06-27,3137.54,22229.52,2401.92,26871.27,3379.19,3900.11
2022-06-28,3140.21,22418.97,2422.09,27049.47,3409.21,3821.55
2022-06-29,3134.87,21996.89,2377.99,26804.6,3361.52,3818.83
2022-06-30,3102.21,21859.79,2332.64,26393.04,3398.62,3785.38
2022-07-05,3104.11,21853.07,2341.78,26423.47,3404.03,3831.39
2022-07-06,3103.66,21586.66,2292.01,26107.65,3355.35,3845.08
2022-07-07,3129.4,21643.58,2334.27,26490.53,3364.4,3902.62
2022-07-08,3131.26,21725.78,2350.61,26517.19,3356.08,3899.38
2022-07-12,3145.77,20844.74,2317.76,26336.66,3281.47,3818.8
2022-07-13,3128.69,20797.95,2328.61,26478.77,3284.29,3801.78
2022-07-14,3090.63,20751.21,2322.32,26643.39,3281.74,3790.38
2022-07-15,3099.15,20297.72,2330.98,26788.47,3228.06,3863.16
2022-07-19,3117.79,20661.06,2370.97,26961.68,3279.43,3936.69
2022-07-20,3170.29,20890.22,2386.85,27680.26,3304.72,3959.9
2022-07-21,3152.3,20574.63,2409.16,27803.0,3272.0,3998.95
2022-07-22,3181.34,20609.14,2393.14,27914.66,3269.97,3961.63
2022-07-25,3180.47,20562.94,2403.69,27699.25,3250.39,3966.84
2022-07-26,3192.12,20905.88,2412.96,27655.21,3277.44,3921.05
2022-07-27,3205.14,20670.04,2415.53,27715.75,3275.76,4023.61
2022-07-28,3220.65,20622.68,2435.27,27815.48,3282.58,4072.43
2022-07-29,3211.56,20156.51,2451.5,27801.64,3253.24,4130.29
2022-08-01,3238.75,20165.84,2452.25,27993.35,3259.96,4118.63
2022-08-02,3239.15,19689.21,2439.62,27594.73,3186.27,4091.19
2022-08-03,3252.06,19767.09,2461.45,27741.9,3163.67,4155.17
2022-08-04,3269.86,20174.04,2473.11,27932.2,3189.04,4151.94
2022-08-05,3282.88,20201.94,2490.8,28175.87,3227.03,4145.19
2022-08-08,3270.98,20045.77,2493.1,28249.24,3236.93,4140.06
2022-08-10,3286.33,19610.84,2480.88,27819.33,3230.02,4210.24
2022-08-12,3269.27,20175.62,2527.94,28546.98,3276.89,4280.15
2022-08-16,3253.79,19830.52,2533.52,28868.91,3277.88,4305.2
2022-08-17,3262.76,19922.45,2516.47,29222.77,3292.53,4274.04
2022-08-18,3273.48,19763.91,2508.05,28942.14,3277.54,4283.74
2022-08-19,3246.51,19773.03,2492.69,28930.33,3258.08,4228.48
2022-08-22,3262.57,19656.98,2462.5,28794.5,3277.79,4137.99
2022-08-23,3246.21,19503.25,2435.34,28452.75,3276.22,4128.73
2022-08-24,3233.48,19268.74,2447.45,28313.47,3215.2,4140.77
2022-08-25,3247.8,19968.38,2477.26,28479.01,3246.25,4199.12
2022-08-26,3249.53,20170.04,2481.03,28641.38,3236.22,4057.66
2022-08-29,3222.26,20023.22,2426.89,27878.96,3240.73,4030.61
2022-08-30,3239.33,19949.03,2450.93,28195.58,3227.22,3986.16
2022-08-31,3221.67,19954.39,2472.05,28091.53,3202.14,3955.0
2022-09-01,3224.08,19597.31,2415.61,27661.47,3184.98,3966.85
2022-09-02,3205.69,19452.09,2409.41,27650.84,3186.48,3924.26
2022-09-06,3224.18,19202.73,2410.02,27626.51,3243.45,3908.19
2022-09-07,3210.83,19044.3,2376.46,27430.3,3246.29,3979.87
2022-09-08,3233.61,18854.62,2384.28,28065.28,3235.59,4006.18
2022-09-13,3290.08,19326.86,2449.54,28614.63,3263.8,3932.69
2022-09-14,3258.02,18847.1,2411.42,27818.62,3237.54,3946.01
2022-09-15,3267.98,18930.38,2401.83,27875.91,3199.92,3901.35
2022-09-16,3268.29,18761.69,2382.78,27567.65,3126.4,3873.33
2022-09-20,3266.94,18781.42,2367.85,27688.42,3122.41,3855.93
2022-09-21,3261.79,18444.62,2347.21,27313.13,3117.18,3789.93
2022-09-22,3263.07,18147.95,2332.31,27153.83,3108.91,3757.99
2022-09-26,3181.97,17855.14,2220.94,26431.55,3051.23,3655.04
2022-09-27,3165.5,17860.31,2223.86,26571.87,3093.86,3647.29
2022-09-28,3116.31,17250.88,2169.29,26173.98,3045.07,3719.04
2022-09-29,3115.08,17165.87,2170.93,26422.05,3041.2,3640.47
2022-09-30,3130.24,17222.83,2155.49,25937.21,3024.39,3585.62
2022-10-11,3105.0,16832.36,2192.07,26401.25,2979.79,3588.84
2022-10-12,3083.19,16701.03,2202.47,26396.83,3025.51,3577.03
2022-10-13,3040.45,16389.11,2162.87,26237.42,3016.36,3669.91
2022-10-14,3039.61,16587.69,2212.55,27090.76,3071.99,3583.07
2022-10-17,3015.75,16612.9,2219.71,26775.79,3084.94,3677.95
2022-10-18,3025.88,16914.58,2249.95,27156.14,3080.96,3719.98
2022-10-19,3022.8,16511.28,2237.44,27257.38,3044.38,3695.16
2022-10-20,3022.7,16280.22,2218.09,27006.96,3035.05,3665.78
2022-10-21,2969.95,16211.12,2213.12,26890.58,3038.93,3752.75
2022-10-25,2984.15,15165.59,2235.07,27250.28,2976.28,3859.11
2022-10-26,3008.38,15317.67,2249.56,27431.84,2999.5,3830.6
2022-10-27,3015.24,15427.94,2288.78,27345.24,2982.9,3807.3
2022-10-28,3059.19,14863.06,2268.4,27105.2,2915.93,3901.06
2022-10-31,3093.11,14687.02,2293.61,27587.46,2893.48,3871.98
2022-11-01,3130.5,15455.27,2335.22,27678.92,2969.2,3856.1
2022-11-02,3141.13,15827.17,2336.87,27663.39,3003.37,3759.69
2022-11-04,3130.11,16161.14,2348.43,27199.74,3070.8,3770.55
2022-11-07,3141.31,16595.91,2371.79,27527.64,3077.82,3806.8
2022-11-08,3145.83,16557.31,2399.04,27872.11,3064.49,3828.11
2022-11-09,3165.5,16358.52,2424.41,27716.43,3048.17,3748.57
2022-11-10,3173.18,16081.04,2402.23,27446.1,3036.13,3956.37
2022-11-11,3228.33,17325.66,2483.16,28263.57,3087.29,3992.93
2022-11-14,3260.8,17619.71,2474.65,27963.47,3083.4,3957.25
2022-11-15,3275.28,18343.12,2480.33,27990.17,3134.08,3991.73
2022-11-16,3266.17,18256.48,2477.45,28028.3,3119.98,3958.79
2022-11-17,3286.04,18045.66,2442.9,27930.57,3115.43,3946.56
2022-11-18,3272.23,17992.54,2444.48,27899.77,3097.24,3965.34
2022-11-21,3250.62,17655.91,2419.5,27944.79,3085.04,3949.94
2022-11-22,3259.56,17424.41,2405.27,28115.74,3088.94,4003.58
2022-11-25,3244.55,17573.58,2437.86,28283.03,3101.69,4026.12
2022-11-28,3240.06,17297.94,2408.27,28162.83,3078.55,3963.94
2022-11-29,3276.36,18204.68,2433.39,28027.84,3149.75,3957.63
2022-11-30,3290.49,18597.23,2472.53,27968.99,3151.34,4080.11
2022-12-01,3292.73,18736.44,2479.84,28226.08,3165.47,4076.57
2022-12-02,3259.14,18675.35,2434.33,27777.9,3156.14,4071.7
2022-12-05,3267.54,19518.29,2419.32,27820.4,3211.81,3998.84
2022-12-06,3252.37,19441.18,2393.16,27885.87,3212.53,3941.26
2022-12-07,3225.45,18814.82,2382.81,27686.4,3199.62,3933.92
2022-12-08,3236.08,19450.23,2371.08,27574.43,3197.35,3963.51
2022-12-09,3245.97,19900.87,2389.04,27901.01,3206.95,3934.38
2022-12-12,3239.66,19463.63,2373.02,27842.33,3179.04,3990.56
2022-12-13,3271.28,19596.2,2372.4,27954.85,3176.33,4019.65
2022-12-14,3278.57,19673.45,2399.25,28156.21,3176.53,3995.32
2022-12-15,3273.75,19368.59,2360.97,28051.7,3168.65,3895.75
2022-12-16,3240.81,19450.67,2360.02,27527.12,3167.86,3852.36
2022-12-19,3256.61,19352.81,2352.17,27237.64,3107.12,3817.66
2022-12-20,3253.97,19094.8,2333.29,26568.03,3073.77,3821.62
2022-12-21,3256.19,19160.49,2328.95,26387.72,3068.41,3878.44
2022-12-22,3269.53,19679.22,2356.73,26507.87,3054.43,3822.39
2022-12-23,3257.7,19593.06,2313.69,26235.25,3045.87,3844.82
2022-12-28,3266.97,19898.91,2280.45,26340.5,3087.4,3783.22
2022-12-29,3249.24,19741.14,2236.4,26093.67,3073.7,3849.28
2023-01-04,3242.46,20793.11,2255.98,25716.86,3123.52,3852.97
2023-01-05,3292.66,21052.17,2264.65,25820.8,3155.22,3808.1
2023-01-06,3276.72,20991.64,2289.97,25973.85,3157.64,3895.08
2023-01-10,3262.91,21331.46,2351.31,26175.56,3169.51,3919.25
2023-01-11,3271.51,21436.05,2359.53,26446.0,3161.84,3969.61
2023-01-12,3267.78,21514.1,2365.1,26449.82,3163.45,3983.17
2023-01-13,3293.75,21738.66,2386.09,26119.52,3195.31,3999.09
2023-01-17,3280.51,21577.64,2379.39,26138.68,3224.24,3990.97
2023-01-18,3289.55,21678.0,2368.32,26791.12,3224.41,3928.86
2023-01-19,3276.18,21650.98,2380.34,26405.23,3240.28,3898.85
2023-01-20,3293.71,22044.65,2395.26,26553.53,3264.81,3972.61
2023-01-30,3378.29,22069.73,2450.47,27433.4,3269.32,4017.77
2023-01-31,3365.67,21842.33,2425.08,27327.11,3255.67,4076.6
2023-02-01,3377.65,22072.18,2449.8,27346.88,3284.92,4119.21
2023-02-02,3363.68,21958.36,2468.88,27402.05,3285.67,4179.76
2023-02-03,3384.29,21660.47,2480.4,27509.46,3263.41,4136.48
2023-02-06,3385.93,21222.16,2438.19,27693.65,3238.7,4111.08
2023-02-07,3380.84,21298.7,2451.71,27685.47,3248.09,4164.0
2023-02-08,3388.52,21283.52,2483.64,27606.46,3232.11,4117.86
2023-02-09,3359.48,21624.36,2481.52,27584.35,3270.38,4081.5
2023-02-10,3360.69,21190.42,2469.73,27670.98,3260.67,4090.46
2023-02-13,3324.7,21164.42,2452.7,27427.32,3284.16,4137.29
2023-02-14,3318.2,21113.76,2465.64,27602.77,3293.28,4136.13
2023-02-15,3280.82,20812.17,2427.9,27501.86,3280.49,4147.6
2023-02-16,3311.23,20987.67,2475.48,27696.44,3249.03,4090.41
2023-02-17,3328.37,20719.81,2451.21,27513.13,3224.02,4079.09
2023-02-21,3306.86,20529.49,2458.96,27473.1,3306.52,3997.34
2023-02-22,3300.04,20423.84,2417.68,27104.32,3291.15,3991.05
2023-02-24,3282.3,20010.04,2423.61,27453.48,3267.16,3970.04
2023-02-27,3263.24,19943.51,2402.64,27423.96,3258.03,3982.24
2023-02-28,3262.63,19785.94,2412.85,27445.56,3279.61,3970.15
2023-03-02,3234.9,20429.46,2427.85,27498.87,3310.65,3981.35
2023-03-03,3232.02,20567.54,2432.07,27927.47,3328.39,4045.64
2023-03-06,3239.31,20603.19,2462.62,28237.78,3322.03,4048.42
2023-03-07,3245.27,20534.48,2463.35,28309.16,3285.1,3986.37
2023-03-08,3226.86,20051.25,2431.91,28444.19,3283.25,3992.01
2023-03-09,3214.51,19925.74,2419.09,28623.15,3276.09,3918.32
2023-03-10,3177.43,19319.92,2394.59,28143.97,3230.08,3861.59
2023-03-13,3132.37,19695.97,2410.6,27832.96,3268.7,3855.76
2023-03-14,3129.75,19247.96,2348.97,27222.04,3245.31,3919.29
2023-03-15,3172.92,19539.87,2379.72,27229.48,3263.31,3891.93
2023-03-16,3155.54,19203.91,2377.91,27010.61,3226.89,3960.28
2023-03-17,3183.28,19518.59,2395.69,27333.79,3250.55,3916.64
2023-03-20,3139.76,19000.71,2379.2,26945.67,3234.91,3951.57
2023-03-22,3220.98,19591.43,2416.96,27466.61,3265.75,3936.97
2023-03-23,3219.0,20049.64,2424.48,27419.61,3286.65,3948.72
2023-03-24,3212.64,19915.68,2414.96,27385.25,3265.65,3970.99
2023-03-27,3239.03,19567.69,2409.22,27476.87,3251.4,3977.53
2023-03-28,3255.54,19784.65,2434.94,27518.25,3245.38,3971.27
2023-03-29,3262.54,20192.4,2443.92,27883.78,3240.06,4027.81
2023-03-30,3257.18,20309.13,2453.16,27782.93,3261.25,4050.83
2023-03-31,3258.9,20400.11,2476.86,28041.48,3272.86,4109.31
2023-04-03,3281.08,20409.18,2472.34,28188.15,3296.4,4124.51
2023-04-04,3311.12,20274.59,2480.51,28287.42,3312.56,4100.6
2023-04-06,3300.48,20331.2,2459.23,27472.63,3312.63,4105.02
2023-04-11,3297.83,20485.24,2547.86,27923.37,3313.57,4108.94
2023-04-12,3286.12,20309.86,2550.64,28082.7,3327.18,4091.95
2023-04-13,3294.54,20344.48,2561.66,28156.97,3318.36,4146.22
2023-04-14,3302.66,20438.81,2571.49,28493.47,3338.15,4137.64
2023-04-17,3319.26,20782.45,2575.91,28514.78,3385.61,4151.32
2023-04-18,3309.56,20650.51,2571.09,28658.83,3393.33,4154.87
2023-04-19,3324.05,20367.76,2575.08,28606.76,3370.13,4154.52
2023-04-20,3313.41,20396.97,2563.11,28657.57,3367.03,4129.79
2023-04-21,3321.82,20075.73,2544.4,28564.37,3301.26,4133.52
2023-04-24,3324.55,19959.94,2523.5,28593.52,3275.41,4137.04
2023-04-25,3296.56,19617.88,2489.02,28620.07,3264.87,4071.63
2023-04-26,3293.91,19757.27,2484.83,28416.47,3264.1,4055.99
2023-04-27,3282.03,19840.28,2495.81,28457.68,3285.88,4135.35
2023-04-28,3270.51,19894.57,2501.53,28856.44,3323.27,4169.48
2023-05-08,3257.66,20297.03,2513.21,28949.88,3395.0,4138.12
2023-05-09,3242.95,19867.58,2510.06,29242.82,3357.67,4119.17
2023-05-10,3242.29,19762.2,2496.51,29122.18,3319.15,4137.64
2023-05-11,3229.55,19743.79,2491.0,29126.72,3309.55,4130.62
2023-05-12,3208.55,19627.24,2475.42,29388.3,3272.36,4124.08
2023-05-15,3214.72,19971.13,2479.35,29626.34,3310.74,4136.28
2023-05-16,3214.04,19978.25,2480.24,29842.99,3290.99,4109.9
2023-05-17,3173.84,19560.57,2494.66,30093.59,3284.23,4158.77
2023-05-18,3182.55,19727.25,2515.4,30573.93,3297.32,4198.05
2023-05-19,3202.59,19450.57,2537.79,30808.35,3283.54,4191.98
2023-05-22,3211.09,19678.17,2557.08,31086.82,3296.47,4192.63
2023-05-23,3218.08,19431.25,2567.55,30957.77,3246.24,4145.58
2023-05-24,3214.21,19115.93,2567.45,30682.68,3204.75,4115.24
2023-05-25,3207.72,18746.92,2554.69,30801.13,3201.26,4151.28
2023-05-30,3187.56,18595.78,2585.52,31328.16,3224.21,4205.52
2023-05-31,3158.8,18234.27,2577.12,30887.88,3204.56,4179.83
2023-06-01,3166.3,18216.91,2569.17,31148.01,3204.63,4221.02
2023-06-05,3189.01,19108.5,2615.41,32217.43,3232.44,4273.79
2023-06-07,3179.58,19252.0,2615.6,31913.74,3197.76,4267.52
2023-06-08,3186.61,19299.18,2610.85,31641.27,3213.59,4293.93
2023-06-09,3186.97,19389.95,2641.16,32265.17,3231.41,4298.86
2023-06-12,3196.07,19404.31,2629.35,32434.0,3228.83,4338.93
2023-06-13,3189.4,19521.42,2637.95,33018.65,3233.67,4369.01
2023-06-14,3218.14,19408.42,2619.08,33502.42,3228.99,4372.59
2023-06-15,3242.85,19828.92,2608.54,33485.49,3252.98,4425.84
2023-06-16,3260.03,20040.37,2625.79,33706.08,3273.33,4409.59
2023-06-20,3220.23,19607.08,2604.91,33388.91,3240.36,4388.71
2023-06-21,3223.66,19218.35,2582.63,33575.14,3197.9,4365.69
2023-06-26,3189.68,18794.13,2582.2,32698.81,3150.62,4328.82
2023-06-27,3205.35,19148.13,2581.39,32538.33,3189.44,4378.41
2023-06-28,3207.28,19172.05,2564.19,33193.99,3189.38,4376.86
2023-06-30,3205.91,18916.43,2564.28,33189.04,3202.06,4450.38
2023-07-03,3207.1,19306.59,2602.47,33753.33,3243.98,4455.59
2023-07-05,3185.38,19110.38,2579.0,33338.7,3222.95,4446.82
2023-07-06,3150.43,18533.05,2556.29,32773.02,3205.57,4411.59
2023-07-07,3139.47,18365.7,2526.71,32388.42,3196.61,4398.95
2023-07-10,3149.32,18479.72,2520.7,32189.73,3203.7,4409.53
2023-07-11,3163.84,18659.83,2562.49,32203.57,3221.37,4439.26
2023-07-12,3175.36,18860.95,2574.72,31943.93,3196.13,4472.16
2023-07-13,3238.46,19350.62,2591.23,32419.33,3236.48,4510.04
2023-07-14,3248.63,19413.78,2628.3,32391.26,3237.7,4505.42
2023-07-18,3254.26,19015.72,2607.62,32493.89,3197.82,4554.98
2023-07-19,3275.24,18952.31,2608.24,32896.03,3198.84,4565.72
2023-07-20,3274.38,18928.02,2600.23,32490.52,3169.52,4534.87
2023-07-21,3278.3,19075.26,2609.76,32304.25,3167.75,4536.34
2023-07-24,3265.14,18668.15,2628.53,32700.94,3164.16,4554.64
2023-07-25,3286.16,19434.4,2636.46,32682.51,3231.52,4567.46
2023-07-26,3304.96,19365.14,2592.36,32668.34,3223.03,4566.75
2023-07-27,3337.42,19639.11,2603.81,32891.16,3216.67,4537.41
2023-07-28,3371.17,19916.56,2608.32,32759.23,3275.93,4582.23
2023-07-31,3373.98,20078.94,2632.58,33172.22,3291.04,4588.96
2023-08-01,3373.79,20011.12,2667.07,33476.58,3290.95,4576.73
2023-08-02,3325.02,19517.38,2616.47,32707.69,3261.69,4513.39
2023-08-03,3304.06,19420.87,2605.39,32159.28,3280.46,4501.89
2023-08-04,3292.39,19539.46,2602.8,32192.75,3288.08,4478.03
2023-08-07,3309.87,19537.92,2580.71,32254.56,3268.83,4518.44
2023-08-08,3313.79,19184.17,2573.98,32377.29,3260.62,4499.38
2023-08-10,3322.93,19248.26,2601.56,32473.65,3254.56,4468.83
2023-08-14,3247.7,18773.55,2570.87,32059.91,3178.43,4489.72
2023-08-16,3213.58,18329.3,2525.64,31766.82,3150.13,4404.33
2023-08-17,3196.75,18326.63,2519.85,31626.0,3163.74,4370.36
2023-08-18,3173.93,17950.85,2504.5,31450.76,3131.95,4369.71
2023-08-21,3154.03,17623.29,2508.8,31565.64,3092.98,4399.77
2023-08-22,3159.88,17791.01,2515.74,31856.71,3120.33,4387.55
2023-08-23,3174.18,17845.92,2505.5,32010.26,3078.4,4436.01
2023-08-24,3180.72,18212.17,2537.68,32287.21,3082.24,4376.31
2023-08-25,3189.88,18119.39,2519.14,31624.28,3064.07,4405.71
2023-08-28,3213.68,18130.74,2543.41,32169.99,3098.64,4433.31
2023-08-29,3223.09,18484.03,2552.16,32226.97,3135.89,4497.63
2023-08-30,3220.22,18482.86,2561.22,32333.46,3137.14,4514.87
2023-08-31,3233.3,18382.06,2556.27,32619.34,3119.88,4507.66
