"Date","corr_SH_Hang_Seng","corr_SH_Nikkei","corr_SH_KOSPI","corr_SH_STI","corr_SH_SP500"
2003-01-07,0.505606134936491,0.287630871125801,0.315941434785478,0.318494852946839,0.135265229675057
2003-01-08,0.505638403458268,0.287868139022183,0.313598320814854,0.318334650181572,0.13575832815969
2003-01-09,0.500218895050867,0.256846594260324,0.305932234286085,0.32850029956711,0.107131743228448
2003-01-10,0.495570162032818,0.253013887705368,0.26717817319885,0.327974408112248,0.122347766983774
2003-01-14,0.492725250265457,0.254482878791345,0.268421701559803,0.321307972046713,0.122515837594619
2003-01-15,0.482021125759632,0.26300874339869,0.320469755318485,0.405304142053589,0.12565696433334
2003-01-16,0.479818206680173,0.261640735040199,0.320631418228298,0.40489386604092,0.127579949489975
2003-01-17,0.465619122915414,0.260163523593049,0.319506652744231,0.399247434272,0.123671307458066
2003-01-21,0.465482261756922,0.257645296556655,0.319810523010794,0.398972149876299,0.125752472648715
2003-01-22,0.467454447694556,0.255952495938097,0.321540036706217,0.397639517228912,0.135976025141807
2003-01-23,0.46744922934472,0.252244830792013,0.317332987602026,0.39698060174103,0.133522089066492
2003-01-24,0.466713772007127,0.240972384579391,0.315977852594054,0.396814911516855,0.129950096753409
2003-01-27,0.447775779712734,0.232921013554346,0.291054423874477,0.388870735593449,0.0978535540662026
2003-01-28,0.431812047902623,0.223104426674009,0.275706087294382,0.370264890248321,0.0905082964843214
2003-01-29,0.432712155045579,0.221408455564714,0.276399777389841,0.369932588274435,0.0917925196903934
2003-02-10,0.432192847282702,0.218466523755591,0.273210379095684,0.360231739081547,0.0918736421915313
2003-02-13,0.432561623137135,0.206162198473415,0.277108899900406,0.365380749909682,0.108704946586017
2003-02-14,0.423928923382307,0.213943135708056,0.274252583125693,0.353857877193835,0.0948334845831778
2003-02-18,0.425127114888597,0.215933345225347,0.27431591861305,0.353848647689321,0.0973487692855471
2003-02-19,0.403786795225105,0.217019093944726,0.244175991490047,0.343074339610858,0.0906887775377896
2003-02-20,0.405474301648272,0.21607031888544,0.242865053638192,0.346922616538378,0.0881842658325885
2003-02-21,0.406465621759665,0.21688499464263,0.243064147869562,0.346615195649819,0.0888513524141334
2003-02-24,0.420139063311236,0.234025309092592,0.243953545103053,0.34092952459088,0.0771140974825203
2003-02-25,0.420732162784584,0.234822691380696,0.244405155436301,0.339403213310707,0.0754786964237454
2003-02-26,0.402150261174277,0.199159036717949,0.207363951764246,0.31932256719223,0.0806734916985842
2003-02-27,0.402648048621763,0.199953479551731,0.20820467175125,0.318947354869667,0.0801217283723219
2003-02-28,0.403720103118053,0.200820421332338,0.208656229922968,0.316736556663699,0.0804280760551611
2003-03-03,0.404923458483488,0.201709457963696,0.209889844368117,0.316473843509917,0.0805845945849852
2003-03-04,0.410490960615566,0.208847349048347,0.217310109526691,0.317824877369629,0.0764691444031493
2003-03-05,0.410204834454006,0.209735698833868,0.217558190278421,0.317323226575027,0.0773648962075423
2003-03-06,0.412813517137614,0.210937994342245,0.221800715522151,0.31807671735743,0.074922213537181
2003-03-07,0.423466116111325,0.221982391835151,0.226043848982184,0.329997844016262,0.0835345412119105
2003-03-10,0.425272131785805,0.223213154920197,0.228657225094247,0.330776237376044,0.0818223392562355
2003-03-12,0.429069611855858,0.234190222940991,0.22988606105719,0.339210583224727,0.111998239217805
2003-03-13,0.429955913408116,0.230340527827083,0.224512213620515,0.339881282926327,0.110913674706039
2003-03-14,0.434210116366807,0.234500125885759,0.225114634008865,0.339925374672087,0.0923719182998532
2003-03-17,0.428288473696643,0.234013523059213,0.225964089443691,0.33723316013438,0.0927493865801418
2003-03-18,0.420026776000581,0.230277596180041,0.215604348247328,0.332206145560065,0.0947747390970039
2003-03-19,0.394557378557821,0.225443190188357,0.199529250021394,0.302837313659132,0.0937684287603215
2003-03-20,0.399273069214953,0.230170214661331,0.202289057514875,0.305404759644714,0.0966693741064775
2003-03-24,0.398944376297016,0.223682971044177,0.190498884923935,0.297963252108626,0.0966366460843328
2003-03-25,0.389991679801541,0.236766943010865,0.191642945684625,0.29215098833791,0.0881272348963952
2003-03-26,0.393630652206522,0.249677116866032,0.202604265364406,0.283137880657398,0.0795127847545962
2003-03-27,0.395250611031365,0.245568674026513,0.20363101861819,0.278894292207007,0.0818255578598227
2003-03-28,0.3221651877648,0.237549701604233,0.182511716295998,0.246139626053336,0.0735594543563204
2003-03-31,0.324384634125371,0.240417858398465,0.18084984670902,0.245358008337346,0.0762780679979997
2003-04-01,0.292084865420473,0.204679527089183,0.159394477637036,0.198272514705251,0.0586583213784343
2003-04-02,0.291034434248918,0.2053556008111,0.161928599649482,0.203015948251701,0.0649294635648677
2003-04-03,0.291150549168892,0.205336789213433,0.163007093742751,0.202715700947055,0.0624585660775241
2003-04-04,0.295941545925633,0.208183228126659,0.163088720355879,0.202790591161618,0.0653640813588824
2003-04-07,0.302923985621283,0.210677373317813,0.16966521899412,0.206364105337631,0.0667137098273594
2003-04-08,0.2980461533733,0.203703167601245,0.156764196858366,0.200398110220256,0.0671464054476215
2003-04-09,0.292742064619244,0.200241622356982,0.158511274066168,0.196676434296202,0.0669887215033364
2003-04-10,0.266187497440157,0.188802741526903,0.136106135876969,0.173861620095541,0.0458063260483277
2003-04-11,0.267893493646575,0.185945732147655,0.140220680370145,0.175692720329663,0.0488492347183002
2003-04-14,0.269038756501378,0.158414071781058,0.146148575552869,0.178678469914692,0.0421691318767711
2003-04-15,0.23865845936453,0.141585958588594,0.163406813400232,0.150230752698755,0.0826862956709634
2003-04-16,0.246625839878158,0.147867880717882,0.170208720029379,0.155021813057014,0.0865684126663583
2003-04-17,0.242181368426674,0.143594072895908,0.151686709577608,0.155223933085727,0.101824628770446
2003-04-22,0.240260268722262,0.14247805524117,0.150347961715183,0.154072888992982,0.105933580614444
2003-04-23,0.238706141377095,0.148698631619621,0.165655365696175,0.164426885874405,0.062637077655004
2003-04-24,0.246569867520353,0.149259719131077,0.171448519313621,0.172018494141937,0.0548449877947329
2003-04-25,0.259909864739676,0.136429618802616,0.185346582188581,0.198643737980336,0.0683126518798078
2003-04-28,0.264593390210522,0.149340721568645,0.197517461413512,0.205657536765841,0.0777937956680895
2003-04-30,0.265519300519467,0.123196010566273,0.197479912035191,0.218115502724729,0.107008519852175
2003-05-12,0.235793223160696,0.106882009539941,0.175520657208328,0.193767526052713,0.106157563894933
2003-05-13,0.238074054379679,0.115963195677479,0.181350647993205,0.199019779865518,0.113123355547502
2003-05-14,0.240622926217536,0.119378601398146,0.197611419935201,0.200205430820886,0.115785421747325
2003-05-16,0.238818057339859,0.12382732893201,0.192791398931914,0.190528778588464,0.110597450244004
2003-05-19,0.238660497269612,0.11423148524089,0.193013096793381,0.18674419979261,0.113922752348166
2003-05-20,0.241212001848748,0.115551007794066,0.192968705361129,0.187432031501208,0.111080448706427
2003-05-21,0.245218932490166,0.116078721027533,0.190571323719918,0.185697099452638,0.111861580836107
2003-05-22,0.247739065951296,0.11797819656154,0.19180094907574,0.187159878174269,0.111739504788455
2003-05-23,0.252172315176491,0.12051384910539,0.190560213310595,0.191556620101209,0.114733427049733
2003-05-27,0.259757272422007,0.127551230766611,0.197129550308885,0.196002389964172,0.114978218104039
2003-05-28,0.263639322510185,0.127102460581544,0.198658173265416,0.198070228135267,0.118271757804361
2003-05-29,0.260235983775085,0.120967432703821,0.19038036895021,0.192454609436495,0.117396260669188
2003-05-30,0.261700166827263,0.129663906142948,0.19304029040889,0.195337390739058,0.114328931312553
2003-06-02,0.26327170858829,0.132315189885958,0.194284318715973,0.197275502093054,0.117837131366548
2003-06-03,0.263841884564157,0.133128967980868,0.193903866456633,0.194181944095259,0.117867735606566
2003-06-05,0.264544921223517,0.133702915538282,0.200499523562949,0.196079171091063,0.114911556634542
2003-06-09,0.267638695517494,0.132301031398144,0.200010606481377,0.180417521989868,0.107284009373664
2003-06-10,0.256514679930372,0.111612976645608,0.190158447652185,0.170309153599745,0.123596828735414
2003-06-11,0.257546651353247,0.111801316981576,0.190904150963218,0.170924419031167,0.1261154394478
2003-06-12,0.251712171631423,0.123837419752766,0.191904785835539,0.175455622239054,0.138602327471059
2003-06-13,0.252502971089141,0.125074938552309,0.191503180416082,0.17179599965934,0.138382463498127
2003-06-16,0.256075428244234,0.127734309415676,0.193760066703723,0.173112059127458,0.135247425452019
2003-06-17,0.2585453661225,0.133747772916362,0.1973227917732,0.17685739168715,0.124379449969803
2003-06-18,0.25550922756966,0.130521875055425,0.19306709152504,0.174203620771577,0.124352810504964
2003-06-19,0.258994261299813,0.13107092076773,0.194110066579917,0.176259374704161,0.124729907927613
2003-06-20,0.260245772474171,0.131315677065869,0.179750012584973,0.158961323310581,0.136473826532032
2003-06-23,0.265304041995758,0.132599392817243,0.183184475999624,0.160989987565773,0.136000451487449
2003-06-24,0.283821204399425,0.132290616758457,0.195540350104773,0.175624563754201,0.149571827652461
2003-06-25,0.284294630190072,0.129352868030962,0.195135117335835,0.174825245319158,0.149338602767744
2003-06-26,0.286424230662912,0.130354018636747,0.188320122561981,0.176576106415753,0.154110416058453
2003-06-27,0.285400705362372,0.130316976336461,0.190147986845453,0.175132268480539,0.160709031826133
2003-06-30,0.279659589233154,0.108902656257936,0.188408851906529,0.162144314553334,0.170963319005653
2003-07-02,0.286961437109781,0.112303737848796,0.194861523814601,0.173133927720538,0.171781101900038
2003-07-03,0.290124312975432,0.140257743902837,0.207704300783661,0.184702945865997,0.184614645422973
2003-07-07,0.293425348745876,0.141967671510264,0.208945451943301,0.186630110601124,0.180935184343278
2003-07-08,0.279965580087408,0.141020851131456,0.202454510078835,0.181986651881861,0.174014207599999
2003-07-09,0.286919526810004,0.145448630223711,0.205585921549385,0.183613094769236,0.174568488128504
2003-07-10,0.286923220682873,0.14346592569597,0.208281798013784,0.1834560000175,0.177097757454857
2003-07-11,0.27362367775937,0.136961863961838,0.193324279412277,0.176854689701669,0.14395661379519
2003-07-14,0.277095599292416,0.140236004379488,0.193600163347741,0.173900031057917,0.141460379696042
2003-07-15,0.263110207528016,0.138057724249958,0.182342120146561,0.165547227493417,0.13844802835997
2003-07-16,0.265904260856593,0.139327288414249,0.181333094301872,0.168393483085031,0.137061838361402
2003-07-18,0.269640739190483,0.140403787422036,0.183409211854107,0.170669021902998,0.134508814570883
2003-07-22,0.279104973651806,0.161521550863535,0.211348086551149,0.182682365572513,0.135257705830377
2003-07-23,0.287171922352552,0.164326502998559,0.211959666683784,0.191855463955659,0.13904682677381
2003-07-24,0.285269264086322,0.166926066885136,0.211614273271291,0.193714409280984,0.138773053933212
2003-07-25,0.285932121928312,0.165469470927872,0.206245350237257,0.197336278269726,0.144451517450181
2003-07-28,0.284862952123758,0.168047394397447,0.203120509144621,0.184606093836548,0.114475627564354
2003-07-29,0.270698893877288,0.159480063741634,0.193263843901879,0.178386880943445,0.116160324704947
2003-07-30,0.275363449566538,0.160092108422576,0.196556683474103,0.177546309142737,0.110957990124104
2003-07-31,0.275878162818328,0.156914169293381,0.195243362715571,0.178686882607211,0.110588336367469
2003-08-01,0.278207205074786,0.159440888416737,0.196777476100851,0.182069209788758,0.109995483877559
2003-08-04,0.279161069972497,0.160670886571517,0.195270775894833,0.183535943738357,0.109218677421837
2003-08-05,0.267847721058837,0.139745416271288,0.178030689758043,0.16252733923377,0.111671990018008
2003-08-06,0.270642044148954,0.141257659881341,0.1793185825701,0.162134939962828,0.109577020196818
2003-08-07,0.281746135134362,0.146090308311746,0.190186832780628,0.163029332844199,0.108780475778293
2003-08-08,0.283952715223225,0.146999099930553,0.191648045497263,0.164102460478512,0.1091730372073
2003-08-11,0.286006201108693,0.139568289788166,0.20107202957913,0.163704880166462,0.103426468813217
2003-08-12,0.289034817208347,0.143179741647525,0.202302785216525,0.167062525037601,0.104289433190772
2003-08-13,0.293701238863138,0.146784397075986,0.201253103290452,0.170606827352452,0.10846652874337
2003-08-14,0.278302067081849,0.125551554898715,0.179264979620614,0.147578402958275,0.118590302595506
2003-08-18,0.273115869569023,0.114500305266707,0.161543397832939,0.145042349448158,0.1110073953362
2003-08-19,0.257338167689752,0.106612049371506,0.158993854978779,0.131368689451137,0.0987081495887449
2003-08-20,0.259199013487472,0.111968754224192,0.164144593315636,0.131484000033584,0.0998457495377096
2003-08-21,0.264138479581234,0.106560594410468,0.16827636783988,0.134993545800774,0.102750607290387
2003-08-22,0.262215677249269,0.10801027930528,0.164704450757858,0.134493335156471,0.102694248800981
2003-08-25,0.261021489828333,0.111493958089472,0.166324938132858,0.13584780398038,0.105660106371864
2003-08-26,0.260365507132277,0.113537025637542,0.162220227720301,0.146759675818875,0.104550752739666
2003-08-27,0.262747557364779,0.116423619062599,0.162437689031665,0.140541659229423,0.105554792488453
2003-08-28,0.264945808812344,0.118350182586166,0.163656489730918,0.142492765114117,0.105807288166863
2003-08-29,0.25790809921136,0.128096278346923,0.172314180712941,0.144709798181598,0.0966799350759663
2003-09-02,0.266445851214481,0.135345219100057,0.177964038897209,0.14827712087073,0.10081691355836
2003-09-03,0.267052992181454,0.199210158371007,0.194295285687467,0.13989767465852,0.145429941624534
2003-09-04,0.268063798510931,0.200175676210737,0.195567976491592,0.142162592282058,0.145440399405603
2003-09-05,0.270545484544251,0.201148455600889,0.197032477253016,0.143834531468118,0.145094685823485
2003-09-08,0.266225357272808,0.200142043102649,0.202210135592412,0.135971282595898,0.158477830808159
2003-09-09,0.26925359149653,0.199622464029955,0.204457943929032,0.136122356133089,0.148907247988641
2003-09-16,0.276628593776654,0.186842614346739,0.19845633362553,0.148918354596297,0.154219616960818
2003-09-17,0.27408959282289,0.190190510419533,0.206122311064876,0.146337099965056,0.142506520278178
2003-09-18,0.262702904862117,0.177544847958342,0.198335130675555,0.128839761662426,0.148913560688642
2003-09-19,0.264476198333192,0.178717392093424,0.197320688906652,0.130841362670561,0.14690013317516
2003-09-22,0.265013540026835,0.178829249935396,0.195302688677966,0.132095821551269,0.146200024429614
2003-09-24,0.275749987377581,0.203089553071048,0.219614847518631,0.135983145538727,0.160788828818285
2003-09-25,0.301620136737415,0.203564941411183,0.228045898138662,0.166955380460501,0.137793120207558
2003-09-26,0.301025825046355,0.219034826939917,0.241722473748771,0.170134567965074,0.147729249901855
2003-09-29,0.30292062728819,0.219350216978291,0.247190979627495,0.172231305827701,0.150956713192166
2003-09-30,0.316455573378768,0.225663872571074,0.247198889711369,0.171469695247607,0.133395219870941
2003-10-08,0.322437565706587,0.223786550602364,0.247553759320772,0.172907107518949,0.118216868058474
2003-10-09,0.318441664981039,0.227262913154629,0.250127409763592,0.168974376940088,0.123861504128953
2003-10-10,0.319054820011967,0.227989903145937,0.246696498134163,0.170006773255205,0.12312577121085
2003-10-14,0.325530513900359,0.258742493713929,0.281656092965918,0.168874008819089,0.114200962051263
2003-10-15,0.330186168605236,0.245137622966073,0.272612778793387,0.174189661707631,0.104356736454763
2003-10-16,0.325566699505547,0.246700126197326,0.273444423008293,0.173044667710397,0.105474514508363
2003-10-17,0.326935462925582,0.23522752741416,0.257608740599966,0.170867071351859,0.102024422727644
2003-10-20,0.328757244112232,0.235625518065196,0.254733810037681,0.173773779488705,0.098275601614044
2003-10-21,0.323738382124275,0.228289941338354,0.248130492504815,0.17225226019803,0.0946896926881463
2003-10-22,0.326905326891126,0.224676922506518,0.24937026934373,0.174763941385899,0.0951406859678733
2003-10-23,0.314945446545439,0.191526881860317,0.239694890425792,0.149161292745043,0.0502812676716712
2003-10-27,0.324203794712562,0.206938629798552,0.250860611958288,0.159919299784483,0.0490683926329435
2003-10-28,0.323308226017733,0.200454741957577,0.242780768309695,0.168747633968848,0.0534320353309967
2003-10-29,0.31984456631592,0.200902321934797,0.241764493234391,0.169250895604866,0.0531101439168026
2003-10-30,0.320237817784529,0.196278100927107,0.240166897336878,0.17319142104079,0.0535126255474091
2003-10-31,0.319212394153795,0.198562281850436,0.232817346331075,0.176834838807523,0.0563185352401699
2003-11-04,0.321400802491707,0.19702793661543,0.232605022314983,0.178764029603371,0.0577957262507514
2003-11-05,0.343707328545514,0.228911506994074,0.255083339415399,0.245376228713376,0.0617744231395831
2003-11-06,0.345257322238716,0.229558959894271,0.252633777228955,0.246993663755165,0.0631563492933152
2003-11-07,0.364449352508694,0.250166356977228,0.270516108355394,0.251893007827699,0.0508103783982548
2003-11-10,0.358897360437417,0.244046991535574,0.252518227862514,0.248133410652514,0.0603652450418999
2003-11-11,0.359049859583967,0.241890410784818,0.250737040440725,0.244830160668033,0.0583554618245175
2003-11-12,0.357276549316271,0.235624941333288,0.24899484217416,0.239201087086626,0.058717633638711
2003-11-13,0.357584081998937,0.232120365327966,0.234278472156282,0.226714949900712,0.0331627434772777
2003-11-14,0.356482390831169,0.232711964076009,0.233835450926919,0.227249336837927,0.0340444460257416
2003-11-17,0.355900625045865,0.224556034905309,0.231881556998655,0.224812192109801,0.0266067703613359
2003-11-18,0.357043525865395,0.223935886072708,0.233165322687671,0.226152927559998,0.0295417744783772
2003-11-19,0.356380180871716,0.21976772329324,0.228850975335176,0.223586866500323,0.0404956363777509
2003-11-20,0.338592600193876,0.194686425933137,0.182302051250421,0.20382648707556,0.0541292553675846
2003-11-21,0.326740957309778,0.215459878124125,0.174434851945983,0.186220217853229,0.0262638346956694
2003-11-26,0.328035971003268,0.216127556740897,0.174519534052996,0.188595952027608,0.0263761631155898
2003-11-28,0.355626250609348,0.243613567500841,0.193554104224291,0.213755097046127,0.0973798150137544
2003-12-01,0.343773325874009,0.244952170771852,0.186035795929465,0.206788574519111,0.0980771042411713
2003-12-02,0.352254930430257,0.262145786968473,0.19774113928706,0.218213598260348,0.11336659270154
2003-12-03,0.353244261026909,0.26229204726451,0.19880587718901,0.218564821251034,0.11298825489962
2003-12-04,0.35272062231631,0.26012124949552,0.19978093984641,0.220437897912109,0.111850504970274
2003-12-05,0.353429590408013,0.261496107432323,0.199588734601016,0.220225255917155,0.113322980845475
2003-12-08,0.3550423175096,0.261828387641421,0.199819205477606,0.22108104986707,0.113806449635367
2003-12-09,0.361019217955875,0.270199451935264,0.203401682559117,0.225737608579846,0.107632668643415
2003-12-10,0.362975259202429,0.271122721607229,0.204969618359421,0.224920054213419,0.103459018588695
2003-12-11,0.361229828236452,0.251387434206472,0.21257290829468,0.223297664899881,0.0999801447613253
2003-12-12,0.360872936490945,0.250866578777908,0.213344318571825,0.224003286350361,0.0994865917190884
2003-12-15,0.362293630986243,0.250969032433667,0.212222285522409,0.22479975628709,0.0997850847439346
2003-12-16,0.363385119195449,0.246691296522762,0.21014378136863,0.22451350388001,0.100053659548786
2003-12-17,0.362414479109147,0.24804989383228,0.212435257203476,0.226555867681055,0.0981825248881199
2003-12-18,0.366103006186911,0.253384825831341,0.219140555848826,0.229352520306511,0.0977457862628071
2003-12-19,0.36782933168511,0.253637671020122,0.220692143204576,0.228902113611981,0.0995084342554594
2003-12-22,0.360768020655832,0.245743104605916,0.218816115175065,0.231541284267729,0.10064227299908
2003-12-24,0.369104645931147,0.248575790397882,0.19217197038823,0.243122811233689,0.108853952522254
2003-12-29,0.36571944498289,0.247102235947727,0.178148435815704,0.244391535081966,0.108845820891911
2003-12-30,0.36572014031651,0.239381371470591,0.179234108428155,0.234003610217879,0.0893990079078358
2004-01-05,0.369033141887559,0.245506193513649,0.190639631675202,0.242712226193348,0.0889615323337221
2004-01-06,0.427802771668605,0.258969689985558,0.216199685169247,0.319051564012592,0.123172992499003
2004-01-07,0.428668944991442,0.258803894655904,0.216830174988701,0.318819911449575,0.123315656604582
2004-01-08,0.431199506294006,0.256283622786764,0.218961264413219,0.319573848365316,0.124249201930957
2004-01-09,0.43199232316717,0.25974372786615,0.215686105421277,0.320023612696814,0.129109422678407
2004-01-13,0.414603267682233,0.246691513809801,0.184745009001446,0.311710340498322,0.143980963016979
2004-01-14,0.412410261043865,0.232578022274345,0.187612614826785,0.313877885680067,0.140284727877903
2004-01-15,0.415590265766687,0.231948783567326,0.187549104242842,0.313490434319925,0.12976582244856
2004-01-16,0.417094497532457,0.233494896131461,0.189658553872221,0.313448925960806,0.129445699264169
2004-01-29,0.413125359963538,0.2391608963011,0.191657214830356,0.314480449422788,0.13391948734008
2004-01-30,0.421535838305697,0.230253735739562,0.197741724067913,0.314940997168905,0.121933352839747
2004-02-03,0.422168378218731,0.228213039945557,0.205437238907598,0.306089204676669,0.128495586032596
2004-02-04,0.37505831567493,0.19500362407149,0.176828281881928,0.292973068454171,0.137581443382186
2004-02-05,0.372760249736205,0.173570465493177,0.17009861611011,0.282526158751179,0.117484301743057
2004-02-06,0.372399704168339,0.174739006113089,0.172700316641094,0.281413816441047,0.117926925190789
2004-02-09,0.356544239273237,0.176024178862665,0.16750698336058,0.2702496746721,0.1068196984031
2004-02-10,0.365724938054279,0.171655688930242,0.179951082342301,0.280672560390181,0.102666792188537
2004-02-12,0.368279287124742,0.174221033088897,0.180228642801206,0.283535126480774,0.0998078273750629
2004-02-13,0.360549404785248,0.166185205655775,0.1669168556197,0.28754655303625,0.0918436735447708
2004-02-17,0.359644907638536,0.165067734886602,0.167296385425011,0.287672757054746,0.0937725234287631
2004-02-18,0.362938452034098,0.18310688075073,0.170601887225516,0.307338960301748,0.11456399781224
2004-02-19,0.366265595916214,0.182548018487008,0.166665819719973,0.305516934336242,0.110829519526659
2004-02-20,0.3673567840812,0.183100202333733,0.167864175161216,0.305560543630531,0.110828558869695
2004-02-23,0.368633607125123,0.183331965104525,0.168152598385038,0.30566411146867,0.110025933091031
2004-02-24,0.376776712029427,0.159309292199079,0.168267709925973,0.309254848835629,0.117157952961017
2004-02-25,0.378047593159009,0.156802253532322,0.166976033073292,0.308931415055445,0.117119950167234
2004-02-26,0.390074303744774,0.155850083627728,0.163503389349134,0.315172242048507,0.108367734322434
2004-02-27,0.392002354871258,0.159303792176205,0.164047780093949,0.315934641448729,0.108664297050906
2004-03-02,0.399644314481181,0.171140670733342,0.179026916838828,0.314444352253512,0.107474952547658
2004-03-03,0.390780846076888,0.178249169596422,0.185641775957122,0.315089282691959,0.109911795638757
2004-03-04,0.403159500236019,0.179399158874213,0.189935151024199,0.321804909450056,0.107582186027473
2004-03-05,0.403845891820438,0.181018623178662,0.19307299624532,0.322761256080469,0.108991328977429
2004-03-08,0.404766723071389,0.178827236363034,0.194943649781033,0.322938595187374,0.108517206792955
2004-03-09,0.393211933450767,0.181911668173021,0.2015844240385,0.323965488182742,0.12683454494456
2004-03-10,0.391344252684419,0.182907369901422,0.201903657183969,0.323726844929656,0.126202991019726
2004-03-11,0.358135483860851,0.165547984526341,0.163032811782225,0.300468810031764,0.0729641938131666
2004-03-12,0.348325249683047,0.159387106486622,0.160082387422589,0.279963008939128,0.0605313248151894
2004-03-15,0.348367742561715,0.158454418634469,0.154480312623697,0.277890477058725,0.0622206166767108
2004-03-16,0.34192534774948,0.175815080152613,0.158809624519251,0.276781607525304,0.0326462625171004
2004-03-17,0.343563938709583,0.174199419101907,0.159315047492587,0.27232420053331,0.0353063721485883
2004-03-18,0.345043391930267,0.173085524601068,0.15615625274112,0.272241404693811,0.0356613581054107
2004-03-19,0.35703147064361,0.169470335445243,0.156511415323829,0.269810142134763,0.0389202427436704
2004-03-22,0.352286271034582,0.161682486006312,0.168078892766466,0.271198356773819,0.0223383860987284
2004-03-23,0.341049993724716,0.159623380599455,0.160877395368099,0.257410389875882,0.0187417873349932
2004-03-24,0.340633288447602,0.162825361136188,0.160952703335261,0.254836258538898,0.0211639819469031
2004-03-25,0.341124725194501,0.163198514458891,0.162741035782081,0.252549904834479,0.0226139210562618
2004-03-26,0.342382647162768,0.160540058491589,0.165215737715925,0.253683090635672,0.0202073312736422
2004-03-29,0.344365899422896,0.156642595264827,0.164616296661386,0.254585749698429,0.0216209523209011
2004-03-30,0.348404524571477,0.160624793500059,0.157713599284287,0.249685444514808,0.0128423915033609
2004-03-31,0.348723505749275,0.161325236860503,0.158962997342404,0.251172476355161,0.0148317080436026
2004-04-01,0.351181932073745,0.162886584035858,0.165426581569032,0.258994821352515,0.0145885817503104
2004-04-02,0.350812683026233,0.16069183313256,0.167958001559754,0.264983403619992,0.0203040006622092
2004-04-06,0.353826607353903,0.16648213195586,0.169577256313167,0.268215772712506,0.0264618102732888
2004-04-07,0.35799216547308,0.173310558344978,0.176750034860582,0.268583867530767,0.0302405199357129
2004-04-08,0.359100513347596,0.175178125531261,0.177513530329781,0.268680235728365,0.032993530147139
2004-04-13,0.360968623770965,0.174871738765612,0.176918501731294,0.262479202321657,0.0346883429272471
2004-04-14,0.311765534222468,0.160980784123377,0.168298624832362,0.267993045580621,0.0745703196932908
2004-04-16,0.324299393482532,0.16431994855282,0.170666680388664,0.280053525459844,0.0770065694174498
2004-04-19,0.32520633877423,0.165154148373035,0.172421771777748,0.280438265459588,0.0761212466671157
2004-04-20,0.326614935568796,0.169958009597222,0.170541640609992,0.285577386015904,0.0759486976608718
2004-04-21,0.3294990986758,0.165138040969636,0.163876583928823,0.284200057690507,0.0826683740155836
2004-04-22,0.339203182192703,0.166769791574977,0.154324301968967,0.285188834399878,0.0774706829354628
2004-04-23,0.338961527516863,0.168510863833905,0.153789004565135,0.287010070280205,0.08197901242923
2004-04-26,0.315372346252479,0.155079772265465,0.139434426067574,0.281883694864474,0.0820659490475342
2004-04-27,0.31273998803121,0.156363910208516,0.139819447025224,0.27916392580561,0.0825255140933075
2004-04-28,0.31044945653612,0.169407515487934,0.146048181017842,0.273212800744307,0.0796337310437115
2004-04-30,0.312296671660456,0.171653959814272,0.150508466116618,0.274748317180765,0.0845058500256849
2004-05-10,0.320426152773247,0.182747519616782,0.165920247352999,0.277778362415861,0.0946275934949869
2004-05-11,0.364642597454136,0.266556906400742,0.241247822859762,0.333997918044895,0.132635806402301
2004-05-12,0.366076341427331,0.26657465420281,0.241608390391153,0.335277052040007,0.13472181549602
2004-05-13,0.362036592013159,0.275001435496392,0.256067792157164,0.326586219643003,0.133742649917051
2004-05-14,0.364774147627159,0.27685029285278,0.258467313815617,0.327701664723652,0.134077546762318
2004-05-17,0.37289901238695,0.271165502074124,0.269821380089978,0.343952441770584,0.134551438860495
2004-05-18,0.387028809961643,0.281508065783949,0.283831487846325,0.360093933199908,0.147577343003491
2004-05-19,0.390716321286926,0.285077689810644,0.286624550952179,0.363876998655596,0.151646388957878
2004-05-20,0.384914583293428,0.284998589333252,0.285665357746329,0.360186864466165,0.150748382676976
2004-05-21,0.388096352768395,0.286340826456138,0.287214801125247,0.362307710945683,0.150453768052118
2004-05-24,0.391712015017775,0.288676269186833,0.28969487783753,0.364256715938578,0.151895763012385
2004-05-25,0.390250657742288,0.287843926449119,0.286829220621101,0.360901535591823,0.150831342324876
2004-05-27,0.382421338096002,0.29344184985861,0.293409975395409,0.36390214042058,0.104563998300202
2004-05-28,0.401634621240212,0.303064576760632,0.301870476175676,0.364881245087048,0.118227979115039
2004-06-01,0.398830855785467,0.299584475416729,0.298710962278091,0.362391933571324,0.118852995651866
2004-06-03,0.3940807346028,0.294611644754799,0.294759442964119,0.360464303147706,0.117045009669703
2004-06-04,0.404079274947779,0.310457351613339,0.319912904219905,0.363575132907818,0.126510422325222
2004-06-07,0.404222717333205,0.309502055599868,0.319139038946213,0.362202951378642,0.125718898644491
2004-06-08,0.377904422048925,0.286506356513857,0.300628496228711,0.34127656963066,0.0963377829982945
2004-06-09,0.37617268627366,0.280872869415387,0.299027765139551,0.338095075840521,0.0949925659602892
2004-06-10,0.37525551382227,0.283237608603439,0.304195836507652,0.335709680668765,0.109991533076145
2004-06-14,0.376183273266993,0.282684112814686,0.303747036622761,0.335141996938267,0.110022487951503
2004-06-15,0.395408712660472,0.286403816703828,0.324499024782653,0.342652765247164,0.128003675129538
2004-06-16,0.391632372241334,0.276439007077608,0.32808135046686,0.343540778755377,0.134304323267465
2004-06-17,0.394589078352896,0.280740987669011,0.327394481857649,0.345238529298811,0.134425201582709
2004-06-18,0.398080049435659,0.281004608691284,0.318599232232561,0.354925750274215,0.13694578989693
2004-06-21,0.405909497830034,0.289142472873318,0.323899488762931,0.361941133593865,0.133907467450025
2004-06-23,0.40643137617249,0.290250346577049,0.324405373473959,0.360231791917739,0.13132605062103
2004-06-24,0.407119197912022,0.289408736966376,0.321635876167454,0.36061729232135,0.135117281676781
2004-06-25,0.38683619298977,0.281587750049435,0.309529156317803,0.357352619418628,0.137997659091758
2004-06-28,0.382844043483375,0.276482414610597,0.294233285520195,0.348017179101252,0.148437925821342
2004-06-29,0.382562003906133,0.270256817557258,0.296699750939823,0.339641138890132,0.149673787491396
2004-06-30,0.37408887394787,0.265822136374689,0.299215214092589,0.346468443249035,0.15144928021378
2004-07-02,0.367716080442508,0.26598200929003,0.296779934185175,0.342724842738257,0.148079770274597
2004-07-06,0.350383563940768,0.236466150147397,0.246903780767432,0.335267124575773,0.0916303389035029
2004-07-07,0.352952788140207,0.225501478010719,0.247859519388445,0.334474238443669,0.0865063758757224
2004-07-08,0.352640198552654,0.228934643594674,0.246913567764313,0.33420061500172,0.0859071159591042
2004-07-09,0.34976234599677,0.228942590458558,0.245342955579819,0.332166726125116,0.0850824436591241
2004-07-12,0.347994246146309,0.22562985169836,0.244579575827546,0.331314938055321,0.0837494987359652
2004-07-13,0.346274745674632,0.202613613353116,0.243038146994921,0.315708553018367,0.0813347603131778
2004-07-14,0.345723143040894,0.203494371413123,0.243853893411704,0.315769481504992,0.0818133132424408
2004-07-15,0.34276033061755,0.196575071155074,0.240959657960004,0.313935334007172,0.0808326827072956
2004-07-16,0.342983571587248,0.199120467794318,0.237684782267291,0.309555321699477,0.0732808926246782
2004-07-20,0.353413589884727,0.198916091581863,0.242791844379029,0.308788062908231,0.0566112057766785
2004-07-21,0.352472263730593,0.203379272223978,0.244071321962598,0.310388336217826,0.0532088441179522
2004-07-22,0.346410005214708,0.20267454629982,0.242526391451683,0.309791338920668,0.0529699654282123
2004-07-23,0.351687639468278,0.220314747066405,0.255233286221119,0.320997337357128,0.0471424318248247
2004-07-26,0.353176645836295,0.220473479162266,0.255595067831841,0.319006985698565,0.0477721546597208
2004-07-27,0.355804532894917,0.222461006305908,0.256196630879787,0.312844041138925,0.0518938406575797
2004-07-28,0.357620334381044,0.223862053303814,0.256293488665228,0.308941914390897,0.0498638421711711
2004-07-29,0.359299457899921,0.225519621105728,0.257609929850777,0.309605785747619,0.0506260940110768
2004-07-30,0.34476457856421,0.217691894921937,0.241176809558682,0.318739714129442,0.0563724429670744
2004-08-02,0.339212519039194,0.197657569542941,0.235192403103079,0.317626512645527,0.0560628429691385
2004-08-03,0.342547508771761,0.202972483520387,0.243837090636439,0.319593838917695,0.0525167295473187
2004-08-04,0.335947334202482,0.205761160245971,0.24137050238388,0.304299607720279,0.0574300414006145
2004-08-05,0.314332044597997,0.179215559927614,0.241934729921713,0.282437025643025,0.0512547968193623
2004-08-06,0.296623145618396,0.177090984371079,0.228777703875471,0.254634164625085,0.0715502307182223
2004-08-09,0.298725415696927,0.177235479849722,0.228050288326635,0.253681659465737,0.0697122291617905
2004-08-10,0.300411726874964,0.176383332418498,0.230219860192241,0.254055332184905,0.0704110409763044
2004-08-11,0.300629921171137,0.17811411125944,0.232090854399961,0.247695252403307,0.07375093989162
2004-08-12,0.306820718933597,0.170985183911804,0.227848121513802,0.250831255818761,0.0776466570335611
2004-08-13,0.301284159374594,0.17386198647098,0.211679685205363,0.255858908220195,0.0909346050982323
2004-08-16,0.303113051561757,0.169525860964752,0.211826078114705,0.25482005057737,0.0913104301241669
2004-08-17,0.313354279330856,0.174732955272608,0.214199884092994,0.251918082897491,0.0776708160910815
2004-08-18,0.316120055060506,0.176474296806566,0.21386169487698,0.252928485984624,0.0786678506633934
2004-08-19,0.318531305596749,0.177010048023285,0.214535831638481,0.251843294551463,0.0765261815087508
2004-08-20,0.295893094241249,0.16388493135559,0.190784547183266,0.23443831461043,0.0822130872169292
2004-08-23,0.298012299736788,0.164997025457436,0.191967507494048,0.233539608620217,0.0829482202750617
2004-08-24,0.29288248369528,0.158640825761327,0.192416980897001,0.22786911446466,0.0872346229306723
2004-08-25,0.312378504329959,0.160450683067872,0.198264413492554,0.230237316269102,0.0864618954470047
2004-08-26,0.307989076316343,0.156067598573835,0.193086970639736,0.227074726708064,0.0830709560558431
2004-08-27,0.310464463489761,0.15764497741388,0.19117006961246,0.227465876592767,0.0838323561642926
2004-08-30,0.308608345969327,0.151163528374295,0.191822416815682,0.230561686051841,0.0814408267000892
2004-08-31,0.310031119017452,0.15285288241098,0.193375595472179,0.231359686167218,0.0825697358366164
2004-09-01,0.302815801646355,0.133522023607877,0.18798296842572,0.245044583176206,0.0909070232595426
2004-09-02,0.275703938712786,0.128409254484673,0.159558316291038,0.22921711965812,0.0886680220609108
2004-09-03,0.276768228271181,0.130694143750297,0.163725723351254,0.232844504628463,0.0946764214772761
2004-09-07,0.279417759401599,0.132161208519087,0.165542536237811,0.233868745782642,0.0953541725464938
2004-09-08,0.274237156355631,0.123724695580693,0.167714452236194,0.224800392112607,0.0932577535005861
2004-09-09,0.28350830580859,0.127059639483104,0.173067757161245,0.227045570087375,0.101612458670124
2004-09-10,0.298698310861892,0.143459848954564,0.156378249101272,0.215536252374185,0.0967944475316002
2004-09-13,0.301503684719982,0.143152269995535,0.158582184402362,0.216816834179364,0.0980603460532077
2004-09-14,0.273092959007368,0.114766019647812,0.118370334411058,0.182599618941435,0.0934621520814441
2004-09-15,0.26648621696256,0.119328913062019,0.113749437691323,0.193122839794422,0.0970030491277269
2004-09-16,0.238555516464389,0.080864322512145,0.106992010127265,0.206958315593175,0.0532334148296509
2004-09-17,0.246730889438896,0.0812012171009848,0.112232162715744,0.202878159805056,0.0561035608524466
2004-09-21,0.246634887313943,0.0716087449723697,0.0945473116738106,0.209051638938103,0.0673665290962753
2004-09-22,0.255446029696849,0.0719875963982002,0.109254942956068,0.205517709242948,0.067228444094576
2004-09-24,0.260447949096736,0.0805469430724835,0.135749032806461,0.21361312059152,0.0930069755991453
2004-09-30,0.245488121995311,0.0746668165962584,0.135217210157684,0.199819195195275,0.0900825741407165
2004-10-08,0.238976528222519,0.0869341755854655,0.131129413427892,0.184887940147122,0.0823171366444404
2004-10-12,0.249337303483322,0.121567387351874,0.161450531569852,0.197979646929571,0.0906324475197147
2004-10-13,0.248984151271653,0.13208803387446,0.179855739618368,0.227953869498464,0.0922438388236819
2004-10-14,0.250272160022882,0.133424339193481,0.180908145341089,0.228757686906944,0.0909493280016297
2004-10-15,0.273007660965777,0.149944805031175,0.19044979240736,0.250939445621049,0.119357700439888
2004-10-18,0.275213936268738,0.151398968257443,0.19173220482434,0.250311275915641,0.118750089442384
2004-10-19,0.276948997241036,0.152333563796621,0.193300452795888,0.248520665316661,0.119638171593659
2004-10-20,0.278492128113891,0.153730486788341,0.19449538965068,0.248066787075592,0.117110403175633
2004-10-21,0.281938780121021,0.157319127792644,0.197431261346713,0.250329266734285,0.117289376029894
2004-10-25,0.282582016806711,0.163057928276012,0.202126248997366,0.240392109139636,0.114687075620608
2004-10-26,0.27942946316991,0.163404238977688,0.202214629879443,0.239595727911616,0.112881991271157
2004-10-27,0.282682248339601,0.16447745903176,0.20488355252674,0.241079857086649,0.121819264683815
2004-10-28,0.282668113828853,0.165748888110333,0.20273707495019,0.241500930598422,0.131425857059667
2004-10-29,0.275176653810154,0.165089912036408,0.199556363982811,0.236411433110955,0.131272810958349
2004-11-01,0.281069916396462,0.171732291740097,0.198938822576374,0.240864431926804,0.128458243031721
2004-11-02,0.280632294468759,0.17481712507035,0.199213140971543,0.242227001212509,0.12852441180564
2004-11-04,0.275508755981024,0.172407541212979,0.19800808001228,0.239431532023636,0.128649101555679
2004-11-05,0.27833251062013,0.173950454736352,0.19945329921254,0.24050446846476,0.125482858593264
2004-11-08,0.279599755557522,0.174433463946143,0.200044841238496,0.241179016667711,0.125441636792426
2004-11-09,0.281451603687607,0.175574382186387,0.20046532712798,0.241988048916181,0.125534339712316
2004-11-10,0.282947046978007,0.176238682850529,0.201188863925162,0.242801124902237,0.125263112755723
2004-11-12,0.305191165928076,0.176148272963935,0.2281308414787,0.255018493485383,0.116010865831833
2004-11-16,0.305243583285576,0.177027274588625,0.225647257416485,0.252780777461389,0.111503476780365
2004-11-17,0.302787434611735,0.18701482112321,0.22529918487956,0.250509878058636,0.103875152945125
2004-11-18,0.299395730215712,0.189954315536711,0.220133187853422,0.244859712868256,0.100241016545147
2004-11-19,0.299459221564328,0.187194765051777,0.215163614692484,0.237033034722777,0.100713771019766
2004-11-22,0.300103727479638,0.187358042645807,0.210303814352311,0.239480204028333,0.0916133884188425
2004-11-24,0.302431744342814,0.179297705181753,0.206640796968859,0.235372786791339,0.0926235681311928
2004-11-26,0.275135583914372,0.177234031321156,0.178400220169804,0.212661652163012,0.0875062776711568
2004-11-29,0.277833410156508,0.178765153692226,0.180210760828746,0.21417931919272,0.0879116517885788
2004-11-30,0.260593496576417,0.164114487395428,0.174416210439904,0.205850903667938,0.0936374236757035
2004-12-01,0.26307801368214,0.163581383782729,0.176593328471033,0.20466735711876,0.0926814468720393
2004-12-02,0.26189553485476,0.167695242414954,0.178288140939373,0.202323896938792,0.0843568122414782
2004-12-03,0.262840922746166,0.164803288917811,0.17861031882711,0.198240756606391,0.0850437896199972
2004-12-06,0.264052577057173,0.167322784687576,0.179513676815004,0.199104616052777,0.0854565350157443
2004-12-07,0.267131154862791,0.166840583585509,0.178351514801146,0.192724074400745,0.0855995377715313
2004-12-08,0.271042819633241,0.176843343238029,0.187685161477694,0.203598381648263,0.102459401414537
2004-12-09,0.264905924583511,0.178539277114627,0.189627635882391,0.205100457552147,0.103405598764639
2004-12-10,0.265233264430014,0.164583433368501,0.181140352988937,0.190866295003514,0.108275213419341
2004-12-13,0.278656733131947,0.167427268449098,0.201397802648877,0.17345569511313,0.110927333726518
2004-12-14,0.281936589598631,0.167178525960909,0.202725740840057,0.174685961735268,0.103361206506024
2004-12-15,0.27963353426714,0.1656491184661,0.202853075064526,0.174039378204856,0.102728329392391
2004-12-16,0.282897549606364,0.167836280342304,0.207338029701335,0.178593571266381,0.103561777791283
2004-12-17,0.287978142896271,0.171014609510057,0.205447312476658,0.18517224837131,0.106259838907498
2004-12-20,0.292625629087379,0.153774006821897,0.204146769218608,0.166335825982627,0.119885879533938
2004-12-21,0.264275957937831,0.152355585859339,0.193480318386301,0.1687254758318,0.119786790342158
2004-12-22,0.267106263255903,0.153747150677947,0.194790570588982,0.170019439488644,0.118230263432102
2004-12-28,0.253509432034942,0.168007356892832,0.190417750363934,0.151675266894564,0.12446967408493
2004-12-29,0.244825648022047,0.12446863213129,0.198499346268474,0.148569611689663,0.114325451691988
2004-12-30,0.245548268895107,0.127357897364552,0.197433162004312,0.150590376583181,0.114810926552956
2005-01-04,0.247863827823048,0.128079045693825,0.196446684407463,0.152253792663252,0.114991107324941
2005-01-05,0.267981120728373,0.123154705772488,0.21338387734906,0.140487839599216,0.181658864683021
2005-01-06,0.246605147555662,0.119754156357971,0.212756023527066,0.142941052269149,0.178011386527423
2005-01-07,0.252239691640021,0.11753073438229,0.223479107440011,0.130785064521661,0.174246988215803
2005-01-11,0.249342990232118,0.116895911452931,0.223970932859106,0.131345544993889,0.172709519998014
2005-01-12,0.246019711097459,0.125695848602011,0.233746296981969,0.136674886176963,0.167828074885215
2005-01-13,0.248520244365508,0.127422722801717,0.234546617108051,0.138477250128115,0.166962978506338
2005-01-14,0.251445995642504,0.12914370165177,0.234622669127123,0.140385457070871,0.165919574472304
2005-01-18,0.258849078460835,0.124669379832839,0.212749540619041,0.146505784403428,0.159056775214131
2005-01-19,0.243966765863148,0.128533875508975,0.187224854308888,0.137004994139817,0.137667617813366
2005-01-20,0.242882634852954,0.131545686247774,0.190487296389831,0.132033332510056,0.143505235338202
2005-01-24,0.255961356366936,0.14558913934482,0.197639728970978,0.144277350526437,0.152837868856132
2005-01-25,0.188337768527058,0.136174858761111,0.230540421336758,0.0994972093900293,0.0950454674074473
2005-01-26,0.187717483147002,0.137918904713139,0.231355912231549,0.102287790287313,0.0949208431782479
2005-01-27,0.188862008928489,0.131740859566487,0.222547969735832,0.0908890000590389,0.0914232563291386
2005-01-28,0.19166762483201,0.137004757496779,0.224681852733559,0.103028170590858,0.0918136269193925
2005-01-31,0.193751938288138,0.140495583199641,0.227488032903491,0.0956154959931576,0.0952755685899305
2005-02-01,0.187838725005485,0.13198926599168,0.210592637145286,0.0911640939403162,0.0798980994726023
2005-02-02,0.19208542133019,0.133867145487255,0.212391858522379,0.0939515475341312,0.0784801280837127
2005-02-03,0.173801509335157,0.132585089632877,0.189946553411165,0.127157610452811,0.0859888067517627
2005-02-04,0.178821665518799,0.135350763319186,0.187171576587639,0.129459310989469,0.0884645182613543
2005-02-16,0.187287475653497,0.130720695358336,0.192297707283816,0.13467658790906,0.104534563195249
2005-02-17,0.191796634097454,0.138031295259434,0.193709790388306,0.141920131178901,0.107323829592189
2005-02-18,0.195258554719227,0.139801726179828,0.194729373382057,0.142815402245591,0.108283154986827
2005-02-22,0.191474683796693,0.135465138462758,0.188297597521327,0.142254803690431,0.108191073447186
2005-02-23,0.189234883076724,0.118102580621319,0.173719923734839,0.106335069310172,0.0552621494664032
2005-02-24,0.19153580882804,0.119177648873748,0.174535391591442,0.108188393946294,0.0558551617938622
2005-02-25,0.194320688706562,0.120867531664775,0.174131406738084,0.109818718672902,0.0564090768448724
2005-02-28,0.197668242711755,0.122770376057507,0.175625592737539,0.110056388544701,0.0577616581165765
2005-03-02,0.200058343043902,0.121990148140749,0.17279480637163,0.114558250109025,0.0608168673034373
2005-03-03,0.217585427474827,0.117628193987712,0.176175396279509,0.102008830024722,0.0562265721339226
2005-03-04,0.2210105624719,0.120298229218475,0.178062437070166,0.104547935456254,0.0567567272773949
2005-03-07,0.226092237116862,0.12173609858653,0.178826890380679,0.105334080217356,0.0530034079771822
2005-03-08,0.229451380964811,0.124617132747111,0.178411470503692,0.109169000116586,0.0544421894666965
2005-03-09,0.238495783990696,0.118925977603227,0.169740603577135,0.105314466773609,0.045076959463414
2005-03-10,0.240791327511781,0.119671416217955,0.170048918435294,0.104924731271838,0.0467602850617574
2005-03-11,0.250465385121458,0.13847384230893,0.183985467333014,0.120455866302556,0.0447241215820546
2005-03-14,0.253388683086639,0.140744964099238,0.184558759337103,0.122287991290728,0.0433074839730451
2005-03-15,0.256122370346286,0.140197885833571,0.185235822276464,0.124159011171701,0.0452012128692396
2005-03-16,0.265831030851006,0.145955501495272,0.209636885217528,0.13050446781654,0.0606234488047939
2005-03-17,0.267168709932235,0.143374204533021,0.210298931613667,0.129477894850075,0.0696015676293424
2005-03-18,0.270298115136243,0.151794562936631,0.216786534715653,0.136193796873842,0.0690995274500451
2005-03-22,0.271457462333487,0.14215679862913,0.217344793814045,0.127259359438365,0.0710038609438937
2005-03-23,0.277899430179915,0.14858597479107,0.216471402906716,0.127473890325803,0.0966996519301276
2005-03-24,0.281755026541033,0.152832462230155,0.219591945639178,0.133374094857869,0.0969814094299897
2005-03-29,0.28353024921506,0.154098657428438,0.215875917429714,0.136476704208198,0.0963974785691306
2005-03-30,0.294919710643147,0.166922595819944,0.214458710094051,0.149814430649306,0.102666132346838
2005-03-31,0.293366826050518,0.172613020908063,0.218238563786053,0.154944235879256,0.0754495626885248
2005-04-01,0.298269174392638,0.177873741682139,0.222741927176636,0.161370722787161,0.0749670076486065
2005-04-04,0.283345343005784,0.184965974694728,0.251208994514762,0.160050863376917,0.0490153833198561
2005-04-06,0.282583897513998,0.191993856089405,0.250159371318369,0.150453897780368,0.0467558026035466
2005-04-07,0.286579659712987,0.199801529027469,0.252862101880302,0.154637817792406,0.0523129719220134
2005-04-08,0.290078961123222,0.198968623336927,0.253294359255905,0.159440693045743,0.0568396444177902
2005-04-11,0.296506230295817,0.204845503460234,0.25531835412219,0.163816475596271,0.0410185760146221
2005-04-12,0.299086572703928,0.20929928933019,0.257895695513445,0.165671595577716,0.0423212633086001
2005-04-13,0.300342564093899,0.217843313816073,0.262108704606542,0.173802154632417,0.0346731197819861
2005-04-14,0.317033975400979,0.209401495981723,0.258002124284343,0.172838689842212,0.00684876593924135
2005-04-15,0.320554556943877,0.215176547875061,0.267712153906439,0.177447289491718,0.0181234135777023
2005-04-18,0.33118924802705,0.229759715259357,0.272341254614808,0.190721511726862,0.0384910581621654
2005-04-19,0.347464071454816,0.251905385215555,0.287084705693616,0.214920339160324,0.0368497357938492
2005-04-20,0.349030339619486,0.252297983419215,0.287394145944298,0.215670185095097,0.0383156421763603
2005-04-21,0.345196846423487,0.250778834588833,0.282753808803539,0.215972034694988,0.0530457904490704
2005-04-22,0.3400079334602,0.254782903121978,0.281495147518763,0.21316319487039,0.0393390387974837
2005-04-25,0.339114533430735,0.254073120033145,0.281442191928607,0.214383847848145,0.041629066444322
2005-04-26,0.336763943593454,0.25272821775834,0.277312115062869,0.215078702474316,0.0370294215860974
2005-04-27,0.340923292700866,0.251074115480041,0.276347837824882,0.218681604970747,0.0335639969128738
2005-04-28,0.343197147546218,0.25309267980685,0.288465840040058,0.222096561441657,0.0308650714603066
2005-05-09,0.348773908834191,0.250692556963235,0.2672623450101,0.215534165373404,0.0147090524436541
2005-05-10,0.300043331985677,0.209801495578307,0.216605255072719,0.163839130156608,-0.0558062843604386
2005-05-11,0.299946097818296,0.210033014368341,0.217153140365675,0.165139041967104,-0.0558000818732626
2005-05-12,0.305741198199046,0.21291660778274,0.223593604884286,0.163247104245448,-0.055485135528794
2005-05-13,0.303213501414204,0.217560422899444,0.225746771138183,0.157201352114426,-0.0424765400436682
2005-05-17,0.301823455624639,0.217339744324381,0.226850481297383,0.156873251542972,-0.0415651689271356
2005-05-18,0.307925828135153,0.223734431041245,0.225356274013656,0.163819212158239,-0.0465175445341042
2005-05-19,0.308977881844426,0.224329936543869,0.226681649097645,0.165175540420357,-0.0430926753321279
2005-05-20,0.31074843684154,0.220772333826172,0.221931746670192,0.166221148192751,-0.0412306867086507
2005-05-24,0.312456506953125,0.222287263623451,0.222834405872063,0.166352185205513,-0.038781077439806
2005-05-25,0.310264875264182,0.206084088032384,0.221772484408924,0.164449459051675,-0.0422153703708757
2005-05-26,0.310720524033996,0.207154665870809,0.222802932496538,0.16647214331447,-0.0397870636044215
2005-05-27,0.311410851111768,0.206616704059287,0.220494446146243,0.173509863617921,-0.0437073576396833
2005-05-31,0.304039042551544,0.198561919079142,0.208956034830963,0.174323655831735,-0.0419323779828446
2005-06-01,0.311308681413939,0.202556183743873,0.214227135890431,0.178505646156056,-0.0451940235328546
2005-06-02,0.309470707837853,0.1944874952053,0.214130896715854,0.156949190010528,-0.0592949187439297
2005-06-03,0.316708958096691,0.200995405980369,0.210373088026158,0.1365572389848,-0.0584737383710165
2005-06-07,0.318814791735219,0.201634001739118,0.210174057243215,0.138478310651833,-0.0542638794981489
2005-06-08,0.319781235567622,0.189575514909921,0.201696229509172,0.151908546506574,-0.0514337554241541
2005-06-09,0.304574051751125,0.191116228713264,0.202780422245211,0.0944989428636302,-0.0632333686406484
2005-06-10,0.305678232577117,0.183614168417504,0.208306075513029,0.0962334132628084,-0.057809887470696
2005-06-13,0.304117999719153,0.172177707134521,0.205994571663512,0.0824697514604398,-0.0520097559785363
2005-06-14,0.305970001172439,0.17322147999532,0.20701281157588,0.0848868128678639,-0.0504299755046061
2005-06-15,0.30989213951781,0.173296717245868,0.211175720486545,0.0931259875983555,-0.0500448309679435
2005-06-16,0.310608414641526,0.167546041283472,0.189731446894484,0.0957675627109113,-0.050119435404534
2005-06-17,0.305692995950496,0.167996506868617,0.191012339452437,0.0977840616628896,-0.0456074836439505
2005-06-20,0.30657840617911,0.168150292046434,0.192143454493664,0.0997463902135484,-0.0439275207033427
2005-06-21,0.309634505304573,0.162743272947554,0.177301990950559,0.0871939658162439,-0.0451040028025086
2005-06-22,0.309270643135379,0.16387404588244,0.181394240388793,0.0901765929335814,-0.0401380752198402
2005-06-23,0.305752091548015,0.164881534448022,0.181120265617902,0.0923075296493423,-0.0384112709528844
2005-06-24,0.306674047276246,0.165045499116817,0.178039514417196,0.0883390912152765,-0.0273684790173541
2005-06-27,0.309565919166561,0.163854601178425,0.174787269097028,0.0904327473181302,-0.0302650612796404
2005-06-28,0.302470234151709,0.146289343103271,0.159850304509424,0.0752894757312938,-0.0307966448288058
2005-06-29,0.29365678857251,0.139180440995994,0.158142360031452,0.0834779034341094,-0.0385700013310793
2005-06-30,0.296142429334933,0.139345902106399,0.158670089803043,0.0852879095779494,-0.0362198303483696
2005-07-05,0.305801653660228,0.140157894114712,0.146167408511636,0.0771771319858038,-0.0192960602377103
2005-07-06,0.318687139627655,0.132971289755969,0.119181966151904,0.0617656553062305,-0.0500983408687775
2005-07-07,0.319965188201544,0.135119328592789,0.121126228836372,0.0617599468880854,-0.0446028263908686
2005-07-08,0.315576150030597,0.135980118435,0.124516329510571,0.0588393090195229,-0.0422987724189816
2005-07-11,0.323037371869433,0.140876761651232,0.131989005297106,0.0589971544420553,-0.0554395993268509
2005-07-12,0.312050687858811,0.137086459481778,0.12355429965336,0.0540788843311373,-0.0557900745104393
2005-07-13,0.306215644028653,0.138221123800686,0.128921580143733,0.0476686199749949,-0.0495124702630221
2005-07-14,0.298214640495023,0.141591034466355,0.127697887134237,0.0496204259464677,-0.0477081822635283
2005-07-15,0.298568537405888,0.143703675658197,0.130228322052171,0.0533140191019208,-0.045467905199569
2005-07-19,0.299605356953179,0.14606861733301,0.13387549385172,0.0564070855398083,-0.0439805800459372
2005-07-20,0.297655193382544,0.147486568365911,0.122929778143989,0.0362430744540241,-0.0424868295701919
2005-07-21,0.300475731160469,0.149512062333086,0.124198565255414,0.0420368922281246,-0.0381384210767137
2005-07-22,0.302647780479609,0.151020259889629,0.126134875216553,0.044842697935113,-0.0355670404572017
2005-07-25,0.31988753640193,0.130962518096985,0.125266407031081,0.0534618272142425,-0.0222785468449105
2005-07-26,0.321881563223998,0.131850656116277,0.124303857923652,0.0564975729805623,-0.0201117979279433
2005-07-27,0.315552840020398,0.125675101408746,0.125469752869425,0.0691872658863504,-0.0158078647861863
2005-07-28,0.318320088565621,0.135788485548229,0.128752677998946,0.0775452908930444,-0.008254467517981
2005-07-29,0.320238356672479,0.137066532937165,0.127214550327783,0.0783470857809972,-0.00838037587817322
2005-08-01,0.320403363054361,0.137757373167699,0.127462939337793,0.080051307442927,-0.00371884289504168
2005-08-02,0.323877105720787,0.140707133698453,0.130699866155673,0.0849290737978724,-0.00217118312622939
2005-08-03,0.333841227697957,0.140046029203453,0.134392035868702,0.0930442817530091,0.00856903806691206
2005-08-04,0.335071580698214,0.142368099589521,0.135705818480694,0.0932478000212195,0.00988343137861604
2005-08-05,0.337250291666473,0.1470476056712,0.139604737854034,0.0964603662018215,0.0156917052658871
2005-08-08,0.323321300861521,0.12059550695162,0.0916134388502704,0.0679410030076114,-0.00510882139877146
2005-08-10,0.327290955590294,0.122491184892612,0.0918564641369579,0.0736411266473474,-0.00667091580403757
2005-08-11,0.351060597234884,0.16680992367627,0.119067603434465,0.0640536672959777,0.00482980654259663
2005-08-12,0.357858118266319,0.178055730537469,0.135973610427265,0.0412763073375764,0.0164233151278424
2005-08-16,0.358299765444109,0.179234660082775,0.132524673372215,0.0460344482777315,0.0270435121190634
2005-08-17,0.358702673446418,0.181813365512804,0.126897161940828,0.0492358655256591,0.0200063854373516
2005-08-18,0.358789874455721,0.178300497119524,0.12501539318508,0.0363529694597341,0.0210977505276494
2005-08-19,0.406799326521312,0.168079394877108,0.16967168652723,0.0356896709312807,0.0284584161407537
2005-08-22,0.405157688991335,0.169051703082558,0.170755150598804,0.0387991304637334,0.0295080621964726
2005-08-23,0.407801569217834,0.174372190996121,0.17709858831796,0.0453690720270097,0.0311998617853906
2005-08-24,0.409883280980439,0.174894789346968,0.178713995463235,0.0519588119612408,0.0356356886152797
2005-08-25,0.400758344335543,0.176976031610414,0.16059944855424,0.0466609979113487,0.024166693635253
2005-08-26,0.401837655252389,0.174298619416294,0.162558077920084,0.050496393294771,0.0260267866255671
2005-08-29,0.401767469598053,0.175335533242605,0.163883015448165,0.0533505588675159,0.0275760924791748
2005-08-30,0.410132783627103,0.188252311971235,0.181141612948264,0.0674915811224426,0.0192846438586915
2005-08-31,0.407029791771479,0.181315954575691,0.178578899871445,0.0717285789969859,0.0237768441005153
2005-09-01,0.403984295118455,0.176962552042239,0.186045269507887,0.078457934519541,0.0398054323707177
2005-09-02,0.418639299563819,0.186379547274268,0.204988916518311,0.0987378564185591,0.0410208669731387
2005-09-06,0.419994541550368,0.188507260625429,0.206934918274927,0.101741422901239,0.0406012775984999
2005-09-07,0.423356841997907,0.189636295477338,0.202546253670206,0.11222595991006,0.0216153795297608
2005-09-08,0.425820697900866,0.18897788472484,0.217883813284022,0.119698126851299,0.0256640185275248
2005-09-09,0.426134971733288,0.189430613277487,0.218798975028009,0.121882291326248,0.0268284037486443
2005-09-12,0.426976879742438,0.18349352140396,0.217857278653251,0.123372211881528,0.0242502157572427
2005-09-13,0.427466111079429,0.179596930681733,0.218206697947695,0.121368212081179,0.0256772496257623
2005-09-14,0.407963390524821,0.178952871753446,0.216815033183903,0.107487153978861,0.0100456521611546
2005-09-15,0.408636501737685,0.175031045868966,0.22244100585574,0.110545549455652,0.00743728481843711
2005-09-16,0.409344453313662,0.174610712921152,0.22337729578199,0.112795108972611,0.00884068931926682
2005-09-20,0.411352486689724,0.176716052934232,0.223024841780844,0.117552780330362,0.00625418325415029
2005-09-21,0.401353923660014,0.174997473360579,0.221213611776585,0.119833238823659,0.00845406842906822
2005-09-22,0.399624720000201,0.167672603262548,0.210626267615581,0.134036038403354,0.032930036577426
2005-09-26,0.40101581991972,0.173567173273444,0.203001862298676,0.147522842450272,0.0261722007430787
2005-09-27,0.398453732921296,0.164852823346276,0.202004219632376,0.13881510943561,0.0272640285367631
2005-09-28,0.405621517840277,0.174638397499426,0.197243515436321,0.151766254001649,0.0296399431884646
2005-09-29,0.406376808569327,0.174061353392615,0.193683817858427,0.153928145928278,0.0307046092082102
2005-09-30,0.423629162260136,0.192641439860551,0.195312933510976,0.149504852604036,0.0512546783241419
2005-10-12,0.4244967831201,0.19352446871298,0.195733245302571,0.151221033782294,0.0521116244791946
2005-10-13,0.318015524069676,0.189693422943198,0.195037920914763,0.156521624865606,0.0207725176607811
2005-10-14,0.318089862894986,0.191602217382513,0.205544587237127,0.158398796669836,0.0222792247846721
2005-10-17,0.323088588811864,0.194761373603661,0.208638502094093,0.171741096746544,0.0188906933635791
2005-10-18,0.322985822500708,0.196957337598158,0.215276995894538,0.17915789768484,0.0190336647500216
2005-10-19,0.325226846666892,0.193460223997764,0.220685226953021,0.177223458216429,0.0146377734371238
2005-10-20,0.330013181413074,0.200750856158777,0.226879657667495,0.181674175465753,0.0104083125413965
2005-10-21,0.331751980647711,0.201850780604089,0.227833127842008,0.183198133853427,0.0105485223835848
2005-10-24,0.334284834604909,0.202588834451717,0.232001545391267,0.18624822298052,0.0119273030905684
2005-10-25,0.335779785642227,0.202992669587771,0.23280874992713,0.187246818110411,0.0125804534206892
2005-10-26,0.331654848963596,0.175669905453944,0.234844443650429,0.183893178011204,0.0173817925500514
2005-10-27,0.323763742555438,0.155292119647272,0.234901865160067,0.179988749830823,0.0263620758744182
2005-10-28,0.32509937975775,0.156782432045063,0.234194264875319,0.179108386756608,0.0269814216423031
2005-10-31,0.335286025518391,0.165875075571844,0.255463263606209,0.185691363736098,0.00940210416663784
2005-11-02,0.342365864302031,0.182065155728945,0.263933324941811,0.195844720727325,0.0152456085409236
2005-11-04,0.350508974321571,0.196846315421565,0.278483220728649,0.209711291108079,0.0206879838602314
2005-11-07,0.35216976454373,0.192367964328063,0.275580545212727,0.208662805115043,0.0204403489277717
2005-11-08,0.35045070049801,0.193314878286061,0.275793407244478,0.209376826397842,0.0215729012045641
2005-11-09,0.352183548522023,0.191894195096245,0.278124702712463,0.214509156854577,0.019220290492248
2005-11-10,0.349659788882105,0.192544817630636,0.278344804055822,0.215741552351067,0.0201507979916848
2005-11-11,0.34312514198328,0.190925935942931,0.268118789816562,0.224695625907045,0.00529126818435161
2005-11-14,0.344957800236618,0.192394029458489,0.268180413103388,0.225958267201765,0.00694036937746915
2005-11-15,0.346792525702392,0.193876955895908,0.268478257133817,0.227393679032643,0.0085150996930791
2005-11-16,0.348479833618515,0.195177534538876,0.26910658195692,0.228551226962675,0.0105336427876624
2005-11-17,0.349853898740078,0.199642684071936,0.273768661998479,0.233762545579666,0.0128144320907505
2005-11-18,0.349572236208992,0.195289451213854,0.27403436894357,0.234195861431506,0.0129962392613778
2005-11-21,0.354986206336919,0.219694506673073,0.271859664739231,0.262842673083483,0.023902144566869
2005-11-22,0.356384430002353,0.220973007170301,0.271445468143244,0.261309404538058,0.0264387408638101
2005-11-25,0.352491735975874,0.215353524355814,0.296130878156325,0.262743644980222,0.015057989605286
2005-11-28,0.365413297204096,0.220409404697104,0.319855991406009,0.272546746856216,0.0255174821574568
2005-11-29,0.366393822389387,0.213417934566501,0.319531975196683,0.269738193707299,0.0312711802837705
2005-11-30,0.371354184999487,0.218492145411932,0.325236233936766,0.272725020955263,0.0333088096695078
2005-12-01,0.370524037500311,0.218056245963999,0.325185571404831,0.272672580500512,0.0323613022494219
2005-12-02,0.369845958413662,0.213683256686157,0.32442807798632,0.272154055271162,0.0318745794274803
2005-12-05,0.365618020586619,0.202753569107985,0.323076909818275,0.264372543332822,0.0331199786824438
2005-12-06,0.368348207831699,0.191250722115574,0.316005629162617,0.263018753415852,0.0398591914403555
2005-12-07,0.355563588456244,0.18461608557785,0.317212978578197,0.247044218781989,0.0412616241626364
2005-12-08,0.363894180839196,0.187846186488301,0.317280404247005,0.247969962956185,0.0326839617948383
2005-12-09,0.361406732586858,0.187871039916551,0.317236192453216,0.249043191593629,0.0341334960094511
2005-12-12,0.361618198371482,0.202167439668994,0.306972400154837,0.259250483341838,0.039264363832988
2005-12-13,0.363767160947023,0.204010251507373,0.307685814601656,0.260726707463564,0.0402706572770843
2005-12-14,0.364655674553643,0.20501414728632,0.307818634137639,0.260241061948994,0.0420315177954814
2005-12-15,0.366553690458852,0.190519741354,0.305630496732963,0.259932396933678,0.0468554949938779
2005-12-16,0.366297243876999,0.192591171542698,0.30510199820794,0.260422478178914,0.0484943539563727
2005-12-19,0.366399802882208,0.191569175650586,0.297370752330827,0.260514357896836,0.0469100088132574
2005-12-20,0.369889649024217,0.195686421406517,0.299993404584224,0.260915255831927,0.0426773677509739
2005-12-21,0.370225941590358,0.200493456759938,0.300091415351317,0.261666420525792,0.0428436366372136
2005-12-22,0.3686332040695,0.189508889523266,0.292368193050956,0.260161463759695,0.0417747670437336
2005-12-28,0.367784295800453,0.189748273050646,0.290755596306299,0.255747753287756,0.0455625714293894
2005-12-29,0.341178356477341,0.211448789836935,0.310535686420903,0.273584076768916,0.008219507713017
2006-01-04,0.33357151620719,0.218088036255645,0.316825409945575,0.278080689669018,0.0020520904164664
2006-01-05,0.343843805211452,0.217910397215612,0.327480943438539,0.294670493569789,0.0273111580059129
2006-01-06,0.349129539044814,0.220097848422912,0.315751949354455,0.306667606477627,0.0266821065528251
2006-01-11,0.35418502148949,0.219004922190166,0.324206755217476,0.313733374696542,0.0400780812736389
2006-01-12,0.347971240470523,0.218949808101077,0.31934521178713,0.313396509328603,0.0418900564969879
2006-01-13,0.351945132099701,0.223126409502017,0.323197896415171,0.298795085549498,0.0289234492784351
2006-01-17,0.350806634494054,0.223628354681138,0.316803696135141,0.29933283763488,0.029707156032554
2006-01-18,0.364789562037597,0.252082988090458,0.331569755950488,0.315063794887855,0.0381947250361821
2006-01-19,0.341230465889028,0.202843660443806,0.262601821744179,0.28170847053238,0.0233122864420125
2006-01-20,0.35483658828302,0.216866824285379,0.265910513606481,0.292785467929597,0.0343975027996171
2006-01-23,0.356029201304748,0.217349351849101,0.254724554177757,0.293879239179814,0.0264872612578026
2006-01-24,0.353589532499435,0.216076462122279,0.252304992831276,0.290542812815001,0.0276027139069243
2006-01-25,0.353500432458127,0.212386944339968,0.245366870440356,0.290149109586003,0.0280594003455209
2006-02-06,0.354131605374034,0.212698213067195,0.248533481786565,0.292261163388886,0.0276572565401177
2006-02-07,0.348846492468478,0.281734139607197,0.240086452419833,0.350011988772578,0.0264024888235703
2006-02-08,0.351370200631874,0.28178399431136,0.2424358955857,0.348003685111902,0.0325052753015876
2006-02-09,0.343251219563694,0.273713993788284,0.234341779866545,0.340331593520085,0.0393238132167207
2006-02-10,0.336712965872434,0.26446298774033,0.22325256100856,0.334077144842723,0.0444825959067505
2006-02-13,0.337389017489058,0.258565988011071,0.229307090479857,0.328154708594731,0.0475379401439316
2006-02-14,0.339914960072052,0.259827898275458,0.231317522655469,0.327210997797276,0.0497723882866533
2006-02-15,0.344183709816945,0.262716628226834,0.233584584448074,0.328704555923131,0.0568117963989722
2006-02-16,0.343965262551024,0.253924956676446,0.216371545976704,0.316876712164797,0.0610527287650922
2006-02-17,0.333764621695409,0.241655260698507,0.199163838148714,0.298009356790144,0.0386807158344808
2006-02-21,0.335201242318131,0.243226234349615,0.196558896752814,0.298550164836359,0.040511177063788
2006-02-22,0.349313782329958,0.248371714289611,0.206335950095212,0.303991295253771,0.0317282690659596
2006-02-23,0.350890286870073,0.249634662870758,0.208367504980948,0.305496388904517,0.029295387822662
2006-02-24,0.353203519568814,0.251668205956202,0.21153545505637,0.306360656460892,0.028138866834525
2006-02-27,0.355842818141006,0.251419874432284,0.213522410318005,0.31003330272422,0.0296740116344491
2006-02-28,0.356624415865425,0.251608460134596,0.214260575516961,0.307379192287554,0.0307573235897613
2006-03-02,0.357692101537005,0.251881511166066,0.214911237875586,0.30756971357329,0.0290701007712551
2006-03-03,0.361235376422122,0.262581260421694,0.217858991725825,0.307459144367667,0.0205561245232164
2006-03-06,0.356499459481134,0.254611181764464,0.194699314538026,0.3104263910416,0.0197865032101149
2006-03-07,0.357934593013188,0.250088307600788,0.191726803204116,0.303989313544416,0.0254016261675459
2006-03-08,0.390021347873242,0.261036757982785,0.224813485975413,0.327695884981221,0.0352750679146966
2006-03-09,0.395625324514533,0.263733608444245,0.226355965381252,0.320543010589728,0.0347488027081293
2006-03-10,0.396179450216185,0.252170071582596,0.227820009459277,0.319999050803677,0.0394999156043413
2006-03-13,0.396502836709784,0.252407718559517,0.228467899086235,0.319378523655552,0.0404351758195083
2006-03-14,0.4027188523331,0.260685173677336,0.238625653768437,0.325964696543836,0.0435691803349397
2006-03-15,0.403922938228504,0.260877613529509,0.239227803307806,0.325813016035076,0.0427936668407766
2006-03-16,0.417506954177611,0.262633622315074,0.243467698353145,0.314384872566299,0.0500843003310276
2006-03-17,0.418477523166663,0.262045935500255,0.244090932672882,0.314340626213858,0.0508447880855383
2006-03-20,0.416159516314809,0.256088140741614,0.243176277538903,0.315400305940051,0.0511900876574949
2006-03-22,0.42599915390754,0.270420135664348,0.246224312945095,0.32807963147302,0.0448678238813318
2006-03-23,0.396871076306171,0.265439901802025,0.220257679125021,0.311928822042127,0.0448346073543937
2006-03-24,0.400063037924572,0.264933102928474,0.221471048350838,0.311975346622865,0.0429419478626628
2006-03-27,0.403056536489404,0.26245726969002,0.218036411554085,0.309007140081594,0.0435564794152548
2006-03-28,0.40378287148983,0.262741923909541,0.219120589133555,0.309081130543567,0.0442600833985645
2006-03-29,0.405270953796846,0.263159906170635,0.220109027617512,0.309815352535834,0.0416005730653164
2006-03-30,0.398389135572257,0.268259151006254,0.221045181771098,0.311572491374666,0.0493626963188719
2006-03-31,0.385287225639416,0.261554296987636,0.217142450900903,0.310494308680031,0.0549866170512646
2006-04-03,0.383666833744729,0.261653557763765,0.220147653956344,0.311809057939213,0.0529507763487767
2006-04-04,0.408163176289434,0.282570127823521,0.241054911598944,0.324833482589582,0.0580470178784521
2006-04-06,0.409365875337535,0.278913202670241,0.24379049763124,0.309912330092469,0.0670418702733823
2006-04-07,0.41723755091615,0.284888320675227,0.249126190913522,0.313579904961594,0.0699338521804191
2006-04-10,0.418685424830839,0.285408502743721,0.25040925057889,0.314394798751331,0.0639560047064741
2006-04-11,0.419192671958835,0.27239297463064,0.243768315595449,0.303439279233787,0.0643220364399459
2006-04-12,0.418843742741572,0.271528527309764,0.240934590946384,0.304330483959813,0.061019742531308
2006-04-13,0.419199863503264,0.271373701344827,0.242091305753622,0.305081818094936,0.0616447943924621
2006-04-18,0.386830595874069,0.259589880034672,0.190117995132887,0.301180647622127,0.06038292948138
2006-04-19,0.40773493293259,0.244962256410014,0.231547328173295,0.31882041894496,0.139269046632514
2006-04-20,0.41217582140545,0.248189298034046,0.235511407445584,0.323579482579261,0.139898022101331
2006-04-21,0.407375971835534,0.249711848777697,0.237561250944401,0.324095597167099,0.139109345298466
2006-04-24,0.39813151010195,0.254196570946368,0.253013482881151,0.338560385852827,0.134712795792684
2006-04-25,0.400162956797342,0.252716164826271,0.256177455619137,0.339946112532995,0.136280997550576
2006-04-26,0.403968602871982,0.251470225252786,0.256495773382614,0.342096261789617,0.140559668295193
2006-04-27,0.4079428588178,0.253819697872803,0.266406175734818,0.346947058003646,0.142932021504125
2006-04-28,0.408343944569242,0.25387882460359,0.26681157615315,0.346279412928283,0.142317392798318
2006-05-08,0.397065024998317,0.234960237392679,0.227429504742141,0.350337275399516,0.140759235471387
2006-05-09,0.465164999647671,0.276507334005121,0.269998489780226,0.409628478960132,0.184864897789355
2006-05-10,0.448924431019936,0.266459225931339,0.265951659956668,0.378526682107586,0.181563485910545
2006-05-11,0.446975239925305,0.257608920503104,0.265958202567972,0.379925426358165,0.178119557498968
2006-05-15,0.446264843245787,0.259055691739325,0.262718080936729,0.380371478571816,0.180606795312645
2006-05-16,0.238834346959569,0.141175092359818,0.0870675101998513,0.121332106347816,0.0989551807110206
2006-05-17,0.244130380469896,0.156890069328948,0.104751215388488,0.12976179544682,0.102497435106328
2006-05-18,0.247544267284168,0.15912821060878,0.108255269777015,0.133267891316564,0.0933171023068334
2006-05-19,0.249848685454261,0.161273259259441,0.111588627032568,0.136088351040526,0.0948369960341629
2006-05-22,0.25227799273547,0.163937865881505,0.115514048595674,0.13410298559001,0.0983652970394761
2006-05-23,0.249903227835495,0.163997239536134,0.116574144623016,0.132673804935861,0.0987488898392421
2006-05-24,0.247475675824784,0.178370364369018,0.122549113755065,0.128875368230259,0.106375017209165
2006-05-25,0.250189626277243,0.173241567139672,0.123645995589881,0.129789522972581,0.10610736671976
2006-05-26,0.252036849972649,0.173379259337015,0.123067057760627,0.130716284026559,0.105196511523779
2006-05-30,0.257632411675606,0.179470017802104,0.130369778407099,0.137905021754189,0.108705939498614
2006-06-01,0.255979123493588,0.173146984157851,0.128458816084347,0.137080873643303,0.0806737941564485
2006-06-02,0.249797578360746,0.160415166747492,0.121795566431285,0.12484559710531,0.0933219431557112
2006-06-05,0.245735985235262,0.155961483334879,0.120706061378594,0.122354137639355,0.0931170487761997
2006-06-07,0.249339564523184,0.154620555854203,0.120713225379524,0.122362400239176,0.084511626281837
2006-06-08,0.266529687381073,0.210374282454152,0.1626073457294,0.15979524782078,0.100061717959879
2006-06-09,0.264002743457061,0.207458032819979,0.159487519245545,0.158124735179249,0.100314533341531
2006-06-12,0.256651460017982,0.203443733717435,0.154639207899095,0.147226457617694,0.105101704890404
2006-06-13,0.258861536445698,0.204134505344108,0.156025749578733,0.148665244057931,0.104025058761212
2006-06-14,0.258937454208083,0.202135656174324,0.157182011008197,0.150419748693907,0.104934865202967
2006-06-15,0.26076231873774,0.201352159315043,0.15424492848276,0.153395595737761,0.102810855654094
2006-06-16,0.262667282955168,0.202139334025278,0.155542173821207,0.154927072346509,0.102123653029274
2006-06-19,0.279567386142718,0.215286499840074,0.175278897350446,0.175738428070549,0.097041061622806
2006-06-20,0.280224510237139,0.215436789244433,0.174739512304258,0.176260998618454,0.0938446064196113
2006-06-21,0.280323393570278,0.214056329445565,0.172917859490004,0.174491754288254,0.0940182406045129
2006-06-22,0.282646508282601,0.214550700393193,0.174201189097427,0.175786401657517,0.095414573080984
2006-06-23,0.283435886297327,0.210197949709816,0.174845124430673,0.175824258102902,0.096000218963635
2006-06-26,0.285035483750564,0.210521790966709,0.17427575386092,0.175275039367846,0.0957002053635856
2006-06-27,0.285428496593561,0.210860238002156,0.178608696264141,0.181855822380466,0.0998350064639422
2006-06-28,0.287092332434915,0.211545845036546,0.180497134966844,0.182284856219826,0.097063958154415
2006-06-29,0.289223836730788,0.210870782736219,0.181628669699169,0.183524656217372,0.0970761259874439
2006-06-30,0.295983979877511,0.219524055325811,0.194590207554567,0.195470564664039,0.121659186297885
2006-07-03,0.291370390119216,0.217741698339541,0.193224219204981,0.194359780112831,0.121631331193542
2006-07-05,0.294399882965718,0.219260592213788,0.193122216868029,0.195234097617971,0.127260592669421
2006-07-06,0.292972370026126,0.217419352708762,0.187346394816575,0.191976131298909,0.120099678228164
2006-07-07,0.299926659878554,0.209033185282354,0.18028612320441,0.198118506308195,0.121261616352704
2006-07-10,0.301509606084765,0.210025968452808,0.179042660127369,0.19962219058655,0.124422410205045
2006-07-11,0.303768596354391,0.210991043623336,0.180560659331064,0.200262103682189,0.124531941388094
2006-07-12,0.301998397709341,0.209531716007443,0.181815986748125,0.196598977179571,0.126073680766143
2006-07-13,0.303668126918567,0.211644633593597,0.183598035183611,0.197107335582065,0.128326394607804
2006-07-14,0.329697389260993,0.226072403188745,0.197702923015011,0.222538198075762,0.17534903042052
2006-07-18,0.326578247949137,0.220698448731477,0.19015250835928,0.217208883543962,0.172624044252166
2006-07-19,0.32364165102603,0.20382911722312,0.18181374957644,0.208718173285714,0.171658426966256
2006-07-20,0.319000147115014,0.199839019949655,0.181715130534853,0.204213896787803,0.137880988935777
2006-07-21,0.319840225529598,0.202846080272783,0.185306222413787,0.207560006542037,0.134094095121046
2006-07-24,0.321177040425611,0.201429110312482,0.185964480414573,0.206546654186731,0.130790244564313
2006-07-25,0.323020407947511,0.202167529243266,0.186947923935771,0.207587111708509,0.129065793712139
2006-07-26,0.327338606451068,0.207664601230695,0.192915332525509,0.215280621746457,0.132216517957058
2006-07-27,0.329158995297843,0.20785901430111,0.194044688736348,0.216214099686826,0.132100968962931
2006-07-28,0.317919831274473,0.200738493569512,0.189863059057484,0.20743373457717,0.134111321900112
2006-07-31,0.318482138190709,0.197270903735913,0.190730423101612,0.21117935807053,0.12580154470675
2006-08-01,0.31300022233626,0.184553018576726,0.187791538072325,0.195265870420949,0.128156945589252
2006-08-02,0.31632265871165,0.185926427567686,0.191660355932491,0.196502893047957,0.13068906687567
2006-08-03,0.317497399202539,0.186886462317571,0.192631953647977,0.197550229599269,0.130420754154032
2006-08-04,0.319458235760926,0.187854983573483,0.193795992732392,0.198717977663701,0.130326273176228
2006-08-07,0.331220888595946,0.185867748397212,0.181640578487986,0.195030266041067,0.131743968577703
2006-08-08,0.327663160604305,0.202413180920314,0.191711854936459,0.197082721688603,0.135884128316472
2006-08-10,0.333642401452567,0.219785442706876,0.209211848417009,0.199042801815604,0.125699014688919
2006-08-11,0.342825467561085,0.226016599865117,0.203882409733271,0.186123700096938,0.124265310634142
2006-08-14,0.344485319388406,0.226487566254636,0.204342661573174,0.18733127157801,0.124067691668452
2006-08-16,0.33915865766806,0.201452699153981,0.200551707154279,0.18752234085375,0.121713251879441
2006-08-17,0.352410246100983,0.215197134248652,0.222425137104109,0.187728373072083,0.17261499155833
2006-08-18,0.355936693633726,0.216986952414438,0.218279200690297,0.183026624211233,0.171445893582466
2006-08-21,0.357985496730606,0.216642265181121,0.218705742459464,0.18233214342148,0.170058244796352
2006-08-22,0.346821929746361,0.215750898084944,0.218229646744653,0.181530556919889,0.168711017244554
2006-08-23,0.350939187975679,0.220139422485254,0.22257160921509,0.185938868093297,0.168197396445091
2006-08-24,0.352466344152662,0.220829771321683,0.223224049517257,0.187308052698834,0.167699589945615
2006-08-25,0.343965885208866,0.214242165384348,0.219881989415123,0.178031522604716,0.168041782957766
2006-08-28,0.345346460213304,0.214939226453689,0.219522894874551,0.179322146049448,0.167564635314059
2006-08-29,0.340807721247276,0.199043487177015,0.216758846121576,0.156323121282343,0.173875758780228
2006-08-30,0.340898853416602,0.199528853840465,0.216040278597953,0.156246966580148,0.173318101930659
2006-08-31,0.34211913237916,0.200017669340497,0.216384983563297,0.158843166454628,0.172770686309404
2006-09-01,0.344118881954636,0.200712840229702,0.217844488704693,0.161082900624197,0.171615221898882
2006-09-05,0.342088849227354,0.201520818865652,0.214373174836393,0.156541704316956,0.159968389232328
2006-09-06,0.34131971176124,0.217368419871904,0.217850293893444,0.175628705049865,0.160370085300786
2006-09-07,0.335078906586676,0.215096838541039,0.216961899504606,0.178077530344335,0.149717291619836
2006-09-08,0.34072639471269,0.221793015051335,0.220571495853833,0.184900520263429,0.153536543597413
2006-09-11,0.343143556597653,0.22319207456166,0.222309253121977,0.186851273699811,0.15450934655029
2006-09-12,0.336228689057666,0.214703099580117,0.211537621640551,0.182047181569158,0.153918900105334
2006-09-13,0.343738574024617,0.208883854206231,0.204652293396503,0.180937258120276,0.168245279955929
2006-09-14,0.340978771375589,0.209150460079227,0.204062575073117,0.17687249442285,0.165699802331536
2006-09-15,0.342755717649766,0.20876199458352,0.199967476149684,0.178095129020404,0.165151354287757
2006-09-19,0.344723273587651,0.197531805434586,0.200543825081402,0.178848314829246,0.167313929919442
2006-09-20,0.349918778511132,0.197723693286092,0.207428428772957,0.185830455288617,0.163404905405862
2006-09-21,0.347504213608004,0.199318237989032,0.209219808400845,0.187856752324698,0.16080384975161
2006-09-22,0.351185793665797,0.202472061348127,0.210054200364553,0.19059179233413,0.154490070360691
2006-09-25,0.353314449374443,0.212840295811732,0.222267169764799,0.200782454026681,0.158265416494997
2006-09-26,0.355536947111906,0.213716685734774,0.221917843398391,0.201727306006225,0.153563122715039
2006-09-27,0.361630350492538,0.217203492155724,0.227443132761433,0.202233931955912,0.145381707830871
2006-09-28,0.368966995880823,0.228512828131442,0.235312840025893,0.213621491819298,0.144078023682159
2006-09-29,0.36960080915511,0.230762877780616,0.240869969350889,0.217717811487133,0.144606528282004
2006-10-10,0.369770567703845,0.234604202671737,0.240125126938516,0.217774288237506,0.138643206782138
2006-10-11,0.394172681919517,0.26250413070587,0.152338880661287,0.277670446772608,0.17429750236012
2006-10-12,0.395722247899494,0.26115602040102,0.153369833217964,0.277142462455834,0.172118371004245
2006-10-13,0.395927424928564,0.262272144848701,0.151976986875782,0.27732512382923,0.160102552644188
2006-10-16,0.398471249570383,0.264376243440877,0.156546426525244,0.279646409245736,0.160229705677798
2006-10-17,0.397624532288709,0.256285956859581,0.153402871744238,0.278426032765682,0.156929168744236
2006-10-18,0.398580238585531,0.258431021027815,0.156794477465855,0.28239695663831,0.159402211872677
2006-10-19,0.398108661762161,0.258338833581899,0.159211198004317,0.281805147233727,0.158580403394826
2006-10-20,0.397149593761047,0.255896697179838,0.160665995615799,0.283405312901509,0.158156354757628
2006-10-23,0.395540835243397,0.254983866280451,0.160866964643434,0.281875189155904,0.157615933516585
2006-10-25,0.393767103617016,0.233527293788707,0.159128139243864,0.273051168831202,0.133359450267871
2006-10-26,0.392327473350908,0.207338292951482,0.167323408489207,0.287673947030302,0.142885362266381
2006-10-27,0.391950790630416,0.208826236833022,0.169080930473405,0.288036984642413,0.1435802450526
2006-10-31,0.393654235162536,0.21051555806207,0.171318819193035,0.288874047674315,0.144605686977618
2006-11-01,0.392070309170841,0.176015657792887,0.163480390332655,0.262971394660236,0.141770044512612
2006-11-02,0.398102195963339,0.17464480441494,0.170980629759717,0.272202557676363,0.127817039669136
2006-11-06,0.38741390934282,0.176310555562425,0.170045796646221,0.273169168590875,0.128158253010412
2006-11-07,0.404007014981231,0.175062904224678,0.160688814584934,0.267246695593201,0.149150629316705
2006-11-08,0.405024927879924,0.176376707419685,0.162875016445924,0.267851081982111,0.149119534910355
2006-11-09,0.412434723934833,0.190113494775642,0.171625309813611,0.273628954277991,0.145335723491008
2006-11-10,0.420345797457849,0.186323124156491,0.193760492219015,0.276985170697109,0.127906310693009
2006-11-13,0.423056488090763,0.19104659602648,0.196963027756125,0.277220580236658,0.126383129697983
2006-11-14,0.424095502630372,0.197852113874312,0.197011552856566,0.27591847022091,0.12263229282272
2006-11-15,0.422097722302869,0.215403862609433,0.207001200324246,0.280841823820649,0.133063213392723
2006-11-16,0.436728686216445,0.207111618889402,0.212092883915283,0.290467403241255,0.135952209283863
2006-11-17,0.438623034683569,0.201856043810277,0.210556458994161,0.296527209871818,0.137618810699522
2006-11-20,0.437198696756626,0.192914211533277,0.21091949942909,0.302668541380862,0.136957684295593
2006-11-21,0.390864355786408,0.133915625096424,0.186418859372815,0.247355301678494,0.129574706035955
2006-11-22,0.393091397610679,0.134946375949387,0.189540686505908,0.255503427853159,0.130508265529715
2006-11-24,0.391237241853155,0.13715716601112,0.190428358015122,0.255908322525472,0.130784229256133
2006-11-27,0.392218722453676,0.133680066099803,0.191113959734454,0.253127795278,0.126639629167782
2006-11-28,0.393781241149042,0.133512096717354,0.191899737224927,0.250371811328181,0.126065269059504
2006-11-29,0.380350376711077,0.135997247938523,0.196745716324955,0.253066700535016,0.124283036157122
2006-11-30,0.384326757098659,0.144646337776822,0.203351403585426,0.259804482866116,0.13159447942735
2006-12-01,0.393336567744437,0.163786628323124,0.217018514146264,0.262717317553528,0.129154893809015
2006-12-04,0.389304141216082,0.165231393538413,0.218167496094431,0.263067109350559,0.128380387393538
2006-12-05,0.379564969260033,0.157280903028223,0.191744841267203,0.268027790418655,0.154714521126797
2006-12-06,0.382564429961239,0.157173450526087,0.189895234234638,0.270791506623743,0.156032308097158
2006-12-07,0.380607806988812,0.15408905259982,0.195155675128172,0.272360785740999,0.157370994935727
2006-12-08,0.380162241762233,0.155144968500116,0.196332243306313,0.272681604908506,0.156597187471235
2006-12-11,0.383726564080809,0.163175823998762,0.23989642025444,0.297241207492542,0.147154467646157
2006-12-12,0.393927617256515,0.176847173614996,0.230191149768843,0.306183239129887,0.148479072294736
2006-12-13,0.391537473631942,0.183555457999087,0.213327640305971,0.306644308678572,0.144064671578083
2006-12-14,0.389121641570192,0.184810184799528,0.214576080748818,0.305939829446699,0.143902992933371
2006-12-15,0.394347182804123,0.190825013793619,0.225479253052195,0.311355941032545,0.152036735074349
2006-12-18,0.399174241827494,0.194596622809687,0.227148041891945,0.313798151954608,0.151815046460465
2006-12-19,0.401076565197616,0.197101727803356,0.236921322782708,0.326956011223019,0.137504455062124
2006-12-20,0.386821567117003,0.183019775734434,0.232998735889502,0.294013852833126,0.13896122654075
2006-12-21,0.387069310510657,0.185173750614346,0.234720520032697,0.294915824321676,0.137709581764488
2006-12-22,0.38810021775456,0.18427834391986,0.238490252532537,0.294401724345182,0.143788599533721
2006-12-27,0.388892512548637,0.185259681009952,0.239230127290335,0.293882434341209,0.142479080747991
2006-12-28,0.43557478352296,0.19880534555279,0.161623377505745,0.288647818230865,0.214498816047623
2007-01-04,0.437831529046006,0.198995079931565,0.165614988137407,0.288701696292889,0.211551413224782
2007-01-05,0.429910936297322,0.21231390728908,0.0917239166431995,0.321020307840735,0.186573360377055
2007-01-09,0.419283870074365,0.226342514989801,0.100414958855225,0.318293127079375,0.194636502158606
2007-01-10,0.375110166078208,0.238416579324657,0.0837595264754894,0.2961485377974,0.193043879016798
2007-01-11,0.368517617347478,0.2305241432676,0.0826727928368531,0.289067129437221,0.192585910225114
2007-01-12,0.372986815375524,0.234142640073713,0.0807035906729994,0.287139555819558,0.184342979504667
2007-01-16,0.357906609078043,0.216982944815276,0.0632218398193999,0.267781999707416,0.173319214507684
2007-01-17,0.378679221461975,0.226489011109618,0.0653012240885095,0.278520875227271,0.170457656312278
2007-01-18,0.378906269529998,0.225514760187972,0.0704799522770286,0.278779890071746,0.171036883138606
2007-01-19,0.376387917692498,0.224162232182701,0.0721121905388502,0.27624913860155,0.171740155473347
2007-01-22,0.377577780004201,0.219942721863412,0.0593850271787397,0.278283068069745,0.173861501400928
2007-01-23,0.389985670826991,0.225647489210957,0.0629812776836609,0.294881737287916,0.158200462734264
2007-01-24,0.390839259294031,0.225764652224261,0.0651573802881066,0.294109029356846,0.158403277122248
2007-01-25,0.392097320881209,0.227376733927034,0.0706254509832316,0.295116528293403,0.160242691523019
2007-01-26,0.398022368828934,0.231416086681092,0.0734761618222532,0.307951528374997,0.18326963237249
2007-01-29,0.387678868582912,0.230643015528604,0.0730358641632786,0.305242639056921,0.181654519111854
2007-01-30,0.385990291526285,0.232264635726537,0.070212831263761,0.310985320954946,0.178399603502846
2007-01-31,0.383696433673737,0.232584948635702,0.0714323528601748,0.310919919051807,0.175676063519795
2007-02-01,0.401997935370934,0.244924709191248,0.0878606519257964,0.309412531750462,0.15440141402253
2007-02-02,0.399253612748852,0.243963445186246,0.0883057265675852,0.306206565392103,0.153464508383236
2007-02-05,0.388964152642179,0.240431783815924,0.0582152426722607,0.278491844267619,0.14942179630604
2007-02-06,0.392168116907543,0.249357314723482,0.058390374716145,0.276991752097386,0.150933150442303
2007-02-07,0.397019001586961,0.251433194128762,0.0656056530216608,0.276093812456894,0.15007063967443
2007-02-08,0.397787156642086,0.245534707746456,0.0668646439421091,0.277823634204838,0.150170206660159
2007-02-09,0.399078899183703,0.245486391937279,0.0685462260723894,0.275510023562083,0.148677444177011
2007-02-13,0.400170922781164,0.241479865403278,0.0706166763909535,0.275754439490202,0.148182255150327
2007-02-14,0.348145537423671,0.248779496735836,0.0620193428690458,0.22818982447366,0.155042714714602
2007-02-15,0.350522646508975,0.254736592795533,0.0755825884664089,0.235670986514284,0.164456526771693
2007-02-16,0.361101657539966,0.262266793597811,0.0828618058362153,0.251856076796057,0.1635750786383
2007-02-26,0.362484544148868,0.262177269078221,0.0852650661934036,0.251905560673543,0.162859225192394
2007-02-27,0.361629602765949,0.266896429612592,0.0945469471820133,0.257362301928066,0.156449036290868
2007-02-28,0.392056801298734,0.272563492200262,0.130520332097819,0.301237556928393,0.313611014409314
2007-03-05,0.359554520738079,0.224802679201492,0.097932766146517,0.257901599037634,0.313520732741103
2007-03-06,0.368372348504148,0.242757999257933,0.119448432848851,0.271190317426893,0.322064813462548
2007-03-07,0.372500727450531,0.245050489782707,0.126942655419427,0.27453820018774,0.323448900425702
2007-03-08,0.370535328130255,0.243503512680302,0.130300921175571,0.276091658413865,0.319958507366989
2007-03-09,0.372743042885937,0.245496942322101,0.133530607864667,0.277945010920326,0.319116774915052
2007-03-12,0.373693728407342,0.245924524265624,0.135093695807328,0.278378799425873,0.317329872679431
2007-03-13,0.374872755616743,0.24666352308679,0.137721155165796,0.279165304284549,0.315744670749275
2007-03-14,0.375401569272797,0.246305450835968,0.138925147299505,0.278742899226655,0.306574158925041
2007-03-15,0.381773183930112,0.254401855086381,0.149662026528964,0.286335465866064,0.300779748858956
2007-03-16,0.384022725239627,0.256809362704322,0.155570441225027,0.288999481816201,0.299887573100315
2007-03-19,0.385179391019915,0.257855411076621,0.15693505986857,0.29000875902392,0.298956907079468
2007-03-20,0.392469648657167,0.264944629539928,0.165600692969193,0.295651249712629,0.304087777592948
2007-03-22,0.393814466683731,0.265742804933575,0.166968658468141,0.295804117377797,0.302982470521203
2007-03-23,0.397282101271246,0.268848665357677,0.169183696965719,0.299441240118677,0.304759866630336
2007-03-26,0.39826596088629,0.268960787208048,0.170524118622999,0.299378095674474,0.30302488386599
2007-03-27,0.399727217211191,0.269209202029434,0.1722644724788,0.298584181427812,0.300798627815288
2007-03-28,0.399995022739536,0.267030050119478,0.173969334940479,0.299302422208656,0.296687271373047
2007-03-29,0.396968198537222,0.263897203812173,0.169716082325404,0.295495066817652,0.288931244971422
2007-03-30,0.399183794134433,0.263837187936391,0.17308889324737,0.29680739889092,0.2880641283315
2007-04-02,0.400346949573517,0.263829103179656,0.174315601322785,0.296833027763855,0.286742113890089
2007-04-03,0.399185722088941,0.245421425538919,0.179404183101785,0.298294777883898,0.285822560958709
2007-04-04,0.402708915874381,0.249822451432398,0.181948113427785,0.301839504888604,0.288200468036264
2007-04-10,0.402313885403498,0.247578758022758,0.181186160012975,0.300450968271571,0.286498293436124
2007-04-11,0.404256932274274,0.252327656969874,0.202033165044774,0.331033645842039,0.2934545762912
2007-04-12,0.406613670599807,0.251796028532603,0.208177702503454,0.329673746727024,0.28296913729559
2007-04-13,0.405239413379808,0.247751665634206,0.212126960122315,0.322704832049129,0.283685266421619
2007-04-16,0.406485206822783,0.248654550151159,0.213681716063937,0.322550169487844,0.281072366707348
2007-04-17,0.418163726154316,0.259506543410192,0.221324453111729,0.328606093170434,0.290282334977502
2007-04-18,0.419094546435384,0.258074917780685,0.221480907495114,0.328347305109069,0.288812346319927
2007-04-19,0.419937491766736,0.257715214245841,0.222213432731658,0.327944819950675,0.287070489674254
2007-04-20,0.451947991405107,0.286684641915188,0.255260060741439,0.371054681904003,0.283845943249229
2007-04-23,0.461268526189652,0.287883352082782,0.273812311348198,0.384708293089941,0.298337501598373
2007-04-24,0.455356630382937,0.283827106664536,0.28161657038237,0.386665746439631,0.286332661637635
2007-04-25,0.455803972793506,0.283654525667622,0.281683977910136,0.385445081360605,0.284423750030063
2007-04-26,0.455459391265334,0.277584953418253,0.278518409865143,0.383727570723718,0.283369725067996
2007-04-27,0.457241346876313,0.28044910069627,0.280495728680127,0.385165140524881,0.280302863068577
2007-05-08,0.458422888112354,0.280923783667014,0.282157938844848,0.384797231009559,0.278899546125078
2007-05-09,0.463609621627204,0.302508485831014,0.329331263265821,0.392759401933813,0.298130220683662
2007-05-10,0.466090597359329,0.304078830252095,0.331687305183396,0.392771694811813,0.29790669403864
2007-05-11,0.4634015952696,0.30303085385364,0.332283130328304,0.392784851733174,0.279365145378243
2007-05-14,0.463236488113078,0.304248594507285,0.331171991643504,0.392955761420393,0.27240069136589
2007-05-15,0.456753129860213,0.30496539819583,0.331051652813356,0.392016153368564,0.269772105827429
2007-05-16,0.458431503181215,0.316806125689982,0.343698411426813,0.396238819564805,0.268738613226259
2007-05-17,0.458956154295237,0.315060525621836,0.347662777168606,0.398834370920347,0.274797525918227
2007-05-18,0.459599338384518,0.311965500423981,0.351379321796625,0.400385888987963,0.270966518474672
2007-05-21,0.460412933375638,0.312262564289285,0.351294239004139,0.399910331626691,0.266624296000133
2007-05-22,0.460554345438254,0.314653422581472,0.353530518864204,0.398610236301362,0.265325937768823
2007-05-23,0.457959522435875,0.316296077134295,0.355319913758491,0.399439983756215,0.262538078788483
2007-05-25,0.454767119420672,0.315523149028798,0.355266435294721,0.400846562400496,0.257782131991793
2007-05-29,0.449142206873417,0.310002111639988,0.354548744587057,0.387943185177977,0.254882446810009
2007-05-30,0.435352774125187,0.323219756213868,0.368001374689896,0.397902147807794,0.251376202569346
2007-06-01,0.442652599475513,0.324714967027719,0.348296016009584,0.391186193310603,0.196547152515919
2007-06-04,0.42976856289778,0.305260481430422,0.305927336802869,0.383065737904537,0.192642306010266
2007-06-05,0.389787979274352,0.289270363239672,0.256981236992798,0.335678320004717,0.176228847714616
2007-06-07,0.393030426811225,0.290836859467795,0.258083940114858,0.332760007390947,0.166283558389558
2007-06-08,0.389625328893331,0.28863546187768,0.261860417433945,0.322146287576144,0.109826950438245
2007-06-11,0.383050315955459,0.281480327889916,0.257479060877245,0.314576194630031,0.110971340659653
2007-06-12,0.386037283475004,0.282237088241299,0.253265635067046,0.319761559173739,0.110998016788107
2007-06-13,0.386790502488823,0.278394356041721,0.256680782728658,0.321164185624807,0.103903231646614
2007-06-14,0.383408437411359,0.275372983707221,0.252279034209535,0.317175622098481,0.113593615556463
2007-06-15,0.37227109356492,0.271659427843668,0.232327084856975,0.313182132420334,0.111715322480829
2007-06-18,0.373540304119825,0.271961155221082,0.233159819671005,0.313318972070966,0.112415691549743
2007-06-20,0.38590324146362,0.279533605120614,0.245422030203401,0.321855947604755,0.109989305765325
2007-06-21,0.383793969790039,0.277048864944922,0.250591344988226,0.320508656798976,0.117166885880719
2007-06-22,0.386865900359458,0.277186814842865,0.252476130655688,0.321208027602309,0.119254876369864
2007-06-25,0.383207524312264,0.280271399595504,0.263279763250236,0.328005753432407,0.135280334563831
2007-06-26,0.390760036076187,0.287607047869268,0.269567935102603,0.339086004344353,0.139216743308215
2007-06-27,0.391294069819129,0.286592649272357,0.268381234077724,0.327343996031004,0.137707545040864
2007-06-28,0.385326276910055,0.265611707597141,0.258401945194321,0.318841725368162,0.145093277974383
2007-06-29,0.364256797496152,0.255473180255432,0.241197252277903,0.29861025330703,0.145223182044435
2007-07-03,0.37019203480109,0.241536176858167,0.244637813958282,0.295198711760223,0.146843277575204
2007-07-05,0.3774607346541,0.241171591202536,0.255030094360191,0.298644502429422,0.156383829574067
2007-07-06,0.35419724909262,0.222375750293002,0.201638076911995,0.304664320048267,0.151647382282441
2007-07-09,0.365668805869796,0.211972610904262,0.20643541761169,0.305939470099372,0.154061851914979
2007-07-10,0.372378202615696,0.217126887308894,0.212155849606727,0.314376888251871,0.153486845191166
2007-07-11,0.372864531182669,0.218061854322968,0.211963912109264,0.314724012474257,0.154799942591024
2007-07-12,0.369839170945356,0.214525848692105,0.212624038035472,0.312673494412163,0.154781447133823
2007-07-13,0.372918318015178,0.212541593758329,0.215809101113006,0.314774759396798,0.159417890292837
2007-07-18,0.371252103843995,0.210014960462552,0.211648843367658,0.313166520445927,0.15899039613077
2007-07-19,0.368599124743577,0.206486795816575,0.209627798765719,0.301508551921935,0.157781757304496
2007-07-20,0.36790991071145,0.206108959524929,0.210132806352674,0.300233403196859,0.156629294776942
2007-07-23,0.378659235305558,0.207239722338486,0.227923665564015,0.312497081508379,0.132955827430708
2007-07-24,0.379833616997957,0.186695533114458,0.230420800456002,0.302757429991476,0.137448570096801
2007-07-25,0.380617276475427,0.187619330073129,0.231189082166399,0.301538073590242,0.134416147136327
2007-07-26,0.374191288019853,0.176997146641476,0.2345808315545,0.289360705518861,0.136992840840717
2007-07-27,0.373028309932691,0.175022217386405,0.229441114469904,0.282577677953498,0.129096303793614
2007-07-30,0.358051659164628,0.170191601774012,0.220818632424144,0.274605644165765,0.128253119209405
2007-07-31,0.362628199477067,0.170399041747313,0.225951795150996,0.279666243683197,0.133344602011402
2007-08-01,0.363393017027528,0.170692663937211,0.22801335020139,0.280828990100092,0.129794678814571
2007-08-02,0.389670950918232,0.200604246683619,0.25701884880374,0.312178538979463,0.119867394856974
2007-08-03,0.388232305622293,0.204924194460349,0.255210049984397,0.311137077061657,0.122141478900955
2007-08-06,0.389223519227508,0.202664211222858,0.261321231606446,0.308066109846796,0.0859191291059166
2007-08-07,0.370598198979821,0.200628463345396,0.257229082880596,0.28034754297146,0.0938413994424251
2007-08-08,0.371569215068401,0.201381319037083,0.257872471090254,0.28027654384975,0.0947194438060952
2007-08-10,0.367958753390898,0.202452364117819,0.257437884506846,0.277064620140229,0.0955043251380619
2007-08-13,0.343396100761677,0.186696568354081,0.23348843939222,0.268644289147149,0.0774664258942448
2007-08-14,0.34557853618636,0.188142849145352,0.236718326859871,0.270421323630943,0.0773229667022074
2007-08-16,0.347928054679466,0.189800407282143,0.232063983477862,0.270858653828777,0.0715458277633622
2007-08-17,0.361888703167905,0.215867632516921,0.253265296937919,0.288998138108765,0.0787954487259135
2007-08-20,0.366827962608286,0.238345517724722,0.262712532756941,0.290111021220454,0.061920955683514
2007-08-21,0.402845150289428,0.256962044426672,0.29404805638599,0.32544401450428,0.0593952936056817
2007-08-22,0.404118355064339,0.258331471046413,0.294199376859362,0.320127902144338,0.060082582284201
2007-08-23,0.4048510537532,0.258414448064432,0.294821342691117,0.320481473658535,0.0620628480695608
2007-08-24,0.407735702313893,0.261708353697826,0.297107700534117,0.321732146734348,0.0620420661106767
2007-08-27,0.407085150245399,0.25983098917955,0.295365566330237,0.320731086420087,0.0678214877172818
2007-08-28,0.409284330996321,0.260260788145268,0.296001052701068,0.321012943774623,0.0654047433873924
2007-08-29,0.408022526990941,0.259904140302366,0.297558852619042,0.318165375649988,0.0566052394252223
2007-08-30,0.411836571951248,0.266003053631935,0.297320700122971,0.317897102969678,0.0445655144899393
2007-08-31,0.415187385068483,0.26792991372643,0.2986275771382,0.316246934308237,0.0434960320244868
2007-09-04,0.418199511404265,0.271997641115406,0.30109328605701,0.318926629041029,0.0477640001759709
2007-09-05,0.416258719447693,0.266874116678321,0.300429973982622,0.316106858067531,0.0535771624819096
2007-09-06,0.417314849866401,0.264132788894308,0.299966292004651,0.316113374041413,0.0525998253679462
2007-09-07,0.416071742115235,0.265867191456653,0.303421986249444,0.317017521712229,0.0554634422562662
2007-09-10,0.415689624304011,0.270618783661078,0.302674486219411,0.310569343857942,0.0735265139095096
2007-09-11,0.415248147655838,0.254552951823136,0.287165312948065,0.302905012427599,0.0725396198386244
2007-09-12,0.405780371133897,0.236212115249302,0.270111317094422,0.272075965830667,0.0428904322331796
2007-09-13,0.409171709120338,0.234092770585493,0.263208788250216,0.272856212467915,0.0433560923992671
2007-09-14,0.412516387872585,0.233978241335965,0.270547725221118,0.271503352161476,0.050437537678884
2007-09-18,0.414659560096611,0.236936006694066,0.272416683964703,0.273196893631255,0.0510046773604526
2007-09-19,0.402912378906833,0.217541631466895,0.259461552907796,0.258861880194744,0.0745055800477044
2007-09-20,0.385792081476562,0.205551961499943,0.249593505719795,0.248007513827437,0.073650574660473
2007-09-21,0.387766890396292,0.20623033977353,0.250552087670252,0.242582859219473,0.0691745265822467
2007-09-27,0.388246190458352,0.207468412544322,0.250562415255527,0.243494671687226,0.0691366716517934
2007-09-28,0.363727563713914,0.195448523743794,0.24661038861086,0.221455386059855,0.0682540688497805
2007-10-09,0.362593132082427,0.191201697466439,0.24459491990742,0.217924472732651,0.0622100044810755
2007-10-10,0.383112447254879,0.207862556501064,0.269420727234126,0.24360841345133,0.100969631391638
2007-10-11,0.385877662740366,0.20841013162167,0.272336585572537,0.240544921631601,0.10004661098425
2007-10-12,0.393790753154547,0.218768679069194,0.276040197406212,0.247558838288244,0.0924069302688014
2007-10-15,0.394848313587171,0.219640135990817,0.276109616113606,0.248327302295581,0.0922965921035543
2007-10-16,0.404068446616528,0.219320219252027,0.277155120348528,0.247646429454205,0.0809388874693911
2007-10-17,0.396823598084775,0.213437262242714,0.270694943999815,0.243373259545536,0.0769453961108163
2007-10-18,0.393691341526409,0.217489759134357,0.273832896139496,0.241477573563283,0.0767795823267292
2007-10-22,0.380663174203135,0.20103275922124,0.25424225775888,0.246042582045997,0.0790922378180107
2007-10-23,0.399376110101911,0.233828791699887,0.286172923820334,0.273128448267038,0.114592484697147
2007-10-24,0.408558785273081,0.233219576419256,0.293438027437853,0.277714077667471,0.120474875305647
2007-10-25,0.408113583156098,0.230851353812566,0.290517061226364,0.273209070908349,0.118470620068356
2007-10-26,0.373719947127399,0.231784060127625,0.252213922101243,0.244426830383772,0.118868533807702
2007-10-29,0.37530768574833,0.233156523285409,0.253369318868308,0.245905692618887,0.120650649656646
2007-10-30,0.390464572304423,0.240281092900857,0.261234209492736,0.252094339991083,0.123401444613737
2007-10-31,0.38943159358233,0.236122821347518,0.256636801420126,0.247111340738916,0.113372877670441
2007-11-01,0.387811167190802,0.237608498179967,0.258037830545237,0.247847477845092,0.117772202025533
2007-11-02,0.38799783169393,0.235739833470313,0.258609745839243,0.248516448372893,0.122391009491241
2007-11-05,0.400311863017859,0.250889256623548,0.269546805198214,0.26164520729865,0.121577935844357
2007-11-06,0.415940232925428,0.261609482114719,0.269402296674643,0.268562222325492,0.12618236992136
2007-11-07,0.408820058832703,0.262009139568705,0.258159777813377,0.266370809207499,0.117062909752111
2007-11-09,0.41077281230258,0.256723795942132,0.256211595758041,0.265218384042273,0.0989292727051305
2007-11-12,0.42909214252154,0.30396844099585,0.285847776210794,0.289531749445077,0.120765948853771
2007-11-13,0.438578927739678,0.314363052564729,0.299187191357459,0.301109680919513,0.126983971273815
2007-11-14,0.438522229415647,0.314537031348051,0.298523124435114,0.302099606455094,0.120138278695522
2007-11-15,0.460800091871222,0.333088214131589,0.312484678130779,0.312253357054498,0.108212526614767
2007-11-16,0.4621239625314,0.333559954123894,0.313975649619078,0.313964567851924,0.110982188715788
2007-11-19,0.462525772636923,0.334941570175389,0.315498226823571,0.31563632485059,0.109910643813577
2007-11-20,0.463267189746866,0.335619214506686,0.317416435798889,0.317064988479871,0.113865816333153
2007-11-21,0.46390625179051,0.335497563924267,0.315293214467513,0.31748599716456,0.114384764327499
2007-11-26,0.468219307253281,0.341033687450831,0.322027204875453,0.324101373186772,0.121705958500593
2007-11-27,0.421718128908969,0.303336518987639,0.280168878844494,0.28266095033188,0.130338201177884
2007-11-28,0.424951921793658,0.299544637969245,0.278692351098855,0.288001807331273,0.120700810021299
2007-11-29,0.424049094563461,0.300486441461245,0.281580326998886,0.288263872024144,0.108188092639161
2007-11-30,0.439366686133766,0.31809759452952,0.296427740925985,0.313061226020066,0.106494378633901
2007-12-03,0.435346121762017,0.308658128502303,0.285649671440237,0.303093399441136,0.100932280698526
2007-12-04,0.435956147096071,0.308348289009974,0.285888499680105,0.303172176441297,0.101223820650425
2007-12-05,0.437187342743076,0.30422215757129,0.28732384746189,0.30334520976451,0.0990391505656657
2007-12-06,0.441374580242837,0.307558545405133,0.291850730986977,0.307409447032614,0.110458070624037
2007-12-07,0.441524671763468,0.304147164900832,0.291377114840307,0.307517555998027,0.109071397809177
2007-12-10,0.433147476744916,0.304945114144611,0.287397760747063,0.307569609116981,0.108114425698119
2007-12-11,0.428823096094008,0.30270237377627,0.279551851724702,0.306135025619136,0.111412481544168
2007-12-12,0.427908040049344,0.302576694490922,0.27996217899497,0.306068620465357,0.106083380421292
2007-12-13,0.433363601035799,0.305880853844704,0.279012427272285,0.311176106154898,0.103060349333704
2007-12-14,0.443959205760893,0.325441506890347,0.282779046798678,0.326829052372433,0.101849451166052
2007-12-17,0.442273500028932,0.323802354894188,0.27764755210205,0.324586838242643,0.0956556824982664
2007-12-18,0.455058531373617,0.335672405407689,0.298235041500677,0.345274634708974,0.111052748427459
2007-12-21,0.45415942716704,0.335766619981986,0.29413425392998,0.343320928350508,0.109218215223789
2007-12-27,0.472656407039909,0.328548186184152,0.298735571547672,0.34503285856714,0.145099730285301
2007-12-28,0.471490459123311,0.345401460863216,0.310888720017733,0.361841430238867,0.134942635591658
2008-01-04,0.472878436253328,0.346335248281966,0.311997982565179,0.362695960361102,0.134534885345192
2008-01-07,0.473396602080619,0.306800083853852,0.298342832848476,0.359585442823108,0.0951596275635803
2008-01-08,0.471021908622625,0.303940243291483,0.292839560966003,0.348699064724066,0.0956840114293855
2008-01-09,0.471347936076947,0.303643029129003,0.293062670693993,0.348344437196277,0.0961407920180936
2008-01-10,0.47295736483473,0.304015120720036,0.295062355517472,0.348070183156886,0.0987906971544287
2008-01-11,0.470400204850574,0.300791631079191,0.292730588149391,0.345339494154369,0.0996087395122721
2008-01-15,0.467341723417648,0.295116274760433,0.28372257874561,0.342955537776045,0.0974546883184169
2008-01-16,0.464645972711153,0.296631763674257,0.28643621031909,0.337726544434345,0.100801781771283
2008-01-17,0.482884512597638,0.3183491795723,0.304202457315839,0.354539947329282,0.10565672910181
2008-01-18,0.462040412225976,0.29958570138448,0.291985204408575,0.330080591889259,0.129117444693804
2008-01-22,0.462521288783633,0.29985288202962,0.292860498895529,0.327639176426603,0.127951292668385
2008-01-23,0.617407485560662,0.484594914547766,0.468887791508998,0.462781869535495,0.145269695460858
2008-01-24,0.617620622595374,0.484633804298288,0.469019424607501,0.465766535261141,0.152646131624591
2008-01-25,0.616012840401772,0.482782775780844,0.466847842037657,0.464015175324233,0.152558634962783
2008-01-28,0.613736869612274,0.48073707181182,0.465929191713121,0.462429443357468,0.14905422307022
2008-01-29,0.614131396709368,0.488626360862965,0.480411515303813,0.472141852804775,0.12537677644289
2008-01-30,0.613409490258964,0.486996551798591,0.479266584713861,0.470916218651529,0.125942929246418
2008-01-31,0.61276901110502,0.485696560742631,0.477000503603257,0.47004679422233,0.126653597331223
2008-02-01,0.612044716933163,0.482253699480137,0.472177708787858,0.468995047202754,0.123446058017621
2008-02-04,0.607749155135049,0.481059540602534,0.469533221284136,0.466051213340708,0.119856009067209
2008-02-05,0.607583245760664,0.485133860573911,0.481748371773064,0.470235746832178,0.0998424732071574
2008-02-13,0.606958922172981,0.484067357815644,0.479439907595711,0.469879996897781,0.106150352618633
2008-02-14,0.60711915801668,0.484202445868862,0.480474646040567,0.471470846231367,0.0979879238707306
2008-02-15,0.606780010010713,0.482587019050168,0.478406827700117,0.470477743064511,0.0952230862017985
2008-02-19,0.605265205928872,0.480777452910618,0.476971623247053,0.466597189844953,0.0954174275160581
2008-02-20,0.601181622791115,0.479523745992208,0.478053236043281,0.46403135927375,0.0942113278968614
2008-02-21,0.601594171043917,0.480527084633102,0.478878073278933,0.465380056110053,0.0912711194783566
2008-02-22,0.600527635389009,0.474281756409131,0.475973932813152,0.462666527182617,0.0935573281926864
2008-02-25,0.59985412059061,0.474736512939753,0.476344333316709,0.460005748820695,0.0879968527596769
2008-02-26,0.595389662752692,0.454064090142276,0.463793091208612,0.452550865452624,0.0754247864558417
2008-02-27,0.595080309609902,0.45141804589053,0.462158429772157,0.451571373486085,0.0771766816691425
2008-02-28,0.596466850950297,0.451877077593636,0.461626028606483,0.450883331362416,0.076553267879761
2008-02-29,0.595144039898819,0.450821844307761,0.458623605818737,0.450093902411674,0.0788253534951744
2008-03-03,0.592416712679614,0.442803087182697,0.452877009107774,0.443475711115184,0.0681714055316444
2008-03-04,0.580634064805358,0.418272687979578,0.438296012182497,0.420318338903412,0.0684512178240409
2008-03-05,0.582049818799131,0.415996069609456,0.434819610890301,0.419108648006733,0.071157920213257
2008-03-06,0.581070811195164,0.414839304718397,0.433374711180092,0.418435434473061,0.0703696978319273
2008-03-07,0.580945371151007,0.41593800643801,0.43424912376766,0.417420379049304,0.0590867488389055
2008-03-10,0.581018322540218,0.417107203359487,0.435466778340447,0.418942509857058,0.0628644172184085
2008-03-11,0.570714012130443,0.421980176302302,0.445019486421172,0.422015672262748,0.0788738990652905
2008-03-12,0.570140104484803,0.420935671591183,0.443887247132568,0.421175971069755,0.0807851568197434
2008-03-13,0.559970684430424,0.411133919677814,0.434910477410978,0.404321526264327,0.0853775739691247
2008-03-14,0.564499356849528,0.417790368323624,0.441215157861159,0.412256398212364,0.0830197002426994
2008-03-17,0.563949925050712,0.416117314855823,0.439722672597751,0.410020748843623,0.0838837986895966
2008-03-18,0.574946153060238,0.429002040904596,0.446033241011534,0.416182973620381,0.0915526267202015
2008-03-19,0.5600190501252,0.413333785228291,0.431041082763263,0.397368654873096,0.0501942116829703
2008-03-25,0.562380549351115,0.417305498489487,0.435994299667599,0.394679924540497,0.039868736742769
2008-03-26,0.542325616007723,0.386398880471918,0.398584945475169,0.328368259585092,0.0160213829742368
2008-03-27,0.541130299661285,0.385616623327196,0.397278086805015,0.32830541286628,0.0178683448029001
2008-03-28,0.528233463898603,0.383840229772604,0.391028879264534,0.312478996485442,0.0289870350890831
2008-03-31,0.534961278400836,0.388480340952444,0.397900458558455,0.309822360161219,0.0232319341056469
2008-04-01,0.537982685519237,0.39399048575224,0.394698835186129,0.312127592311962,0.0217313862369276
2008-04-02,0.525737621009633,0.383161164059522,0.391604006717174,0.300195776576823,-0.00181839645919206
2008-04-03,0.523227351192977,0.378139284174379,0.388678298520371,0.299852805698649,-0.000872887919395916
2008-04-07,0.525643044554825,0.380459343049748,0.392127906600669,0.304659027029729,0.000530503180128251
2008-04-08,0.526845559746691,0.378081757932251,0.392054634586925,0.303815509924904,0.00287379146283229
2008-04-10,0.525372605246402,0.37533290000939,0.389257281544822,0.301586818751809,0.00364149834345648
2008-04-11,0.523903893090754,0.383860111209779,0.380215432058822,0.31256752437911,0.00838300216978119
2008-04-14,0.523107795652616,0.381867563666815,0.379873208016925,0.312669274463495,0.00667602031842533
2008-04-15,0.538136866979534,0.397431319221665,0.395692278941043,0.331906672249636,0.0126725356237282
2008-04-16,0.537818305866716,0.396809341397161,0.393279212861183,0.332250815370313,0.0149400753433227
2008-04-17,0.537042781418895,0.391816187438557,0.387271310079702,0.328226479877327,0.00709348426689226
2008-04-18,0.528747524649581,0.382170631588913,0.382394186665692,0.321781317168243,0.0082552944845313
2008-04-21,0.525788580774869,0.374355354303622,0.37675303516146,0.319514507351327,-0.0074936437562286
2008-04-22,0.52466436199675,0.373923700794972,0.375608459054031,0.320062884767743,-0.00659219969613444
2008-04-23,0.525044868009463,0.370012407645597,0.371919097800902,0.32061167071987,-0.00765623923927999
2008-04-24,0.528498969729786,0.366809781147441,0.375294285369426,0.318951840470745,-0.00394329735337715
2008-04-25,0.52829621969376,0.344497668398144,0.355978332088032,0.294435226783948,0.0113096925865966
2008-04-28,0.528268382790743,0.337193062927134,0.350266372322672,0.29398316137462,0.0113555922307073
2008-04-30,0.524516194781911,0.33532490115236,0.349820259642654,0.291637962807768,0.0135614331716242
2008-05-07,0.519717771288015,0.325464251599617,0.3456614463235,0.26115535450657,-0.000445926506627389
2008-05-08,0.520629008715113,0.311624512190953,0.328084072472175,0.239844460239212,-0.00296307007266349
2008-05-09,0.516427418911889,0.305083875518654,0.325155404003616,0.230968411446249,0.000109197625478142
2008-05-13,0.516503061253216,0.306234349051351,0.326333922266132,0.232339804147981,0.00426838287094391
2008-05-14,0.505929214562926,0.297129955744778,0.320272647644425,0.228033785012275,0.000435813217339505
2008-05-15,0.503592520356866,0.300706287780419,0.3192040210511,0.226986904953353,0.00460617114519385
2008-05-16,0.503608230787341,0.29902934680851,0.307698655378814,0.227420655609191,0.00372412137066737
2008-05-20,0.503029021964938,0.298998662700369,0.307527523053586,0.226474772977476,0.00487275149408409
2008-05-21,0.514228860058397,0.300437874586397,0.315687801803159,0.240954451920173,0.0249246318046962
2008-05-22,0.517531889608026,0.284990090269464,0.300059012181304,0.239732939334116,0.00747814389710711
2008-05-23,0.519038906786088,0.283351435231296,0.302450933022008,0.244171809772062,0.007644379185793
2008-05-27,0.517315785961527,0.283112291360639,0.302726519572774,0.244669118372899,0.0105815988995509
2008-05-28,0.522881773511423,0.288213987660267,0.303147502382394,0.246314844461232,0.0058702423110075
2008-05-29,0.519787491466299,0.275691032979335,0.291138259193746,0.249684334812386,0.00976163145005488
2008-05-30,0.516152850340967,0.254353912716665,0.274780930453384,0.244461649053983,0.00796547553458561
2008-06-02,0.516608086200917,0.256325398598108,0.276216025274125,0.246901904640681,0.00944779627404843
2008-06-03,0.516408829816586,0.257338595692966,0.275639485879793,0.246966546063561,0.00688502890703742
2008-06-04,0.513752368463438,0.258682236429776,0.276514101744536,0.248842546949924,0.0100471309626462
2008-06-05,0.516781398719121,0.248826828138851,0.270007801981683,0.253299592223405,0.0122203094303487
2008-06-10,0.515190513949041,0.249895455452675,0.27059824038398,0.253175930613326,0.00786257614346833
2008-06-11,0.563001803478288,0.2885426164947,0.347393215037905,0.347153585347882,0.116844354135986
2008-06-12,0.562450591278095,0.283998695848155,0.345154716073715,0.344852155675096,0.121468209618246
2008-06-13,0.564490744503178,0.290449504873502,0.350941727945425,0.34766898450256,0.120088572811508
2008-06-16,0.569055572796072,0.285489153947186,0.345866304057813,0.354064413544399,0.109686652727932
2008-06-17,0.564656886886968,0.281919043952255,0.345265148224159,0.350777019815034,0.109810273152941
2008-06-18,0.56112310320296,0.281341571321644,0.347458675922977,0.351017309431778,0.11457043111279
2008-06-19,0.563621343616805,0.284184430484358,0.357472681594513,0.350074514970518,0.0987878457691345
2008-06-20,0.577109291100166,0.307536219711397,0.377096679620826,0.366285870899552,0.0917744738441854
2008-06-23,0.572746480240236,0.297582702542135,0.370960996127065,0.366146357755245,0.076658107084724
2008-06-24,0.57139467999664,0.299558057599513,0.373743437670577,0.368678729813902,0.0773172415313157
2008-06-25,0.564231010218719,0.298658599210141,0.371472374259276,0.364946037496844,0.0763513439402708
2008-06-26,0.565312348772777,0.295064391432185,0.371801464371154,0.368838457755717,0.0811745452116372
2008-06-27,0.563729620242394,0.294928549358501,0.371169292231149,0.368257144750888,0.079409555251308
2008-06-30,0.573654497174856,0.314897360008457,0.389508160379579,0.375414042001179,0.0836824067351629
2008-07-02,0.572546999873477,0.314814854002324,0.388851330837952,0.374979020273325,0.0840191995060381
2008-07-03,0.5770056965893,0.322173866378286,0.397764434175831,0.382629266345964,0.0947592666119683
2008-07-07,0.557987341399461,0.320089728613878,0.390502767384399,0.374364623176024,0.095041311884809
2008-07-08,0.563269974735242,0.322787353866575,0.372342723940393,0.383695557650683,0.0870088285583955
2008-07-09,0.54600732046136,0.30977574374269,0.358281676128478,0.374774026854724,0.0899001938342533
2008-07-10,0.553350657138219,0.307845366659408,0.347456797738101,0.380532241941664,0.0655728836813208
2008-07-11,0.552051897477946,0.307008901889495,0.341980353848546,0.381476411807051,0.0638204277040722
2008-07-14,0.5471092932366,0.307090903100522,0.336123521486915,0.377889760359128,0.0661430748254539
2008-07-15,0.544656172850651,0.3059470923187,0.334469453595093,0.374041990526097,0.0646533431361477
2008-07-16,0.554285586598404,0.321006264152829,0.35076977670605,0.389762504009353,0.0759368108933092
2008-07-17,0.550345277293233,0.319335704552255,0.349706097389674,0.386282176783892,0.0568435520437272
2008-07-18,0.541819455404398,0.315640380740329,0.346233582231372,0.38180430771302,0.0551432695292274
2008-07-22,0.540768598755923,0.304295679635674,0.333916163738492,0.371062561749634,0.0549877143382464
2008-07-23,0.545233933252896,0.314864639467469,0.343152006762546,0.377072215612648,0.0632489689697815
2008-07-24,0.538194104148968,0.313156525837402,0.339547387188994,0.361708053932989,0.063546899275668
2008-07-25,0.53407273166035,0.322134748682624,0.346595779881208,0.359024243233055,0.0436718242975847
2008-07-28,0.535971165794633,0.326496804129493,0.349964662564579,0.362908500988489,0.0429273793511902
2008-07-29,0.534035207362042,0.325796941875623,0.349021042559924,0.359980834525266,0.0357310707461607
2008-07-30,0.537250067796584,0.330581152574583,0.354115335746059,0.362571561757906,0.0243024128360135
2008-07-31,0.531574714365924,0.326086326031892,0.352567632875024,0.358060563884379,0.0230577576731851
2008-08-01,0.528190817021132,0.32420616582743,0.343922952644089,0.355227131631734,0.0324316661305994
2008-08-04,0.528452034518154,0.31288371626912,0.338593815795443,0.350870499869837,0.0316500401852099
2008-08-05,0.532663049494459,0.318533489668979,0.346476120894272,0.356214091302289,0.0391686460165121
2008-08-07,0.537256862593313,0.318215392635094,0.347477311213543,0.358257214725343,0.0218974256815564
2008-08-08,0.537795231982493,0.322077409981707,0.351199038229731,0.350683241661628,0.0169451027343112
2008-08-11,0.537701025460228,0.31038625260991,0.339208893264887,0.360061453932593,-0.0126132158892994
2008-08-12,0.526227092247374,0.266940128719725,0.318772264131397,0.337997402500618,-0.0190139146830816
2008-08-13,0.525999693659691,0.267801164935201,0.318957074747132,0.33813584209842,-0.0158512831593251
2008-08-14,0.524372543606017,0.267269474833578,0.319286185610411,0.338112322638663,-0.0139957745138977
2008-08-18,0.523397866492654,0.267800548643792,0.318151476606917,0.337524649311023,-0.0131287759244343
2008-08-19,0.537545613767131,0.238294102175816,0.316552281010089,0.358192237131272,0.00704649208639329
2008-08-20,0.525260633956191,0.228439199001429,0.307461819671907,0.344188356282842,0.00512415436738657
2008-08-21,0.537007331771595,0.216623134221956,0.293341551840726,0.350396978904735,0.0181799767984467
2008-08-25,0.545081881257574,0.222390219667327,0.30626054885898,0.360489752694502,0.0173402013289602
2008-08-26,0.52908726567755,0.220777252519029,0.307106009307868,0.357557301364039,0.0204548742057148
2008-08-27,0.528021368329525,0.225724807011723,0.311206675690723,0.362488986716366,0.0189908253878324
2008-08-28,0.523616282431443,0.226465415081294,0.310904554691549,0.362049721274885,0.0191360198346253
2008-08-29,0.517337355997278,0.227035217333628,0.307309862946735,0.360283518536813,0.0215850208400177
2008-09-02,0.519610705220807,0.236448354368702,0.306311352756194,0.365720185600315,0.0124270782945032
2008-09-03,0.521832110773722,0.264585952376398,0.335312284982908,0.35173420749759,0.0198344175531703
2008-09-04,0.52249233505718,0.262934358948021,0.330291420422984,0.353040400103988,0.0220932413819241
2008-09-05,0.521397284909604,0.262475692237519,0.330068191971142,0.340136079883027,0.0219243553753768
2008-09-08,0.529375888575129,0.279017139546385,0.338094498161303,0.351809799037718,0.0195617054988193
2008-09-09,0.488359473615341,0.254725462848678,0.29115499315951,0.30429451615481,0.00571063562681314
2008-09-10,0.486884312487772,0.253563235785095,0.290314247893488,0.303946460852648,0.0059237510528641
2008-09-11,0.48228869235329,0.253514421569325,0.290577877727091,0.301569498285216,0.00731375836251329
2008-09-12,0.493350723944838,0.265217931117106,0.297675608104119,0.317415122667274,-0.00178558670160505
2008-09-16,0.493377263789203,0.265103251184004,0.295731609022439,0.316901511289273,-0.000530234199381553
2008-09-17,0.516964911129023,0.302626688971345,0.333537554400542,0.344179655912353,0.03810900676237
2008-09-18,0.524437638695192,0.294993169757312,0.318896710366392,0.349180694665119,0.0660780864774919
2008-09-19,0.523226463403564,0.299395969591639,0.322676525855508,0.348161249564475,0.0549187064737021
2008-09-22,0.576632656774245,0.330605586262586,0.354044533056829,0.400625529440731,0.096401363049454
2008-09-24,0.571283976406643,0.333657992939524,0.347684169717885,0.385958153843593,0.066277415649311
2008-09-25,0.569954967094838,0.332942813003421,0.34396572665929,0.385505031862544,0.068009119726267
2008-09-26,0.566281884894317,0.326413857016991,0.343261920152749,0.377510416816391,0.073957095470107
2008-10-06,0.565396947804631,0.325806466664867,0.342487699500888,0.376593428833711,0.0743661081316905
2008-10-08,0.576814496350593,0.350210736575432,0.368024388611102,0.400012056481003,0.135486273674184
2008-10-09,0.582083348984612,0.361927631756883,0.376874608139521,0.40790273463385,0.145047767854106
2008-10-10,0.578562496433476,0.361317252029105,0.375772865029926,0.404289886645789,0.146571095926164
2008-10-14,0.583559899940112,0.369772624351763,0.382517684256342,0.412637956110062,0.147437129046362
2008-10-15,0.571058165196656,0.367272803491568,0.374938099386672,0.409338499693616,0.148902701019888
2008-10-16,0.570938929321963,0.36593911773598,0.375247389915368,0.409513846886153,0.151656973616027
2008-10-17,0.57393080186436,0.377307013037565,0.390700181619126,0.41609666654969,0.14322830140312
2008-10-20,0.569139685690506,0.377046385590238,0.387643872786954,0.411796289131101,0.142701128635147
2008-10-21,0.570828221947886,0.377795064899118,0.388582373953469,0.413210978475397,0.146428742823505
2008-10-22,0.57051241942573,0.375480839371823,0.388174780765275,0.412586417278045,0.147265578628306
2008-10-23,0.574037333101379,0.380964051471312,0.394715552513121,0.418489149615614,0.156536759754379
2008-10-24,0.574079590424851,0.380843256705804,0.394196794352508,0.418755555152943,0.155444681511202
2008-10-27,0.575310311719352,0.384600676906385,0.397464398780761,0.421840537130023,0.158715295572522
2008-10-29,0.595576926406559,0.392220393130431,0.384287818367596,0.410838856985136,0.167916749115999
2008-10-30,0.581674628155262,0.383554850978571,0.383024538165356,0.407945943618799,0.163626632345553
2008-10-31,0.584343691832082,0.387648116265087,0.389099136760011,0.412888972697395,0.165899720045413
2008-11-04,0.584042902948776,0.389010347116975,0.38471941540291,0.411661986614616,0.163437702762808
2008-11-05,0.580865735950248,0.383679905218083,0.380586280535846,0.40846848597678,0.15939730503525
2008-11-06,0.580584898492659,0.385612527469425,0.381721980151699,0.409433763084401,0.145493210728134
2008-11-07,0.583237936339308,0.389238992266877,0.387694277964312,0.411329360909908,0.152828671563072
2008-11-10,0.583415529867924,0.38427638736331,0.38923043791229,0.412220991454276,0.15532023910837
2008-11-11,0.576317087218637,0.389653002099651,0.383378319891575,0.405327734825064,0.143549765583198
2008-11-12,0.577070162117439,0.390097665890173,0.383913571764763,0.407111077251054,0.145740051108345
2008-11-13,0.575840192364975,0.388366333331456,0.382852914485105,0.405058836355174,0.140849046352879
2008-11-14,0.559634108339563,0.372683253692654,0.371143841150677,0.396126845444174,0.155817829876589
2008-11-17,0.559688101658029,0.373974643499005,0.368742882657462,0.393952292748093,0.145478064372828
2008-11-18,0.557571528867503,0.372973671631174,0.365699986230541,0.390977883996731,0.140654330949463
2008-11-19,0.559897575458959,0.373116269988415,0.375111342360553,0.400937951937346,0.132943476915402
2008-11-20,0.548595875481557,0.36417692870924,0.360944704318085,0.385226520802153,0.102567775519946
2008-11-21,0.549557173935626,0.365907190142201,0.362876505677674,0.386923295458531,0.108742839565693
2008-11-25,0.547003818910256,0.363430574059463,0.35674661392549,0.382510900427804,0.105462917821615
2008-11-26,0.537952570398704,0.344517150356808,0.358900439730297,0.381132339221395,0.0875452993774902
2008-11-28,0.537005678367389,0.343333749330196,0.357844750696513,0.379453243115649,0.0885347594387683
2008-12-01,0.530955356610342,0.33781778926472,0.350915124625117,0.376353536239,0.0880099101488497
2008-12-02,0.531243398204985,0.335529203210497,0.348507443325516,0.37056502577181,0.079027240693829
2008-12-03,0.528378377251853,0.331875945196803,0.347680176537437,0.368715907132998,0.0786364837300807
2008-12-04,0.527147517427623,0.333318440206913,0.343988498425016,0.365174500529665,0.0842288967727784
2008-12-05,0.524999695254974,0.33054589224705,0.340206921200085,0.36432603815424,0.0807329876706185
2008-12-09,0.525291948406505,0.329803845229262,0.340810278307499,0.364432518264005,0.0829549325117305
2008-12-10,0.523224140762619,0.330039412765526,0.339900123777652,0.361537915216819,0.0842191507960899
2008-12-11,0.526605613977277,0.333311819992824,0.343717244668281,0.366450524665031,0.0862551488312867
2008-12-12,0.523975339030408,0.330062748864445,0.340478278509604,0.368642070053795,0.0926951032184151
2008-12-16,0.533484108304615,0.345645506677536,0.351610841746829,0.37795900090674,0.0895191188444848
2008-12-17,0.534064188446879,0.34681640818195,0.352860798094225,0.378861264607686,0.0933302113769296
2008-12-18,0.533119417328632,0.34616636368389,0.352409464662918,0.378152097988021,0.0935113597567664
2008-12-19,0.531612202092291,0.345663487763,0.351904380048294,0.379149188812217,0.0879951803664537
2008-12-22,0.529778749876536,0.344708113118108,0.351486994612686,0.378389284101579,0.08838678117388
2008-12-24,0.532137943919976,0.339775303742472,0.35061076257935,0.381978290801408,0.0928989678954529
2008-12-29,0.533845881146157,0.348537997101974,0.37140425442385,0.373373793075042,0.0947039434428982
2008-12-30,0.532392330453588,0.343854248446126,0.371295545699322,0.36763157406799,0.0948893028551158
2009-01-05,0.532364780846112,0.341105845716522,0.369712250195184,0.367652029500797,0.0907394746536983
2009-01-06,0.536122312758692,0.345291493613334,0.377374930830715,0.375770336145167,0.106602045797685
2009-01-07,0.531200143029197,0.343947227784723,0.37992587418194,0.370592963138409,0.109217995672631
2009-01-08,0.530919551179088,0.340396225138151,0.374954079350141,0.370805199325489,0.111971692892737
2009-01-09,0.535361856408968,0.350040896182971,0.377977900128994,0.375979010173629,0.110521673044744
2009-01-13,0.533671972986361,0.347565290399466,0.371498258967284,0.37217466383751,0.104383125384107
2009-01-14,0.538711341900379,0.356878963540555,0.372852443658666,0.376580484953393,0.112690674670002
2009-01-15,0.533706284192463,0.353585838462112,0.374629951240268,0.372744520993157,0.0878567182380601
2009-01-16,0.53252076348981,0.349832808185439,0.367504364908233,0.371342165237258,0.0881650626723958
2009-01-20,0.530841529151378,0.352986073631294,0.370071359920568,0.37316007895829,0.0905312367538736
2009-01-21,0.521339003474357,0.344032824454479,0.365690064113806,0.369669091974412,0.0649209943877951
2009-01-22,0.52067119454383,0.343903553920602,0.365551932149603,0.369555598212468,0.0616944491860635
2009-01-23,0.520614140988938,0.345077024767956,0.366074077901759,0.36895678031108,0.0598404258106802
2009-02-02,0.520728733716793,0.345460097830646,0.366840934208537,0.369573208001923,0.059885638821111
2009-02-03,0.522118442468354,0.346597343915034,0.368658482971791,0.370589468259776,0.0587894905484668
2009-02-04,0.515026388538085,0.340235705854377,0.370785984996355,0.36926840593594,0.0663057235519036
2009-02-05,0.518945429662167,0.347249227552581,0.377018590547752,0.364677334610076,0.0624512888883132
2009-02-06,0.51757292892654,0.347198951776876,0.376940091602728,0.364237703524757,0.0611324795737954
2009-02-09,0.529543322238266,0.351778308208197,0.387254337432787,0.362964934013595,0.0849444271442403
2009-02-10,0.529528467818239,0.342957513233031,0.382229026463001,0.347657244335262,0.0853153118723775
2009-02-12,0.529657412495676,0.339542021450683,0.378764987842067,0.351099706313727,0.0604966387827556
2009-02-13,0.525611060210265,0.340382870906292,0.379479459395082,0.352174870915489,0.0597804591121743
2009-02-17,0.530942251009393,0.34171393637921,0.380791017404561,0.357967279650252,0.0526601927248723
2009-02-18,0.522816955259522,0.340027804542344,0.368320240201065,0.346623515783565,0.0530582732318984
2009-02-19,0.5035035481326,0.347228173470686,0.36852172352328,0.326865141448757,0.0537215090602903
2009-02-20,0.503194750953352,0.346716976739737,0.366822127574782,0.323167191737614,0.0526430184355029
2009-02-23,0.49245247656047,0.335651694041197,0.34997267355816,0.311652609388894,0.0496321326845839
2009-02-24,0.498203148206061,0.330484974782145,0.356268408720203,0.318750071156999,0.0352347395578891
2009-02-25,0.507859331815336,0.340584118472003,0.372393773410733,0.322948330461894,0.00131702801446881
2009-02-26,0.507459868183633,0.337565599210314,0.37180677743204,0.322859738385559,0.00208167564145115
2009-02-27,0.505778109619207,0.333195210910462,0.373558812601482,0.318021997559992,0.0146660196842033
2009-03-02,0.506265470654773,0.32413156287909,0.369300200151069,0.322641327433801,0.0235069442134229
2009-03-03,0.495141716941824,0.309435816034361,0.358383842096554,0.30737948144137,0.01989387478559
2009-03-04,0.496872720381511,0.310350134382649,0.35619737702318,0.307909316325995,0.0220800857574617
2009-03-05,0.503126561708715,0.309675216376923,0.374987807301782,0.311230112475039,0.0444843488745586
2009-03-06,0.500603496929034,0.311459611748644,0.373804589750366,0.305663556037715,0.0379625478906007
2009-03-09,0.502511560017596,0.314614085195902,0.373376928542843,0.306435544951733,0.0386684289036691
2009-03-10,0.515779282859781,0.319220902794728,0.358569578125917,0.32719460885743,0.0448061457010027
2009-03-11,0.519142909044257,0.316024514823811,0.362023646055052,0.331697457201684,0.0615897778856631
2009-03-12,0.51433706170569,0.298581395315579,0.351632329741562,0.328026359623666,0.0619558662193523
2009-03-13,0.513809345678687,0.297804558449365,0.351148596503059,0.327990512108836,0.0605875221987441
2009-03-16,0.504065396369002,0.288713136164104,0.35079229026698,0.310125331360809,0.0609408693962751
2009-03-17,0.505567438716097,0.290760606890487,0.349657130784438,0.310742010740669,0.0607318867798806
2009-03-18,0.496449224180991,0.30160469711383,0.364314366691002,0.296304355540379,0.076287095864108
2009-03-19,0.495925430218637,0.301431264206755,0.363841791082668,0.296565079871739,0.0772895468180521
2009-03-23,0.49428335617079,0.298611628292029,0.358257729554168,0.297643624119861,0.072670590474612
2009-03-24,0.500292192930449,0.310333982225443,0.370565437126288,0.315909200138761,0.0950845289518678
2009-03-25,0.498615982249527,0.310527612264805,0.370529421729196,0.316652806175589,0.0932094819471895
2009-03-26,0.503053602774208,0.309356018162877,0.365027312371802,0.318523803123859,0.0897945348984022
2009-03-27,0.513484675045817,0.315793279236234,0.368932401778756,0.334746273761306,0.101671290344962
2009-03-30,0.513206895287456,0.315110284001143,0.367237067093105,0.333444208797172,0.0993759518477547
2009-03-31,0.509116056628558,0.314585103664345,0.366302148761146,0.333935967914722,0.103750619029465
2009-04-01,0.509507598599034,0.311417484013831,0.366408934150633,0.334805653357251,0.105295254620962
2009-04-02,0.506423325746452,0.316899462255456,0.371188272302723,0.333864574961307,0.109886669728273
2009-04-03,0.49539696484074,0.31801846827511,0.370683363731027,0.332759832673166,0.113641971395727
2009-04-07,0.495321331640445,0.317425139155629,0.369516183104825,0.331858876895833,0.113125595797205
2009-04-08,0.496871475305567,0.3180438297016,0.370600830217293,0.329296114545642,0.104977985260351
2009-04-09,0.505985854645581,0.333796610343105,0.392284069825607,0.329650820748373,0.0918828119331484
2009-04-14,0.509233301515736,0.339293514884791,0.396685594602095,0.334004792770804,0.102565444284451
2009-04-15,0.526040584723662,0.311074060614029,0.402096594477186,0.359188657282347,0.074049212226179
2009-04-16,0.5258916423624,0.30963550229461,0.400378383432687,0.35886172695227,0.0751447124027425
2009-04-17,0.525597205665536,0.309317925638638,0.399364462413251,0.358337095689085,0.0751718970410236
2009-04-20,0.524384464542897,0.303228063566734,0.399383899381892,0.356779939044859,0.0744020933848293
2009-04-21,0.524728904234857,0.302078487106347,0.399045681727076,0.348773090546078,0.0502326674854902
2009-04-22,0.525113741646092,0.3043940988039,0.397788915801806,0.346734452209629,0.0473089010000572
2009-04-23,0.532118160963471,0.300125990275225,0.379528296311861,0.357506109401691,0.0527933555090146
2009-04-24,0.530096930408295,0.299442506704157,0.378433855210697,0.356875326440691,0.0536308109234853
2009-04-27,0.529179700773297,0.300756699891235,0.378801454141514,0.356835266141303,0.0516447904081604
2009-04-28,0.533843372812485,0.298562785780825,0.38200172971356,0.362420646911657,0.0572212922173157
2009-04-30,0.53237032570336,0.295659793494527,0.375564528677854,0.3619848515919,0.0580878180783853
2009-05-07,0.549380157779006,0.319066639944901,0.401428293625663,0.390242176277293,0.0766284498109118
2009-05-08,0.581091362747639,0.36191438454227,0.411280533925423,0.444400879887779,0.123988864262446
2009-05-11,0.580591628958898,0.361358765067167,0.411158417141561,0.442566671832176,0.128204047960131
2009-05-12,0.581025584507437,0.358969368815817,0.408069150031577,0.44390226746971,0.135638512460065
2009-05-13,0.579475429593225,0.35191208680644,0.402737083405248,0.442290443448448,0.13466816267214
2009-05-14,0.575343011828822,0.351251159594755,0.403296960043479,0.440080739445664,0.121220544701554
2009-05-15,0.575688569278811,0.3530111829884,0.404266565017448,0.440350053535598,0.118949944386794
2009-05-18,0.574756762008405,0.351875032412745,0.403292238567182,0.439210892593283,0.118200839187405
2009-05-19,0.574012219025014,0.347229962831091,0.401840429076624,0.438154540710474,0.118907328640933
2009-05-20,0.574483809925283,0.349278087031491,0.402579054995137,0.438887255440574,0.118242559304354
2009-05-21,0.573596737926687,0.346763144634432,0.399432334483942,0.43655150985838,0.119817524816302
2009-05-22,0.574672259657068,0.348312940576651,0.401478374477873,0.438571548681275,0.1280348247586
2009-05-26,0.5742763871074,0.348071375412235,0.401430980045218,0.4356166339917,0.128338848820459
2009-05-27,0.573645227873339,0.345905507390521,0.399440578917766,0.434458016309392,0.123043492570485
2009-06-01,0.579002147237303,0.349965539951263,0.39113072327958,0.438063652024493,0.109575942039952
2009-06-02,0.593882906625575,0.366922833946794,0.417728899889652,0.444400611261979,0.16177988936677
2009-06-03,0.590191777853744,0.366032531800056,0.416491690755323,0.443048342242761,0.161428548313008
2009-06-04,0.588670563372427,0.364751265932484,0.413233102433229,0.439871554030013,0.152653657916618
2009-06-05,0.58787394617112,0.364561779019007,0.410933115201161,0.439027733326839,0.150936640060916
2009-06-08,0.585367726350337,0.360798368151024,0.406814936059402,0.435553027680694,0.151062800927109
2009-06-09,0.579111438729618,0.361014639952787,0.405268161719169,0.428904869546161,0.150418684785459
2009-06-10,0.575254270503896,0.356206115897762,0.397663185384785,0.428209029263554,0.150675681289793
2009-06-11,0.576579162797278,0.360499066368164,0.40126391131756,0.429495691040441,0.1482780145886
2009-06-12,0.575123333091467,0.35977088290562,0.39900097828408,0.428540356265459,0.146050257842194
2009-06-15,0.566185294148957,0.338353296872267,0.389110999168211,0.424632465617666,0.14380585598043
2009-06-16,0.549648679042372,0.325954545353542,0.376568906525554,0.404836118557535,0.118731924630853
2009-06-17,0.549821423419701,0.32491689218721,0.377044204626556,0.404935042129487,0.121415875852062
2009-06-18,0.545300308736814,0.327199843554149,0.37117739306253,0.399201662721297,0.119757083771293
2009-06-19,0.531030926977718,0.312468455667392,0.358491901076925,0.386564574842929,0.125066261722638
2009-06-22,0.531500320676796,0.314366045085217,0.35923245960045,0.388782982587268,0.125978852619054
2009-06-23,0.531761499520816,0.314549305643298,0.360348000694666,0.386979428861748,0.111493907484213
2009-06-24,0.527136735264806,0.309305021188195,0.354138582406254,0.385347784838643,0.111514451040048
2009-06-25,0.530228018831993,0.30963837506416,0.353497056318561,0.390061015459993,0.114259849780325
2009-06-26,0.527737888904864,0.307232608411564,0.350266996347005,0.388953607932987,0.113967251822855
2009-06-29,0.526111911448191,0.306887862929401,0.34980565078638,0.388085313473652,0.113961774730673
2009-06-30,0.517933005355798,0.293776450751492,0.341425119755079,0.383122980097514,0.120940250323111
2009-07-02,0.51875237922455,0.285714342223396,0.340401351761993,0.3797317430575,0.123931196250536
2009-07-06,0.479636848134853,0.256648923869996,0.35596682160377,0.353660493417299,0.0597857358619779
2009-07-07,0.464089687225768,0.229868766666988,0.363390467278403,0.321240998291814,0.0615821653804651
2009-07-08,0.46589214419743,0.231831489265203,0.359471675301823,0.318880999588101,0.073275683218396
2009-07-09,0.466657496502194,0.232543911697192,0.359198755389536,0.319313085599635,0.0741467761549752
2009-07-10,0.466744855713856,0.221722288688251,0.35644523488795,0.328289584384001,0.076303130761865
2009-07-13,0.467512386076709,0.222457057074632,0.356163420751732,0.328042203651917,0.0776292203086307
2009-07-14,0.473729951800531,0.233858668684801,0.362639216038384,0.334773368168241,0.0597464552998354
2009-07-15,0.491184156882034,0.250714820619862,0.362636778168294,0.34766107694276,0.0647381807322774
2009-07-16,0.496908908075117,0.249781431784327,0.372082147494661,0.358909443960396,0.0847714630319341
2009-07-17,0.496322855394312,0.249211992445639,0.370241244689614,0.357913478780411,0.0844472273342409
2009-07-21,0.493508965663385,0.249793457992259,0.369745342614691,0.357359251223944,0.0847706741452613
2009-07-22,0.494201026707014,0.255886264541665,0.371639525512266,0.358916019821538,0.0904233068681927
2009-07-23,0.46832312992636,0.258940345900547,0.366727238904034,0.34834628257922,0.0869611080759206
2009-07-24,0.472760055892776,0.261261701388868,0.365711903964022,0.352022364447338,0.0979545945291825
2009-07-27,0.474254755236926,0.268867008776577,0.36560652761304,0.359673101158,0.0993155463158001
2009-07-28,0.478242875109354,0.278360206927582,0.373161647675016,0.368772410006674,0.10093560328007
2009-07-29,0.47675808951862,0.278326351674069,0.372470293704429,0.366166110040937,0.101013708253628
2009-07-30,0.488454998675693,0.253251025697081,0.349383566497151,0.358588485216093,0.111269475173994
2009-07-31,0.488561125680953,0.255471444626184,0.351585742389725,0.362762234555407,0.119563543865831
2009-08-03,0.494584830540343,0.271860609575404,0.361704425778829,0.366214456441977,0.118333735425843
2009-08-04,0.496943061889745,0.270401374681169,0.362617898349534,0.368415554239828,0.127821879455599
2009-08-05,0.496846056341677,0.270601251812881,0.362064866937827,0.364905200481044,0.128022810933382
2009-08-06,0.500065882345735,0.276242716245983,0.363286432468225,0.369430272182994,0.130208997674808
2009-08-07,0.478578153769137,0.259504767123767,0.35636993531018,0.368263755268522,0.137229454059396
2009-08-11,0.492139995743172,0.254104851200911,0.340436918284406,0.384170240482091,0.111542346825796
2009-08-12,0.484143871498828,0.252537998243145,0.340127372013413,0.380709416643542,0.109056666002388
2009-08-13,0.504200227626551,0.275527479062169,0.351030863249694,0.385468071321195,0.0796250594864714
2009-08-14,0.505233326162437,0.277227492321989,0.349900649972759,0.386479447854891,0.0821678819091564
2009-08-17,0.499118012630499,0.265338996367514,0.315388225648971,0.374763416305847,0.0945704990546502
2009-08-18,0.523890508866211,0.319895708649592,0.365436018059922,0.415200345113881,0.153763715812527
2009-08-19,0.524531131989449,0.319347185874533,0.365011416280723,0.415734693740688,0.156551112517137
2009-08-20,0.529916068344098,0.32411158975628,0.363581916172536,0.425679749554454,0.14567116753577
2009-08-21,0.535265238505835,0.336408289121807,0.379432284967717,0.431740077990262,0.156531832194576
2009-08-24,0.531680414371606,0.327416242721766,0.379182897472033,0.427291034357553,0.162737583982979
2009-08-25,0.53227114232423,0.326883180442771,0.379354033730322,0.426019461422167,0.161863153761642
2009-08-26,0.532115569162045,0.329403861161259,0.381840847056283,0.421688928301789,0.159405764640419
2009-08-27,0.530890891931612,0.332215343376494,0.383548374766734,0.421057046280201,0.158372582448369
2009-08-28,0.531046001924442,0.332662465535799,0.38363006822581,0.418667350199337,0.157392476101195
2009-08-31,0.532048090614508,0.326146165029112,0.375037153447536,0.415013260552424,0.159351554459397
2009-09-02,0.541405752918955,0.322605320437736,0.384465527596426,0.433953551865895,0.17897846342119
2009-09-03,0.53518649775046,0.309855108230321,0.386881212198489,0.427394422832813,0.15489039094991
2009-09-04,0.53855691379629,0.298489440858609,0.381441945459343,0.432085206941848,0.161670846619043
2009-09-08,0.532596267543714,0.297739392362639,0.379914777998162,0.431027011080817,0.16222703688442
2009-09-09,0.534589497864603,0.304471984716043,0.382006883802929,0.434398794949505,0.16609672875124
2009-09-10,0.532210620224308,0.302585382198627,0.378683404440664,0.432298911555758,0.166400367364162
2009-09-11,0.529468558064862,0.295954097487469,0.362669845304618,0.426611163875595,0.1630840229834
2009-09-14,0.529179778355029,0.290506277675485,0.363447002891194,0.423694616385212,0.160707306499652
2009-09-15,0.524107862545077,0.277872611036556,0.356500202188489,0.411966355525174,0.16236522720049
2009-09-16,0.523525525047058,0.277912274725827,0.354973856316654,0.41087111164937,0.162135741982623
2009-09-17,0.508946433587602,0.276120613919532,0.342301428682477,0.401400089857404,0.152435200395559
2009-09-18,0.512626204331672,0.282698637537349,0.344960257400125,0.398448541040853,0.148527474391307
2009-09-24,0.513433036115638,0.28730149219102,0.339076638991506,0.404373809459374,0.144314181601555
2009-09-25,0.525661279637753,0.264098324347912,0.34024533654329,0.388403697645106,0.168710527785237
2009-09-28,0.52547901596372,0.262898083430663,0.340156239042477,0.387873886853158,0.169244675911358
2009-09-29,0.531815628880663,0.275600247065915,0.346935595659045,0.395648481133137,0.147388343606578
2009-09-30,0.525836056257603,0.274622873175878,0.344128710260555,0.390035254311068,0.147475265895327
2009-10-09,0.524405509456511,0.275014854300349,0.337582660817653,0.389864285217656,0.145616662124055
2009-10-13,0.538242919560597,0.253252403412963,0.294173711049328,0.364807437638319,0.166692302598223
2009-10-14,0.537158128140242,0.254342668568573,0.288932476013782,0.365278118688583,0.166449568863697
2009-10-15,0.537863770497501,0.253501505616994,0.292151225925456,0.36701093562271,0.171284150856016
2009-10-16,0.537556353330175,0.25320019929992,0.29251355016177,0.366494993240628,0.171104193330374
2009-10-19,0.53713576619715,0.253412525069784,0.291359369596496,0.365938571398454,0.170459758486842
2009-10-20,0.540046774969247,0.250561998923794,0.294299222593108,0.364749982069146,0.1765607202987
2009-10-21,0.541229837703622,0.254601231464981,0.297126580983796,0.3628260368272,0.170308414214206
2009-10-22,0.54104277121247,0.254997205679704,0.297788024693781,0.362681070804358,0.171160068201756
2009-10-23,0.541155094909268,0.256622185157992,0.298956253160902,0.363100698951071,0.166405370795612
2009-10-27,0.545536300164359,0.256459053308533,0.302467832577056,0.370521577724921,0.151469703795103
2009-10-28,0.55441358196215,0.264003708551585,0.291226105287269,0.378394707670926,0.170119941149224
2009-10-29,0.546324022851974,0.259394886379809,0.27748542885899,0.366054494743617,0.16397250400568
2009-10-30,0.55432117501232,0.275019208346474,0.289553077520033,0.370593618681403,0.139728685708776
2009-11-02,0.555349330270283,0.279454706891935,0.287241947508792,0.372625299178728,0.124526314184801
2009-11-04,0.543401540284518,0.245119255182521,0.265496946472317,0.364485664187414,0.127855615503952
2009-11-05,0.540637261316941,0.246605164580727,0.272639675772021,0.363417383731448,0.128803821383873
2009-11-06,0.53709969455701,0.241029193078898,0.262854114459782,0.356868630983134,0.132893173396434
2009-11-09,0.534757297687154,0.241801387759697,0.26332083847287,0.355087706617731,0.132954765797832
2009-11-10,0.532688547441919,0.242335174882249,0.264058983157144,0.353205948319468,0.134137493978967
2009-11-11,0.532327190666442,0.242664457195841,0.264545712676595,0.352410997846186,0.134019861870955
2009-11-12,0.527561151568396,0.243103938390136,0.263893934480501,0.347515749780444,0.133618312083946
2009-11-13,0.526040200806236,0.243301054990521,0.262807651973169,0.34674666018416,0.133525385539988
2009-11-17,0.526278275443631,0.242272198632218,0.26296130377385,0.346189287006215,0.134391344311098
2009-11-18,0.535291922158415,0.228803720601385,0.272859594956357,0.365875105137541,0.154262487777089
2009-11-19,0.533268288140019,0.226410455594036,0.275351171850442,0.360354424955599,0.153475939145182
2009-11-20,0.528845900111045,0.219807100346472,0.277325531641096,0.36080247745045,0.147814720108598
2009-11-24,0.528819256516816,0.221570075154267,0.277676765615667,0.359930531771126,0.148322449275865
2009-11-25,0.523238232691002,0.236814796602915,0.288783111370933,0.338877308661067,0.125152011769566
2009-11-30,0.526187677537211,0.239648210046074,0.290325945633358,0.342250602484438,0.128429712268302
2009-12-01,0.547949803516792,0.255304290249488,0.331643431220333,0.374315414756725,0.150333916845266
2009-12-02,0.550177493243066,0.26449220478919,0.334354588659336,0.378999084040672,0.156265817163998
2009-12-03,0.551036219308001,0.265634425259591,0.337931665130066,0.381456833904087,0.15540408199305
2009-12-04,0.547767706878169,0.24940689970488,0.334537839059981,0.379961811614417,0.155432587922005
2009-12-07,0.542226647777298,0.250670036716805,0.336464927260875,0.369588038007163,0.158909142405238
2009-12-08,0.538792932685049,0.252286621129694,0.336766166594978,0.369246391356888,0.157462471476148
2009-12-09,0.541397164317586,0.253496962874515,0.337463389014104,0.365355834964659,0.164409236013387
2009-12-10,0.547359661892726,0.262565140525024,0.331133880269324,0.366632429392644,0.158965488278536
2009-12-11,0.545959011775087,0.258128978766812,0.331969799227245,0.362796423310764,0.159941778825387
2009-12-14,0.542850977625697,0.25206459621473,0.331303659029265,0.359697439092957,0.158854877092777
2009-12-15,0.545074030392391,0.249792157413215,0.333167113477418,0.355258417779009,0.166263827804655
2009-12-16,0.547111165941203,0.2508557901595,0.332106180906157,0.354638316966548,0.170096914835199
2009-12-17,0.547847819287072,0.24766488296506,0.332108271989738,0.349801633842427,0.169201768369508
2009-12-18,0.554804720952738,0.246939862119907,0.343734119749359,0.345512043793843,0.194331811152699
2009-12-21,0.557495371097644,0.248023183257658,0.341053816867412,0.349914319391463,0.181945560322291
2009-12-22,0.552241361098257,0.248744918926981,0.340108729133847,0.34623051330651,0.18215321069073
2009-12-28,0.534073451556844,0.215751125899279,0.322286037973584,0.302849608476044,0.173156445296077
2009-12-29,0.55002960330427,0.25818894340253,0.358838922075956,0.329267168631615,0.193998391355602
2009-12-30,0.549202475207469,0.25810978374559,0.353518916010897,0.330496235429267,0.191983935821155
2010-01-04,0.546044543040566,0.250378826835497,0.356235302419817,0.332352538340451,0.189858407541019
2010-01-05,0.535715482955934,0.247270415536423,0.351618151509808,0.328914586457841,0.186016713655805
2010-01-06,0.53762998266557,0.247988588305015,0.347294176539136,0.33376357592639,0.18717002724677
2010-01-07,0.533380183324331,0.246079627596224,0.340023280575833,0.330418798980548,0.186391367826496
2010-01-08,0.535559847957652,0.250241809327813,0.351274546352305,0.337425782098221,0.177901956957494
2010-01-12,0.535178882457274,0.249884042585665,0.350258496722206,0.337024096696552,0.177364988702847
2010-01-13,0.529774372788632,0.256343132041431,0.348310977494452,0.326409589555984,0.151271363636104
2010-01-14,0.550912894305891,0.275508996472128,0.37119149668118,0.345982557912279,0.124348963155632
2010-01-15,0.547554459826361,0.282482112138646,0.374461209775647,0.350417906766115,0.125877505276046
2010-01-19,0.546346864393327,0.282769203568612,0.373348085714364,0.349746068090748,0.121139482880712
2010-01-20,0.545580662969394,0.269968636327058,0.37384455156584,0.34966799948815,0.126039111260294
2010-01-21,0.559002654825404,0.270345900228509,0.362839140232841,0.362106136225574,0.148744445258813
2010-01-22,0.547813867439503,0.27027144202982,0.36236145159996,0.34896629339965,0.141850574672853
2010-01-25,0.54880952321432,0.276238409869331,0.364158907386541,0.352847589177796,0.150764604184222
2010-01-26,0.549942131610452,0.279119579499951,0.367260794489288,0.354106050165078,0.148025725994832
2010-01-27,0.562771656083747,0.294279745335754,0.385325805511935,0.380419268457544,0.1522916791551
2010-01-28,0.562744389641759,0.296735727951428,0.387320445933783,0.384159072398668,0.149100786301234
2010-01-29,0.559560621030063,0.296274219585781,0.386137177423563,0.38024801640037,0.146072801947653
2010-02-01,0.557513681688493,0.294241905200053,0.378097146293181,0.379654221785162,0.146297910154391
2010-02-02,0.548461368961089,0.292431580758376,0.373344110411403,0.380141856273332,0.130544102809036
2010-02-03,0.547726418142772,0.288620037962734,0.372924716404288,0.379678526904692,0.127855065750338
2010-02-04,0.559654309833983,0.287660807799853,0.381175472180343,0.393468494052434,0.117235214084818
2010-02-05,0.555713932639163,0.288105177240713,0.380240992343962,0.392959960945322,0.118030942823021
2010-02-08,0.565201551462099,0.30790309348874,0.397150326606784,0.407367067476952,0.115315840133682
2010-02-09,0.564467115921493,0.307576736820079,0.396022493778568,0.405867385934154,0.11590935881667
2010-02-10,0.564204843553452,0.306529333267433,0.396087213623505,0.404441407691509,0.118237589637616
2010-02-12,0.564499252978022,0.306552738429666,0.393480216690056,0.39915111673703,0.116106630230766
2010-02-22,0.567776194219973,0.311574305892374,0.398188918886773,0.401831610271157,0.119873819849254
2010-02-23,0.565068071777512,0.295060344599806,0.386128267888933,0.400859240626956,0.106978235119053
2010-02-24,0.55714786366884,0.296166036063089,0.384436534444372,0.393706404380949,0.111296044811436
2010-02-25,0.546776469673907,0.282173496470215,0.372366341023796,0.382424153793513,0.116788512301206
2010-02-26,0.540637613453792,0.273392223780379,0.354582905310732,0.374602428281313,0.114323363341975
2010-03-02,0.536679657540176,0.273085543221089,0.353052911858678,0.373735962835598,0.114282245105032
2010-03-03,0.538212474375344,0.275682194283942,0.355687820023627,0.375548559600182,0.119011606508089
2010-03-04,0.535684342746557,0.276240642079828,0.356327984870722,0.376113024765797,0.118668112860298
2010-03-05,0.545151480335422,0.288144102143501,0.353454135960064,0.379294701883255,0.110636450855477
2010-03-08,0.544290962865521,0.286839480552711,0.353162687961261,0.378641131862921,0.112176568005024
2010-03-09,0.545206481577995,0.291575787076535,0.356543387210685,0.381412415530974,0.111628869107847
2010-03-10,0.544219939767613,0.290417042028565,0.355709675452702,0.380847956772347,0.112080187092185
2010-03-11,0.543022015702814,0.290279643302256,0.354352085984692,0.373073756339026,0.109539587900538
2010-03-12,0.542533108379091,0.289774303648154,0.35341965189917,0.372234162384371,0.10981423752636
2010-03-15,0.539851886169387,0.280360816508241,0.346739406642244,0.365990756874663,0.110622113297993
2010-03-16,0.541899979614671,0.279276105197051,0.352431468319378,0.366808836840012,0.110541261060533
2010-03-17,0.539210226588942,0.277354226201288,0.350881183078655,0.368443865473858,0.114473098654438
2010-03-18,0.551325563666144,0.289347493626379,0.373990687323922,0.377158514398,0.124506511476988
2010-03-19,0.550868123793766,0.28926634416092,0.373483034471533,0.376624390073508,0.1247120729871
2010-03-23,0.549971765651269,0.291921499215775,0.375029041891141,0.375293011965167,0.118650169353097
2010-03-24,0.548030984100442,0.293506568579169,0.375085840315679,0.376115137295774,0.10908582713783
2010-03-25,0.547478228114244,0.293473991327798,0.374187769471136,0.372387173190401,0.10812534739188
2010-03-26,0.553009269768328,0.290424137119051,0.364979564763359,0.368328097384244,0.11152723275353
2010-03-29,0.55908994335366,0.304286427179481,0.367971850842728,0.374302274563358,0.110761124082903
2010-03-30,0.561086513446505,0.295012321564449,0.351584139167686,0.385904236430947,0.122662316871385
2010-03-31,0.560084889903969,0.294497216990844,0.351164708470535,0.3851307762018,0.122558215683805
2010-04-01,0.561117338274381,0.294662816932164,0.352890614499538,0.386290727976977,0.125917595499488
2010-04-07,0.566803965327576,0.305584038460305,0.364764946075825,0.398601539307319,0.136420830218045
2010-04-08,0.558013763591186,0.305081629984392,0.363759475385199,0.392531650990563,0.136151279304142
2010-04-09,0.557524019450862,0.312800398077085,0.357142574365374,0.396686689889815,0.131333360220302
2010-04-12,0.56081427022282,0.313340595450448,0.34884640674533,0.396414432549825,0.138175796830841
2010-04-13,0.560795376182035,0.310305921094668,0.351536335350259,0.394079784755549,0.136923506406225
2010-04-14,0.555165523884291,0.296959838398088,0.348917806902907,0.388407460326835,0.135976657301939
2010-04-15,0.554495494710168,0.297010338003743,0.345385378679636,0.383364779814461,0.135988846975098
2010-04-16,0.553723742169907,0.29582844530397,0.344107509187809,0.382570703349493,0.135849595813509
2010-04-19,0.560726453556131,0.310841761968654,0.348887446009309,0.383625881687339,0.162249741006426
2010-04-20,0.584707487312899,0.35709191032236,0.399521487455138,0.418990902823318,0.121895606785854
2010-04-21,0.5813642434285,0.356271254854676,0.397155095003405,0.416670953394948,0.12112891981661
2010-04-22,0.569927487978975,0.366661920021527,0.407816848482709,0.405913922238285,0.11775979223641
2010-04-23,0.569557243166532,0.370957879137866,0.40894475892832,0.400103922394343,0.115995767924266
2010-04-26,0.569215112777932,0.37077574615092,0.408254690911225,0.397826471187892,0.112245822407234
2010-04-27,0.556866088500236,0.355600209063008,0.402272333898031,0.394350933193589,0.114457209044906
2010-04-28,0.56570125589917,0.346817991671157,0.400011364904524,0.396289006727653,0.156175517937918
2010-04-30,0.562228229979351,0.341760216710764,0.398698743349923,0.386576666047538,0.154616367525648
2010-05-06,0.554502665561611,0.333314749603017,0.392934901200605,0.369819376013372,0.157073997178687
2010-05-07,0.607577667825074,0.38207167062508,0.462246141743031,0.451982247633863,0.279276206166315
2010-05-10,0.608725009898975,0.39141954366796,0.469243584903423,0.452023278066768,0.283152373948399
2010-05-11,0.604011438250681,0.390587820119991,0.466260905668833,0.44974194579809,0.280097015270159
2010-05-12,0.606303321905763,0.393389450460763,0.465494024112695,0.450559079176289,0.27880540854808
2010-05-13,0.605388180189295,0.391971496152681,0.463066111234745,0.449475898063892,0.277843621735016
2010-05-14,0.606123342576054,0.399478523462183,0.470136863846593,0.441548312035984,0.267424412243194
2010-05-17,0.605143391436349,0.399223026793672,0.468301311760653,0.440881759996294,0.267702571435723
2010-05-18,0.612615228223841,0.416285431025498,0.496923529915768,0.435872715661871,0.254104191356406
2010-05-19,0.613137907958715,0.414157194916145,0.49158646003007,0.435269106741623,0.246892985432854
2010-05-20,0.609301309969983,0.413027208248624,0.489732967459491,0.428896814284278,0.246102228298912
2010-05-24,0.607900832365082,0.415129644451161,0.490905098847138,0.429719623303644,0.252170491508685
2010-05-25,0.599834077131123,0.35757271462564,0.481201034650793,0.399745522345153,0.246116992141586
2010-05-26,0.599948592146265,0.365018637630193,0.485016482655834,0.406394504629462,0.244342286452092
2010-05-27,0.598185070367848,0.364160481658097,0.481933925184985,0.403764301132976,0.242994997776582
2010-06-01,0.598589361247271,0.365379845009781,0.48240691113356,0.405491406714478,0.246915759409669
2010-06-03,0.587336481563241,0.353589492986072,0.458242253628829,0.408165227610225,0.263702148640513
2010-06-04,0.581364817892356,0.346701416954768,0.449464990184984,0.395304117687351,0.256456277519844
2010-06-07,0.580570675739582,0.346006370745622,0.448123652823728,0.39442649835759,0.252184506150682
2010-06-08,0.58351222490918,0.353491559786828,0.451598400712128,0.39937166905009,0.25440561758448
2010-06-09,0.582488410773667,0.352787272835986,0.449740770135974,0.398467214005442,0.253151819484466
2010-06-10,0.581469309582943,0.339814286361289,0.441030260166209,0.393245813478745,0.245337533795165
2010-06-11,0.580142113084094,0.335962816192816,0.438571890744104,0.387521943061079,0.235979425502219
2010-06-17,0.578364299857347,0.335124562224725,0.436161733568471,0.386991908725711,0.235137996355982
2010-06-18,0.57289946678685,0.325814462259311,0.427064427446729,0.380920620677765,0.230474430087637
2010-06-21,0.563219662720101,0.324308996523137,0.422123060655715,0.381102333539021,0.227994345453762
2010-06-22,0.576242605010041,0.337818174042894,0.431629395141522,0.3929924214142,0.220378180587283
2010-06-23,0.57503559792289,0.336053741818333,0.429906512115353,0.391798456691476,0.218020434887686
2010-06-24,0.573420836040383,0.337697171969484,0.429361574026398,0.390941927693892,0.21781846698695
2010-06-25,0.572412772345428,0.337116661873964,0.426716941684699,0.389778213591036,0.216460655995023
2010-06-28,0.571897386166304,0.337864640581582,0.426436838217643,0.38849683191956,0.215006030715354
2010-06-29,0.570198774535597,0.338154921006729,0.42449743994677,0.384597894865665,0.214720582404726
2010-06-30,0.589535766465832,0.347274951973859,0.440002921881977,0.401007730770824,0.262094067169082
2010-07-02,0.589810131187247,0.351160323914966,0.440552876809522,0.398543270458251,0.263690802959404
2010-07-06,0.589337704850552,0.351897564463603,0.439301284132352,0.396444654809969,0.263713562492513
2010-07-07,0.589996767047826,0.354279224206917,0.440130603555401,0.398258106831841,0.263561296868937
2010-07-08,0.58382181320297,0.351910978941007,0.436561687765507,0.39635208404141,0.261898269066065
2010-07-09,0.580177657807141,0.343092216520865,0.429906743607608,0.390384269150802,0.259479694018118
2010-07-12,0.586536345943752,0.342767515275931,0.438407707585852,0.394007238660422,0.260887865894044
2010-07-13,0.586145567431783,0.340257329923783,0.438419276131105,0.393750958258669,0.259301034861423
2010-07-14,0.584127463119375,0.339205412962327,0.434732751912279,0.390107579128019,0.245114841217714
2010-07-15,0.584241320767571,0.34127359560544,0.435538842671102,0.391571162358433,0.243339649288298
2010-07-16,0.589981839520564,0.346369001099334,0.435642679228934,0.392526563203814,0.240064821487048
2010-07-21,0.589024914064228,0.339428037578185,0.433104802169997,0.391039187100977,0.232163110127098
2010-07-22,0.589888322429928,0.301490293410222,0.429728360246743,0.333730192505701,0.228479920015078
2010-07-23,0.589776848467469,0.298320557186449,0.421805488644287,0.337006671739246,0.232600619279773
2010-07-26,0.587821011463955,0.2978930510144,0.419404160740275,0.337182324526103,0.232167851743778
2010-07-27,0.586732251869136,0.298709418431261,0.419304087200908,0.335437260336644,0.23285796335772
2010-07-28,0.582827218052684,0.298652107149966,0.418195224909652,0.33316128674528,0.232078102940502
2010-07-29,0.582762003559461,0.31412029498509,0.4168220327659,0.332714333066198,0.220930971429589
2010-07-30,0.581454922618116,0.312108039469163,0.414692633396114,0.333436816149694,0.218501889222064
2010-08-03,0.580923737077721,0.312587632932043,0.41410662106889,0.33397097660805,0.217651745069194
2010-08-04,0.56153741431882,0.307947413292685,0.399013182479729,0.327735890074149,0.210286739098239
2010-08-05,0.561268981506972,0.300600576246819,0.397509529306821,0.324907955673722,0.210353106782491
2010-08-06,0.560187472488202,0.293795657948691,0.397617969196563,0.323521844639384,0.210086241874125
2010-08-10,0.561404184137451,0.291056700704643,0.394256931325258,0.314897797555739,0.203822517791752
2010-08-11,0.567487941211482,0.297524738785338,0.391645873381895,0.320190752711146,0.202366791741765
2010-08-12,0.561218043812232,0.286171311768317,0.380413886550825,0.308550781765046,0.18246903139293
2010-08-13,0.564221230010887,0.289454320433218,0.38762673659047,0.315132276637773,0.184827576739776
2010-08-16,0.559644049992917,0.290192217399698,0.392868707229682,0.318099653610714,0.180525111433421
2010-08-17,0.555356513813196,0.280139137346917,0.38495938645378,0.309119430784977,0.177378759629
2010-08-18,0.554729911900482,0.279113229944153,0.384782278803094,0.307106713095492,0.178335434601131
2010-08-19,0.553812501083428,0.277648030337787,0.383065130399149,0.307436413305229,0.177661862769506
2010-08-20,0.553395846940146,0.281413708406328,0.385417609796842,0.311937112924741,0.164724298207117
2010-08-23,0.55484969871297,0.295985206914169,0.384987585858843,0.316480950988059,0.167670728286528
2010-08-24,0.553728627034752,0.295885790299289,0.384096523081429,0.316394467831605,0.16749652636864
2010-08-25,0.542643226182875,0.290699166967336,0.381067057331373,0.315390304316004,0.160847859403806
2010-08-26,0.538324374872054,0.305422805061076,0.397526274280888,0.308984577437555,0.154747914207436
2010-08-27,0.537294663970639,0.305594493233402,0.395556453633563,0.308727378253368,0.152446661236138
2010-08-30,0.536356026197192,0.305886003131203,0.39437121127653,0.309307719492833,0.153358007683321
2010-08-31,0.540175055800873,0.316949105846139,0.407164682478119,0.318241935319666,0.133044350979748
2010-09-01,0.540069195131777,0.316047135025467,0.407974925258023,0.319570064691365,0.132971115226276
2010-09-02,0.535846306791794,0.311500190162212,0.396717799796646,0.303527301722305,0.115659911494761
2010-09-03,0.541774443592947,0.317066916354729,0.399016222921523,0.303462782794061,0.120682945690712
2010-09-07,0.540280245545507,0.316422780196494,0.397844537433332,0.30220622240829,0.119965582804856
2010-09-08,0.551749712691587,0.322279982232911,0.398570348098874,0.319216758841993,0.106230351337629
2010-09-09,0.545482080379266,0.319835270064417,0.397511295580976,0.317756284347999,0.10583139110769
2010-09-13,0.535957436769165,0.310477996479046,0.38942161276153,0.308432707425305,0.100935611744164
2010-09-14,0.541573727055431,0.32032927424718,0.399126134757879,0.321410728265389,0.112762411009952
2010-09-16,0.541054814302313,0.319848767011379,0.398008318189159,0.320201016508746,0.112899917471254
2010-09-17,0.520864983115981,0.263968332882071,0.388038740201835,0.284564125253081,0.102455754401559
2010-09-27,0.515264117728331,0.262553180066002,0.384390126450057,0.284190486456183,0.102675641209237
2010-09-28,0.519962028694227,0.260067959289048,0.391063026967707,0.29333824280474,0.113184749959435
2010-09-29,0.521520165787217,0.263234758165303,0.391055400622043,0.296146940742847,0.11110244017463
2010-09-30,0.51786746677237,0.263013902822733,0.389326152600904,0.296018467550262,0.111319039154156
2010-10-08,0.510926278129744,0.236608179669014,0.389002820533347,0.286976245878262,0.10463419836943
2010-10-12,0.538290816432639,0.264033974652051,0.406473151454249,0.329494537812443,0.152283520529471
2010-10-13,0.535031447963911,0.219018836304697,0.344982447407401,0.314072910550277,0.154446690400604
2010-10-14,0.535232924941977,0.219651291927719,0.345630718705184,0.315362069230963,0.156204359630815
2010-10-15,0.534665494821287,0.223002939912663,0.34694954154282,0.313825002562271,0.153949553861844
2010-10-18,0.51686972031013,0.207153873741601,0.341805322254013,0.313413818700162,0.153404078434935
2010-10-19,0.51690888275675,0.2079879137218,0.342131635154437,0.314875187930426,0.150213889552147
2010-10-20,0.521152195766497,0.21011171517647,0.329019233097157,0.31673502639223,0.128653670257673
2010-10-21,0.51909724093297,0.208597446891903,0.328237296987788,0.315959276968871,0.128287592876705
2010-10-22,0.516875571379181,0.209551424281433,0.326802232694741,0.317924647108772,0.127676896806573
2010-10-25,0.516904205682719,0.209398458139526,0.321503105464803,0.316817488297085,0.127259065910709
2010-10-26,0.515504116015283,0.20238113299414,0.33158599185938,0.317481349400167,0.128111975724298
2010-10-27,0.515490125590357,0.203697429079662,0.330862056299946,0.317971667788801,0.128246901669364
2010-10-28,0.522062942488222,0.203306872496205,0.334475792827502,0.328816946153324,0.131861993973619
2010-10-29,0.521593514876021,0.204358287054416,0.334297955835377,0.32836805182092,0.131726459234866
2010-11-01,0.522080422095913,0.20764484881142,0.334830255331549,0.3258040605907,0.132136020844912
2010-11-02,0.539221461161386,0.195857333865089,0.355018868578613,0.350140748175555,0.130596280768944
2010-11-04,0.538648334339471,0.196754889164761,0.354143632789371,0.348337806816216,0.12749165386075
2010-11-08,0.538736886140046,0.211011426896795,0.361041026283665,0.355595899007417,0.149448023591612
2010-11-09,0.546136664177952,0.247537325142195,0.355143422682831,0.376778118227118,0.14893784756944
2010-11-10,0.54730884017844,0.248882367586198,0.352792520062131,0.373215739935916,0.152778842203152
2010-11-11,0.54798491487297,0.244518918932418,0.344751393726868,0.374637010849642,0.150529376747263
2010-11-12,0.549132202463686,0.245306336173764,0.306768472389592,0.37367991429236,0.145665181540784
2010-11-15,0.559289591232402,0.263912016661179,0.290729177166337,0.399466843472635,0.186811537609566
2010-11-16,0.55409470112172,0.266353717986872,0.290526840759391,0.394673387404153,0.184916992335192
2010-11-18,0.560327225414446,0.266238903135988,0.299470039480176,0.403087896627734,0.217574525881921
2010-11-19,0.559966375005461,0.255234986531545,0.289635458901206,0.401359929271342,0.207318031093687
2010-11-22,0.55837865890952,0.255316568638449,0.291309722723024,0.39629405056902,0.206963165482665
2010-11-24,0.557751180463699,0.254518776575665,0.291337761496538,0.395463199167667,0.206293745696731
2010-11-26,0.555752954509452,0.257069164362988,0.294238564522697,0.394285433150633,0.205436995805629
2010-11-29,0.553215960377333,0.257265993504079,0.28914886280123,0.393817791058079,0.201779903193604
2010-11-30,0.54911212200891,0.256158316141586,0.289552433372017,0.392978165665745,0.201216152760944
2010-12-01,0.550727239981785,0.267475622913075,0.284045441177063,0.395099069672014,0.206658319491646
2010-12-02,0.548845390344329,0.267619328033317,0.282599532594074,0.39105280650353,0.200794459783473
2010-12-03,0.549392234566615,0.270656466534884,0.285394433998794,0.391556066365116,0.203210392570665
2010-12-06,0.548361089541654,0.270739491892938,0.28535614556454,0.388994392564314,0.202323452435047
2010-12-07,0.546088015174022,0.270164230395859,0.284595805055587,0.388735110231924,0.200746559867732
2010-12-08,0.546694318930352,0.268669319509982,0.286185445378029,0.388832287213549,0.199684571941355
2010-12-09,0.549000124579497,0.262326188405495,0.288473370902813,0.384114890500193,0.196116480497285
2010-12-10,0.543407708538015,0.257132159977736,0.264465937881957,0.378992694291074,0.190868501656724
2010-12-13,0.540828301613001,0.250116669055437,0.262714644366661,0.366030607856579,0.194095191642863
2010-12-14,0.540369442390147,0.259139478584678,0.268155611207939,0.354146202919796,0.187670520605508
2010-12-15,0.539748478777053,0.259434932833445,0.268503813465688,0.353239446968902,0.187020455945336
2010-12-16,0.535581167509848,0.260025698146068,0.266829903607168,0.3542434513639,0.188805332369645
2010-12-17,0.534833770671468,0.260322230965428,0.268571560173052,0.353690030523198,0.184757229614389
2010-12-21,0.534192673972371,0.260695626836238,0.266438328387285,0.352865845083173,0.184081296338801
2010-12-22,0.533230559111293,0.261928832041142,0.26784309732753,0.34952609812444,0.185066204005793
2010-12-28,0.530278877989259,0.263987815139164,0.267552844371123,0.346970526516262,0.180970747762945
2010-12-29,0.550804366925543,0.272199709019101,0.261639051483198,0.239496661956368,0.172802974927637
2010-12-30,0.54984313897471,0.273587355310709,0.263615381186413,0.242469565112136,0.172339136785645
2011-01-04,0.549344881906085,0.268112317466218,0.264451879235686,0.243347736972689,0.171117158595186
2011-01-05,0.568733765421508,0.293248625400483,0.295185667985415,0.26838924859044,0.194715673532514
2011-01-06,0.567017995315075,0.293568340298949,0.295690492710323,0.268409170249273,0.191718921741163
2011-01-07,0.565900235690957,0.285650291969742,0.296578844984849,0.263782043114819,0.192135254797121
2011-01-11,0.563457282840092,0.285544226669022,0.297581558898753,0.260633196813658,0.189951155044603
2011-01-12,0.559482194188304,0.287386850562278,0.296291389889514,0.266386568887384,0.186652658723998
2011-01-13,0.558382021302415,0.286873832688455,0.297350935230818,0.267013853012415,0.18903982381935
2011-01-14,0.557814489811374,0.2868931750859,0.296591291765468,0.26775731600489,0.187666749256401
2011-01-18,0.55416946907745,0.293361693333618,0.282949705203123,0.271544409742225,0.175741766690782
2011-01-19,0.552915042997093,0.285127826760415,0.293446852996668,0.264600047714029,0.169897611983002
2011-01-20,0.55701706512252,0.286884363884143,0.302754459042731,0.258367256623968,0.14625318268383
2011-01-21,0.569427418159152,0.305310721543178,0.309078198926117,0.284916462490131,0.149028530106067
2011-01-24,0.562256770122339,0.28457987204757,0.279414602749394,0.274513125073261,0.150242215990373
2011-01-25,0.562209457729378,0.281118843491905,0.276117652640013,0.274683138826319,0.145877085808867
2011-01-26,0.56146424521533,0.274545391911505,0.275297529822721,0.275939453898091,0.145851310414969
2011-01-27,0.560581037540097,0.268512439339932,0.281793327134441,0.283741774297701,0.14905766169701
2011-01-28,0.554431025964635,0.273065515463863,0.282750152963444,0.281929106126395,0.150448505407919
2011-01-31,0.551581202223634,0.269965990550911,0.282354711287689,0.282265194248878,0.140127574136473
2011-02-01,0.53985187034498,0.255566998553413,0.253065381869827,0.251181978629303,0.145977591073818
2011-02-09,0.53947571851213,0.256177918067904,0.253741244502734,0.252023596885968,0.146476277722149
2011-02-10,0.541010229965809,0.223129680022951,0.260303196921631,0.258678455260128,0.139254583361841
2011-02-14,0.502398352120249,0.22095232629459,0.232292028765158,0.23129327452371,0.138302278730399
2011-02-15,0.517671511433495,0.231990991109912,0.233619268047508,0.227704586675264,0.150450158378407
2011-02-16,0.515459845133614,0.232471627856079,0.234367418028502,0.227593489474839,0.150080927634481
2011-02-17,0.517354934338116,0.234657480036035,0.226752239272753,0.230596610337568,0.152870756631775
2011-02-18,0.516750125175086,0.235195584341794,0.226731962698989,0.230820239918778,0.152665250919925
2011-02-22,0.504765630661282,0.235278866896281,0.210698007854477,0.23035849245317,0.150964257387789
2011-02-23,0.513651147619797,0.249533933959518,0.229354777294541,0.252454583375497,0.17561459928407
2011-02-24,0.512619533660753,0.247806900719156,0.229320881891384,0.251500660107881,0.173575376672368
2011-02-25,0.504233593272729,0.241782171862779,0.22731282640622,0.246306674238697,0.172194042572015
2011-02-28,0.498860023039546,0.241713959735977,0.227659881152862,0.242740197231862,0.170515099231731
2011-03-02,0.502287885860887,0.246270011813306,0.217724093242018,0.238927017725173,0.173035234879087
2011-03-03,0.497243428157139,0.241906001950195,0.216995181790599,0.240480323283641,0.166203847768372
2011-03-04,0.496202285634027,0.239090277984632,0.206714286717296,0.240026740233683,0.157957659531577
2011-03-07,0.501638367626638,0.246962136717878,0.220519263340219,0.247647040747493,0.147624922744449
2011-03-08,0.489692892423208,0.214528958727602,0.201741016796132,0.247610489368583,0.131921282478366
2011-03-09,0.48620532944221,0.215318012035568,0.202998119782242,0.247133904748099,0.13208720602585
2011-03-10,0.486262730197226,0.215995159139577,0.204183713153991,0.247391864812914,0.131891327168498
2011-03-11,0.490730904226252,0.231969638427323,0.2150744473572,0.254782768572326,0.155779350930825
2011-03-14,0.494627524504313,0.240178232878634,0.222543798467922,0.261717588695982,0.150873729568698
2011-03-15,0.494720853093969,0.207933207498838,0.223601089689363,0.26137022529821,0.149675118052584
2011-03-16,0.507510910159294,0.241519225294888,0.245781872109398,0.28802087174719,0.16240660161215
2011-03-17,0.505062661242741,0.250334843529887,0.256770584606957,0.29306436096269,0.138132684203856
2011-03-18,0.512037171377614,0.252235400974305,0.255851323354287,0.299583035277182,0.125788545748331
2011-03-22,0.511741788369551,0.253476871625443,0.257726466235258,0.298796798740631,0.126483044585222
2011-03-23,0.509310141054717,0.25581506483529,0.260656515793682,0.299929876108149,0.129245456101778
2011-03-24,0.505690225406242,0.25103934221597,0.259170563105792,0.302947949927095,0.13041684533625
2011-03-25,0.505243003525705,0.251297315747973,0.25767807017656,0.302112190171924,0.129249724564534
2011-03-28,0.508873755357971,0.25277903695084,0.263114034724787,0.307496546028821,0.130916758321749
2011-03-29,0.507735413081452,0.252553378558634,0.263672799671561,0.306385266306995,0.130060760681153
2011-03-30,0.50616599754478,0.25250178709223,0.256610972982757,0.305624578738442,0.122681487829319
2011-03-31,0.499884460314649,0.250967689134957,0.255469457523018,0.302246786261074,0.121692102044568
2011-04-01,0.494887600394133,0.248506265626279,0.247624406621131,0.297665630425858,0.124223848234003
2011-04-06,0.501012962820062,0.243541012218653,0.253910229622792,0.30069782784157,0.130258322362267
2011-04-07,0.509822839992938,0.235779028656696,0.255335170109082,0.31345381972614,0.131742804759928
2011-04-08,0.509485404447683,0.236137658746163,0.255257095252956,0.313351149682156,0.130934573218392
2011-04-11,0.51024948494388,0.241021494490104,0.256920064828867,0.315611999283278,0.124906441110121
2011-04-12,0.510631183775175,0.241958155997257,0.25823726718513,0.316692710363163,0.126202712806608
2011-04-13,0.507375530105392,0.242056135623639,0.25584453070173,0.316168950535214,0.126100012383956
2011-04-14,0.509376268444801,0.245198642882235,0.268543051104308,0.324405832784773,0.124488006996594
2011-04-15,0.509958789985455,0.245315317808423,0.265153063436513,0.325263360555218,0.124759841881901
2011-04-18,0.509420582574247,0.244201020398167,0.265341160553526,0.324167634076572,0.125972557506738
2011-04-19,0.505764167137502,0.243752868262561,0.265271118459253,0.322735537027658,0.118869980191447
2011-04-20,0.518495620405557,0.255994216150611,0.276903194320024,0.331339139678837,0.0987313201314749
2011-04-21,0.516443158654134,0.257507310559286,0.275669985587483,0.331114498303356,0.102187797407406
2011-04-26,0.519172972028335,0.260174805356028,0.281840157079087,0.335550069351734,0.106079817014656
2011-04-27,0.508527090909943,0.275986378374438,0.257686011434713,0.345129594467967,0.0722643763537578
2011-04-28,0.509495653897763,0.270811742478904,0.258112829403578,0.342664780753897,0.0694458670644993
2011-05-06,0.510205137529178,0.254423566047916,0.256375537861268,0.33930470705631,0.0648462608255409
2011-05-09,0.509543563294812,0.253879763965639,0.266781837827241,0.343209911732856,0.0801809119814195
2011-05-11,0.509876456561828,0.252330188939842,0.266068412355395,0.343509686935048,0.0816864536213113
2011-05-12,0.508672123044665,0.253803922647489,0.268439796596627,0.344583525347249,0.0804278612773488
2011-05-13,0.5137683458575,0.266727442658683,0.286130218402091,0.356150529214737,0.0729243941796687
2011-05-16,0.516636976661173,0.260147024447186,0.284104027155731,0.360552422456838,0.0624376600632356
2011-05-18,0.520410143486639,0.264897524768362,0.287933802830593,0.363843537092406,0.0695829289589161
2011-05-19,0.519685169584162,0.269713682908627,0.294671273778368,0.362903233267359,0.0774645770563425
2011-05-20,0.51540852591087,0.2712671789301,0.298315734858622,0.357090349280537,0.0770207205660057
2011-05-23,0.515138022427518,0.271417467252797,0.297576916514647,0.356600798388128,0.0777833646925273
2011-05-24,0.543186746374618,0.29996240542808,0.34230955281324,0.389924633925142,0.12456415403257
2011-05-25,0.542482759983897,0.299443961961567,0.341363425787005,0.388888972466105,0.124983049998227
2011-05-26,0.540106036468516,0.302485953548033,0.346144050165155,0.385709456168993,0.121995222721505
2011-05-27,0.537557136243445,0.297305225981352,0.335284640264123,0.384596877999822,0.121088996788454
2011-05-31,0.525260408178024,0.299609510369127,0.331423062320666,0.378843764247389,0.116280948745115
2011-06-01,0.532959119878702,0.311019703781242,0.340940705884114,0.383400745330139,0.130117671596928
2011-06-02,0.532470646873722,0.310610793654754,0.340596965821767,0.382219680442619,0.1240931042354
2011-06-03,0.541046168751008,0.324740381513598,0.348250636742746,0.384227229405977,0.125404573109072
2011-06-07,0.526762290689617,0.318215605288995,0.346423311059753,0.377000588370695,0.116673959862116
2011-06-08,0.523594775728655,0.314223809231428,0.342244103542848,0.366465374208788,0.109216078296375
2011-06-09,0.519835177446147,0.31377618476218,0.339900536259818,0.364188690359085,0.10837146284941
2011-06-10,0.516205285485951,0.30712619462316,0.342686458227889,0.362818723251576,0.0954296464851058
2011-06-13,0.513952144737047,0.306721391793148,0.340052612741337,0.360534268360603,0.0939784889268381
2011-06-14,0.512847694913593,0.306919971916458,0.339548052109553,0.360200990980447,0.0943211503237626
2011-06-15,0.508715297944818,0.313940005774524,0.347164208817686,0.356256423049339,0.106365555062738
2011-06-16,0.51182041202937,0.310292770890449,0.34170633679142,0.355802856159258,0.121162841338558
2011-06-17,0.525072191218181,0.32973761703596,0.3589417359578,0.371971423225844,0.118412750361798
2011-06-20,0.528796405172163,0.332714306011014,0.361594238852625,0.374857650584384,0.116347451665299
2011-06-21,0.529912792695995,0.331382908259009,0.363795363710575,0.370085235411809,0.112055909690949
2011-06-22,0.534027020424128,0.337153835450943,0.369972427239454,0.378252160416956,0.12307246818024
2011-06-23,0.533614635567752,0.333150626468173,0.369068100829088,0.376565980425514,0.122131594993428
2011-06-24,0.519509682224019,0.323349598266941,0.358563399140831,0.372248098934385,0.115236730931806
2011-06-27,0.537066061432587,0.330081317835477,0.377294120811076,0.381573713406538,0.0830757906635256
2011-06-28,0.533074042057779,0.323416550510518,0.371325352650269,0.375553690153607,0.0864521893323961
2011-06-29,0.532703410489883,0.322368411482582,0.370355717441845,0.374827515752963,0.0862766478904426
2011-06-30,0.529791578720813,0.301585108451658,0.349266319291805,0.354218773138125,0.0774726223581639
2011-07-05,0.537092461986369,0.300576165821588,0.349080441523768,0.366094148382205,0.0883962225503044
2011-07-06,0.548543395055628,0.318262990368217,0.377426429695892,0.365356384724746,0.109904960859192
2011-07-07,0.547130151676957,0.314490710697278,0.375818452849669,0.36520889297335,0.109998235078236
2011-07-08,0.545770847958893,0.314544117665918,0.372628909423287,0.361290229541112,0.103542072122049
2011-07-11,0.544233705210725,0.314176658388042,0.371864465609058,0.359559224155976,0.102596243562931
2011-07-12,0.533090057628841,0.311765704467973,0.367911016099448,0.352101377874104,0.0974951267400844
2011-07-13,0.55216616760684,0.329433931785298,0.388673282964819,0.372253067556761,0.104593889716098
2011-07-14,0.556129599894805,0.329517767534163,0.392880427676555,0.374016964487019,0.106965190070669
2011-07-15,0.554937622073491,0.326787438681655,0.391445094693926,0.372710641875653,0.103014890700252
2011-07-19,0.553034307019132,0.32690298436324,0.391450093364499,0.370985254342785,0.104651071871488
2011-07-20,0.550100432090983,0.331840425697173,0.393773942813527,0.364760903309064,0.0973566906141213
2011-07-21,0.548752941971489,0.327607777447339,0.389629994485409,0.359334529174114,0.0978506668237113
2011-07-22,0.546318296620782,0.325597893183008,0.390989500927806,0.351445710191919,0.0799642056893431
2011-07-25,0.539528368253392,0.324490137333752,0.389384556144893,0.347435991562103,0.0804906695889902
2011-07-26,0.531605583350173,0.33570475598455,0.396977746273628,0.345922503379266,0.100583113823019
2011-07-27,0.532292028037474,0.33623852437571,0.397706763593005,0.347063807045944,0.0980334746867728
2011-07-28,0.529818159821289,0.330362115423438,0.397163610314692,0.347392505980989,0.0780488845438685
2011-07-29,0.528505689573612,0.332970026678872,0.3985331593343,0.347582762590461,0.0802772964450236
2011-08-01,0.528599105190998,0.333236493622298,0.397790570696051,0.347271193772551,0.0823851379924377
2011-08-02,0.526581420450668,0.330517435155388,0.391509772990944,0.344999931447408,0.082494549361265
2011-08-03,0.530768503803111,0.33727499354915,0.399116803987215,0.353782036301114,0.104469036507806
2011-08-04,0.5219221218888,0.330433322648905,0.390164066519285,0.346772173349798,0.104464197611404
2011-08-05,0.520100408761402,0.330008779427885,0.380649408440659,0.342973549769417,0.089631098217314
2011-08-08,0.552743196898542,0.374648278158877,0.413381887948285,0.3954827693819,0.0890872288546584
2011-08-10,0.561015164603746,0.393388573094739,0.45069454186099,0.447001850573597,0.188553722667224
2011-08-11,0.535447519713444,0.388865341002317,0.432921386317464,0.434337151769087,0.187732254038817
2011-08-12,0.527854023490387,0.38233725506102,0.432195637075017,0.426738141013206,0.196826257067624
2011-08-16,0.527457209950039,0.380524653243464,0.427982923003025,0.426241023191186,0.19647020003052
2011-08-17,0.526256597890551,0.381303280058481,0.424883932130019,0.422984942069429,0.196977271470996
2011-08-18,0.525416420158337,0.380742502417641,0.422953405531828,0.422023267861052,0.196245137743213
2011-08-19,0.529226863954454,0.387011795809552,0.426846548206078,0.418858069503298,0.213383425759067
2011-08-22,0.532603460581669,0.39229833144973,0.429106921600735,0.423332188114616,0.215701685547065
2011-08-23,0.530056990741759,0.393653132142428,0.430237809232011,0.421870841867166,0.214584800553851
2011-08-24,0.535431797749759,0.397395740734796,0.437709089353137,0.424967530358489,0.225425173879908
2011-08-25,0.535829393765223,0.397865495833212,0.437495966874859,0.425518820401309,0.222135866316104
2011-08-26,0.537283665365947,0.407195914135958,0.429149780734514,0.432983705061818,0.200320580793761
2011-08-29,0.53670738085404,0.405665024823576,0.427518660922011,0.431826881247877,0.198640020692
2011-08-31,0.523801970307358,0.397830109162944,0.410558918167031,0.416183011905829,0.183086277096828
2011-09-01,0.508974841701379,0.392614262373151,0.404271476370828,0.400442582028442,0.181611167790394
2011-09-02,0.508177688081749,0.386582599405638,0.403107541624673,0.400363929103252,0.182741756090109
2011-09-06,0.512480609436761,0.391024726303846,0.403110802155341,0.401952765558136,0.191320023066737
2011-09-07,0.52448490126921,0.421442687054634,0.427226708130845,0.417046753119985,0.19447656381533
2011-09-08,0.529224781972874,0.427718282839177,0.435955636663654,0.424734503631245,0.208619418612978
2011-09-09,0.52984843354966,0.424921800450552,0.432872009758891,0.420217712489578,0.210027731827108
2011-09-14,0.529555380075986,0.423297496617312,0.430996821227119,0.418519061481862,0.207845712239689
2011-09-15,0.522832114252256,0.42267800231781,0.431083195951025,0.417410666080994,0.199274945870869
2011-09-16,0.521557752590349,0.417319297927202,0.428248418621555,0.414723017768146,0.196477789964741
2011-09-20,0.520654000936079,0.413816642657693,0.424288317380767,0.413651647680957,0.195921045567375
2011-09-21,0.527486453607397,0.419017197776891,0.420791322240238,0.411964078507448,0.20097682790656
2011-09-22,0.502696723414408,0.409847108652514,0.4167695885078,0.406147067725077,0.158166892392981
2011-09-26,0.528830346569547,0.423413849414792,0.428682973211475,0.427011408993292,0.185565948257922
2011-09-27,0.536706252316262,0.432603804909554,0.445450982149397,0.437243883707353,0.164613815391739
2011-09-28,0.537496152933843,0.434111817463747,0.447162055407358,0.439021713175655,0.166241663921924
2011-09-30,0.537619150606313,0.431691736593538,0.446191770768139,0.439645900329568,0.171133935925725
2011-10-11,0.541622576679417,0.422760325960216,0.434614577699885,0.441127727040341,0.177232795885789
2011-10-12,0.532629725134698,0.419151680386636,0.431545613896294,0.438126209038033,0.162742899572847
2011-10-13,0.528665581896509,0.402383548910666,0.425775048910937,0.44569982423017,0.16529727037156
2011-10-14,0.529926657091031,0.402806718832895,0.425159357090298,0.443326530586534,0.164041659676864
2011-10-17,0.529835358350801,0.402000290626634,0.423411720647508,0.441358149912468,0.161792037198463
2011-10-18,0.529471211421325,0.400924551298977,0.422850558221793,0.44036856297561,0.158695033367285
2011-10-19,0.5439628046217,0.411020750015585,0.424212047272732,0.451920279584323,0.141305341628993
2011-10-20,0.541873107861799,0.409168794758913,0.422183018605578,0.450661390992368,0.141984997812354
2011-10-21,0.545350067793463,0.414040516190495,0.429747667514856,0.453679901789096,0.138008045365837
2011-10-24,0.544070780923016,0.41263638589054,0.424142660570408,0.449387638964316,0.133187201527016
2011-10-25,0.555844715501852,0.424463144174869,0.434194905276253,0.458940236409827,0.141126563798432
2011-10-27,0.556025652987612,0.411011873125559,0.42803362053378,0.456983466289512,0.12660664273465
2011-10-28,0.558104938482065,0.414282665599662,0.429686099671353,0.458825071477763,0.13889969919853
2011-10-31,0.560119653436265,0.418691893678246,0.427730482146073,0.464460151927961,0.137891835289993
2011-11-01,0.559664149150929,0.417396598719333,0.426748124808378,0.461562272847239,0.138635748928649
2011-11-02,0.55514874406195,0.411369616629067,0.425562845664834,0.454053872177602,0.136871339104937
2011-11-04,0.557891676408498,0.385450144345515,0.418989449446793,0.457718507809929,0.142217240600102
2011-11-08,0.557385279016585,0.388828451094461,0.421004432095055,0.456841916427632,0.1451110560144
2011-11-09,0.557853699706852,0.392563344180673,0.422944973501251,0.450919859621257,0.137854219406199
2011-11-10,0.559325778609536,0.393985038965122,0.421570324455582,0.447210136498579,0.123419724474237
2011-11-11,0.570693433959149,0.40926837369482,0.438971475949522,0.459611772645468,0.117421258182754
2011-11-14,0.569739217679491,0.407928575748559,0.434890471762075,0.458105582957891,0.117310493571114
2011-11-15,0.572619908713937,0.410282460568196,0.440294484053443,0.463267771152814,0.108881716339835
2011-11-16,0.571428712771248,0.4082849768224,0.438536580372472,0.461084452384293,0.109047818712497
2011-11-17,0.57539746312067,0.411586671294666,0.442542832578748,0.453413594075189,0.125406171191943
2011-11-18,0.574680276015326,0.410044842394707,0.439936755356646,0.45144253449478,0.126067263077374
2011-11-21,0.578086739750842,0.416622714302111,0.4463641737622,0.460667386034527,0.125712362110647
2011-11-22,0.576226247934104,0.415157309630527,0.444627459439562,0.457708769497887,0.125509628471108
2011-11-25,0.57537395078808,0.413748343110249,0.443017248780917,0.455099529034482,0.125727456606566
2011-11-28,0.58093816124824,0.421724317725677,0.45008729240692,0.4632084000697,0.140811817084279
2011-11-29,0.578309325073663,0.418305367788577,0.446721890109915,0.458894748331682,0.139964202916731
2011-11-30,0.579326573914163,0.424981224305744,0.451216714663552,0.453425045067246,0.139905659452737
2011-12-01,0.577055978910806,0.419226207798075,0.441231514512132,0.427178036170759,0.0704884488015214
2011-12-02,0.588957410536705,0.429374376412355,0.455466644398932,0.439328167741442,0.0684453628413527
2011-12-05,0.586075041704938,0.424089894331977,0.452990617071218,0.434842840510133,0.0691655532475163
2011-12-06,0.58087099350892,0.417872075645079,0.448842609377685,0.433828269905485,0.0654804099858331
2011-12-07,0.580241667850995,0.416124107486631,0.447867869094425,0.433054388612656,0.0660092358559751
2011-12-08,0.579202481889605,0.41368733046027,0.446756036301872,0.431588641740881,0.0667328948372142
2011-12-09,0.578374843909449,0.412194869542332,0.445434663778736,0.426415597006403,0.0681587910829237
2011-12-12,0.577969195901442,0.413132466660656,0.446073963801287,0.4274121897727,0.0635045468833135
2011-12-13,0.575717449392174,0.400434993127545,0.435714921553086,0.423380905097929,0.0715838123482475
2011-12-14,0.573860867897044,0.407119824094415,0.44407702801926,0.424583257405682,0.080084709759972
2011-12-15,0.573525450109087,0.407043197974023,0.443100079869267,0.425069158122612,0.0857004432916083
2011-12-16,0.578815127754146,0.419498715830713,0.453968159292007,0.435402096792314,0.0820808839384598
2011-12-19,0.581277756127308,0.416080278531944,0.456456172092656,0.439005115041279,0.0842895149314097
2011-12-20,0.580443109409547,0.414479835491529,0.448621477449774,0.436415288310453,0.0865385100598215
2011-12-21,0.579580983795733,0.412476058110425,0.446213576459464,0.435171687523619,0.0825438791140963
2011-12-22,0.563822252400871,0.396354919108204,0.42195037026767,0.407726417683337,0.0820051580884296
2011-12-28,0.563277179626043,0.395348260041588,0.42079278069931,0.407008470567836,0.0813462299256239
2011-12-29,0.558260068789375,0.391882192553053,0.422108038859493,0.405172716968421,0.0835237911497128
2012-01-04,0.55646199287255,0.390009439812679,0.420876166372939,0.404273254817452,0.0845841184106944
2012-01-05,0.549844409165836,0.379850840570772,0.413700440846879,0.39761226473433,0.0831255187327501
2012-01-06,0.544721105660591,0.38292719061965,0.411942198873892,0.394958056623286,0.0816700575971331
2012-01-10,0.536181437574042,0.372464629995903,0.404813875196141,0.393650220516485,0.0802030881499146
2012-01-11,0.541946892661666,0.344895964206553,0.376440952532982,0.357570978961592,0.116295674207472
2012-01-12,0.539497352289989,0.343533069101119,0.376230007428836,0.352718051622307,0.116453604852009
2012-01-13,0.539017479779842,0.342098393068149,0.374390058892536,0.352296007081184,0.116458664131748
2012-01-17,0.533449614319872,0.327718796823156,0.369057213780097,0.329947376457599,0.121063172592016
2012-01-18,0.543316850845876,0.317532138590608,0.373070453215016,0.33694527663815,0.124372630438194
2012-01-19,0.539500199066698,0.307438509147962,0.371562508497982,0.340967004661731,0.112665319100512
2012-01-20,0.542181971315953,0.311954187846456,0.375158638596084,0.343269816100904,0.116009372200581
2012-01-30,0.543316095166637,0.316038210459868,0.378252733739941,0.347072872661771,0.115846862225646
2012-01-31,0.539149576873823,0.312305939956027,0.379427318029792,0.329579668347584,0.118475195695466
2012-02-01,0.53819608888167,0.311947913889557,0.379064821990692,0.329858943505934,0.118189651737038
2012-02-02,0.538204528977443,0.310799097355439,0.376605746710276,0.329629339974474,0.108936583395747
2012-02-03,0.546651357181322,0.316402987638301,0.384171495790312,0.32454803100098,0.108863529546771
2012-02-06,0.545656736032702,0.311895485169864,0.379582009812653,0.32634823781195,0.116210841498939
2012-02-07,0.544998527611872,0.309530252281715,0.378822712091082,0.325053857892374,0.11628539380135
2012-02-08,0.54187757564314,0.309697905353394,0.370997380073103,0.314168158793831,0.113620872646388
2012-02-09,0.550947101199816,0.321742542814595,0.380242626403986,0.323919438827075,0.115404097364678
2012-02-10,0.550335159055924,0.321060928168912,0.379205872479531,0.323716728555492,0.115543530773293
2012-02-13,0.546203658690782,0.31913750113962,0.375523869151626,0.321509083644752,0.114217400728204
2012-02-14,0.545152825163564,0.318018351328827,0.374073906417295,0.320546420227106,0.1136927464407
2012-02-15,0.544279220519633,0.315492424953426,0.373653722735783,0.319012026390878,0.11434091886582
2012-02-16,0.54498396717026,0.321007423158819,0.377379091270456,0.323509123961647,0.107237112176978
2012-02-17,0.545104193962991,0.321228028315999,0.377072957794703,0.324290291326354,0.100845452715281
2012-02-21,0.542436862302018,0.317189068932325,0.373128788399143,0.32257889142005,0.101070717992717
2012-02-22,0.53930088485407,0.320654297337858,0.371137311215161,0.327851060275246,0.100965134983643
2012-02-23,0.539163416743548,0.324393046948619,0.3707025570466,0.314123138488246,0.0960238142238675
2012-02-24,0.535140706526158,0.324284591144457,0.365189452552924,0.309489478284144,0.0972309898025369
2012-02-27,0.532509243411427,0.326535671276484,0.368166168540359,0.311337366137814,0.0985723751028823
2012-02-28,0.526983838985621,0.32526531161595,0.358605492377371,0.304696912973542,0.0990900643599511
2012-02-29,0.521904263456627,0.324738194412921,0.358263109727215,0.304855850898188,0.0999825266863178
2012-03-02,0.514847947117479,0.323584502024464,0.34068865729514,0.293483521051868,0.10836546784596
2012-03-05,0.502715703445535,0.326774412870928,0.339966120270317,0.290647470746653,0.112236082834563
2012-03-06,0.505196471756629,0.330159714963071,0.343464721742677,0.291106521688662,0.116917924747338
2012-03-07,0.51786415642512,0.336499746602697,0.350638128983998,0.3145007957615,0.149313622446543
2012-03-08,0.519980886027267,0.339181568395692,0.354033054613746,0.317603750251251,0.143419224166855
2012-03-09,0.524912565455177,0.34984325226419,0.359562498604633,0.329194831812971,0.15294648812502
2012-03-12,0.527151385401968,0.354970813468786,0.363084085443895,0.326002487655218,0.154780829089898
2012-03-13,0.526346539030922,0.35458428219097,0.362708595166263,0.325639524143235,0.154573016576986
2012-03-14,0.529383331062133,0.352649705134745,0.368055678507685,0.329802155009318,0.168855732813299
2012-03-15,0.515910758385281,0.298846720845153,0.326158072869016,0.281633478113593,0.168240770732692
2012-03-16,0.513606260675271,0.293543877837281,0.326039015237341,0.281782757588782,0.163163460538878
2012-03-21,0.507770738616155,0.291490569917441,0.317078585550866,0.273224641346405,0.162263362071226
2012-03-22,0.513971316373157,0.294665553913528,0.319693479764345,0.274625227058786,0.163188439041371
2012-03-23,0.513566742686624,0.293918218928152,0.319647744475016,0.274505907087858,0.162953493563425
2012-03-26,0.518852624140561,0.303189693818296,0.318018922320459,0.269432811818953,0.158390348488247
2012-03-27,0.518622324833261,0.302912081541596,0.317312961179718,0.269086274748421,0.155655761128225
2012-03-28,0.508032244196279,0.289647158536229,0.312538970156006,0.262219550495397,0.155842023732848
2012-03-29,0.509353826355347,0.29716268696583,0.316327881919705,0.263606983779681,0.168918642792304
2012-03-30,0.516748575137842,0.302275289851381,0.32591670778917,0.270070657641959,0.170944317450268
2012-04-05,0.514963430464939,0.300308318252085,0.325184222476122,0.272062265323909,0.171677910333322
2012-04-10,0.511374187663293,0.239826025042237,0.333350444308635,0.252974797375652,0.151386390087907
2012-04-12,0.50630742537314,0.235010210527094,0.321437936243549,0.253302960321451,0.135065705802441
2012-04-13,0.49680975371525,0.23036095542376,0.308795557687653,0.246788806689313,0.156627332990168
2012-04-16,0.493530288511981,0.232116882572249,0.309486465285878,0.248243784996453,0.153034051333849
2012-04-17,0.493483514535357,0.23192664325002,0.308821082879413,0.248764449234691,0.15282072513768
2012-04-18,0.493999526539709,0.232430919750446,0.311406836047899,0.251261796858696,0.141593503407892
2012-04-19,0.501353201119524,0.251313731195737,0.323456381666972,0.258766922367836,0.133263511120819
2012-04-20,0.498004807333649,0.251718423066966,0.323404461187744,0.258871438533331,0.133502568231693
2012-04-23,0.495838311695639,0.248211109164439,0.301657078689431,0.24938838263839,0.133131770989406
2012-04-24,0.498280005354869,0.249355730798198,0.302168997282733,0.257524301813677,0.138067161626659
2012-04-25,0.498183645414266,0.249174434915917,0.301716723767431,0.257673461033729,0.137842727730476
2012-04-26,0.495732842313711,0.253150935919283,0.300148008263813,0.259083663688031,0.14479779410267
2012-04-27,0.493601265716275,0.253487615115311,0.300134577334543,0.259639764687593,0.143736507234718
2012-05-02,0.494380428724836,0.254976091818213,0.296784427224412,0.260293368243408,0.142816108190697
2012-05-07,0.514342072111272,0.224782956919473,0.314910558620452,0.277180666589341,0.137850062547733
2012-05-08,0.472893249629593,0.205771782801364,0.288985153680925,0.230503598000358,0.118502525141708
2012-05-09,0.473316440130994,0.205774566184971,0.288053868245392,0.231007426535471,0.119056081915546
2012-05-10,0.475609607053969,0.221319707992707,0.298862825765446,0.245890445481972,0.128185895610594
2012-05-11,0.475313105303868,0.221684616991932,0.29864104836108,0.24659425997497,0.128204104374191
2012-05-14,0.478595169845295,0.224993668349388,0.30455130952754,0.250384016914185,0.130450845137008
2012-05-15,0.481480498379247,0.224419277115422,0.305376827596308,0.255191536933778,0.136828267370646
2012-05-16,0.479206900192267,0.226387029304529,0.306520687353698,0.254242725448793,0.138172411272502
2012-05-17,0.492324815518825,0.237227305808377,0.329196974781705,0.272137713344212,0.143719515577941
2012-05-18,0.48435422329265,0.244154660689105,0.328107552955691,0.264836021315871,0.115832489131582
2012-05-22,0.490654895951302,0.272129018910994,0.352305681851792,0.283547778492628,0.126019363549427
2012-05-23,0.490500789804744,0.279295772805453,0.36347982078417,0.296212449376269,0.141521445986101
2012-05-24,0.491915663069105,0.282181736549554,0.364626819394581,0.299048866046976,0.14085233722706
2012-05-25,0.493349454132144,0.281730619817726,0.362480576907795,0.299080284446628,0.140137317158317
2012-05-29,0.490784229953395,0.280209402240287,0.358148709553791,0.300283552334067,0.141898101326194
2012-05-30,0.504249799296103,0.286094192980445,0.368002050189262,0.313704703602448,0.163943848228879
2012-05-31,0.501652095659279,0.286422507804147,0.367660779488952,0.314285847274714,0.164658044017277
2012-06-01,0.50217942857997,0.289423135047819,0.366988011729177,0.315839991206524,0.165477657684272
2012-06-07,0.501797725287219,0.287408141161941,0.365942834215872,0.313686774660174,0.158492514798273
2012-06-08,0.45987250238533,0.20851775573869,0.327844802222683,0.281341532468646,0.0785613747622028
2012-06-11,0.461650557243786,0.21279226957718,0.329161863569125,0.283873756727402,0.0770188236483486
2012-06-12,0.467418161981072,0.221175641950764,0.335835349458575,0.293360531009136,0.0696461618655185
2012-06-13,0.468742698204654,0.224965931637875,0.337720698823234,0.291321867869277,0.0656760053066094
2012-06-14,0.471767050898022,0.227806822156228,0.337391591795715,0.285637022506524,0.0602966107241764
2012-06-15,0.476145011997428,0.22930576959525,0.331093551556986,0.28902831883468,0.0543774617997096
2012-06-18,0.475275694488535,0.229479691419875,0.327300279699599,0.291330645765598,0.057662678360764
2012-06-19,0.476334689812508,0.232044928254545,0.32772708613105,0.292523558264052,0.0585110019809532
2012-06-20,0.476236868366905,0.235494795881944,0.327158297147921,0.287603205096455,0.0542026025415167
2012-06-21,0.474680908122924,0.232313925701327,0.324450175671591,0.285781453261335,0.055637547870712
2012-06-25,0.482492944253038,0.222535245156466,0.330781926082705,0.296257820173052,0.0833355917471278
2012-06-26,0.494870877662053,0.233549572723934,0.356882401864954,0.302370291297353,0.0937818026332452
2012-06-27,0.494369181942545,0.234117602533598,0.356491839641229,0.302582749702439,0.0937308890517297
2012-06-28,0.491023540121469,0.232745892907558,0.355977439490283,0.295591363981804,0.0921755572892562
2012-06-29,0.494200391417809,0.217338711483431,0.353744143242845,0.292999483947976,0.0944607878012808
2012-07-03,0.504268606340523,0.229529905736763,0.36482152231458,0.304392457854743,0.119094686469889
2012-07-05,0.502478627998299,0.230438813987564,0.364373122905332,0.297296751444516,0.119737365193905
2012-07-06,0.495647268082309,0.228571916561338,0.357421690041206,0.284559399298842,0.12413552303396
2012-07-09,0.492881537722447,0.221430691862747,0.346802805596371,0.285345501682221,0.115085607046001
2012-07-10,0.510322302613187,0.245306945855706,0.3592203930175,0.312953171465316,0.116976583363113
2012-07-11,0.510414069084607,0.246573873593173,0.359260876073835,0.308040425745503,0.118839943715459
2012-07-12,0.510083944177775,0.246094437017647,0.357564263625567,0.310020734921723,0.118493271885433
2012-07-13,0.494421359417474,0.237261694543106,0.34069454024187,0.306901641274134,0.11592439347543
2012-07-17,0.494328119086362,0.237733797563645,0.337826406605985,0.306064196865869,0.114310157677573
2012-07-18,0.46948665709325,0.233750135310727,0.331276735138328,0.297068778042166,0.109056531493279
2012-07-19,0.464589871001426,0.232629467818622,0.324026668296107,0.297185798705705,0.11093352963024
2012-07-20,0.468757105435187,0.237062207922316,0.3289696091219,0.299021418895247,0.112242913719229
2012-07-23,0.465396868958319,0.246006681769171,0.328077017083606,0.30205388791479,0.120622193694718
2012-07-24,0.479277639752061,0.264325897947594,0.341320829995913,0.314187931115403,0.13274575839031
2012-07-25,0.47731523160129,0.263744458894219,0.341185665343703,0.31481076045418,0.129550896421689
2012-07-26,0.477571685008112,0.268222459894651,0.344110200779227,0.316486278770274,0.129924970347404
2012-07-27,0.477056136985249,0.263457415447703,0.339714513349767,0.312971446137136,0.118279132182066
2012-07-30,0.473634830729763,0.263029966372892,0.334110810980197,0.312425846515501,0.118432792602339
2012-07-31,0.457098408807353,0.255077161597997,0.3260091232667,0.293396553914143,0.119006689590617
2012-08-01,0.453351353767461,0.252864161202627,0.316355060862978,0.29305199959524,0.120580744355297
2012-08-02,0.451962864161156,0.244676860459938,0.313401798147325,0.297151009000536,0.116111068635591
2012-08-03,0.454526460325066,0.244170124767497,0.315428091375918,0.300717688398207,0.121505045589369
2012-08-06,0.45040977133,0.22718274858445,0.301466636885941,0.305441389843585,0.14055738890018
2012-08-07,0.459335231131345,0.243495426221359,0.313651768356574,0.312435839520563,0.141119156669428
2012-08-08,0.459901080457261,0.244100346490484,0.313563123509712,0.312009129033513,0.141297031525804
2012-08-10,0.460167311961164,0.244959528597733,0.313792712716076,0.309669473636183,0.141075908467634
2012-08-13,0.461145391071579,0.245301614943004,0.315674998869534,0.309556833293549,0.141597154747224
2012-08-14,0.458819432387401,0.244047362708065,0.320322682803376,0.294832425804519,0.143418550825127
2012-08-16,0.460024772332889,0.245488783129243,0.321587446370229,0.296572269955105,0.142769596545341
2012-08-17,0.474878946434775,0.207949295213424,0.316792061159873,0.312482138160566,0.122797493727745
2012-08-21,0.474896129670159,0.209076175208215,0.315643565316532,0.312303828437626,0.12297777072514
2012-08-22,0.474893847688275,0.209643478697587,0.315171005395089,0.312416285530404,0.121807117485719
2012-08-23,0.478177027128773,0.212171301563796,0.316755248584858,0.316272589450868,0.12209201317034
2012-08-24,0.478377719200329,0.213941626540979,0.317237476883225,0.316784958702527,0.117179533960674
2012-08-27,0.486764033426206,0.228300402061458,0.32717794413014,0.318994600146819,0.105608720359261
2012-08-28,0.484553486777486,0.221827414818919,0.322424910440434,0.32028643279832,0.107279396170749
2012-08-29,0.482858945227533,0.214575240432053,0.319799843539974,0.315623322516113,0.104848587463559
2012-08-30,0.481974869636518,0.209949546982685,0.310522874171738,0.313534690832909,0.104306553048413
2012-08-31,0.478976398403886,0.210014422121138,0.308774084389792,0.308755946919277,0.104357093466254
2012-09-04,0.479862379750751,0.212784770545995,0.308953580015393,0.30568259991201,0.10225957497049
2012-09-05,0.480517313015639,0.214817451310985,0.308676682678588,0.306656895928454,0.10321268121054
2012-09-06,0.480218722735834,0.218417894820183,0.309882189379834,0.308749820472555,0.104502456436153
2012-09-07,0.480962776014401,0.217817747436803,0.31145544799845,0.303535902753869,0.125303913826036
2012-09-10,0.541434114338505,0.282049792035953,0.378750055717671,0.326442371900618,0.129349762700516
2012-09-11,0.540963565494265,0.28168273068057,0.377106020459011,0.325418188604604,0.126729378603077
2012-09-12,0.539057980705864,0.284693018965426,0.377148107198788,0.322157318264168,0.12473814272917
2012-09-13,0.53830366191887,0.284620585696629,0.375731849202713,0.322713915507953,0.125080440439135
2012-09-14,0.537685580512207,0.281781209256271,0.374157028272323,0.322108326255249,0.107608249135965
2012-09-18,0.533202201144315,0.286620226239154,0.374557678822398,0.325444358604057,0.109582430587004
2012-09-19,0.515848290097208,0.286243756512002,0.362869146711715,0.317893341286479,0.122458917885976
2012-09-20,0.515981623503386,0.287483740811048,0.362387618745379,0.318479083701276,0.122589647998851
2012-09-21,0.523003591186844,0.304865972131285,0.368680242365129,0.326352118613738,0.123761717186662
2012-09-24,0.522300525600336,0.304626820361315,0.36787026201993,0.32547375595159,0.123708326641046
2012-09-25,0.521339582960074,0.302849541575354,0.367175821389679,0.322961128702117,0.122561989894902
2012-09-26,0.52108505659273,0.302237996457067,0.366871958916738,0.322948151591633,0.123697287339289
2012-09-27,0.524693935122828,0.315344801600401,0.369641838329714,0.331924818796752,0.131758084540304
2012-09-28,0.531107206407258,0.315146611796215,0.368465439755129,0.337738143208065,0.152636938682559
2012-10-09,0.530738497231207,0.302854145007119,0.369169223994136,0.335340111586667,0.143910198661815
2012-10-10,0.531257946820092,0.288335349082614,0.355345412554021,0.335892927146843,0.142728533567391
2012-10-11,0.530608152776664,0.280670258185455,0.347129828570578,0.325101920605347,0.140343936419436
2012-10-12,0.526797638676308,0.283026779403729,0.350063165632025,0.325114810687144,0.14040280286215
2012-10-15,0.525809035447412,0.282820821020553,0.34958911752886,0.324858661777984,0.139688289735331
2012-10-16,0.525335802399678,0.281484322431819,0.349856855710425,0.324572445482593,0.135675946546742
2012-10-17,0.524844396079014,0.279089732824728,0.348020922190034,0.324337544095221,0.133977754382399
2012-10-18,0.524181895308827,0.280201904223327,0.348441498708066,0.32361402368081,0.134918456422978
2012-10-19,0.525426432136686,0.292737608946392,0.347830315276741,0.329770340008892,0.128820578119011
2012-10-22,0.524836608438689,0.292341663883781,0.347305713946797,0.329703439851111,0.12861652113952
2012-10-24,0.524285735164286,0.29217247722409,0.346436382166576,0.328758932670077,0.128499440043184
2012-10-25,0.519823954971682,0.295558938788803,0.353201228362568,0.328676231856903,0.141947102421322
2012-10-31,0.516914519247744,0.286534368535892,0.347464026973971,0.321209010498246,0.139886526820518
2012-11-01,0.524038117423583,0.30189513311373,0.354083646147048,0.335876356723757,0.140222147508378
2012-11-02,0.530174687655413,0.299751452780966,0.334036712148064,0.316571792983636,0.155337419970287
2012-11-05,0.530594301079936,0.302839007201182,0.337073467091701,0.319329614921938,0.147970849637601
2012-11-06,0.53007358005435,0.302928794827025,0.336971588934847,0.319473972419154,0.14745261588602
2012-11-07,0.530462248602888,0.303814924449728,0.329597796857841,0.321314905308446,0.143400353238861
2012-11-08,0.52803933831721,0.303555128125702,0.328738374616175,0.31692061312445,0.138295067361557
2012-11-09,0.546306305024379,0.322951388213724,0.344946687072522,0.339683820894128,0.153597987720767
2012-11-12,0.544780369768099,0.322253255597181,0.344657343294253,0.339528719567132,0.153170610254996
2012-11-14,0.544361639597035,0.315298281948855,0.342490283970915,0.337853069415536,0.152440144689227
2012-11-15,0.539978407232217,0.315057780166411,0.345101181853681,0.351489897929321,0.169997482884276
2012-11-16,0.548786013978179,0.284080219018724,0.357455898525731,0.365465067856656,0.170671877166055
2012-11-19,0.545035644119409,0.263294746704925,0.360284478588327,0.36432387265737,0.166604514926575
2012-11-20,0.54435457141035,0.262882241112442,0.358613162163002,0.363788837511692,0.164963028544326
2012-11-21,0.544178968083215,0.26346683031066,0.353658853606983,0.360929584106093,0.16441061846056
2012-11-26,0.550559756082339,0.268849108440202,0.345715777759901,0.358313287925506,0.16456565282529
2012-11-27,0.530939406614787,0.254977389584796,0.329586802639113,0.328645733043838,0.155901069792373
2012-11-28,0.527095729715962,0.249212986156606,0.310513221218189,0.320677650551503,0.162211836817708
2012-11-29,0.52976845821856,0.257588547891746,0.315843136996424,0.319790313509656,0.1536434802777
2012-11-30,0.520633850357723,0.252276752041253,0.305170468904856,0.305035703450444,0.150876715528257
2012-12-03,0.521882967293676,0.25455754588733,0.302499794584392,0.311673340334307,0.149419832274936
2012-12-04,0.528819639056526,0.252672904960946,0.295951206992887,0.312535967749686,0.155477130664687
2012-12-05,0.527536078859849,0.249250707458999,0.291940608165226,0.309430708477591,0.152042141809987
2012-12-06,0.556451208209058,0.247841939524173,0.300020522395839,0.314214472931198,0.148400815227802
2012-12-07,0.555915918209228,0.246390223608333,0.299905095548865,0.314065259853983,0.147553479941492
2012-12-10,0.545130794716183,0.240241253352355,0.303454470476618,0.328251654807336,0.150256504511223
2012-12-11,0.545162441928218,0.239587786315548,0.301672302710778,0.329307589702574,0.148782777419731
2012-12-12,0.543455860592923,0.240586366730165,0.299299169688783,0.328209437263268,0.143982395972898
2012-12-13,0.543536073173479,0.242472927405561,0.300841697302647,0.329395951074888,0.143531384379127
2012-12-14,0.543494417498412,0.218253646639867,0.274883385659195,0.319617893256952,0.153199755484499
2012-12-17,0.531243066170742,0.198487983509309,0.234326120136731,0.317690812378016,0.112889631055966
2012-12-18,0.52840846663983,0.201035717132405,0.231601483982264,0.315158349212277,0.116133955634782
2012-12-20,0.52791039467253,0.201391775038938,0.232266097585565,0.314933909945363,0.115659793144794
2012-12-21,0.527142728223576,0.202829400557875,0.233549309857205,0.314965874845029,0.114989986868574
2012-12-27,0.528669711599603,0.208070707113183,0.239136151632905,0.317558114860512,0.121129065378601
2012-12-28,0.528996440970081,0.255725244902443,0.243358505786742,0.330061012592252,0.0974337391425716
2013-01-04,0.528288527262645,0.25826463633556,0.247984769029285,0.331569704181972,0.0838264306847492
2013-01-07,0.537295752682007,0.276442875791006,0.258607825762732,0.347409547870609,0.135616362269694
2013-01-08,0.536608526215134,0.274632342998852,0.258777752358346,0.345502849264046,0.134963381086998
2013-01-09,0.536412746606697,0.275902702363023,0.260966464648893,0.346262966045441,0.135482961126673
2013-01-10,0.535424290922724,0.275553511050798,0.261336456601761,0.344556409382075,0.13532489933581
2013-01-11,0.535480913012682,0.276380387773895,0.263040793620633,0.344582021694233,0.136243643773491
2013-01-15,0.535587221988468,0.258377749997898,0.271614270409045,0.349104211314118,0.135588190974907
2013-01-16,0.52819325038697,0.261847943442085,0.233579221275927,0.299737907596239,0.129509884771285
2013-01-17,0.528036409029281,0.26546728307761,0.236238249417962,0.296025032668078,0.129552647181421
2013-01-18,0.527357041115781,0.264899601872276,0.238513627315685,0.300410698325169,0.125882113428338
2013-01-22,0.5319981901252,0.276477985372479,0.246077196335878,0.30596656244105,0.127654155047092
2013-01-23,0.531344534272235,0.275299046602899,0.245864755804829,0.305398456921939,0.127262830360836
2013-01-24,0.530546309082101,0.270794080911031,0.242245772656512,0.305776487868594,0.127353568979193
2013-01-25,0.530584466347332,0.265642796746682,0.248042653425865,0.298302841919902,0.127629511244586
2013-01-28,0.530396024659491,0.255499483364843,0.251370826532892,0.291732478096395,0.125073529920368
2013-01-29,0.52880560385925,0.241317312584576,0.23756030875322,0.290673379534363,0.11709194796575
2013-01-30,0.527462779622224,0.242170676298748,0.240709278259706,0.286043688646291,0.119017695975259
2013-01-31,0.529944948329464,0.249269013521229,0.244387540913703,0.292868542418412,0.113905180527631
2013-02-01,0.52818173011088,0.249627962192015,0.244825780206258,0.292745376533639,0.113535449201693
2013-02-04,0.523613546129548,0.251157150563329,0.239915434356393,0.295456833497096,0.126402863658203
2013-02-05,0.522100246137012,0.252192450633516,0.239206304888324,0.296169878078982,0.119893141727524
2013-02-06,0.490010566563312,0.247759749784631,0.236154634356728,0.29016039612558,0.120798910253847
2013-02-07,0.489734559458072,0.241277706050392,0.236859374584789,0.290391185716898,0.120839959393296
2013-02-08,0.491120012533976,0.244103725472777,0.239563985634705,0.294386643765665,0.122512845853802
2013-02-19,0.491220396821688,0.237595301515187,0.244539194128012,0.296015144465658,0.125268609410394
2013-02-20,0.490403913887509,0.213115240463043,0.18598063592821,0.26120841969808,0.102890980052983
2013-02-21,0.492178245465658,0.215440858512583,0.193114222429097,0.264117636768691,0.0929995856561329
2013-02-22,0.519292082201219,0.230790820097147,0.201998419919278,0.287303676443368,0.111075737713354
2013-02-25,0.520093484298025,0.229530161315869,0.20237607615345,0.287521640866632,0.106946585372704
2013-02-26,0.519929916514068,0.232670822801532,0.200892647806224,0.287420368013547,0.0962154701984094
2013-02-27,0.527365141558877,0.245148529251943,0.207322012716008,0.302852951777223,0.090210181560738
2013-02-28,0.527240481900316,0.239151176367082,0.209205507688752,0.304075742100029,0.097411043089671
2013-03-04,0.543407578374389,0.259648143849277,0.22844631170405,0.306491085323543,0.0935170743676873
2013-03-05,0.569151817584749,0.237605904425093,0.243736638053012,0.33947497391294,0.071489995065668
2013-03-06,0.563891398911478,0.237377132199849,0.244302702738304,0.340785397225438,0.083833699219695
2013-03-07,0.56472310755288,0.24194055127662,0.245641629258159,0.342560526392483,0.0843227309097042
2013-03-08,0.563486813082936,0.241050810153081,0.25102177444767,0.340002032223826,0.0838408398408954
2013-03-11,0.555852891855519,0.235442254959276,0.251513598266991,0.340002691621173,0.0834023425707279
2013-03-12,0.555227262671736,0.235091538866376,0.25254191228213,0.339307542682223,0.0830051395625978
2013-03-13,0.557317321372845,0.23650384794261,0.257117524063808,0.334695610762524,0.0862020674317422
2013-03-14,0.559285311098272,0.239338067353318,0.254236142165076,0.338153539950028,0.0858687923783341
2013-03-15,0.558805034592292,0.240336543531161,0.254961622530945,0.336273843232318,0.0873089530554552
2013-03-18,0.556490656851658,0.241818128660988,0.250598664732091,0.33640179955145,0.0867736910586161
2013-03-19,0.565383115636822,0.26083644659446,0.264423237871821,0.350067365984094,0.0985545725057818
2013-03-21,0.562544934818256,0.265244736696677,0.267561577956505,0.351681056621099,0.0958909035461509
2013-03-22,0.563325743077416,0.274994144870659,0.213832129251113,0.340245128348463,0.0859409116809304
2013-03-25,0.561297333975649,0.270142725007898,0.214612578466898,0.338709974353259,0.0869228103653036
2013-03-26,0.559429009909407,0.268434748440569,0.210653758968047,0.337779492357117,0.0875557264726506
2013-03-27,0.554374310276412,0.270919353792314,0.207874176304312,0.3235213583234,0.0765761442667119
2013-03-28,0.55316334490371,0.271050875449061,0.209177045604796,0.32180791568835,0.0768827375224697
2013-04-02,0.556036933169501,0.283253890075041,0.206716527107605,0.321622577057933,0.0640891378039942
2013-04-03,0.554274474608955,0.2830689705492,0.208941957812138,0.31977439532918,0.0647687067403792
2013-04-08,0.553713584818136,0.277252742442365,0.210204359388116,0.31944225388147,0.0659629109556871
2013-04-09,0.539175390912578,0.24593228198306,0.210367094622453,0.321094280820045,0.0627376568716485
2013-04-10,0.539901956065514,0.245871808535416,0.211396079006928,0.32263834666858,0.0652105040935187
2013-04-11,0.538389729487411,0.246108219417951,0.211925981631415,0.32240032540618,0.0647470850475689
2013-04-12,0.537089090547971,0.243732072353748,0.210872465743836,0.319226594207723,0.0643743753509515
2013-04-15,0.536524522929296,0.244865768138149,0.216148429472778,0.321803830926463,0.0674359080891343
2013-04-16,0.541967907596974,0.250553843804152,0.21820721336289,0.325563712563176,0.0964174012570464
2013-04-17,0.537910544537558,0.249406869137592,0.219134398894976,0.326406278323824,0.101788249486722
2013-04-18,0.537081118125481,0.248945861671789,0.220068618227478,0.326242951998197,0.101919908058234
2013-04-19,0.535913322033369,0.24772352206672,0.217268807059662,0.326225691293411,0.101089902210055
2013-04-22,0.555173610282727,0.250175675941559,0.220076561657713,0.315622884534989,0.113032991553847
2013-04-23,0.554429246525028,0.24788416011822,0.218705843745784,0.313394441506581,0.112665091510502
2013-04-24,0.560446858536876,0.246552920715795,0.224304033119406,0.338079825414222,0.0877366938061522
2013-04-25,0.567289611385415,0.258938989573759,0.233132751841276,0.352707708416392,0.0866443509226106
2013-04-26,0.557761866546149,0.256322296843019,0.226660555493597,0.345743101348248,0.0843926332533891
2013-05-02,0.550381518713697,0.257591282421084,0.230131064594021,0.339793552705092,0.0868801486923957
2013-05-07,0.548519612477147,0.258090820793518,0.229330190443622,0.322783160508503,0.0850692405322744
2013-05-08,0.561810531729357,0.295706399163214,0.219425425375808,0.293670309183168,0.12597986015291
2013-05-09,0.56176738434675,0.296399527251516,0.220508135621276,0.295550728948902,0.12697056591465
2013-05-10,0.5612447619805,0.29765405397203,0.212604188799209,0.290925503890381,0.128916537318137
2013-05-13,0.561382557029802,0.300656064416572,0.198667358558748,0.292470448036215,0.130509111377798
2013-05-14,0.55739680122741,0.298589968300313,0.199463849485184,0.293253516559535,0.130591345275117
2013-05-15,0.556869520644486,0.298357320180512,0.188483712532217,0.291135642269318,0.117837541214704
2013-05-16,0.5566900505038,0.298978289131643,0.189951318055752,0.292008938895612,0.119174982383671
2013-05-20,0.554327446816097,0.294277054109337,0.19811039163969,0.29496659838502,0.110719169932846
2013-05-21,0.567752358273964,0.310075730162368,0.190658108610238,0.290904564809972,0.128961184051795
2013-05-22,0.565039929775479,0.30976743788941,0.191698312039354,0.289585287434393,0.129095206411686
2013-05-23,0.564147467535682,0.306725247544639,0.191597699363851,0.288921520719295,0.129511498644352
2013-05-28,0.567700953233609,0.318017450218998,0.205763310597449,0.305263423145442,0.133608412123061
2013-05-29,0.571788631498562,0.306236798617683,0.219120003848561,0.30839942981617,0.142850360517315
2013-05-30,0.564058801179179,0.30595413079305,0.219961978099684,0.302969993598319,0.140953128299597
2013-05-31,0.563686493293709,0.304709231875057,0.221160216241713,0.303644639742771,0.13962232304017
2013-06-03,0.56395276126346,0.300881962284132,0.221623998360192,0.308226494409588,0.150268388922836
2013-06-04,0.562922563094738,0.299143895935319,0.222476344566571,0.307763348007961,0.149260538474429
2013-06-05,0.559210260622653,0.289749949695589,0.22278977306741,0.306418153890458,0.156150986929641
2013-06-07,0.556665709142153,0.288168570986161,0.22056055982944,0.301800874920113,0.154692558834101
2013-06-13,0.579556575852238,0.287819778884392,0.263667104286333,0.340228252138346,0.0909306335322001
2013-06-14,0.604104551246954,0.305155459150987,0.302189600406762,0.366803593405252,0.0991141592556909
2013-06-17,0.603315497053864,0.306704916542922,0.303037719989741,0.368298144741524,0.09633816602785
2013-06-18,0.598260793116249,0.30312717120197,0.303589005945377,0.365520800731892,0.0949491653569043
2013-06-19,0.597172976825068,0.302771213242912,0.303274977476754,0.362668097121598,0.095672556265353
2013-06-20,0.598046588690603,0.297358390953216,0.306181786106656,0.364059405690185,0.103979197091031
2013-06-21,0.616943879926208,0.305233964254656,0.337956797526798,0.39890735866567,0.15402085935334
2013-06-24,0.616391067621183,0.301568846058807,0.339553800350832,0.39859932436934,0.153035004421445
2013-06-25,0.622180605223769,0.300935232201516,0.356533863410769,0.417922187752448,0.179962461295453
2013-06-26,0.620829857832236,0.300914740405062,0.355510001354624,0.416149131454038,0.178223297095484
2013-06-27,0.608046606858813,0.301429772322761,0.354706611309753,0.413906661971319,0.175490855135696
2013-06-28,0.606584999041791,0.297327725204594,0.342051247255082,0.412428099954126,0.174537672479118
2013-07-02,0.608925036420568,0.305479287328852,0.347668858027495,0.41589127088717,0.169400635137921
2013-07-03,0.601447942204395,0.31168388260248,0.343188884743136,0.417718456059319,0.171419517931713
2013-07-05,0.597278667058095,0.311731970896758,0.344488567898805,0.417439362750062,0.170808952203985
2013-07-08,0.590141051492646,0.313168506935452,0.344921866606922,0.417585089185941,0.173200134617965
2013-07-09,0.592405565447137,0.319081972152365,0.351016410947778,0.418230003784599,0.162840957206334
2013-07-10,0.591709135545152,0.318772466254643,0.351098175392699,0.417474604600741,0.163485027631254
2013-07-11,0.592628291891966,0.312768089635091,0.343388125501307,0.416048378360656,0.16082148667195
2013-07-12,0.602802807947255,0.309920874601427,0.371903661347573,0.435692504774537,0.185575743991808
2013-07-16,0.602964739434197,0.307578321509009,0.372553307022292,0.436040743610862,0.181669406965744
2013-07-17,0.600967119078697,0.308688852801134,0.369691147650488,0.430776605766707,0.177852581203588
2013-07-18,0.598039702496204,0.307764041729404,0.362028796948944,0.431473831895123,0.175400258876454
2013-07-19,0.596599468396029,0.300677152287608,0.363697188730982,0.427450723407011,0.170545589152857
2013-07-22,0.592930906039728,0.307276026340843,0.363532869847516,0.42633801145492,0.168211895524748
2013-07-23,0.59207262087417,0.307626089424266,0.363804542716301,0.42627320325546,0.168287577365285
2013-07-24,0.598420376691784,0.311038043035103,0.371411004588213,0.428965454458573,0.161695483185743
2013-07-25,0.596593098204497,0.311403404341526,0.369242139486009,0.42389691761714,0.163229510451332
2013-07-26,0.59598829247086,0.313195812541552,0.368918084140896,0.423397079304523,0.161447280643124
2013-07-29,0.593821646233559,0.311936166657376,0.367993889948773,0.422062708935226,0.160905949768253
2013-07-30,0.593687801308061,0.327359211757443,0.371506489778606,0.41816763471649,0.16829880219139
2013-07-31,0.593307233261784,0.328985900651766,0.372965623054886,0.417697715120809,0.167342573336833
2013-08-01,0.591604792380126,0.326404106738006,0.371920140743522,0.413094215285968,0.166648261101956
2013-08-02,0.593956171845354,0.336613968524939,0.372333267227006,0.417652153767141,0.187621449429426
2013-08-05,0.592524247988282,0.33129649635458,0.371609891920224,0.416131825044221,0.186905015070897
2013-08-06,0.590496359896196,0.323583830365788,0.365843159442519,0.408724566880566,0.182928410096243
2013-08-07,0.579058550101471,0.324188071501581,0.361898299767792,0.403195774519847,0.177345779320758
2013-08-12,0.578821653975513,0.32707831015304,0.364312140997441,0.400653431807006,0.179968714240043
2013-08-13,0.599228589093268,0.298126526257297,0.362911933257142,0.392429254195963,0.170282764481056
2013-08-16,0.597231580451981,0.297776822136601,0.359699139277129,0.39171171514151,0.170167724029839
2013-08-19,0.592342227268201,0.303840180150556,0.350860587535329,0.408103195415628,0.207151739493616
2013-08-20,0.588882956517706,0.304797186013617,0.348592800423104,0.397474944023369,0.201645402722973
2013-08-21,0.586195292772574,0.307874252328026,0.350608118480661,0.397797624992096,0.198976783077904
2013-08-22,0.584379786501767,0.307574124249561,0.347621694748944,0.395521601100797,0.197702123557481
2013-08-23,0.582585980768387,0.307718948800415,0.347657454729191,0.395112281508416,0.193929803396672
2013-08-26,0.581793666171913,0.300688469754393,0.340113214924727,0.394154144036217,0.191417712289611
2013-08-27,0.58087041005617,0.294729187281062,0.34861507950454,0.384581840287095,0.17901586183559
2013-08-28,0.577475667850729,0.293077374483291,0.3476076800609,0.367845639027992,0.169148798757911
2013-08-29,0.571996016324065,0.292619870560064,0.347259096951515,0.365840374311006,0.16839715407329
2013-08-30,0.568600380458137,0.291107674986755,0.341264307670827,0.360010690335924,0.167625432947754
2013-09-03,0.567842873495082,0.290650463284305,0.339364270747527,0.359084822384097,0.166838344953274
2013-09-04,0.572062474999762,0.306849887063766,0.340810072567674,0.364971311976989,0.169824086102737
2013-09-05,0.570505178238816,0.306822553040815,0.340209679889149,0.357022444977177,0.170191027142488
2013-09-06,0.564931663317825,0.306421382966509,0.33499780837835,0.352972283470577,0.169473062967288
2013-09-09,0.562752570003667,0.297156628243913,0.33492185923626,0.353504533143805,0.167663014013149
2013-09-10,0.546420884692943,0.322150709943133,0.351443923988481,0.37795545844202,0.199602655938978
2013-09-11,0.549025408448569,0.326402197075734,0.35714848841761,0.383703518498727,0.205133728246679
2013-09-12,0.548178430134848,0.325867592347599,0.356597096898145,0.381610174817498,0.204454241647973
2013-09-13,0.54705228084117,0.323877443596101,0.355394066959243,0.382147997620985,0.19991984039941
2013-09-17,0.54645043912805,0.32231931979952,0.35807294499162,0.380902532565349,0.196273432955745
2013-09-24,0.512323626127166,0.3251241797,0.337052989768379,0.318886048300266,0.162269074874268
2013-09-25,0.510251782089151,0.332389743139963,0.336052357310561,0.323776140897854,0.155297925190173
2013-09-26,0.509553674498703,0.332988231598492,0.337086877523653,0.323925673324075,0.156455955210375
2013-09-27,0.509327496657474,0.315361293738688,0.322560706061974,0.327861933098386,0.147199493855242
2013-09-30,0.509342094134566,0.314569399310812,0.322595470288062,0.327899530729154,0.145463843721199
2013-10-08,0.492334419409158,0.302059417826722,0.313915346779165,0.314434279758949,0.138410285789943
2013-10-10,0.497815039730415,0.267858485334025,0.315514252366299,0.305187560679709,0.11159406241888
2013-10-11,0.49802172222028,0.26337077199236,0.315734173058506,0.301772798413637,0.100762658344517
2013-10-16,0.505563844604619,0.270147490700319,0.331853794437918,0.303075598007693,0.107046770156046
2013-10-17,0.501103626335047,0.265279069112095,0.319770762365136,0.303917944365434,0.0929256003796008
2013-10-18,0.501171816153293,0.26435614179213,0.318687849056641,0.302787881431067,0.0919992090421658
2013-10-21,0.500239548702862,0.264164762446283,0.318954962572863,0.303133831196928,0.0932654109919322
2013-10-22,0.500371284356996,0.268636858092366,0.315495694815674,0.301240371374917,0.0917485091391296
2013-10-23,0.502597544180981,0.267749239936363,0.313314378568208,0.295743714249592,0.0875256870029595
2013-10-24,0.510508849187349,0.279345848308289,0.32509613859424,0.297381542002819,0.0945026483565436
2013-10-25,0.513391536680801,0.276713602616509,0.317514830850747,0.291921794278397,0.0921386627523561
2013-10-28,0.516683883616583,0.29468328264357,0.325769134630705,0.297838101048187,0.0854599196629738
2013-10-29,0.51603402449432,0.29237978169621,0.3242735422922,0.297987442705134,0.0859163839112501
2013-10-30,0.515357394462727,0.292767201971813,0.323475428006439,0.298098408616655,0.0845144708462662
2013-10-31,0.527144733151641,0.298793970692169,0.326837362362152,0.308140844048933,0.0728523917508437
2013-11-01,0.528388145060424,0.303304447340952,0.335370126029358,0.314225884547579,0.0786021926780026
2013-11-05,0.528186830070107,0.300257495725018,0.336130252352315,0.31173227659766,0.0800923298165397
2013-11-06,0.521527064428169,0.300070310598278,0.324634387242174,0.312028632279392,0.0805745046309911
2013-11-07,0.520078544312913,0.294203474449518,0.323959885233353,0.311683817413821,0.0759129330855991
2013-11-08,0.521497067554719,0.296246659679002,0.326029630872969,0.312471005211372,0.0857763969131629
2013-11-11,0.524775298741252,0.30272262994021,0.335980198691219,0.324070361328953,0.0656583274087392
2013-11-12,0.520271223662813,0.302306102182151,0.334335444547666,0.324158175725864,0.0663267090210121
2013-11-13,0.509455505565466,0.310553184161011,0.340148475155233,0.31890114938525,0.0634215362609421
2013-11-14,0.529178757950713,0.307579498429484,0.366820524377064,0.328517567334199,0.0437041828657748
2013-11-15,0.530705711726747,0.31170986095006,0.366546174138412,0.332305862426025,0.0475620418155345
2013-11-18,0.542325263282946,0.325826621770533,0.387737845762473,0.3353978057024,0.0555724983507059
2013-11-19,0.570037010133574,0.312881947588306,0.379605193463974,0.324521759033647,0.0376588636335492
2013-11-20,0.569284782359624,0.312801070761503,0.374714430234748,0.324661648506313,0.0393085222196448
2013-11-21,0.568346014549783,0.31034195921791,0.368206387517129,0.320866025393056,0.0367902042727166
2013-11-22,0.567165710775031,0.305771388472812,0.364916121168221,0.320084936938613,0.0369302026094123
2013-11-25,0.563994949734449,0.305164270768345,0.360810877626172,0.319923653077878,0.03527156483688
2013-11-26,0.563124261300611,0.297155787844188,0.357253353417897,0.317350251922776,0.0376781911942274
2013-11-27,0.562435388254493,0.297305151512019,0.355969083988211,0.317578248897178,0.0388418687569708
2013-11-29,0.563061799942035,0.292776125682226,0.356558948262633,0.315063874383893,0.0419969684431219
2013-12-02,0.562405925951339,0.299088509210313,0.360858193135711,0.315530111793539,0.0405246905255845
2013-12-03,0.555618643090087,0.298932091474764,0.363610519396418,0.309216314269081,0.0452650285850608
2013-12-04,0.548319134940649,0.300897071233906,0.34965505536604,0.307331858413398,0.0410564621513854
2013-12-05,0.529171979361873,0.264129340153833,0.324580025524197,0.272536008642214,0.0366716190274313
2013-12-06,0.528955410307033,0.265082340390832,0.324654541946727,0.270680644896742,0.0398298166844114
2013-12-09,0.527555107201378,0.261791953601379,0.325464405127255,0.273390279080893,0.0307548222382603
2013-12-10,0.527100126072996,0.258484402207424,0.323284099099631,0.273796283504827,0.0319283810035135
2013-12-11,0.52657461832493,0.25877876453368,0.323019635112488,0.270295373818019,0.0333891801608443
2013-12-12,0.543225058597076,0.263968835858332,0.334066035427952,0.285229875518124,0.0680379360526334
2013-12-13,0.542198851141251,0.263793946570581,0.333581217234783,0.285632403646991,0.0691720711831253
2013-12-16,0.541050191178915,0.262753612302967,0.334214954717443,0.284460780770489,0.0702582625214202
2013-12-17,0.543212488342651,0.282350144161897,0.331417632258903,0.293205605811342,0.0535651794732501
2013-12-18,0.543265502981998,0.278399663602643,0.329301573075708,0.288642723066109,0.0573259285738442
2013-12-19,0.541835576719324,0.272188899130565,0.327511024835543,0.289314567923905,0.0522072952160179
2013-12-20,0.548241125350557,0.254648112594682,0.32519564077001,0.282859317204991,0.0545790333183295
2013-12-24,0.543541412973362,0.248507724786987,0.304822443102827,0.241986976783909,0.0417962356474584
2013-12-27,0.539916741679182,0.24880157435026,0.306779677385027,0.245198201302425,0.0462429679281438
2013-12-30,0.539838877976608,0.251865698830484,0.306509381524803,0.248519639543378,0.0489884442134547
2014-01-06,0.539355353727727,0.250783056990799,0.304586539496348,0.248944960310875,0.0501564489530237
2014-01-07,0.573755689896652,0.290130688469805,0.377008346865425,0.281112586618936,0.0828216886797906
2014-01-08,0.572948006552478,0.289433431321107,0.376262842800274,0.281272317441694,0.0834481840334808
2014-01-09,0.566209206202637,0.284347219812352,0.375572198572336,0.276081847926066,0.0841428313077282
2014-01-10,0.568799259960039,0.29080193120889,0.378554564847105,0.278103442220183,0.084859294333127
2014-01-14,0.564975684600134,0.289286843012734,0.379708286280442,0.278801761675917,0.0832626887299835
2014-01-15,0.560843024036982,0.265246516448738,0.380271357708671,0.269282705079953,0.0805757706829964
2014-01-16,0.558542535796098,0.25969442463186,0.37839110455512,0.266528516040425,0.0793083506860072
2014-01-17,0.557516431123505,0.259824525119343,0.377511505637885,0.267003909150126,0.0798319675694036
2014-01-21,0.545944166686848,0.259629125588929,0.382128458074879,0.262797104903611,0.0884325970865493
2014-01-22,0.543627559729777,0.260074376364272,0.380495845076306,0.261082493384735,0.0893827748389257
2014-01-23,0.532569810295866,0.254520078851884,0.377138713249577,0.25280564869456,0.0866019515345565
2014-01-24,0.531328316654409,0.25709497764815,0.37894299503576,0.257766486060723,0.0944136080438085
2014-01-27,0.516307487268395,0.244801186988084,0.374267920783176,0.247697564939466,0.0687882256271048
2014-01-28,0.524361967060784,0.259602133629453,0.38533206146247,0.262476806161753,0.0753617019055854
2014-01-29,0.523623410962298,0.259328522954277,0.384933784296434,0.264051127414156,0.0771925837651342
2014-02-07,0.525269257799033,0.265022118868964,0.387598121350146,0.259069727194369,0.0698246504492409
2014-02-10,0.518267700236269,0.258731142874694,0.387588060349365,0.260997561032534,0.0656235203357144
2014-02-12,0.49951266482717,0.26570088551342,0.377348907342184,0.258104090876898,0.0666121250006661
2014-02-13,0.507963203761488,0.266186038350829,0.38100066503386,0.265278553798888,0.079078778175119
2014-02-14,0.509021679780865,0.269530249911135,0.382249986146438,0.26446482006973,0.07610115335397
2014-02-18,0.51011069744955,0.262387082492232,0.385270453025632,0.263080764670723,0.0802260641780532
2014-02-19,0.508897045893907,0.261317407291742,0.384583253473353,0.262378256001577,0.0808013962617299
2014-02-20,0.507881509918461,0.256893784883138,0.377461769483036,0.269631771955916,0.0694138137772772
2014-02-21,0.507206711624895,0.2578759349023,0.376971877083095,0.270372727288315,0.0684063870771993
2014-02-24,0.494398082558192,0.238033541071635,0.344831356721636,0.260100988258947,0.0731918743822246
2014-02-25,0.497771339331395,0.236389194822788,0.348858419604708,0.251508652218064,0.0577568693370819
2014-02-26,0.493693398065644,0.218646605451622,0.320772847486136,0.250808312188066,0.0635211039637682
2014-02-27,0.494337256473372,0.21819782907248,0.321247282699535,0.247606315594536,0.0638713466711774
2014-02-28,0.492439650616294,0.218172834374435,0.321800255890131,0.249086206923441,0.0661245433072108
2014-03-03,0.49208372348583,0.217104741508266,0.321563853582511,0.251837319142398,0.0680344878287144
2014-03-04,0.473480088018001,0.209116663819903,0.308481586592277,0.236455652977,0.0556962619473728
2014-03-05,0.471777833929053,0.209257884209585,0.30906419612576,0.234513303425624,0.0504757844319431
2014-03-06,0.473081433867939,0.201762170461984,0.295342177793173,0.228399842213941,0.052091496855117
2014-03-07,0.474051292315397,0.204504645648031,0.295987448972692,0.230734538567833,0.0533102019845587
2014-03-10,0.474446743897872,0.204336511914178,0.296229834617634,0.231178013617746,0.0541855018849847
2014-03-11,0.499185679420288,0.218250983266198,0.325313513119541,0.240538069637221,0.0581095804458607
2014-03-12,0.499157042306585,0.218982838799527,0.324951300109436,0.241393042569893,0.057952872715892
2014-03-13,0.495294967280789,0.218633598815307,0.320449810002283,0.240620496112679,0.0588407835965422
2014-03-14,0.485716848948613,0.217144686374888,0.319404111454887,0.229813581615883,0.0382912791299994
2014-03-17,0.489207842599242,0.22762100050074,0.323883633636922,0.233443866005021,0.0426709110176012
2014-03-18,0.484210573467453,0.22509832212445,0.326005552808385,0.240991263039095,0.0543750328947959
2014-03-19,0.484133215825956,0.225618259966198,0.325181838223876,0.241813556198065,0.0554078092056993
2014-03-20,0.484420085376678,0.225771148363006,0.325279604514887,0.243337543962908,0.0578065176054929
2014-03-24,0.498077271473935,0.239147689680694,0.337854999550387,0.260286875276512,0.0471322979216906
2014-03-25,0.542918657297624,0.260950197871313,0.369498080090967,0.332017757505895,0.00434970386850008
2014-03-26,0.541866497591991,0.260973815992868,0.368565020083515,0.331446117744612,0.00576429421590926
2014-03-27,0.539848434010934,0.260762847014679,0.361944486533521,0.32382052186128,0.00875899458282099
2014-03-28,0.539674262893601,0.255157716176265,0.354094629846422,0.317020443535051,0.0125798193414731
2014-03-31,0.53544650193383,0.25453980629152,0.353189478157836,0.315921554146631,0.0125915180497138
2014-04-01,0.533460474860885,0.251698528347156,0.35147522484674,0.312542710213879,0.00978916979011812
2014-04-02,0.535320309456195,0.249949828231231,0.352261154343291,0.313979033052766,0.0164598524795694
2014-04-03,0.535345030553146,0.253081857407633,0.352615538288206,0.311856894399501,0.0191683495348702
2014-04-04,0.532811645277064,0.247494929892264,0.353248266950611,0.300120529432355,0.0223995041365062
2014-04-08,0.529227485520651,0.246494792404607,0.348473933071833,0.296665706421686,0.00881524525151721
2014-04-09,0.526216108898456,0.182049409777896,0.347749290400603,0.283559162917144,-0.00846878703685152
2014-04-10,0.525710500971881,0.176864682661564,0.347935117029883,0.284294373057433,-0.00322782281922481
2014-04-11,0.533620632480549,0.176013448099379,0.352321947991098,0.277387526666163,-0.034682365525225
2014-04-14,0.532834740112902,0.177562843873003,0.351867330518303,0.278185500208125,-0.0310350919796362
2014-04-15,0.532463697146919,0.17849727568665,0.351302730426502,0.27775793336497,-0.0290904464335108
2014-04-16,0.542561441339602,0.17282892071923,0.353343645041838,0.249386965646732,-0.0352161292851054
2014-04-17,0.542103369992275,0.173144351212145,0.352647642644415,0.25034769630134,-0.0319119376637388
2014-04-22,0.540529432101947,0.174314642449415,0.352196979420304,0.251051514801951,-0.0303424715441553
2014-04-23,0.53806711329328,0.176251043295591,0.335072764329502,0.232644622642006,-0.0383152060013554
2014-04-24,0.537271514002774,0.174903861128959,0.335466488144863,0.235135854486878,-0.0354723496506663
2014-04-25,0.534976451207131,0.179237996039456,0.33589324671201,0.226949370720974,-0.0342198260898244
2014-04-28,0.541765093556161,0.178609109855059,0.349204219967969,0.235266321786858,-0.0198221521480878
2014-04-30,0.540963883479018,0.190375784759298,0.347883751666377,0.25331467432224,-0.0232267334150878
2014-05-07,0.536817584612015,0.190507213204013,0.33751618871635,0.262214916372001,-0.011203299318055
2014-05-08,0.540045916842424,0.201463719029205,0.345043782068155,0.270844750930938,-0.00546117177026401
2014-05-09,0.539929321841822,0.203310951388066,0.34526784025966,0.272014744713809,-0.00465005659565928
2014-05-12,0.539166226218591,0.203740833787582,0.343592527613933,0.272010836574614,-0.00340565580083411
2014-05-14,0.556045719690823,0.192473044636836,0.347114306221168,0.230612175295816,0.0267077493007018
2014-05-15,0.546891827872074,0.187413099985954,0.319034649435514,0.223946797794102,0.0296151446952278
2014-05-16,0.535716021712167,0.194383034852257,0.317881635825001,0.217232348563768,0.047023427373986
2014-05-19,0.535197363644785,0.193111758610053,0.317805616360594,0.217749589733735,0.0480873970854663
2014-05-20,0.532662657907392,0.19893449704283,0.315325451186306,0.218332676629764,0.0438216788721984
2014-05-21,0.532129880133038,0.200106970863103,0.314703669964319,0.219484096556474,0.043150267871919
2014-05-22,0.529494428209793,0.197878203106643,0.311349608855744,0.21755831769525,0.0527192385604536
2014-05-23,0.527262693645879,0.191365067836105,0.310044895521981,0.218308529747081,0.0530413130983194
2014-05-27,0.525725740610394,0.195882332603129,0.309621505692085,0.222572603705003,0.0573111465652389
2014-05-28,0.525386079071348,0.195661992505388,0.306718024179635,0.223610121897042,0.057701541587698
2014-05-29,0.527566106512055,0.197020145281226,0.313765157689797,0.222101958965635,0.0557749453445136
2014-05-30,0.528367929890326,0.197658112059965,0.315117638788517,0.210930478308999,0.0520486082012712
2014-06-03,0.527376599519514,0.198842319703027,0.313881432191332,0.212371680817494,0.0527281979304063
2014-06-05,0.522982646453184,0.191163180120932,0.311958435105759,0.213596143888618,0.0536696097703175
2014-06-09,0.518347943078747,0.192324068694859,0.309288930927741,0.212164712691507,0.055773335443301
2014-06-10,0.517104712181178,0.191625905036561,0.311209694199229,0.201403322025824,0.050769817616655
2014-06-11,0.523417528019983,0.179315502337888,0.324597736908707,0.190800751555123,0.0488846165088076
2014-06-12,0.522215755699668,0.180759263140524,0.324503258174274,0.191842990081111,0.0487725148311868
2014-06-13,0.522304961352897,0.183002386842881,0.3247319168754,0.193049034249084,0.0525183301469956
2014-06-16,0.525867892727395,0.190785980419453,0.300191649876219,0.192326026342268,0.0577413950443283
2014-06-17,0.521489199464764,0.179228501323952,0.300131551808691,0.19038813399177,0.0584596631779904
2014-06-18,0.524214902984089,0.176493664447418,0.291345345626196,0.202867698469774,0.055625947847889
2014-06-19,0.523921746729355,0.170386190129806,0.29631241803224,0.203228062048866,0.046454263685338
2014-06-20,0.515968686188842,0.135119544463952,0.287832466351227,0.21199876628192,0.0445720916641354
2014-06-23,0.515815897344877,0.136534173389652,0.280522433046728,0.211488009051116,0.0458215426420555
2014-06-24,0.502833564162371,0.138080295302751,0.279876605509311,0.212984446167214,0.0470908733562054
2014-06-25,0.503681575293589,0.139315468863294,0.284776875907059,0.21508485982845,0.0395273603187425
2014-06-26,0.503619766725979,0.14508084930908,0.288622008442536,0.216677388465328,0.0361407023142822
2014-06-27,0.50844740958126,0.147894786186758,0.29382501155863,0.224890410213481,0.0341858485954992
2014-06-30,0.508154415635361,0.15024977037675,0.294459004329616,0.226601989427893,0.0349525444452829
2014-07-02,0.504638479746266,0.154087729225123,0.299411752858058,0.216636313172808,0.0343252890458464
2014-07-03,0.50764157619758,0.16343886261471,0.303749353224644,0.220415475988731,0.0444387293627957
2014-07-07,0.506996175625405,0.164237544324944,0.302688331509044,0.222440096875753,0.0472986250589666
2014-07-08,0.506775528304967,0.165201714246339,0.303583120736059,0.21881328321265,0.0504280104198852
2014-07-09,0.506338076805645,0.164846242018344,0.303658510047609,0.217796940401596,0.047111977858502
2014-07-10,0.52537687925868,0.166582019828068,0.308048695833259,0.226656901999256,0.0345550145139433
2014-07-11,0.524750293814997,0.167861989183284,0.307967868746223,0.227722424812253,0.0360354067050692
2014-07-14,0.523008696735031,0.165841936870299,0.298341011616173,0.23466146548702,0.0378500328230067
2014-07-15,0.524453671336024,0.178034286763635,0.300089623094697,0.229685742214221,0.0486959501190391
2014-07-16,0.524447574148226,0.180331210672376,0.30021508865923,0.230545061294961,0.0485059207908755
2014-07-17,0.523056333893828,0.182014199907361,0.300248798144227,0.228762880993653,0.0477403762337171
2014-07-18,0.521455754441434,0.184013113434187,0.29424466742887,0.228295748400277,0.0681163881208861
2014-07-22,0.519497494167114,0.180242003230074,0.293878915609964,0.22966109618906,0.0712721262950498
2014-07-23,0.52851396198099,0.190348108024342,0.299597469551585,0.233227455591498,0.0747228527235472
2014-07-24,0.527416677838777,0.19099778022753,0.299401506827018,0.234145262478799,0.075632353852704
2014-07-25,0.531530249124086,0.179596469337185,0.289713984214374,0.245324275177873,0.0740526442563903
2014-07-29,0.530126932919195,0.196468489943463,0.294331981866489,0.238584549432939,0.0602169117275669
2014-07-30,0.560481327383059,0.223880045856008,0.34795373058662,0.235612019926991,0.0285070059157536
2014-07-31,0.558894676008484,0.224351329856854,0.342029385480045,0.236753706734136,0.0298112761658273
2014-08-01,0.556065702038839,0.220944914010467,0.334371214209182,0.247518839619819,-0.00490545642642329
2014-08-04,0.559406873757845,0.227376673155134,0.335149315927418,0.25927514203907,-5.62452285647076e-05
2014-08-05,0.554005681655467,0.214803331962938,0.33750571723192,0.221380976131765,0.0152100947363222
2014-08-06,0.552862456757075,0.215933355988414,0.33691757698051,0.221377189917031,0.018607516098623
2014-08-07,0.552287718816769,0.21656999540901,0.336821345260237,0.222879324646162,0.019956489802931
2014-08-08,0.55879532354763,0.207864845909749,0.340413296016552,0.227898884654421,0.0326357623910976
2014-08-11,0.556340535638468,0.185293094153278,0.328097011427721,0.220816454782171,0.0374529389900745
2014-08-12,0.565894203231506,0.206504278512419,0.331653827406229,0.232128917902136,0.041584229255423
2014-08-13,0.564696680885022,0.207122200457594,0.3311575231089,0.233403214147693,0.0430526455638568
2014-08-14,0.561553505706221,0.207958050897878,0.327697058419473,0.234221722153434,0.0441689935553383
2014-08-18,0.562516838781844,0.203876570915104,0.326324918261002,0.238207234944496,0.0406564405832539
2014-08-19,0.564877751620752,0.201704656575097,0.307562024424542,0.251473456136852,0.0588949644646431
2014-08-20,0.564083751967006,0.203745484383692,0.308192927976906,0.252444475942631,0.0610813485617875
2014-08-21,0.562696093135127,0.204647453600957,0.307923169067315,0.251859160404886,0.0610915575112332
2014-08-22,0.56354770911517,0.200835154007075,0.311452287272193,0.252569087496784,0.0599658550923621
2014-08-25,0.564015706567798,0.199455085835596,0.313993075838693,0.252972585464237,0.0583416368589895
2014-08-26,0.560473173963405,0.197221247131687,0.311806244828188,0.25163551350868,0.0545847634622468
2014-08-27,0.561860619056816,0.20489034420161,0.303863614745842,0.257453125164585,0.0544137555461843
2014-08-28,0.557417908419673,0.205767970595499,0.304044151330261,0.25743577081913,0.0551485138067756
2014-08-29,0.560232647465036,0.210571544187579,0.303216965188758,0.263147912085621,0.0593465450445159
2014-09-02,0.554860826921145,0.205729126118957,0.293619735909963,0.258227002774018,0.0653284113319241
2014-09-03,0.534941499304178,0.241425558627684,0.247066087958986,0.250024474029903,0.0574524719299472
2014-09-04,0.53639843693773,0.24377447125705,0.245562639955159,0.260777822021847,0.0548830642698123
2014-09-05,0.532964994032098,0.239498272997543,0.247917595772321,0.258354593716583,0.0517672299402045
2014-09-11,0.527392765646478,0.237797399593303,0.242031618024439,0.254165613651417,0.059851073152798
2014-09-12,0.524448930095978,0.222274094725797,0.249185617252578,0.252064813791014,0.0683911278432467
2014-09-16,0.518729141501366,0.223630856263584,0.253314218679445,0.249590532238751,0.0563464822942003
2014-09-17,0.533923609104653,0.226833255950397,0.250262570184513,0.296536332241398,0.0378371945558663
2014-09-18,0.535088099948792,0.225855267807235,0.255044091218609,0.299487475540732,0.0393140055825571
2014-09-19,0.52949002069344,0.228845520095941,0.249551576667734,0.29935875495427,0.042836675881684
2014-09-22,0.530510801135876,0.235986238345716,0.251962419501895,0.300460508066745,0.0423631351772223
2014-09-24,0.542677219168592,0.247096187027991,0.268799776655764,0.303088853594976,0.0736959351673596
2014-09-25,0.523542734705122,0.233093042452793,0.254066099328837,0.289722582373948,0.0773082779539917
2014-09-26,0.521797339996182,0.232077661144615,0.254572899922703,0.289862874481481,0.0733108843493602
2014-09-29,0.520691552603434,0.230555576907529,0.254874241068809,0.290079821386128,0.0743536622498911
2014-09-30,0.50200940976905,0.232423310940776,0.253114011881561,0.2892770835071,0.073177974392979
2014-10-08,0.495060972241372,0.229353109354864,0.251742144545263,0.286823157798215,0.072552051784188
2014-10-10,0.499562767558791,0.182913672648349,0.192448359075788,0.254578086926438,0.0701253164880323
2014-10-14,0.500665363987789,0.187255777379785,0.196990103936468,0.25568585023243,0.0803863074390193
2014-10-15,0.50079594977578,0.196470652202129,0.201935348741129,0.262967798353337,0.088205734557524
2014-10-16,0.501588384429929,0.199829258593018,0.201264637430255,0.2637962648115,0.0842486773612491
2014-10-17,0.505814773440282,0.209819279287816,0.205279164722446,0.27481647786655,0.0847880733312592
2014-10-20,0.500244052710157,0.215773173839952,0.212932901866481,0.270355243342835,0.0771327356852274
2014-10-21,0.499976818974826,0.22658388175849,0.222345865978766,0.2733998300264,0.082261778390152
2014-10-24,0.497907537257444,0.234073192199971,0.228967592977037,0.264235186886192,0.0676490186043517
2014-10-27,0.469796314653396,0.198817147100516,0.215813605436418,0.244498457704603,0.0504139124905313
2014-10-28,0.472478652269152,0.197780455517957,0.214628619771929,0.244272551563302,0.0521933670636367
2014-10-29,0.49159270291677,0.188913950871822,0.201293035387817,0.222890014781291,0.0725266658287058
2014-10-30,0.500591211364525,0.197808765620348,0.225231149667552,0.228639357735,0.0696286915112445
2014-10-31,0.494730082981388,0.200345644471271,0.224411537319272,0.231770292047111,0.0735754447095959
2014-11-04,0.501804819872882,0.222764146935963,0.226711096764629,0.248289274916388,0.0856445430355534
2014-11-05,0.497375021195499,0.226224505866695,0.217322688385971,0.249745678673403,0.08449201880715
2014-11-06,0.498804940240616,0.22580873534422,0.219161718472399,0.249204267648228,0.0824240446617965
2014-11-07,0.498007655734936,0.22520559633031,0.220528858293425,0.250040797552041,0.0835137155986373
2014-11-10,0.49873260555027,0.224913865424527,0.220931688115848,0.251429308906202,0.0840892771108679
2014-11-11,0.50333844453179,0.211133120981387,0.238847928845656,0.260297126922594,0.0891047939520021
2014-11-12,0.502818906535781,0.209186700315697,0.239258897726396,0.261130652817326,0.0895100325803479
2014-11-13,0.505059285359407,0.210809506167327,0.240891012571303,0.255514584624395,0.0876471618857502
2014-11-14,0.503332144567476,0.208924701311165,0.242824538318539,0.251048481384364,0.0881356149899434
2014-11-17,0.501911687106421,0.208456756973101,0.245569615631869,0.249639757805382,0.0887761013680134
2014-11-18,0.498644936580682,0.20881825896946,0.246522071760604,0.250337278641335,0.089186952818938
2014-11-19,0.503287447088764,0.198011919305704,0.231701029649043,0.238698915253674,0.0831524197290574
2014-11-20,0.503836477149973,0.199431506193612,0.232675896748294,0.235275084889109,0.0847453954944304
2014-11-21,0.503630700792648,0.200292811490269,0.232811896084431,0.23452417599409,0.0852894226899202
2014-11-25,0.502985746384686,0.201165325762024,0.236928283599581,0.25225435806663,0.0972986079907139
2014-11-26,0.531432234073761,0.195442896509309,0.256381791402906,0.235955141240034,0.0978921022501941
2014-11-28,0.537568697932258,0.193063752346962,0.254952710322443,0.23701282094451,0.101992580581177
2014-12-01,0.506340201929699,0.195073783927029,0.246790692097341,0.230487955913697,0.0842281350720648
2014-12-02,0.487067345473609,0.195233723536694,0.246543856114458,0.226349032084915,0.0848619497642586
2014-12-03,0.495557572660484,0.197632184703967,0.240856730329721,0.236288407030955,0.104500093556287
2014-12-04,0.489870653744034,0.199111506125367,0.242225008638566,0.232397229837012,0.106452896971136
2014-12-05,0.506539064467753,0.21397830624722,0.264866598657922,0.224329885515323,0.0930812895215114
2014-12-08,0.508379621110833,0.214819346301658,0.264169870530025,0.229931873745628,0.0943483080299488
2014-12-09,0.504183976880078,0.213094805787923,0.251045319393995,0.205677728004903,0.0695706890008811
2014-12-10,0.533502960732799,0.227160525070361,0.260426971447219,0.170443085171854,0.0721896560641437
2014-12-11,0.530617287433272,0.191068215683823,0.229967390634027,0.173113617748436,0.0346523383476681
2014-12-12,0.530206440599262,0.1930418148276,0.230165785429175,0.175207437390638,0.0344465884362002
2014-12-15,0.529104779824017,0.19445781195069,0.231276932990961,0.176851231806078,0.0307094367398238
2014-12-16,0.524523520129769,0.189850582995652,0.231627847471801,0.172274628929527,0.0298632432860199
2014-12-17,0.500953651612389,0.168525632230692,0.217288673523123,0.12188797525238,0.0198484254428982
2014-12-18,0.497523924310787,0.170625739987133,0.215762366553922,0.125499106860457,0.0327515014387745
2014-12-19,0.49478009498844,0.167871790538728,0.21679168502412,0.126788995517976,0.031575238724649
2014-12-22,0.498941109519975,0.179215932072624,0.229432184953776,0.136899205554033,0.0347218220748292
2014-12-29,0.498929667441011,0.180117201731472,0.231673640627213,0.141443219337956,0.0363217672710159
2014-12-30,0.502105345774475,0.182733389132833,0.224095350541121,0.149087675433395,0.0400146984646145
2015-01-05,0.499796451050272,0.182884989258557,0.224583190132177,0.150717908847297,0.0410792829363444
2015-01-06,0.498683419773207,0.168651669070102,0.213997271139927,0.106771579209334,-0.0467953588566772
2015-01-07,0.496462717609068,0.1648378605261,0.209363089033614,0.107433462587184,-0.0450785964874439
2015-01-08,0.497046221639599,0.165742598529601,0.210344724769532,0.110531178683904,-0.0410407107732317
2015-01-09,0.487197836932588,0.153306939083059,0.194941386860778,0.0949045297210631,-0.0531108118606079
2015-01-13,0.48672260039656,0.154425329392052,0.193402261575664,0.0972464469064338,-0.0504530456538632
2015-01-14,0.473997190300289,0.158771605836076,0.19743938064563,0.0987771625162708,-0.0419490444792759
2015-01-15,0.474567580529677,0.161200325025453,0.198991728239229,0.101793036912003,-0.039200463304115
2015-01-16,0.481536854045472,0.180064660725627,0.196798356453534,0.108858658257096,-0.0511698054880901
2015-01-20,0.472411828702891,0.174046842194301,0.185142859681797,0.101953017439692,-0.0432099685684574
2015-01-21,0.47138587823194,0.108755922568447,0.125239373286796,0.0677001884539863,-0.0417598095851325
2015-01-22,0.486112449044878,0.102762202783458,0.127131243943779,0.0798732220164669,-0.0332735501696159
2015-01-23,0.486396666890089,0.104635354161575,0.128720539446273,0.0829424571308728,-0.0286439984511342
2015-01-26,0.483712570662522,0.106592575364798,0.130710228753254,0.0854454129535349,-0.0276082223625591
2015-01-27,0.484080372906348,0.107355290694516,0.132127363290767,0.0857770791813094,-0.0255034613202353
2015-01-28,0.485033160716236,0.103761110316755,0.129590399297271,0.0862755893406804,-0.0184122858028497
2015-01-29,0.483259513419147,0.104954078491491,0.127990496915511,0.0871457946265759,-0.00868928726012657
2015-01-30,0.485838361235897,0.111068620606865,0.133366452640369,0.0895595411483543,-0.0118629470678277
2015-02-02,0.487337049166474,0.110725037179989,0.13601769211891,0.0990117363902409,-0.00129768874045723
2015-02-03,0.486022103437345,0.118461548774852,0.134964371746964,0.0861785870972078,-0.0125691919703217
2015-02-04,0.486047148912005,0.106634048185356,0.134893776449821,0.0811513216777239,0.00154771157850954
2015-02-05,0.482832904177628,0.100172677582999,0.133206386913904,0.0819893550873427,0.00461557299631013
2015-02-06,0.48012503110956,0.105971724222912,0.138688297438623,0.0868537393624181,0.000971185029871868
2015-02-09,0.48215559411485,0.101753334968161,0.138721270632649,0.0795130699718259,0.0058219962230507
2015-02-10,0.477952595279072,0.104126362268609,0.138158593031155,0.0799902343415484,0.0055994565905972
2015-02-12,0.476757968559797,0.103049512482488,0.132584055808599,0.0865013275959488,0.0141698826058397
2015-02-13,0.472507855831014,0.111071943708447,0.136058270254028,0.0850143131201817,0.019740909430683
2015-02-17,0.474313525194979,0.110823457166742,0.14232511782566,0.0884660618555058,0.0224664947335412
2015-02-25,0.476062957661774,0.11427919524298,0.14537932140233,0.086764738313717,0.0241358243319562
2015-02-26,0.476361778469731,0.102255482697267,0.137016505130396,0.0851277487122078,0.0229843639704296
2015-02-27,0.479391687486426,0.110883155694132,0.13931950378181,0.0780328179291578,0.0206460431614314
2015-03-02,0.477980060855895,0.112565021671493,0.139852297904934,0.0778013863291489,0.0208127363651033
2015-03-03,0.478765989798929,0.114423476500835,0.144336840762614,0.0801837519253733,0.0250415932379997
2015-03-04,0.486447873038308,0.116608519547455,0.141422300844514,0.0711101832328289,0.0356095066341274
2015-03-05,0.477732153805767,0.116519680112472,0.142354748185842,0.0725747652567011,0.0344188676888023
2015-03-06,0.480297453675668,0.117120719015123,0.144351392186066,0.0809780395204412,0.0349762877960105
2015-03-09,0.480657207546427,0.116734167331123,0.143745549842495,0.0814978649633315,0.0384490894434555
2015-03-10,0.474057120592582,0.106179664340456,0.124016469728455,0.0750093466652115,0.0436591142955774
2015-03-11,0.474187075829665,0.109959492083005,0.127915764137596,0.0788281439835795,0.050732718498789
2015-03-12,0.471014790588722,0.111937869708925,0.129605033492255,0.0800767775316769,0.0512864786219245
2015-03-13,0.472087986003434,0.127304911667012,0.120367230597909,0.0782482863070591,0.0663450595604899
2015-03-16,0.472210872057764,0.133376492702831,0.126644754505503,0.0776858580570515,0.0634390356886856
2015-03-17,0.475879608310652,0.131771250814599,0.128039561504582,0.0889847692275881,0.0836347885015675
2015-03-18,0.469988589783264,0.140969046055044,0.153832344215073,0.0868517770336252,0.0793396118652654
2015-03-19,0.478895495792982,0.147318377177128,0.152177294272853,0.0810048909067991,0.0954698472733502
2015-03-20,0.471980322957759,0.148298498808017,0.154089112724003,0.0838912738567573,0.0951636648963845
2015-03-23,0.46708454989611,0.151690395114672,0.154879348606161,0.0941919586458609,0.100721648427456
2015-03-24,0.470060444271545,0.163907166335419,0.153984401509759,0.093278895223002,0.096429869153052
2015-03-25,0.469284252074376,0.16495110907699,0.155815332687598,0.0958297092970727,0.0959831801914838
2015-03-26,0.464083963953394,0.165338191996103,0.157070115830481,0.0966686366613199,0.105575887659811
2015-03-27,0.462999096638743,0.15719928853389,0.150937393382474,0.101469858413638,0.104314220725694
2015-03-30,0.463093716949758,0.155840936125535,0.152278662249527,0.105034962811064,0.104812580287179
2015-03-31,0.484011064269308,0.165391787963691,0.163447407702439,0.108497665197563,0.128155056341847
2015-04-01,0.481548546036105,0.173917865601981,0.158944340263331,0.114264454361235,0.135105193831254
2015-04-02,0.486948317708506,0.161306114789821,0.147554234806378,0.11478395915993,0.127658568386813
2015-04-08,0.487292123108325,0.164776715315233,0.149305340171109,0.117903663986709,0.12841375510328
2015-04-09,0.550147103026098,0.222158942744959,0.20478700776295,0.125056569795881,0.146485411002181
2015-04-10,0.525567822631053,0.219106587329621,0.20607432017364,0.127651716064198,0.143227220590415
2015-04-13,0.529495689456934,0.216154285199574,0.223046403345763,0.136523794340161,0.148569809096579
2015-04-14,0.539130118965007,0.214157162033849,0.229546656586519,0.145818061603787,0.137501719129857
2015-04-15,0.533241711394653,0.214710842881405,0.231077164751126,0.147964575652409,0.13755992726209
2015-04-16,0.530530617796225,0.216772689015464,0.227512542280195,0.141169138933577,0.131689954084323
2015-04-17,0.527399188516512,0.214681090361742,0.243115004474802,0.132205045301741,0.126084321756414
2015-04-20,0.519526484384783,0.194876319685042,0.243937247909541,0.127411122632817,0.0988215928067117
2015-04-21,0.525513918073151,0.196556792213223,0.242116141522422,0.140752060763516,0.0869271701874433
2015-04-22,0.532345954015439,0.208780095012235,0.239586836786625,0.144154972415383,0.0837824427035994
2015-04-23,0.529133861563202,0.220930843066246,0.236327318417135,0.133227685793783,0.0916392899041731
2015-04-24,0.52795216912146,0.221843344386623,0.236216632551194,0.135737728882052,0.0924079595975303
2015-04-27,0.525061032510124,0.224125408976046,0.23856562426738,0.135991186773664,0.0920406189517114
2015-04-28,0.53055310092739,0.216236470541864,0.231892659389215,0.13732626672961,0.076762002538565
2015-04-30,0.529214570649849,0.214186759846161,0.23629564890651,0.146714360302489,0.0749607023088369
2015-05-07,0.530350640906082,0.218468570047348,0.240982566058222,0.150766595516382,0.0842880676488314
2015-05-08,0.565679357508065,0.240086092392604,0.312078108848589,0.267858754754439,0.0745967761543173
2015-05-11,0.56732692808004,0.242008242839459,0.307746712225755,0.273104586172651,0.0879709271621254
2015-05-12,0.566368399732072,0.250586150085668,0.312253601340261,0.279665807804988,0.079540018121289
2015-05-13,0.558140799235308,0.250170100062508,0.311137935863992,0.269049172284559,0.0770935028806339
2015-05-14,0.557895265502871,0.248655028959261,0.30708788399961,0.268163097865216,0.0778716706723511
2015-05-15,0.557321783239001,0.24757557055424,0.306951253837428,0.268575710762346,0.0777669092219575
2015-05-18,0.539933498836885,0.242043204750922,0.311129557178184,0.266395298321245,0.0780615070376895
2015-05-19,0.539873844677807,0.239997631961557,0.309696966104691,0.267299028693533,0.0776441165778913
2015-05-20,0.537765703092601,0.245709781372028,0.311985075131058,0.260448860828325,0.0746741882519689
2015-05-21,0.535910460838136,0.247272319889614,0.312762698976493,0.257723947473218,0.0744449923660254
2015-05-22,0.531836917549623,0.246401963699664,0.30039717846627,0.256877500516239,0.0767792995159136
2015-05-26,0.539418191352353,0.247792208857225,0.312591954109869,0.2611908778442,0.0703628030703811
2015-05-27,0.539840602154549,0.260344032534489,0.299436813269828,0.265272356838793,0.0249715580594881
2015-05-28,0.537198308693256,0.260674887607715,0.286042630693956,0.255181620413625,0.0286477378683535
2015-05-29,0.559350088219878,0.242576397813079,0.273031068164077,0.258293606728113,0.0361570175877635
2015-06-02,0.558785014100492,0.242927412995032,0.273187592647676,0.257095794750952,0.0375643402373398
2015-06-03,0.547831869364938,0.233409478378267,0.215841789143817,0.18887742903052,0.0385208157780315
2015-06-04,0.546468823002505,0.233550156971007,0.215976601746145,0.189928104656666,0.0393586478829924
2015-06-05,0.544571682989187,0.23390344879847,0.217646195119802,0.190374726177575,0.0362794922831928
2015-06-08,0.535780107492627,0.232574992985371,0.216619506274285,0.188216453637458,0.0355159661097257
2015-06-09,0.534984467743666,0.231487588125617,0.215359439295289,0.18366052836872,0.0281044488863766
2015-06-10,0.53236423461046,0.227517061858534,0.216412735160502,0.185081874421339,0.0291691596642345
2015-06-11,0.529483293251294,0.228094704180893,0.217058857520145,0.183807272503506,0.0286135260978436
2015-06-12,0.528534916552753,0.226711590578687,0.218176506395485,0.185261159116237,0.0297557283097477
2015-06-15,0.527897429772085,0.227256764176086,0.217719885353968,0.187110665944492,0.0267703313331761
2015-06-16,0.532039596012587,0.228510724001581,0.223231547589205,0.197754964794264,0.0339910255954545
2015-06-17,0.538089821735843,0.237407637011188,0.234825749998745,0.212323724711282,0.0241854406375658
2015-06-18,0.53933852456397,0.235347227451509,0.237209933001522,0.218743392134585,0.0263575654219589
2015-06-19,0.536521439315318,0.25188867283533,0.228741103116366,0.233113182098256,0.00553974513214414
2015-06-23,0.515092549707963,0.220550868319604,0.21506477528391,0.227623992858544,0.0287385218151052
2015-06-24,0.517063834178087,0.230932424254989,0.225590155094769,0.236110065868901,0.0356232984225271
2015-06-25,0.516612895648984,0.231879962366756,0.227325849778339,0.239237619384408,0.0265446960293109
2015-06-26,0.5214758849245,0.235675097855081,0.227625909850074,0.239730575601948,0.0336822154371338
2015-06-29,0.539442953889181,0.236982678155167,0.214492399882758,0.26417577131972,0.0378078380577524
2015-06-30,0.543758797518002,0.252450593143488,0.229105779366021,0.276042498446698,0.0669142669624654
2015-07-02,0.547185911450492,0.255320971363133,0.238179959258707,0.291444662519809,0.0695984510740143
2015-07-06,0.530999556376159,0.225433304940436,0.183451139958682,0.275682576831122,0.053400182454949
2015-07-07,0.527480257902506,0.234806630723485,0.199439844073592,0.273883155031732,0.058091264672643
2015-07-08,0.527818601976253,0.231714598527998,0.201885596442342,0.273153838916698,0.0566659985692924
2015-07-09,0.538999323301645,0.255932514281459,0.215851232548691,0.297179833685604,0.0860379921143814
2015-07-10,0.547172302652164,0.257774072603312,0.220882188963042,0.285502120242354,0.0876583971087871
2015-07-13,0.550219949205475,0.253880346223902,0.221753913074339,0.28818178024159,0.0991451375946967
2015-07-14,0.550956570725863,0.257562979060761,0.227334117461308,0.292012173464152,0.104279534515541
2015-07-15,0.550740478023672,0.254100873846535,0.228387471544806,0.291624437723363,0.103300278123718
2015-07-16,0.549793910219481,0.252096839363047,0.223572481585082,0.283928066586609,0.104443172030722
2015-07-21,0.549422950694272,0.252547378491676,0.224551634751135,0.284304322502348,0.105146250785814
2015-07-22,0.551995544562728,0.260143013223267,0.220340089738171,0.290093311339363,0.099735437181077
2015-07-23,0.550524041748627,0.258601172096855,0.219512721671241,0.289526624781217,0.0997146741405843
2015-07-24,0.550200141623776,0.259913442249479,0.219781758159914,0.288017937408398,0.0941067630455398
2015-07-27,0.550494167382554,0.261579035822559,0.222985665272082,0.288773648848205,0.0985913348640735
2015-07-28,0.56751978530719,0.274005125364398,0.227826365400442,0.320180420102687,0.115061313566784
2015-07-29,0.565062251135374,0.274413231102791,0.228562944827456,0.322175240674801,0.107999666241671
2015-07-30,0.564301870800693,0.272000252342987,0.227434722710587,0.321496958037788,0.113750379651603
2015-07-31,0.564282991565205,0.265176417953348,0.232779877901483,0.325453393907133,0.114171106392922
2015-08-03,0.562329071070163,0.264492310757997,0.231168611201451,0.324432361959688,0.115289467630405
2015-08-04,0.562264710079868,0.265192439251395,0.233705684188773,0.325090009354245,0.116630847250728
2015-08-05,0.558589357996003,0.261847501923263,0.242642435951521,0.322217560791191,0.111901828512985
2015-08-06,0.556105763829975,0.259614230301481,0.242811697421259,0.321930991266861,0.110242664625739
2015-08-11,0.555966782736692,0.259180849298341,0.24474592574202,0.321211665984623,0.112788190789227
2015-08-12,0.550392948117995,0.2587113132929,0.203537809673835,0.269035125273039,0.109147786600101
2015-08-13,0.545902726333618,0.25921585493424,0.206006270617413,0.261744199553477,0.109175939222528
2015-08-17,0.545875359862293,0.262386913640292,0.208608675416584,0.264813932114461,0.107608427705862
2015-08-18,0.542364310153942,0.262568899321283,0.205941156504104,0.262504381586622,0.11045711370774
2015-08-19,0.549445958275224,0.266058014177249,0.217722454074967,0.268277614424006,0.118382325256727
2015-08-20,0.542798678149777,0.255057120568564,0.213570247601531,0.267487311538504,0.112417064882873
2015-08-21,0.547916528863277,0.26258683271901,0.226364067697591,0.275318353768489,0.137025347649677
2015-08-24,0.553610174628744,0.28504512813774,0.24765399438136,0.286995978520307,0.167291361172839
2015-08-25,0.586471868165331,0.338747452570551,0.291875654741163,0.34903457099888,0.21806446441698
2015-08-26,0.569598491113605,0.36140295865615,0.273095500429998,0.326242524723033,0.225630222869405
2015-08-27,0.569165694745116,0.354152594524205,0.26152908849793,0.326662512931529,0.215528686313784
2015-08-28,0.576139276797159,0.355419174744219,0.265823360857011,0.337855489554815,0.223704195946735
2015-08-31,0.566330049049062,0.362798862502073,0.274954416775767,0.337656479566943,0.221572656265027
2015-09-01,0.565408040734735,0.36243639892747,0.274980558747325,0.337798442504968,0.221255979417178
2015-09-02,0.564006106953308,0.361034364329162,0.276653148408783,0.338637604006664,0.222068612851574
2015-09-08,0.562630417207866,0.36031276194424,0.276946278741243,0.33842032522517,0.220000645266247
2015-09-09,0.560928409410573,0.353621183850977,0.272311053912751,0.338226762574119,0.219219685232023
2015-09-10,0.559218538802907,0.354527298172391,0.27819618570037,0.341508529171221,0.212916405139715
2015-09-14,0.558632853240112,0.355406908511866,0.273478695858284,0.343040859852792,0.210948320949673
2015-09-15,0.556804990956467,0.357289158511791,0.279462081342253,0.344695705607056,0.209733830824307
2015-09-16,0.55594027025112,0.353952043884934,0.27642568917046,0.349559051829148,0.199564052645603
2015-09-17,0.562118958856754,0.353260842443506,0.289606062368336,0.354319239923162,0.20377934242382
2015-09-18,0.56200053774138,0.348715459389599,0.289259037795974,0.348313702127648,0.20398724756837
2015-09-25,0.561463555103218,0.346171331284675,0.289444229137356,0.347029303664991,0.200179668480086
2015-09-30,0.552164918203657,0.345447528855218,0.284848514043606,0.34408062427495,0.198939045419798
2015-10-08,0.552628615545515,0.346829098148569,0.281636121463999,0.345777167078948,0.199758159972834
2015-10-13,0.548862943394972,0.355153807550756,0.292895569815433,0.352077066409123,0.217365753704843
2015-10-14,0.547573637984718,0.352967134792478,0.289289253708749,0.355777719349277,0.210285778586866
2015-10-15,0.547502398668607,0.353334884521419,0.290184707882152,0.355304126601233,0.210122971046144
2015-10-16,0.549483097853572,0.354539428833502,0.294300782709782,0.357192042154353,0.213666591548517
2015-10-19,0.549535449893076,0.355225644817084,0.293350523063635,0.357452956909375,0.213584174970239
2015-10-20,0.549046488140299,0.354350950146248,0.293513175482629,0.357036569249947,0.212728272894284
2015-10-22,0.54732587213304,0.35393789527737,0.294499452182403,0.355769822366233,0.211108526149529
2015-10-23,0.547474585012679,0.348043740601181,0.297557646587543,0.352170648962826,0.204919572227869
2015-10-26,0.54823451186837,0.350016366009656,0.299802488507685,0.353615186325916,0.206903750280987
2015-10-27,0.547434385165841,0.349632945153282,0.30023417453481,0.353509161472281,0.205605583006543
2015-10-28,0.546950992336699,0.348051458561542,0.300177027327058,0.351755757299206,0.204563630754168
2015-10-29,0.547813919255519,0.343531027347931,0.300445092158169,0.352554885163247,0.194928581381655
2015-10-30,0.546374192157587,0.342899045922332,0.299596504842832,0.348795476582682,0.194010986871314
2015-11-02,0.545554821807364,0.341449912801614,0.299767339918872,0.348445989715922,0.193379850959284
2015-11-04,0.547784733216303,0.347954473446484,0.296886189899598,0.351544769664043,0.18183848435187
2015-11-05,0.56193261195159,0.355226085621695,0.306715050971507,0.371803672849645,0.175358947599136
2015-11-06,0.559308520794048,0.357568280839268,0.303976420555668,0.366165932500727,0.172673633381732
2015-11-09,0.551868769601067,0.359224133311764,0.298393955655685,0.360956424883084,0.170510185210216
2015-11-11,0.546639290918438,0.363691248782321,0.290072333330876,0.356602099403298,0.159104448747914
2015-11-12,0.542510874890501,0.362790360957596,0.285625657940806,0.355501969607198,0.158577390208651
2015-11-13,0.532544570724514,0.361857262745302,0.286328743698417,0.35572032641359,0.159875625065887
2015-11-16,0.535719900032622,0.363071940580176,0.292430265118864,0.360062663405462,0.167131229785513
2015-11-17,0.528199776556422,0.356890002761987,0.281674574257643,0.357824509138813,0.169960798843498
2015-11-18,0.526483198877301,0.353919818319371,0.2799844450287,0.357307144322974,0.169524784921591
2015-11-19,0.526553915465173,0.352439255647048,0.280321367333398,0.360267275983577,0.157827200470464
2015-11-20,0.529212070567844,0.35586672107183,0.287356797204611,0.364762025058015,0.155682277762011
2015-11-24,0.52887569196493,0.354965254088108,0.287543201777305,0.363854161827288,0.155854243946218
2015-11-25,0.528954167742378,0.353590331953951,0.281521107958484,0.3627114930621,0.155665343711877
2015-11-27,0.526020452081655,0.349382664627234,0.27907872403455,0.352386742701112,0.154560555849456
2015-11-30,0.536381166249866,0.322014661154661,0.224370141237264,0.370586997175638,0.144936475665159
2015-12-01,0.535486439427106,0.319452737946508,0.218377696392495,0.369707468546624,0.143553833271402
2015-12-02,0.532876987931257,0.317884938301481,0.218960905865372,0.369283333175182,0.143940048454407
2015-12-03,0.531989038314801,0.309751840809929,0.209786578869578,0.371299923496514,0.124244897543802
2015-12-04,0.528726209102692,0.308248315460215,0.204734997368826,0.369587737957098,0.110381782399382
2015-12-07,0.531014678181627,0.318668151906335,0.212774984153623,0.369683500925645,0.0906324069559855
2015-12-08,0.530283138686124,0.318468448071659,0.212506229482082,0.368923449043792,0.0896759127550155
2015-12-09,0.535452495868067,0.325136308673611,0.219955652748959,0.37581613025272,0.0962107889918016
2015-12-10,0.534486628962898,0.322918688188983,0.220907731964956,0.37397330797803,0.0960110675557708
2015-12-11,0.534619569077702,0.323338169188082,0.221308896728276,0.374181421928772,0.0958605547031905
2015-12-14,0.534827152687531,0.318869281350261,0.222979032221924,0.374864631892955,0.101626161584175
2015-12-15,0.517833169428724,0.286367310840903,0.201267464065414,0.353806880258027,0.105761028155019
2015-12-16,0.517805982160337,0.285932045141671,0.20192882996349,0.353323929173933,0.10384752673182
2015-12-17,0.511046563258859,0.282306180003768,0.200488014540622,0.351266270039215,0.104320233495929
2015-12-18,0.513713219238847,0.290299621928357,0.204764730263464,0.357407235654422,0.0870605718548932
2015-12-21,0.513034491864457,0.287979049074905,0.205969044680826,0.356635355899255,0.0868987080746261
2015-12-22,0.510779642544498,0.282648924185981,0.208908168257768,0.348726968450217,0.0927300201634858
2015-12-24,0.510735045504373,0.282298510105323,0.210554172942281,0.348551812876555,0.0938582110613267
2015-12-28,0.495203647265331,0.284464647404721,0.212320933517846,0.335086701818325,0.0872359998519229
2015-12-29,0.50214587006329,0.276756800693802,0.233341469267733,0.333713599246921,0.0905418114910085
2015-12-30,0.502767389541199,0.27836668862278,0.234289379737421,0.335726393142208,0.0954331554960768
2016-01-04,0.500899478189613,0.278567777206478,0.234407126431977,0.33496719665857,0.0942546883112175
2016-01-05,0.547770322077611,0.370761405798885,0.32886170683454,0.418979400225775,0.201835385259309
2016-01-06,0.546920505624325,0.370001261159833,0.327467542478469,0.417966460019622,0.200980606984272
2016-01-07,0.534206901807531,0.359852598822231,0.323006871200435,0.397732002250547,0.188218171652255
2016-01-08,0.569360166582487,0.388872907332492,0.341959133667164,0.453062715326444,0.231978643266219
2016-01-12,0.569541046627765,0.385025296140067,0.344345732615666,0.453950170075024,0.224985790041331
2016-01-13,0.585652754401781,0.404211634192669,0.361184065001476,0.471212386093474,0.210989247190286
2016-01-14,0.577210407314348,0.383858102082458,0.346683349432693,0.467586986253987,0.220071702466114
2016-01-15,0.572659177728355,0.3685481034213,0.33898725077074,0.448777130878869,0.223670056388993
2016-01-19,0.576778922782936,0.368809855706286,0.347490900647454,0.449241068784128,0.235469398089628
2016-01-20,0.575938790013007,0.361378147700929,0.350295301688937,0.447373603807341,0.232838674025788
2016-01-21,0.564256134579614,0.358728778771323,0.347287914786166,0.43929865165464,0.233630934334877
2016-01-22,0.568441655531068,0.366217939214762,0.347694729278959,0.442447026641136,0.228038831401948
2016-01-25,0.566663953295951,0.362819975036133,0.34832410084235,0.442420650769963,0.230124718840379
2016-01-26,0.566208449845023,0.362505849821127,0.348632073590683,0.441343717558671,0.224863497629806
2016-01-27,0.576663671513253,0.372051660302125,0.360522522526551,0.450643359605926,0.197202010071459
2016-01-28,0.574363627983297,0.367606328294493,0.355725363059215,0.449331415542754,0.197167504144331
2016-01-29,0.567358156806955,0.36794236466015,0.350111333009836,0.441469338748427,0.19237601269314
2016-02-01,0.571741604921181,0.373724123327152,0.349935049816776,0.448181529451333,0.204672680087481
2016-02-02,0.571486581304182,0.366619465907322,0.345111811205444,0.449204497181181,0.204051253075711
2016-02-03,0.565461263840672,0.362493585338164,0.335620299835177,0.44096814214547,0.190523502349463
2016-02-04,0.5609515333513,0.359555708732147,0.335217539573903,0.439224707975191,0.189423153077077
2016-02-05,0.561576324991648,0.355990650373896,0.33824063999914,0.438368061496706,0.188850859134535
2016-02-16,0.559928415442173,0.35592097449793,0.337759956779371,0.424455131066141,0.189491448972004
2016-02-17,0.550655953197797,0.3236778948588,0.317033003882207,0.426005871058013,0.192962981594532
2016-02-18,0.545746142649001,0.320285525499871,0.315577860433483,0.419439423188322,0.195454931397394
2016-02-19,0.538625069390134,0.317978851098596,0.312226612187144,0.414538311411335,0.194877426089706
2016-02-22,0.538157605618445,0.317272079537822,0.31184420646899,0.413551548259863,0.194212596918839
2016-02-23,0.539853989048598,0.318719420918533,0.310041892070752,0.411427414730429,0.202558643378081
2016-02-24,0.539731372440788,0.318808418247472,0.310357619745246,0.408883136222719,0.204329779718111
2016-02-25,0.533952235020291,0.316116151116195,0.309556179821538,0.395517578742104,0.204444162336374
2016-02-26,0.541304550303031,0.281876247372547,0.288056539066161,0.393066949536821,0.167209453085998
2016-02-29,0.538346579876787,0.282081832423612,0.288237347630099,0.392804280253706,0.16586321428187
2016-03-02,0.542338405931627,0.286784837912383,0.289621361799485,0.384207598472362,0.173314170837437
2016-03-03,0.56770458683788,0.325138328571967,0.318077185736439,0.406241394497999,0.217919963486805
2016-03-04,0.566732226383839,0.324781962279495,0.318030126051065,0.401830089099853,0.217195791970385
2016-03-07,0.565966964571042,0.324482294265747,0.317467367573127,0.399993663856127,0.216564532921744
2016-03-08,0.564888411365847,0.322692080614092,0.317453153828883,0.397752993353253,0.215619368172923
2016-03-09,0.563445554199507,0.321698920195378,0.315935962568633,0.393652002978078,0.212902157338887
2016-03-10,0.562452448935891,0.323245296507518,0.313131973236059,0.387078029064567,0.209515070036677
2016-03-11,0.560560628255489,0.314872187027606,0.302014391126352,0.385583668153487,0.208456456008008
2016-03-14,0.55913292028619,0.31458287369258,0.302104516290105,0.384700313926171,0.2060168112185
2016-03-15,0.560889601515683,0.319456780066861,0.301381146716117,0.385958626985068,0.203276437844239
2016-03-16,0.559109980141853,0.318297737026522,0.301217374629469,0.384908625552917,0.202238482021515
2016-03-17,0.558298000754095,0.316666246090683,0.301382526057022,0.384212218351557,0.201592271711313
2016-03-18,0.55943080461977,0.314547402066804,0.304623751086497,0.386481262475582,0.203630401977159
2016-03-22,0.560705350278919,0.303117241627093,0.305510894067006,0.389622754099066,0.205422086481443
2016-03-23,0.558259690666767,0.309020652014573,0.306674855828247,0.380198962331599,0.203496399893046
2016-03-24,0.556997949792635,0.308135491164523,0.306247217316591,0.3794333377235,0.200185943782772
2016-03-29,0.560436488808744,0.311011418846377,0.310979812947334,0.384895065572394,0.199919659976597
2016-03-30,0.557988926906118,0.301488913348918,0.304689301063028,0.38852550954215,0.188382358699781
2016-03-31,0.568070692379482,0.280131815436565,0.308536645487992,0.40278493542955,0.192460066129499
2016-04-01,0.567211973527495,0.279267486607693,0.307706697772832,0.39922274055398,0.191406019208827
2016-04-05,0.56154122582527,0.264246361467352,0.300277487869235,0.396521846770847,0.190741966943193
2016-04-06,0.543530769640701,0.247441589578605,0.291193444929146,0.388913141742892,0.169296069480055
2016-04-07,0.542990143994934,0.247811512249181,0.290510361699044,0.387705559619663,0.166911719999128
2016-04-08,0.538906168588204,0.246610993614176,0.288611390234751,0.385224672952514,0.176481447262465
2016-04-11,0.535506129418139,0.245486022079323,0.28948780765525,0.385012928652595,0.174607027419667
2016-04-12,0.534947745109301,0.241138195486396,0.286182207371288,0.382270776751522,0.169057260366294
2016-04-14,0.533728636704974,0.239200116198102,0.283431464788689,0.380945369706372,0.165057868944664
2016-04-15,0.537409754411702,0.265930744153704,0.303688617756282,0.394690980279382,0.176109907468947
2016-04-18,0.537051917145768,0.266173039476196,0.303837505212755,0.393453124787882,0.17571192502567
2016-04-19,0.538670237278837,0.276553230159459,0.306556397450198,0.39262264903441,0.166803777374972
2016-04-20,0.537618823158045,0.27634264566648,0.306684378362966,0.391677079252361,0.166788817961865
2016-04-21,0.540553361793562,0.272154233491,0.310041198724743,0.387234428946652,0.164191592946398
2016-04-22,0.529077283652383,0.265681955079766,0.30243778947588,0.384563956903324,0.166869017109441
2016-04-25,0.527120894585419,0.266089518515002,0.301289309719915,0.381961735137227,0.166238930472177
2016-04-26,0.527489593037161,0.267039284206459,0.30163007786835,0.381750087235603,0.166801051883154
2016-04-27,0.527819998589177,0.265693510057906,0.302650095425061,0.379610617879495,0.166900581849801
2016-04-28,0.527785924857893,0.266281578583718,0.303537141859643,0.379823959132091,0.165880722103925
2016-05-09,0.527183115978263,0.26567931181104,0.304000988130927,0.379613090756634,0.166834124288007
2016-05-10,0.584568305263188,0.289568659923961,0.359131693951992,0.44167426391923,0.198590186410414
2016-05-11,0.58360108195673,0.288246055974316,0.356986391957573,0.439380361495691,0.194942373958695
2016-05-12,0.581569363300009,0.288134201817716,0.356121861017018,0.437675194460298,0.191231833868642
2016-05-13,0.580438132085668,0.287922181640742,0.355557103540017,0.435982187986992,0.190527970909074
2016-05-16,0.579836442002637,0.288711036952528,0.355645899984561,0.435093355238026,0.191208280862287
2016-05-17,0.57999036665741,0.288860242323593,0.35445441604565,0.432987964401757,0.195704356688109
2016-05-18,0.57643999916356,0.286921982562369,0.353927654091475,0.424436373051605,0.195930034998966
2016-05-19,0.579435104722879,0.286105999363944,0.359516707867018,0.42257227616049,0.194783068103326
2016-05-20,0.578174126508898,0.286033265731981,0.357928575882345,0.418601869125892,0.193865962176504
2016-05-23,0.578312298130053,0.287048413657987,0.356845673822751,0.419493571583641,0.195953653882629
2016-05-24,0.575681202422048,0.284216275910706,0.358021358531177,0.418057038898818,0.192707238480894
2016-05-25,0.573228471377958,0.287932843362066,0.36279184867625,0.419292878394919,0.175821535685224
2016-05-26,0.558717563140416,0.283287524653848,0.3530455932262,0.416149700691924,0.172898099695867
2016-05-27,0.558023452433739,0.283186817613878,0.351563297916454,0.415210408659299,0.17201652592249
2016-05-31,0.556105401331984,0.282882579678879,0.349227605051269,0.410957069011792,0.170928567373412
2016-06-01,0.550569124737859,0.322702616000563,0.360610363548558,0.375291470874533,0.154518483463272
2016-06-02,0.550079554163828,0.320907257537239,0.360053104286845,0.374626365945154,0.154114598383256
2016-06-03,0.549947564417221,0.310346603324242,0.359578423752337,0.37413375249854,0.154614311679816
2016-06-07,0.549830096479439,0.310636225993921,0.358667752164747,0.374606907332702,0.151715923529372
2016-06-08,0.542698011592618,0.310182358443566,0.349236718770723,0.367285509022024,0.149889105670542
2016-06-13,0.542360421802648,0.307311359377644,0.343702220948092,0.36445010268836,0.14816954323706
2016-06-14,0.580241985068841,0.377354045702986,0.405640090644098,0.421255730103197,0.227280202609062
2016-06-15,0.577859785645735,0.374694377011655,0.403149003406704,0.418069242329951,0.225371741011783
2016-06-16,0.575404978339718,0.372794797914159,0.396460082151585,0.415772231918601,0.218896927369989
2016-06-17,0.573923692156085,0.373052031507942,0.397152540039203,0.416198963170878,0.21638224589366
2016-06-20,0.573644115691194,0.372972942179977,0.396038502312212,0.415755913817937,0.213233341654996
2016-06-21,0.570447948108895,0.370602512511846,0.391343872908931,0.412237371290688,0.21230109836507
2016-06-22,0.567248699718657,0.366927945754369,0.390066724075515,0.411931205199696,0.210225636232765
2016-06-23,0.567345753059486,0.361654989809532,0.391508389619701,0.408211480773413,0.205610755284521
2016-06-24,0.565025286356275,0.35751561241864,0.391610912755339,0.405551077871299,0.192318717352394
2016-06-27,0.572945483665732,0.371079358711894,0.404912379939093,0.418519567966726,0.223865909242709
2016-06-28,0.565799232549393,0.374508877203698,0.401022402720632,0.411038588715057,0.204404053838718
2016-06-29,0.56317772045,0.37309894540262,0.401109648410757,0.412213321314497,0.207315763731042
2016-06-30,0.564385337739019,0.373815206006675,0.402918269311037,0.414314632525353,0.210729772762838
2016-07-05,0.558644290190506,0.372820445840464,0.400563123368651,0.406574532362741,0.208496807252089
2016-07-07,0.537227301306895,0.365497889150543,0.407578357663736,0.409749279202302,0.192705478531431
2016-07-08,0.535993036060105,0.359791351635538,0.402846672547215,0.40818119881904,0.192562590103476
2016-07-11,0.537611484504902,0.361238373003696,0.404624663849799,0.409747283102253,0.181023023828149
2016-07-12,0.53563316897165,0.358676667324845,0.402618713510665,0.408401126569509,0.180720297389082
2016-07-13,0.543839605237261,0.366032838488344,0.397816277082265,0.414261562358365,0.185543467010198
2016-07-14,0.54377872139461,0.365701259430154,0.397763202052792,0.413605947708154,0.184656567877133
2016-07-15,0.539463919280801,0.363707200093023,0.396370161043183,0.412704748054157,0.182926816396178
2016-07-19,0.538699071108245,0.362656892692414,0.394978558331423,0.410577688750468,0.182297175302041
2016-07-20,0.537306268141155,0.357024698531448,0.39372279493621,0.410223691033893,0.18125212871712
2016-07-21,0.532606955958637,0.356469563504634,0.392925408341771,0.40365624783979,0.179212155786847
2016-07-22,0.532898673823291,0.356445573950225,0.390710442440161,0.401292716343863,0.176469085029574
2016-07-25,0.531968210749489,0.359386525123119,0.389618525881725,0.397066680348297,0.170627912387152
2016-07-26,0.531619746944062,0.358433462286896,0.388684216799429,0.394356309524661,0.169514606129689
2016-07-27,0.533205047160846,0.34217661825114,0.394410243411469,0.391835305647896,0.167100515264695
2016-07-28,0.514122927764639,0.311694159529151,0.389329060436974,0.375814030711802,0.168746461239739
2016-07-29,0.513634092482829,0.310033263286846,0.387971185564774,0.371798032622013,0.168305844893697
2016-08-01,0.515103333858026,0.307455100826211,0.388327148629326,0.372315523149521,0.16683462550841
2016-08-03,0.500164579258508,0.30369108807552,0.37576912436128,0.359899406188147,0.168628058116675
2016-08-04,0.474108492080078,0.272430621789568,0.340076269713096,0.322640018337571,0.161331639925237
2016-08-05,0.474477919615136,0.272679489555989,0.339863859726977,0.322576799129735,0.160787118686533
2016-08-08,0.467368921576529,0.272755981500403,0.334957966092962,0.322701680985076,0.155572100051336
2016-08-10,0.474866304071949,0.283106892460863,0.33960323723862,0.332296673131412,0.151627982605136
2016-08-12,0.474210520932346,0.283869396111613,0.34175744703736,0.332207584904642,0.148058947515481
2016-08-16,0.481207358034389,0.288758416607106,0.342456173321203,0.325499036483542,0.153018852750904
2016-08-17,0.481258358137807,0.252190359420643,0.32919885282988,0.309889851272923,0.135963874627397
2016-08-18,0.481022742816402,0.251921022208551,0.328900344408855,0.309487990527879,0.135730363269526
2016-08-19,0.477214252889186,0.252955742011442,0.326101946742527,0.309930738260258,0.134963578210284
2016-08-22,0.476516482764528,0.253372493528456,0.325850631329616,0.310102236048788,0.13424049705341
2016-08-23,0.47295118491741,0.25117728554413,0.331912914899102,0.310423995740059,0.135816924492496
2016-08-24,0.47312025097543,0.250333173863526,0.331942944836844,0.310744435706313,0.136002114339684
2016-08-25,0.472984550844113,0.249687022326075,0.33205617509922,0.308072450289289,0.136959220355681
2016-08-26,0.472690152233585,0.251168932859458,0.331813733316864,0.305039513495715,0.139269632802246
2016-08-29,0.472818326007424,0.249477909965541,0.330879671254958,0.302993596911612,0.138722455093332
2016-08-30,0.472729286853271,0.244875950491073,0.330415849672217,0.30042292175907,0.137650490101359
2016-08-31,0.472448882411017,0.245004892668834,0.330508723774505,0.300296895127895,0.136405303791836
2016-09-01,0.470973483563068,0.247596025507455,0.327374458144538,0.297826564437028,0.13316118947107
2016-09-02,0.457524927283695,0.245339849240242,0.327725315482746,0.299125229877195,0.133964569395008
2016-09-06,0.458180000240443,0.245568151825613,0.327768160351327,0.297291760695141,0.134552428991332
2016-09-07,0.467355993955807,0.251738945834582,0.340669791222689,0.310885567314425,0.138222731330179
2016-09-08,0.467524347625335,0.251690270943677,0.33987480479448,0.310782855246784,0.137991775257944
2016-09-09,0.467704288224675,0.251209344166559,0.339523791582194,0.310676969742858,0.136582119070347
2016-09-13,0.458542900867998,0.250912672902403,0.348212731333551,0.314906789110368,0.16020060492484
2016-09-20,0.510591702441043,0.279890485706671,0.394201010744987,0.347776966160962,0.156942872886015
2016-09-21,0.507683055109215,0.277730120026184,0.388192135898087,0.344815232418465,0.156069821102977
2016-09-23,0.507509657068367,0.275581465368353,0.387175671066217,0.344202224449305,0.155791294171065
2016-09-26,0.507155580623686,0.274254437300023,0.387346134741844,0.344083582739693,0.155339757761546
2016-09-27,0.518838486159632,0.292144186379451,0.385297135796794,0.339962523252567,0.17539624697789
2016-09-28,0.521202683635674,0.295112928040229,0.387937322183261,0.3408194973476,0.178457176314369
2016-09-29,0.519846865154779,0.297922491634225,0.388652957636665,0.34065406673613,0.17501235206239
2016-09-30,0.520333149026549,0.300208493246148,0.38950296581581,0.342459874298517,0.167807807062818
2016-10-11,0.509215322693903,0.294357765157309,0.380044956584859,0.339686108382729,0.16866885480234
2016-10-12,0.511542818170329,0.340643280176393,0.347509690238012,0.313474826959902,0.113934048410515
2016-10-13,0.511958125837229,0.340951559238363,0.346763188480393,0.313348499696998,0.113900682887032
2016-10-14,0.505739181837228,0.339865129500623,0.342949147849107,0.312810979813426,0.113564201466313
2016-10-17,0.504992871845854,0.339236351417405,0.342537077762523,0.312819175005182,0.113645937409481
2016-10-18,0.508300579863563,0.335773357197436,0.338075340442261,0.311117497737802,0.11768314576484
2016-10-19,0.517960472876719,0.334029811571826,0.344778183221892,0.315088871252614,0.127762083689596
2016-10-20,0.517391690033114,0.333398520770896,0.344336625290836,0.31456141323541,0.127717473588928
2016-10-24,0.516982484608944,0.330327055428338,0.34391659624556,0.314529880396374,0.127748113678496
2016-10-25,0.521442307456682,0.323632533535531,0.345454567912642,0.319577921167544,0.135610267421173
2016-10-26,0.520833831902612,0.323197243557161,0.342924497023836,0.319191527526326,0.13436652727615
2016-10-27,0.523311661041182,0.321585550880998,0.347704568036222,0.324110902560207,0.136382199848056
2016-10-28,0.522708051580336,0.321522645434847,0.345300395787637,0.323965544536897,0.137116355429595
2016-10-31,0.523331569059213,0.318304667917629,0.345760665302792,0.325346002126971,0.138928750086631
2016-11-01,0.523163826860301,0.318114839681902,0.345602225301251,0.325407902754047,0.139007928366069
2016-11-02,0.526634477454099,0.316529785660305,0.342540456995584,0.323170446987881,0.125004600371335
2016-11-04,0.531611117732595,0.326327622071271,0.351827782195424,0.325298974350817,0.134211172669382
2016-11-07,0.520086294915158,0.308510862831956,0.351037325541143,0.310819619756082,0.122475231840311
2016-11-08,0.520538295119268,0.309445337512249,0.351743844876439,0.312031924274658,0.126219111751074
2016-11-09,0.521404316986684,0.307893035488612,0.352379803427382,0.316141809547231,0.127797088338164
2016-11-10,0.526258592988762,0.314360025880479,0.361493513177801,0.326034547344004,0.116255839108253
2016-11-11,0.540020109761534,0.347742714380615,0.387743271668553,0.353537446440393,0.116691538309328
2016-11-14,0.521277471251026,0.345558555065744,0.374688665849951,0.340577734387376,0.113706001254247
2016-11-15,0.509848256916425,0.346826977218856,0.369952483512803,0.329640463731732,0.11305559293792
2016-11-16,0.508780612322247,0.346075212186312,0.369560307553978,0.328387169028224,0.111237243005467
2016-11-17,0.508755280565235,0.344572745950726,0.367548743861157,0.328322456438247,0.111699480352689
2016-11-18,0.508422876682527,0.34375997909112,0.366808555724605,0.327847943905774,0.11232121123702
2016-11-21,0.504549154004602,0.340294695266459,0.367592335017207,0.316063054774792,0.115419141908662
2016-11-22,0.501343741497586,0.340931548634932,0.358076062525707,0.299872875602665,0.125422005396695
2016-11-25,0.510150179426604,0.33878531761853,0.365279129542196,0.299990893081275,0.127042757605587
2016-11-28,0.509944635028244,0.340346116110074,0.360197681091171,0.304837693935313,0.13003146824206
2016-11-29,0.510975871710841,0.338167270035246,0.359833603144742,0.307652502155045,0.123061625189154
2016-11-30,0.509008704953489,0.336816620826235,0.359006694542406,0.307903351962219,0.123260723753247
2016-12-01,0.499827220174957,0.332809062904014,0.349835815348657,0.284245435634648,0.13029069484441
2016-12-02,0.500621124900847,0.336790912587262,0.347164704520777,0.291799367511045,0.122051415499303
2016-12-05,0.51101459625563,0.338069661416805,0.354738495353322,0.295449576632542,0.121816889642267
2016-12-06,0.508751099977652,0.343199717807928,0.357935143535962,0.271389217474303,0.104168154884855
2016-12-07,0.505172129991858,0.341486517494636,0.347374381136089,0.27114775147675,0.103155649450304
2016-12-08,0.507286413878595,0.343799964364707,0.34606533395514,0.274414293973659,0.120646980567137
2016-12-09,0.505991834634694,0.336868064072451,0.326974429549485,0.275040424280013,0.119943784841534
2016-12-12,0.499489560413018,0.340681389985693,0.322671849920279,0.273160567182566,0.125111218460644
2016-12-13,0.522440167604981,0.298167299408805,0.300252134171909,0.266833317902802,0.127675345833869
2016-12-14,0.522179329332893,0.297929229495074,0.300227141825034,0.267366203880477,0.127510687262643
2016-12-15,0.521226358395952,0.297585619388905,0.299892938547265,0.268208752528691,0.133671445612389
2016-12-16,0.525363680006214,0.296078438113118,0.299497505736116,0.277341184116605,0.128928320803122
2016-12-19,0.52443929616866,0.296323284961824,0.299927332480336,0.278097664950959,0.128112450914546
2016-12-20,0.523583892790034,0.296315314040694,0.300485231141994,0.278405805546716,0.127603520982647
2016-12-21,0.525005288573563,0.292222192592358,0.298816362406103,0.279258010594338,0.124145977924857
2016-12-22,0.52440033959318,0.284407479639206,0.291456248735315,0.268156008105692,0.115406835151499
2016-12-28,0.521111907291648,0.284195878356652,0.29145244105358,0.265904509039671,0.115150335811484
2016-12-29,0.505711117672911,0.284556002527588,0.300859425412718,0.249232246405577,0.128790150041297
2017-01-04,0.505074710721038,0.284810018451945,0.300618597249503,0.25102236430305,0.129178229121222
2017-01-05,0.525101242191336,0.324797013486161,0.322416708886593,0.283549526836334,0.161719233296793
2017-01-06,0.521560143873999,0.323208523906779,0.321309623344026,0.283134233422483,0.160694313252073
2017-01-10,0.520121955661581,0.323786123095294,0.318545072243625,0.2815265306939,0.1579618941532
2017-01-11,0.519172474986847,0.320184100756273,0.317189642862567,0.280492046075994,0.155229976976186
2017-01-12,0.506674169738773,0.315920696918683,0.286472429488751,0.282133230784383,0.150525413143542
2017-01-13,0.50848069437154,0.32087306488091,0.280157933975651,0.284455035626359,0.153312689038442
2017-01-17,0.506309040799473,0.317615337603799,0.281699708911983,0.277556186554903,0.152305300036708
2017-01-18,0.506409173326151,0.312091682844451,0.282496518999273,0.278511839214775,0.152897329899624
2017-01-19,0.504115627544889,0.31195888306819,0.282512595391588,0.277353242910985,0.152788463141617
2017-01-20,0.504730104111325,0.306768247294369,0.281926485885679,0.275536528940564,0.156197740292827
2017-01-23,0.492415952047799,0.307134887999814,0.275072294111099,0.27554020196776,0.159584689746061
2017-01-24,0.49177102207302,0.2974884884552,0.274833188408627,0.27862210432172,0.154748690589646
2017-01-25,0.492101496914476,0.295608690495318,0.274973309104714,0.279790723798085,0.15582417328819
2017-01-26,0.492772276041138,0.296503235870675,0.275342267785546,0.279528690621543,0.157720696953982
2017-02-03,0.49209263068671,0.298756210658838,0.278429119820848,0.28153825125199,0.156042488225691
2017-02-06,0.497919190604591,0.30975574144796,0.284787894594913,0.285857470271662,0.155732463383047
2017-02-07,0.501615045767893,0.309672801240856,0.28630293039518,0.29031233781819,0.150529934696027
2017-02-08,0.501738521937417,0.309762484512404,0.287008806337016,0.287957520152334,0.150386289158497
2017-02-09,0.503961810201096,0.310713024255649,0.279670184103464,0.285130384101392,0.14967978268271
2017-02-10,0.503507050017893,0.305409033401097,0.279175560022445,0.289297360359569,0.15584549829648
2017-02-13,0.503618408259327,0.31075997619289,0.282689692958414,0.2941969442726,0.158402765938472
2017-02-14,0.506535300531471,0.311204575709728,0.28381278336683,0.298090044749079,0.165227625344423
2017-02-15,0.506397790858583,0.30929455259092,0.283791347894343,0.289438959305931,0.16445479548152
2017-02-16,0.495519978240287,0.305833587673394,0.281120993840104,0.286630066961476,0.160836499110008
2017-02-17,0.497541096651563,0.300683408247684,0.278344038851128,0.288682665071478,0.157122186251292
2017-02-21,0.498607774119419,0.304828354018015,0.27863498449682,0.278169293513845,0.152301035973743
2017-02-22,0.472025649936233,0.309308771333987,0.3122326597764,0.249874983238392,0.173295523807431
2017-02-23,0.472236371658671,0.308565424398512,0.312640147030431,0.252273346321993,0.17132768440629
2017-02-24,0.473915349943156,0.308399421738874,0.312212258064073,0.248633516815831,0.170856849771029
2017-02-27,0.471769144110166,0.307303188238494,0.309028005592818,0.247073053066671,0.170317050104065
2017-02-28,0.47219267332481,0.315237216799809,0.315319906987044,0.251792972543532,0.167871138793376
2017-03-02,0.462386657914003,0.314207585852138,0.316883872734542,0.247444594712058,0.162417792457178
2017-03-03,0.462886766354728,0.291336489038169,0.310094132469911,0.230579281487523,0.151013132731415
2017-03-06,0.466244853327573,0.29322131249964,0.315033679924087,0.234894215953695,0.150704926824847
2017-03-07,0.466701203402011,0.288502132268098,0.315038872473769,0.23446899791562,0.143505353806189
2017-03-08,0.467984505149886,0.287182315681618,0.316852423032079,0.236523957995791,0.13990102126795
2017-03-09,0.467035742846793,0.287306444011147,0.316671240561655,0.235959199514984,0.140193003971467
2017-03-10,0.478569834854631,0.281630783831605,0.319118677319967,0.250746873630775,0.138792243652319
2017-03-13,0.477734645078967,0.275024821139179,0.31753454795684,0.249257422692873,0.137097731091314
2017-03-14,0.486791085333727,0.273943862315463,0.32999207090749,0.255401231464348,0.13495806522247
2017-03-15,0.486867003360099,0.273770754735903,0.328304019952871,0.255786252342359,0.133554989380154
2017-03-16,0.486599512418325,0.273502792501299,0.327883274049298,0.255926860107969,0.133042637549107
2017-03-17,0.501089657579275,0.270824130081073,0.338987627158522,0.270558858705279,0.125175295671873
2017-03-21,0.493870199478455,0.275162241713882,0.316090165338376,0.263526029418707,0.130144993186597
2017-03-22,0.501285554338515,0.267525484857257,0.323217782994727,0.254298298810446,0.0897174823552507
2017-03-23,0.506028978964126,0.278844380000518,0.327526674440579,0.266122207481729,0.0885169183383166
2017-03-24,0.505874815757663,0.278967319085217,0.327454510121803,0.266918880298151,0.0886129133252095
2017-03-27,0.504152505435799,0.284822844617827,0.321838842027592,0.272674082735633,0.0860804393977804
2017-03-28,0.503475124543823,0.283866159018238,0.321391612456021,0.273447156954199,0.0870339348964746
2017-03-29,0.495732117445966,0.274427112544666,0.316111679112474,0.258947052259618,0.0783288101945547
2017-03-30,0.493692872277478,0.273944897711329,0.313987370352993,0.24947626592933,0.0784462698736508
2017-03-31,0.495301017011027,0.283341699905765,0.313958030636626,0.256182668587299,0.0716011681555777
2017-04-05,0.485608062058012,0.276799580430496,0.310568967193082,0.256589536922203,0.068909649030114
2017-04-06,0.500897133455351,0.261958045869412,0.301754053389523,0.250664017175222,0.0464256027183443
2017-04-07,0.496086430635532,0.252226848585023,0.297294034220042,0.2506253740588,0.0483706142279464
2017-04-10,0.495777180805006,0.252985244174278,0.296952752864518,0.251352125654322,0.0486902739486899
2017-04-11,0.494927069041596,0.246681522920863,0.30568330101145,0.249898132281303,0.0496634153498741
2017-04-12,0.481820972485625,0.242921671904624,0.296019277954569,0.24542634271923,0.0465213526014607
2017-04-13,0.469210664216769,0.249771165917484,0.292719394089867,0.240834451152703,0.0542180839210924
2017-04-18,0.469092124045042,0.248841478421201,0.290338550789525,0.239577896247165,0.0535238585389172
2017-04-19,0.498326207115549,0.236996646685084,0.274082591133471,0.290581260971975,0.01693680923237
2017-04-20,0.500698602150537,0.236437499830682,0.280710020051572,0.295359949903765,0.0226681895956658
2017-04-21,0.497763875236536,0.236900620129424,0.280341846345447,0.295194515238244,0.0240752090749036
2017-04-24,0.497718945868444,0.235998447263739,0.278779825741393,0.295380102092298,0.0252200383958933
2017-04-25,0.482587307814901,0.205454337502184,0.264319766688859,0.288412900577333,-0.00551718323610949
2017-04-26,0.479058238696037,0.206787329807256,0.263565599841826,0.288607098327769,-0.00248368991573576
2017-04-27,0.479628027763379,0.208633487204506,0.264879256835185,0.289493172446001,-0.0013094447495113
2017-04-28,0.480988077614477,0.208017209387891,0.265378137344315,0.288505176406811,0.000150531585260533
2017-05-02,0.480257971473472,0.208414342359241,0.265452520972679,0.288842870960258,0.00141689521314828
2017-05-08,0.477928582541337,0.200528603237119,0.259426718207266,0.271965028551687,0.0010719727231532
2017-05-11,0.47859194084718,0.126308372399917,0.0920189198953495,0.224041887231806,-0.0112428014768294
2017-05-12,0.441052203265108,0.126319795979613,0.0935185220944362,0.210407103941482,-0.00594266075455424
2017-05-15,0.440979439947392,0.124189384142768,0.0916944313108128,0.203699863210667,-0.00773423684700168
2017-05-16,0.441743770519519,0.125606778760821,0.094431134314105,0.205583488195252,-0.00421225277919518
2017-05-17,0.438960895045943,0.128392284989197,0.097895072405855,0.186553191226687,-0.00497743610680107
2017-05-18,0.440180937485617,0.132069673542599,0.100766794368921,0.188654545516393,0.00998611923572493
2017-05-19,0.443471817362011,0.140935129461925,0.105047488653819,0.190819088147175,0.00916073215836345
2017-05-22,0.444107354950813,0.142536468436353,0.107394645602683,0.192185088234923,0.0104616474669142
2017-05-23,0.435086348781624,0.141204977857507,0.104167637311342,0.194736658222669,0.00791548770141116
2017-05-24,0.435128154594122,0.145195688647365,0.104105957666516,0.193051755957162,0.00840219585057385
2017-05-25,0.435944839127763,0.146880712957845,0.106640193782003,0.194569407195751,0.0100079271632353
2017-05-26,0.445251987650915,0.151815485393743,0.131853826485784,0.194451512076058,0.0220672821255134
2017-05-31,0.445893109751225,0.152251213594544,0.134043203551729,0.194389448230509,0.0233029657761922
2017-06-01,0.446504177028219,0.152815553243103,0.134564336534202,0.19385495036223,0.0234460428553479
2017-06-02,0.440248338623253,0.144948438054239,0.137746673247165,0.183714690437345,0.0166726674015186
2017-06-05,0.440832011086799,0.145931353609123,0.139625175296341,0.185397322538155,0.0185012091520557
2017-06-07,0.442969070730225,0.147994273137579,0.142828926967997,0.187709376445554,0.0220899081677639
2017-06-08,0.444548596619203,0.121471016348282,0.129692439452145,0.172832729068848,0.0152159893515573
2017-06-09,0.446114372845885,0.121243323687645,0.13224202665128,0.17552943509894,0.016247979714804
2017-06-12,0.44559737435988,0.124461515731338,0.136700336051991,0.179264448587472,0.0166814223920329
2017-06-13,0.452167168192269,0.131347488503649,0.148883513726776,0.18381442000415,0.0208520442072706
2017-06-14,0.454885746599654,0.132083362990532,0.155025756923188,0.187690633238393,0.0264125813664263
2017-06-15,0.452440079556624,0.135124196378008,0.157878318626612,0.191794772486998,0.031249513539524
2017-06-16,0.444784044875643,0.136576659410569,0.158956037404361,0.190403707716349,0.0321135896402996
2017-06-19,0.443761908835428,0.135097942068256,0.160859517199741,0.19229424457063,0.0337482931140984
2017-06-20,0.451544471474039,0.142668557179464,0.166418340872162,0.200831947812666,0.0493710468721001
2017-06-21,0.452633074235962,0.141418525599364,0.16851202954942,0.20352461202403,0.0531945429384477
2017-06-22,0.444322968789648,0.13741762452099,0.163208116803972,0.187105799434278,0.0522208557960638
2017-06-23,0.445316576093611,0.140319117427345,0.160905376476499,0.184750978458052,0.0541413473719682
2017-06-27,0.445049849211007,0.142147927221091,0.164604315994328,0.183938318993724,0.0557478920883976
2017-06-28,0.452096557074145,0.150273779200738,0.176670886443025,0.191248420327522,0.0284961552819434
2017-06-29,0.457169876814592,0.157624183363789,0.183311840816103,0.194719470956709,0.0168677106476906
2017-06-30,0.461436999699602,0.162047666327467,0.189221882874824,0.206047701525579,0.00765238385806992
2017-07-03,0.457000191100214,0.159434684498683,0.190028515430799,0.201310957801304,0.00938297831615843
2017-07-05,0.45755074107996,0.161029674891638,0.191663477969535,0.202328670982099,0.0112311752384131
2017-07-06,0.444893655559474,0.162716193756534,0.190018490346058,0.208119629528018,0.0133370371920585
2017-07-07,0.4443537932511,0.162103674628952,0.191229205315673,0.20528129545958,0.0104718124453429
2017-07-10,0.441944280846193,0.16194116797773,0.190659220842442,0.206698406793989,0.01411602460706
2017-07-11,0.43863434544892,0.159534456761613,0.191834330195313,0.204676358691987,0.0154929335634281
2017-07-12,0.420010258877962,0.156680778346381,0.186815593524814,0.211591633878527,0.0183660334874006
2017-07-13,0.417143809456967,0.16043127654253,0.189534344801075,0.214283068219959,0.0157769565824468
2017-07-14,0.426890386092716,0.159969851870548,0.202184526048974,0.226354064369261,0.0192370174988543
2017-07-18,0.427982084487583,0.161601478174703,0.204043231337644,0.225377799716225,0.0219429314790571
2017-07-19,0.408600098984152,0.17866322656437,0.18595585868865,0.207912940863053,0.0236497278643913
2017-07-20,0.413320146737171,0.176683203776777,0.187674501263539,0.219334327459675,0.0429286440361003
2017-07-21,0.415125081701239,0.181969091722767,0.193190865860266,0.209478818789012,0.0428943553231838
2017-07-24,0.416704647926738,0.184551739976538,0.192392176743728,0.207052698741454,0.0447330649061875
2017-07-25,0.419910691356221,0.178625484478678,0.193773811506902,0.206845287370782,0.0436400002177771
2017-07-26,0.420842242040981,0.180768533238037,0.197869318238819,0.205014016758231,0.0430103656076654
2017-07-27,0.422128523087298,0.182697623311285,0.198278234513192,0.206707688428755,0.043959663571787
2017-07-28,0.421876009263742,0.184065534982316,0.199802218624244,0.207918957967302,0.0447888046770738
2017-07-31,0.419926339241084,0.182910816263623,0.185902434955487,0.206148874060949,0.0452070020107547
2017-08-01,0.429859130824194,0.17942655244638,0.186936144809045,0.205221651086845,0.042791043788825
2017-08-02,0.436319167098211,0.183195626938518,0.197785088599429,0.208818455470628,0.0473973650896565
2017-08-03,0.435497466315648,0.181382730137682,0.19805183104956,0.207761802514008,0.0486962004009876
2017-08-04,0.438016155209187,0.185577140437392,0.209757378127088,0.210951995509647,0.0541575796984622
2017-08-07,0.43745052717464,0.190526403831167,0.207967031865145,0.216656367220215,0.0534233639953398
2017-08-08,0.441066801214595,0.196682171864599,0.209476650816157,0.21345133613984,0.0560622326223878
2017-08-10,0.441154207841069,0.196973288211725,0.210398551376646,0.214465790507844,0.056228020698029
2017-08-14,0.453482049385994,0.216991326318467,0.229469006931783,0.211862158334191,0.0926871168539795
2017-08-16,0.461186198475642,0.232753804544195,0.244940096631265,0.222767755749651,0.0696219233909004
2017-08-17,0.46319281244556,0.236674132818415,0.247893049688929,0.212259210343705,0.070394023503608
2017-08-18,0.455980664962139,0.232642763648418,0.253833258047282,0.204788152798298,0.0418052342463528
2017-08-21,0.451557475065218,0.230660220840844,0.254508752306588,0.205381482823192,0.0429513127021273
2017-08-22,0.453900521770025,0.22463008553399,0.251713894566892,0.202444964804891,0.0443245044333502
2017-08-24,0.453136800276164,0.225119760225439,0.252780420770028,0.20425314985288,0.0467241759207866
2017-08-25,0.445488604584835,0.227650571850416,0.2458644309372,0.200115925168052,0.0561957865376258
2017-08-28,0.46589176467923,0.234479693844292,0.23782096913014,0.166693509935861,0.0581753822766598
2017-08-29,0.462435938141422,0.231499377596187,0.229031268852863,0.172022034413365,0.0580341305487403
2017-08-30,0.461834235140365,0.230954603993425,0.229509653160043,0.171689048467554,0.0588969212499238
2017-08-31,0.455572013432812,0.229643232009957,0.229865832311848,0.171925667122037,0.0589966059000722
2017-09-05,0.456166130511569,0.227982482812797,0.231380175275997,0.172335522528087,0.05834719874213
2017-09-06,0.439841073510296,0.203746148472614,0.199262372733783,0.154390804107092,0.0478349484277136
2017-09-07,0.439562389805378,0.204637057670032,0.200361967482493,0.155229431973396,0.0488488505589997
2017-09-08,0.442562838664003,0.203228014096273,0.184682315873069,0.159484644601171,0.0511343361915356
2017-09-11,0.442111232494614,0.203812327018893,0.18628334127334,0.161441223260062,0.0522609302127863
2017-09-12,0.44492330852125,0.20992036626772,0.190984064225113,0.16275768275127,0.061171670055947
2017-09-13,0.445624798322236,0.210445508219177,0.192701405769171,0.164957790298069,0.0624138839486186
2017-09-14,0.444947318585753,0.211946608015024,0.193285748137834,0.165896988578185,0.0632343005441659
2017-09-15,0.448130716584981,0.215174924065124,0.186586659632832,0.171718106498393,0.0661051734595945
2017-09-19,0.446086621497208,0.209684402161901,0.182949191300182,0.180026031883262,0.0647062509498567
2017-09-20,0.445145883742405,0.207780598157298,0.183856953653708,0.182081659687663,0.06590258493365
2017-09-21,0.446583552228453,0.208429974714621,0.183989641102242,0.18070009285758,0.0665421921635141
2017-09-25,0.44753524043437,0.208582972781502,0.187132580029445,0.183866644612377,0.0707067358873413
2017-09-26,0.452338230828494,0.206838230634369,0.20028333303051,0.184352421459902,0.0753769247471564
2017-09-27,0.45293089886007,0.207231873370728,0.201228355288023,0.185701133077594,0.0759619854910799
2017-09-28,0.453227198093734,0.207730494133784,0.202509264215766,0.185824223679831,0.0768027332644239
2017-09-29,0.454825737816448,0.206493190909102,0.20387635183131,0.18941929457347,0.0770873369262207
2017-10-10,0.456768333222626,0.206530257151754,0.209478083975498,0.187775302261017,0.0805883188896123
2017-10-11,0.486554420796494,0.248785125648342,0.243898387913474,0.246755311652123,0.122927478142693
2017-10-12,0.48542383374489,0.2495522342509,0.245723993465862,0.246275293569572,0.123331834718054
2017-10-13,0.485166644442262,0.249336615347801,0.244462201470307,0.244559358774653,0.123928927927857
2017-10-16,0.485230544515653,0.250437151813011,0.244982093865594,0.246090605818388,0.123968805166491
2017-10-17,0.478275748754341,0.246744195755826,0.243036057438637,0.2454441615905,0.122276788762859
2017-10-19,0.478262574184424,0.245404156644181,0.242927299869676,0.245161473017972,0.122286427991195
2017-10-20,0.472473827310036,0.244655208577997,0.244227695058925,0.245586853565825,0.122214897525005
2017-10-23,0.474409747068838,0.244687760371612,0.247812393491111,0.247077513004704,0.125713806366305
2017-10-24,0.473245516385148,0.244004909672489,0.248575837469699,0.247990855668592,0.124382431028765
2017-10-25,0.470192523821002,0.246061294432015,0.249000585304417,0.244232356695068,0.124982931264778
2017-10-26,0.471665465653344,0.242546675915897,0.249767390964838,0.246555266417457,0.118694202807131
2017-10-27,0.468292913542499,0.243153733333633,0.244369923091241,0.250050116412175,0.119191953666586
2017-10-30,0.47065991946261,0.248343704563644,0.248666965537606,0.255478198396897,0.125505499227659
2017-10-31,0.471166616872741,0.246600354434061,0.241534093990897,0.262273912262448,0.136018154545077
2017-11-01,0.470572696796016,0.246892346203054,0.242052132123439,0.262618108377974,0.135901636369505
2017-11-02,0.468386356594365,0.243165008788383,0.240413055073325,0.263159919862134,0.135900955925952
2017-11-06,0.469715027995076,0.238453897831179,0.245153649543345,0.267817143317061,0.136241327484627
2017-11-07,0.470395137829847,0.238835217462405,0.246176233653378,0.268290130842207,0.137532505837653
2017-11-08,0.482622433792116,0.261108927760194,0.239620491480254,0.287024408556298,0.132784937783597
2017-11-09,0.48219743302385,0.261175480263579,0.240617953371979,0.28736773297556,0.132755128893222
2017-11-10,0.48528037655627,0.258579813938947,0.239664581410099,0.287433914937364,0.124816562285699
2017-11-13,0.484961118544706,0.254859718744859,0.238807861627987,0.28681786178261,0.123839155197815
2017-11-14,0.48480616026733,0.237072211865461,0.230237932553057,0.284828193884795,0.123826467363069
2017-11-15,0.483871768595806,0.237075408836759,0.233286087532369,0.295487118999835,0.130635805737923
2017-11-16,0.495235622785794,0.260492395236602,0.24107407814356,0.316565978064961,0.150477688961148
2017-11-17,0.492689887524843,0.255014463423987,0.238252025920187,0.316244488805296,0.144745739487559
2017-11-20,0.48227689862561,0.252842262595767,0.239294693337239,0.288964013046507,0.149919463221773
2017-11-21,0.482765089957944,0.248789467942317,0.237094018772196,0.289471944342664,0.149879055663979
2017-11-22,0.490726456753845,0.253856297548081,0.238173764740315,0.300726170176839,0.159398435612368
2017-11-24,0.493807899061834,0.257101831767457,0.243945654136473,0.301420933269441,0.154654361018802
2017-11-27,0.47442211226619,0.233311294967097,0.216143353238039,0.255942039755817,0.130349546759617
2017-11-28,0.479247624090964,0.236601857022576,0.241816654717184,0.258637288437243,0.132207413687055
2017-11-29,0.478708442057638,0.236295095689176,0.243638610466449,0.259886665536828,0.137508628341669
2017-11-30,0.478298779419706,0.237207236698963,0.244191323776976,0.260082104567148,0.137012366849656
2017-12-01,0.484773343444609,0.23084884334758,0.257989754931874,0.262649821522176,0.122398355105182
2017-12-04,0.484499622910441,0.231181845292376,0.258611306288179,0.26235622238926,0.122351296676511
2017-12-05,0.483524942614385,0.233827602454023,0.250986715666496,0.264693822720908,0.12350656173664
2017-12-06,0.483300635559179,0.235675686387689,0.250199997065847,0.265439301205479,0.125573306949912
2017-12-07,0.479206624198422,0.239941229754251,0.25500960417477,0.269424244160855,0.126205575866013
2017-12-08,0.474410374623015,0.221966795179454,0.260902811132611,0.273417930770629,0.120850131677549
2017-12-11,0.479147348224334,0.230317626541662,0.261055181075742,0.282462091182159,0.127568911662019
2017-12-12,0.487189521688115,0.234976116783286,0.263756492898733,0.298624959272627,0.133113981096898
2017-12-13,0.489996834014358,0.238672656307462,0.271196168011743,0.290741589322547,0.127696961045272
2017-12-14,0.495892251276734,0.232670015425966,0.278371627278439,0.290524417361923,0.124795314599407
2017-12-15,0.496385558407834,0.234659332348316,0.281023735724642,0.294276810684026,0.128923159987415
2017-12-18,0.503228972899922,0.242038393222579,0.271330330711467,0.301620627239159,0.106522530648468
2017-12-19,0.502388584941155,0.239901987057206,0.271747236904575,0.301621348423298,0.106735124971346
2017-12-21,0.505592718635515,0.2357387349767,0.266921661719545,0.292537679749861,0.0967983774785733
2017-12-22,0.505584908141403,0.236150066195597,0.251909256299968,0.289620583949149,0.0972583247487536
2017-12-27,0.502954501566309,0.236498735101433,0.251492447886287,0.289691477624346,0.0979937774764528
2017-12-28,0.500320587572689,0.236372852397861,0.253362928135236,0.286253603295679,0.0999439726421134
2018-01-04,0.50453976564523,0.228222194068846,0.263637744812077,0.288005423242698,0.101886528652136
2018-01-05,0.559202426132711,0.329739558376027,0.242062702445633,0.40668724311053,0.18885947199011
2018-01-09,0.558676271680403,0.329502889889757,0.242500735227287,0.404749521652863,0.188725950883743
2018-01-10,0.559576320672741,0.330714636696512,0.246146560347566,0.407563835510858,0.189860608367793
2018-01-11,0.559023026675394,0.329197951939716,0.24505417540613,0.405981024311261,0.188135830723703
2018-01-12,0.55838998453086,0.328034044966388,0.244648658084196,0.404521014270187,0.187164063182406
2018-01-16,0.556346376026698,0.326997454725478,0.245575985875277,0.403589506677916,0.186349085954411
2018-01-17,0.552816652226557,0.326928585936997,0.247348403979378,0.402978045171083,0.183178106491462
2018-01-18,0.552412084936137,0.324827502235948,0.246777922417651,0.400738095603754,0.184289174763867
2018-01-19,0.552278467351807,0.316047820283181,0.245603877378984,0.387907096680922,0.178030143199356
2018-01-22,0.552408551165085,0.315797392692752,0.246892145319861,0.389207481763975,0.179637427430823
2018-01-23,0.552632129744997,0.314766620210362,0.24067364039081,0.390069592275308,0.183336246391422
2018-01-24,0.564915907614174,0.330178262996541,0.264745918605873,0.395198117448781,0.18398323379223
2018-01-25,0.5637616873955,0.323811040154224,0.265072121823649,0.39569461455799,0.181986620718263
2018-01-26,0.563977756385033,0.325935161880257,0.25805518272177,0.396594172021253,0.181194752618002
2018-01-29,0.561359458991746,0.324241473132504,0.260039963908715,0.394417675980699,0.183409901831052
2018-01-30,0.562858631017546,0.321960468754472,0.240519221096249,0.385184545300762,0.196341718868223
2018-01-31,0.569019688295905,0.336953115185382,0.257677241338465,0.393839888320498,0.214997664259811
2018-02-01,0.563643104739363,0.337411311220453,0.258504015234224,0.393802980016934,0.213884172808062
2018-02-02,0.566971790248771,0.307604439451219,0.256230385971782,0.382875873876039,0.213639990999719
2018-02-05,0.564282294566385,0.300403587501812,0.237439450195794,0.376226913097746,0.182453124832965
2018-02-06,0.545220318141046,0.26611650258013,0.219221258484218,0.347821997319239,0.127258548102524
2018-02-07,0.635016110375253,0.373392730333215,0.269770939211819,0.420677339779954,0.0770085269197082
2018-02-08,0.633205605555623,0.367094168414656,0.296911146169842,0.424451205221869,0.0817456187947222
2018-02-09,0.624826356684873,0.356610068123291,0.290414253228959,0.407563271713438,0.107290217064222
2018-02-13,0.640756298957216,0.376406407464043,0.325378201905119,0.421259518237219,0.0799508030271403
2018-02-14,0.640966873914789,0.369196577111994,0.332751305505483,0.426687822621455,0.0879807322354483
2018-02-22,0.637824754113965,0.367333336419916,0.333323117777565,0.424061749893101,0.089803202807942
2018-02-23,0.63931379659764,0.379387863403005,0.325990072552468,0.438765887688244,0.090260647900051
2018-02-26,0.638646303201783,0.379223088882912,0.327536950032928,0.43867135834814,0.0935092156812107
2018-02-27,0.638040989120511,0.381296815003241,0.327702079876262,0.439472077438914,0.0984603618969032
2018-02-28,0.637800616268594,0.374078885961488,0.327310805545663,0.439771613398868,0.104583433710173
2018-03-02,0.638461086955916,0.377007599965257,0.331837085048883,0.440838758345893,0.109512053454972
2018-03-05,0.636728839903525,0.365679864903381,0.330998924048736,0.438172743326431,0.110169366881009
2018-03-06,0.627553276922769,0.364465440470925,0.328334691739028,0.433655581638009,0.110266014803204
2018-03-07,0.628599568879638,0.367483160772712,0.333742470668638,0.436844225129709,0.111142413866279
2018-03-08,0.628193238274046,0.367810701067504,0.334589430191638,0.437141207239044,0.11161312131213
2018-03-09,0.627269968602632,0.367516741508571,0.336046114545781,0.437091984767237,0.112826763343527
2018-03-12,0.626883351147783,0.3672050529048,0.337940892446019,0.435829467995666,0.118045918244222
2018-03-13,0.625904337875266,0.368597519190401,0.339944510455324,0.436057825672466,0.117174576409731
2018-03-14,0.624177626113451,0.365474416357278,0.337585068220749,0.432859201977936,0.119775652315396
2018-03-15,0.623621564045079,0.366621329781717,0.33849707500553,0.432822069323781,0.12267035397914
2018-03-16,0.622196532060124,0.365694833062084,0.338029602843877,0.43080755091299,0.122726953871105
2018-03-19,0.620546387946193,0.366698363010887,0.336973707490462,0.429938152707324,0.121894770612744
2018-03-20,0.61909125242766,0.362637993834441,0.333066266629536,0.426946936481372,0.115716751550855
2018-03-22,0.617695957319992,0.359852082113338,0.333625570584126,0.426437703189608,0.115998739447401
2018-03-23,0.619878197778804,0.350254115694343,0.328276359026666,0.428895607436942,0.135395898875713
2018-03-26,0.637747696488516,0.429111058036749,0.40688283971079,0.47020566351126,0.179915420097365
2018-03-27,0.632371725505996,0.425436047234101,0.401592331805392,0.46928710369248,0.16804364551883
2018-03-28,0.63242635184239,0.429411856001765,0.402676500307777,0.4708587605031,0.157493775881326
2018-03-29,0.636769431496136,0.432354063418656,0.409618413574733,0.47855155680782,0.158642232363337
2018-04-03,0.63384118483538,0.431475742855353,0.411369533527245,0.482514723536387,0.164833510247956
2018-04-04,0.630239528358337,0.427056809387621,0.408407095871893,0.482243512887578,0.168120692091051
2018-04-09,0.622596198402316,0.425477388659313,0.4057793168656,0.472975673576999,0.165983591371525
2018-04-10,0.61589085481496,0.423400253096329,0.403535474587529,0.458942483670809,0.163246290139069
2018-04-11,0.619855787664154,0.42188110452638,0.401417477767283,0.456982426963841,0.176271346884145
2018-04-12,0.619153891520381,0.41795922744473,0.398650882234921,0.456027614576477,0.173364216154734
2018-04-13,0.617455946320717,0.416406817309948,0.397298495798061,0.455146230281389,0.167625811944063
2018-04-16,0.615685974248905,0.411820963008271,0.392539573645435,0.447658605618843,0.168609606722429
2018-04-17,0.620944095664818,0.404482230169171,0.387197150654728,0.443790427981149,0.157314295017486
2018-04-18,0.621711889657907,0.400368634280587,0.385922707186331,0.439239354697451,0.143922827323645
2018-04-19,0.62165513541124,0.403202800004689,0.389142515514619,0.441819984285853,0.143469219007273
2018-04-20,0.622765980873352,0.401349494078136,0.388768187443947,0.443989335971297,0.138000517685626
2018-04-23,0.62443431183229,0.399103807440967,0.390618284161892,0.446297226374727,0.148909023742767
2018-04-24,0.622961123321376,0.397948543995766,0.389824884281457,0.444709721655056,0.148732287826845
2018-04-25,0.626257069727225,0.403173092653153,0.373481571496469,0.438443322524152,0.117206798349183
2018-04-26,0.624978995866426,0.402530522932043,0.373877592646305,0.437915817277081,0.116878549172678
2018-04-27,0.627569294165903,0.392879701779365,0.35154238053354,0.433242506477475,0.102580690105382
2018-05-02,0.625814059343685,0.391911631315137,0.351332487701243,0.4321294720826,0.102878100424125
2018-05-08,0.619496519731576,0.390694892821086,0.349907836673342,0.427512657811973,0.102600276991096
2018-05-09,0.578942810480251,0.381595459744592,0.263567089959879,0.354943699493608,0.130404397472624
2018-05-10,0.577539601769674,0.380186720900672,0.264146522839195,0.354379982534066,0.129100842328739
2018-05-11,0.577528658599838,0.379987063688493,0.266632062323022,0.352137987551105,0.13182313559553
2018-05-14,0.57159880324984,0.370840972499335,0.264845237234325,0.347190903559018,0.131358458220042
2018-05-15,0.570017298566141,0.370573455824901,0.264860086381103,0.345791513286485,0.131282993828752
2018-05-16,0.559128828737074,0.367125241878636,0.259778153876836,0.340458501323807,0.125950198621222
2018-05-17,0.558245508102401,0.368956281924325,0.259653477228927,0.341095464170462,0.122802316206981
2018-05-18,0.558756484306186,0.364114527855831,0.262333296320003,0.340008660810733,0.123661891312506
2018-05-21,0.557245078304644,0.365226589390964,0.267099224424205,0.333560644751198,0.117303450637418
2018-05-23,0.557995518517674,0.365262295557566,0.268190991606045,0.33580442964686,0.122237686675496
2018-05-24,0.568212717944404,0.380774147200968,0.262088669602049,0.353107854427837,0.122372176722876
2018-05-25,0.565657809440098,0.381857657968264,0.263879499566693,0.345669345694333,0.124072568898755
2018-05-30,0.565988425070847,0.38039820726543,0.265518049454624,0.346899597367032,0.125958635132612
2018-05-31,0.58306373640482,0.421927640991209,0.33324933722693,0.394216920990282,0.118518868090035
2018-06-01,0.588738368390434,0.425085346032555,0.337293603525885,0.382503075327844,0.0992673451768984
2018-06-04,0.586888131988514,0.423929841992645,0.33214327198275,0.381577789874642,0.0899274461215441
2018-06-05,0.584873464191784,0.42348481627084,0.332823333358589,0.382444636098631,0.0922052185182527
2018-06-07,0.584154589344136,0.422278056097326,0.333279254381839,0.383232023031722,0.0923675099881814
2018-06-08,0.577357021760427,0.415891881771962,0.330800251149314,0.382701576465692,0.0905425490251832
2018-06-11,0.584151747237727,0.418226373682717,0.338555827337034,0.391260420939129,0.0859165216255625
2018-06-12,0.581546128242994,0.414242820730169,0.332947458095793,0.389506542302294,0.0860731836263044
2018-06-14,0.579533244556277,0.413411219399006,0.330808649026356,0.384032869101805,0.0874972764397111
2018-06-19,0.584705319266509,0.4164378735441,0.344136219628616,0.395133744654414,0.0916153299721441
2018-06-20,0.621594363783688,0.461342497577108,0.433551479500579,0.42253284719838,0.137651717549715
2018-06-21,0.620329366160438,0.458396173240578,0.4322625460795,0.421664058807712,0.137714514329629
2018-06-22,0.622393477511352,0.450035248794932,0.435414258558924,0.422804296469474,0.14676436779543
2018-06-25,0.621098948501237,0.444213983192316,0.434956701416148,0.419922702230844,0.146969604473961
2018-06-26,0.622283358642414,0.44572329903121,0.432737048592029,0.422362179611931,0.159159534269676
2018-06-27,0.621351125496157,0.443865421119809,0.432075426541846,0.418062099940284,0.157957820766085
2018-06-28,0.622956739772584,0.443530063170971,0.432100729361567,0.421023701969279,0.166006598340192
2018-06-29,0.617791768759482,0.441340523981634,0.434654094854878,0.418633980164744,0.159863892590725
2018-07-03,0.623037687436463,0.435876697057021,0.434381993108435,0.417713929987239,0.157700939086916
2018-07-05,0.627618635076291,0.453120361311317,0.449861073830127,0.427143897426289,0.161242491536531
2018-07-06,0.63086661670192,0.458317778213603,0.451447836396659,0.41270496931915,0.143339528545074
2018-07-09,0.629893196585993,0.457052807481842,0.450769136572398,0.39247211985061,0.145520934791989
2018-07-10,0.633202324390943,0.462943610971552,0.450363212101281,0.401781623452749,0.160820892320429
2018-07-11,0.631458353174005,0.461600043377794,0.449356408480066,0.400635107029147,0.161271026325495
2018-07-12,0.634883181535125,0.467054139960277,0.451004402852004,0.405016666553774,0.172227796934309
2018-07-13,0.633082002792137,0.471755758880818,0.447349048496585,0.401422007699149,0.184391128300795
2018-07-16,0.631471801621704,0.461372380787901,0.441608166073009,0.400091035185109,0.183651048816751
2018-07-17,0.629589488742205,0.459329068636556,0.441221878200153,0.400931063856139,0.183880324526589
2018-07-18,0.627953469958592,0.455532287568804,0.440289420317344,0.398900990806624,0.18087147288042
2018-07-19,0.626870903766785,0.452282672076545,0.439531600133963,0.397875563801622,0.179481163321321
2018-07-20,0.62611675328947,0.450763819033418,0.43909067672366,0.388221233939599,0.181304339977169
2018-07-23,0.626552607416619,0.438153500687278,0.437090973753581,0.392091577062939,0.174417776409681
2018-07-24,0.623897902329037,0.419285675330527,0.424060128638948,0.388632937126858,0.174757180770296
2018-07-25,0.628258320592449,0.419536366571251,0.425304738021678,0.384268421231793,0.180889632813479
2018-07-26,0.624163251502908,0.41740042512624,0.423915027718809,0.379521776429145,0.177201807735514
2018-07-27,0.623958301690334,0.41632353243978,0.415970252476705,0.378098640903204,0.179589095868561
2018-07-30,0.622339969669577,0.412729414564736,0.413856156808859,0.377675567915692,0.180589409469197
2018-07-31,0.621059737427244,0.410689535372243,0.412807761569723,0.376849780403218,0.180432838640687
2018-08-01,0.617156472375008,0.409035240036219,0.411640630617744,0.376533020829825,0.180623221941012
2018-08-02,0.620890402813264,0.386709243619149,0.394780061701267,0.365960340016837,0.182320158023642
2018-08-03,0.632598732709869,0.398498346717029,0.415422569309249,0.385431660003201,0.167125909259506
2018-08-06,0.630540663854141,0.396120559883518,0.404533845500459,0.388923870610969,0.160466761424585
2018-08-07,0.620568850293522,0.394561468604854,0.402548322528379,0.377275734332967,0.154016103582262
2018-08-08,0.629664299629121,0.399184736484934,0.406326563714532,0.404108151927146,0.157977474987083
2018-08-10,0.6223694914121,0.397889586300074,0.403437074797152,0.405680615661029,0.158642783839981
2018-08-13,0.615554892466258,0.358922882510999,0.38183600323781,0.375627769046337,0.131677405188515
2018-08-14,0.610064295676718,0.354499312928134,0.378157467905877,0.37454575330979,0.133154650527398
2018-08-16,0.608323004448665,0.343955780765563,0.376190464117664,0.373993880137355,0.131059985400927
2018-08-17,0.625631490778473,0.348628901979598,0.386517300235354,0.386602529512848,0.129978154452913
2018-08-20,0.618506577985832,0.344223368933318,0.381292597190231,0.385405723214706,0.125059865732401
2018-08-21,0.619891897967191,0.339854531997191,0.379414251352921,0.381843088973977,0.126877418748911
2018-08-23,0.619514256006256,0.338006225086906,0.384999648160887,0.377375548891454,0.128489543241392
2018-08-24,0.6178411869133,0.334385021571543,0.381629761405702,0.364497401896768,0.129595338228558
2018-08-27,0.615401522838249,0.333617955643995,0.380829204134021,0.358910364886869,0.129962543126436
2018-08-28,0.623391984845157,0.339773548194768,0.380280891506046,0.360177955685022,0.145449479719781
2018-08-29,0.621731744674347,0.339097776227302,0.379247872541401,0.357928263633269,0.145274637469932
2018-08-30,0.619735667307054,0.338097439726152,0.377394498423774,0.357716650006907,0.14201121771481
2018-08-31,0.621516104921062,0.335872939799258,0.37654310509732,0.361605439946205,0.149322590380956
2018-09-04,0.620453139823678,0.335390608003653,0.370336280417079,0.362310700363731,0.149344369495982
2018-09-05,0.61904007645961,0.324952787582519,0.364276026538591,0.359423966214065,0.145140108611941
2018-09-06,0.627131886731432,0.330385956227965,0.378075207425956,0.378359269862188,0.152858777301141
2018-09-07,0.626376224792038,0.331314887225881,0.378061404746157,0.378534399169176,0.155257915418969
2018-09-10,0.62455492552758,0.325173406191957,0.375287043522685,0.375280090073857,0.152770210797215
2018-09-11,0.627907481546574,0.319908785322304,0.36792324222906,0.378064131490811,0.149157075764221
2018-09-12,0.626179052307798,0.313120492793918,0.367556619257437,0.37764281780693,0.147535276217428
2018-09-13,0.625142507509706,0.313559003055978,0.366938826529824,0.37433615269405,0.147429935020562
2018-09-14,0.627686738615137,0.320455372394352,0.365939673544317,0.374160453596154,0.155300509688303
2018-09-18,0.622975430355992,0.314662476972805,0.352349537487203,0.367930671607437,0.155069945898208
2018-09-19,0.615161266501417,0.319327338422183,0.346431337090441,0.35831539817503,0.153068384261365
2018-09-20,0.617684697372524,0.326494729582042,0.34292926577796,0.367975826932997,0.152976328771042
2018-09-21,0.616135514251996,0.32597728473038,0.340348874522568,0.367217084856763,0.149558239109906
2018-09-27,0.625145298482409,0.334514821762938,0.351334139693665,0.387860885616357,0.139658132597723
2018-09-28,0.623353522705855,0.334344336034242,0.347141228486773,0.384643067414399,0.14082042080088
2018-10-10,0.620906395537603,0.342121094066803,0.336041550467197,0.388270031876986,0.138623613015203
2018-10-11,0.662212536838314,0.395975434682431,0.435772410953493,0.46686270877095,0.300086059334069
2018-10-12,0.669654333541127,0.462812622521659,0.484322035458703,0.494040527929079,0.316127567155201
2018-10-15,0.668756108395663,0.461411833194196,0.484223193552892,0.493330047353419,0.316447832370673
2018-10-16,0.668876955676683,0.464232124171753,0.483888331685177,0.493557631223234,0.316394303839711
2018-10-18,0.666637923549764,0.457647875224163,0.481981264527666,0.492491958501884,0.30715146426482
2018-10-19,0.660120124753632,0.448713266501597,0.475798689756309,0.47521365216661,0.312775307466562
2018-10-22,0.655258251326286,0.437212504927733,0.47244291211913,0.466902077066097,0.307637745090682
2018-10-23,0.659699049452667,0.430747575585846,0.463779358241294,0.46276760350136,0.293603288293234
2018-10-24,0.663050745380427,0.43939550195056,0.470686154325028,0.468323421863863,0.294599993688762
2018-10-25,0.661086433904427,0.43795683770152,0.468757897315448,0.466822050781273,0.283067700983168
2018-10-26,0.658658653696317,0.421933160592317,0.46515007671836,0.464685507143498,0.280438991547755
2018-10-29,0.656577977486354,0.420659720185387,0.462314354846736,0.461247560767261,0.278782361318112
2018-10-30,0.648729364037318,0.418059386361781,0.466441425847864,0.454092108523969,0.279928571863327
2018-10-31,0.642765998463441,0.418896795374707,0.466420011670871,0.449238878525318,0.281507413833494
2018-11-01,0.643502354451934,0.421897096983366,0.466375469563556,0.452141875578976,0.283050002193048
2018-11-02,0.639563642701255,0.419061178148016,0.464742201418659,0.448533124278633,0.28147900176503
2018-11-05,0.647862918498622,0.430510098445611,0.479042979778575,0.458930620515939,0.270109169826934
2018-11-07,0.645072998959916,0.429150785181748,0.477945834820479,0.455903061820117,0.267795053883799
2018-11-08,0.640420812713461,0.424257820984942,0.475648964669772,0.453459083238136,0.251073936440477
2018-11-09,0.638796867432118,0.418806544593494,0.473213181681043,0.450025416786895,0.250134858267745
2018-11-12,0.640764651511287,0.420853241068448,0.471784124462103,0.450360984847201,0.253161103969629
2018-11-13,0.63805117268191,0.418397094690155,0.467479738697787,0.445445545707899,0.238683527195877
2018-11-14,0.637160899407962,0.403526947665475,0.463153435528736,0.44042122670427,0.236462747510699
2018-11-15,0.636362475229905,0.401314049239152,0.46171206140922,0.440155913717805,0.237873314574912
2018-11-16,0.638077867256003,0.396860577778524,0.463360870042992,0.439773314974366,0.241463427542751
2018-11-19,0.636814705248458,0.393840973537383,0.461985838033847,0.438776604244725,0.240548528816708
2018-11-20,0.636243031467504,0.394192170684515,0.461135199418497,0.431784293174291,0.228065584101366
2018-11-21,0.642160495589143,0.401092092258631,0.464507012256108,0.442016939223025,0.243613477877853
2018-11-26,0.640780500103521,0.39906751773683,0.462368250084295,0.440812711672385,0.242635860167123
2018-11-27,0.604388994657371,0.364723444458139,0.446916256580786,0.387441828833994,0.224193869649255
2018-11-28,0.60333505825065,0.36318767365987,0.444193521015308,0.386687844416457,0.22311886426186
2018-11-29,0.604468439817227,0.365783944004611,0.443932776819206,0.385648467431394,0.230169223663252
2018-11-30,0.60551214648026,0.360741235294758,0.438593750946703,0.378704383101367,0.230103995843212
2018-12-03,0.604147762435807,0.360788504264073,0.430326242463771,0.37864542632772,0.231426610612684
2018-12-04,0.615379754038109,0.368727125269661,0.445153899033235,0.40369096646058,0.240474306775806
2018-12-06,0.614339322586687,0.35044980455949,0.439919821393623,0.399794238435396,0.223176778247198
2018-12-07,0.624693654179112,0.369337670108267,0.456262456980884,0.413874787177795,0.221596289809018
2018-12-10,0.623293281332479,0.367927044932271,0.454653331458897,0.412778439768646,0.218082738623103
2018-12-11,0.62352860641476,0.370706078228239,0.45579639920209,0.414877612144117,0.216525898978097
2018-12-12,0.622139498278979,0.36884398196329,0.453987183028063,0.412289054330629,0.215419123467845
2018-12-13,0.61985248602125,0.366883567421996,0.451318585606488,0.410567485776301,0.215031379812313
2018-12-14,0.621150284124005,0.369218141873007,0.452051275794096,0.4103741371272,0.212709282018649
2018-12-17,0.624598618560411,0.378868640304844,0.458175748387995,0.416949366588531,0.225909414404999
2018-12-18,0.623219781116274,0.377918072006396,0.456636125370458,0.414339282211984,0.220669546596595
2018-12-19,0.623709479905925,0.381331339839066,0.456607380777548,0.416638016058945,0.21954597381593
2018-12-20,0.619356276544956,0.38237785497799,0.445881674160523,0.411145803779283,0.225981769169205
2018-12-21,0.619021059625202,0.381599030779315,0.446098120783222,0.410715577482415,0.22821431326119
2018-12-27,0.61388549587624,0.383472220082143,0.443509581840367,0.409861482471348,0.233852471946943
2018-12-28,0.616103800834975,0.383404649979198,0.451895401416686,0.407152538365293,0.208001261689592
2019-01-04,0.614613571432562,0.381040596672595,0.451293703446127,0.406596554431346,0.206674561999291
2019-01-07,0.613881250724635,0.362258676152383,0.432658785541338,0.405618713388474,0.211417066344067
2019-01-08,0.614106086674687,0.365698786674361,0.434686408830394,0.408358057120435,0.212229633495311
2019-01-09,0.612411384622566,0.363112786185417,0.433927493798226,0.404731173622893,0.209510416557555
2019-01-10,0.610736219110346,0.364812860007498,0.435964845299879,0.407432820612196,0.209571598057333
2019-01-11,0.608552813134999,0.365429752231151,0.434634660082583,0.401822776181208,0.20748900335926
2019-01-15,0.608226167600889,0.367105004591222,0.435127314914154,0.402648389689287,0.205643087996251
2019-01-16,0.608106674213494,0.368536803996202,0.436722676711104,0.403136224553042,0.206634361915094
2019-01-17,0.60672607840327,0.367229835434693,0.434939806419871,0.401341471690073,0.205715428934328
2019-01-18,0.606484424520548,0.366745696378728,0.433055849914138,0.401934433617387,0.201148669105866
2019-01-22,0.611415299703523,0.374529975349246,0.437198456091999,0.401186873897696,0.214698671690532
2019-01-23,0.610726228519582,0.374086972758527,0.436936668168845,0.404651751289981,0.220721070021028
2019-01-24,0.609424244181744,0.372872921951078,0.435144650088951,0.40167315963797,0.219703462015642
2019-01-25,0.60874179723693,0.3707410143548,0.43533181681943,0.402284089437458,0.218721668949803
2019-01-28,0.605441248152588,0.371472924822958,0.434318083264024,0.402218297229932,0.220042625347132
2019-01-29,0.60408794111998,0.371033901998604,0.432896959665908,0.401381257980479,0.220168477087896
2019-01-30,0.602968507893259,0.369903205704895,0.430868089860054,0.400474884157911,0.219376866155212
2019-01-31,0.59553264397633,0.372300159194097,0.414775211786763,0.402878978395663,0.199510108005451
2019-02-01,0.594664298049513,0.373009414067514,0.412690925226664,0.40321539779412,0.201036334045415
2019-02-12,0.58443243479043,0.367122005913341,0.404284964491219,0.394931364472203,0.197903006101287
2019-02-13,0.58575874370225,0.363142104022143,0.372701873165044,0.395108292501584,0.223874164860072
2019-02-14,0.592937118677083,0.379006175633901,0.375262938266366,0.417453853129812,0.223160217309432
2019-02-15,0.591785126272145,0.377896908875313,0.370285593109134,0.415809069723161,0.222211118085023
2019-02-19,0.601523717737431,0.388787317841927,0.384364665880592,0.418960708678171,0.200927605760544
2019-02-20,0.605183472602856,0.416891737525474,0.381695331568583,0.424337747954682,0.195607858183967
2019-02-21,0.602666296336919,0.415545240925006,0.379851796397229,0.422872534653512,0.195010597535811
2019-02-22,0.599731714472935,0.41355921178567,0.379193068350709,0.421654361918411,0.19562009282865
2019-02-25,0.599378465533407,0.401848398692453,0.373939424203216,0.406638547991404,0.204010815529635
2019-02-26,0.561905124155474,0.381181341083452,0.341206432357673,0.370370286270473,0.187110522092219
2019-02-27,0.562043872182073,0.381200378756201,0.341828287286164,0.371066576305704,0.18714449651888
2019-02-28,0.560941307423878,0.380619979954382,0.341999051482824,0.367914658938577,0.186015418940146
2019-03-04,0.560676093413096,0.38009607380309,0.337909016454732,0.364693318843125,0.186529302445868
2019-03-05,0.568636781958973,0.401609126969062,0.32748444233994,0.382967492650577,0.189170748576814
2019-03-06,0.566973827469817,0.396987913823617,0.322967293854418,0.37668089221248,0.186712623927201
2019-03-07,0.566013065309818,0.387379861578158,0.319214459699812,0.36898945547439,0.172970973645478
2019-03-08,0.56084628440461,0.384619157680805,0.318049724839751,0.368409972329342,0.16972181543914
2019-03-11,0.586409096890365,0.417868750949019,0.347249600311368,0.393578485828881,0.174553718177972
2019-03-12,0.589102661611129,0.417621413737697,0.345190971649305,0.388467365103411,0.188892144936293
2019-03-13,0.588858397636285,0.418805655642963,0.347955469191278,0.390323359278622,0.189404293077643
2019-03-14,0.58892226372738,0.420176975318505,0.34959421549401,0.392275741185092,0.183068066179203
2019-03-15,0.586076695890126,0.41835643151985,0.345832046372513,0.390291593850811,0.183483198271594
2019-03-18,0.586343763403752,0.41887627903005,0.348852293726357,0.389105592443766,0.185554389646895
2019-03-19,0.59309351641432,0.420001877645163,0.347179317514362,0.391924268452081,0.188879532172953
2019-03-20,0.591834108109582,0.418604620222555,0.346866571196075,0.39041214334424,0.18833754621441
2019-03-22,0.589895260745348,0.417058365437763,0.346441762135988,0.388475653256314,0.187458101263526
2019-03-25,0.58459241296373,0.415467502294942,0.346715280484121,0.387849962980427,0.181138939603399
2019-03-26,0.591507284027619,0.427441535189474,0.363495768257791,0.399026647656541,0.182081470930802
2019-03-27,0.587179481421075,0.405371998247967,0.35990755569719,0.38735605837571,0.170652264916916
2019-03-28,0.58728810635036,0.402428990270162,0.357685812772409,0.385136631846022,0.165234739479521
2019-03-29,0.584658852134151,0.404603494153069,0.360700388543585,0.382352057508215,0.161815277886714
2019-04-01,0.588694664277337,0.405468853980614,0.365449656168048,0.382645863765804,0.176131825139593
2019-04-02,0.597892759704995,0.412465285769966,0.378728043965477,0.399156680825211,0.195478208425447
2019-04-03,0.596899980570792,0.411002138127742,0.378039080007915,0.395671364322406,0.194613719805779
2019-04-04,0.598455875343463,0.412565659671834,0.382384314653428,0.399675895172824,0.194811549311837
2019-04-08,0.595179469494749,0.41048390035629,0.381669686906042,0.39895276560471,0.194859325505089
2019-04-09,0.593361753483828,0.40905004620491,0.380739790420118,0.398006829351445,0.193092990293373
2019-04-10,0.591874800347898,0.407505734130003,0.379773442890647,0.396146023733837,0.192406942205567
2019-04-11,0.590669213493779,0.405228665112299,0.378519388266922,0.39519461821951,0.191619975478886
2019-04-12,0.594763702875164,0.401057432084744,0.376075596474211,0.39080971063462,0.191021645947243
2019-04-15,0.593477884654449,0.398466522132873,0.374630509990906,0.389897459559999,0.188890661446669
2019-04-16,0.592768661828086,0.389812099555371,0.371877840153188,0.389583349162549,0.188661315019747
2019-04-17,0.599289224248893,0.385867898261244,0.370907076808239,0.387701283736633,0.184616408186203
2019-04-18,0.597888064774713,0.384908362159123,0.369561770620729,0.38682562324231,0.182620764513904
2019-04-23,0.597092991638089,0.384580769068294,0.366107650410972,0.386155356462156,0.18141255511921
2019-04-24,0.592600184152941,0.370703474519637,0.358626209049925,0.379244581317163,0.156698160041843
2019-04-25,0.589531065599679,0.369200174515165,0.354541188250727,0.378248352403488,0.155887745825984
2019-04-26,0.595995507204834,0.352984250174613,0.360012950313815,0.385340217052279,0.156467223982883
2019-05-07,0.591214460465019,0.353670422549397,0.363534978121562,0.380012236384718,0.149136009199726
2019-05-08,0.588624596729274,0.391828237328379,0.346946392351293,0.440648461671073,0.251094524849085
2019-05-09,0.588140058600761,0.394094738347196,0.34892606117865,0.442110071920011,0.250856824383021
2019-05-10,0.583083575823794,0.397444309113097,0.348536559090291,0.443987182557897,0.252115450981794
2019-05-14,0.585270939823629,0.385829203387758,0.347165767373827,0.438968766529288,0.253444646851916
2019-05-15,0.589450221482926,0.392561757277617,0.354165891024744,0.445462819760845,0.266031559871506
2019-05-16,0.589474015568279,0.393689701060032,0.355920679447459,0.439474268469099,0.26813795119785
2019-05-17,0.588210391592724,0.389542849161222,0.349544697564937,0.438749536324409,0.267995899670874
2019-05-21,0.593833719973368,0.372836346746384,0.353148355291119,0.446178364882212,0.273381053333778
2019-05-22,0.584586277338783,0.371641773634595,0.353184580968332,0.437530450685949,0.272061431445199
2019-05-23,0.583103719121035,0.37057861380318,0.35221958458606,0.436188213940153,0.271376172075146
2019-05-24,0.584971960792026,0.373355454502624,0.352959539806881,0.439301842889789,0.277817840816481
2019-05-28,0.583867162762133,0.372185747640468,0.351396541779821,0.437601371686716,0.276214674563061
2019-05-29,0.580215831597223,0.375829433257315,0.350283846017461,0.43012732014055,0.258206083591811
2019-05-30,0.577621534485742,0.368985852200605,0.344884834166611,0.428603036077135,0.254867872343474
2019-05-31,0.576887489303754,0.368408271724726,0.341867463584752,0.426674293643588,0.253082517645915
2019-06-03,0.575069399188931,0.363475460375652,0.341264992660017,0.423541048754979,0.250440229618815
2019-06-04,0.574270597963144,0.362679404359365,0.334647870757418,0.42164160110149,0.249682242953338
2019-06-10,0.575135022354966,0.361553930735099,0.334271627255479,0.41176869590336,0.224550918753759
2019-06-11,0.535709671261905,0.330424355289797,0.324513266540135,0.394257323536786,0.208970688186216
2019-06-12,0.536786141953013,0.327856582177173,0.328890357641762,0.401222901854215,0.203598029980434
2019-06-13,0.535342341080975,0.328153532785445,0.32915510316155,0.400439150675981,0.203413887959277
2019-06-14,0.534932184504691,0.32727625883229,0.32866680838871,0.398956761248692,0.202572263314901
2019-06-17,0.53656222603275,0.32391907547647,0.330688326858249,0.396750196566776,0.202695390920428
2019-06-18,0.536250408539532,0.323361947548569,0.329840600363315,0.393543346721915,0.201883231754952
2019-06-19,0.534240800900561,0.321673697245984,0.329506082169579,0.389120405105486,0.200666657046535
2019-06-20,0.534841914197657,0.327471562587027,0.335425258297443,0.393403972289771,0.200937653322548
2019-06-21,0.540502887990785,0.329549872328108,0.335246507892167,0.402131571825442,0.213123395886889
2019-06-24,0.538640022999084,0.324080447535168,0.333126633729594,0.401549363589105,0.211222367923027
2019-06-25,0.538255926454849,0.323617914800702,0.33279401715492,0.39940846232483,0.209771555905413
2019-06-26,0.540914408028347,0.325405087423232,0.333990082101637,0.399780010105636,0.215599304116991
2019-06-27,0.540259678238722,0.325301065073631,0.333725363364465,0.398978038388751,0.214932487998249
2019-06-28,0.541642351698073,0.32842375519579,0.3361593485358,0.401069880776488,0.215598845500909
2019-07-02,0.541756843900021,0.329160535796781,0.336863041507528,0.401203378967168,0.210270735650271
2019-07-03,0.548138857623551,0.355488901184008,0.317975588549617,0.423863983890641,0.228548650818578
2019-07-05,0.54679660565615,0.357259514026454,0.325980969962294,0.422628397916409,0.218725929844755
2019-07-08,0.54637384333961,0.355578409490356,0.323293366076018,0.421442210182347,0.217995428845488
2019-07-09,0.560632884895976,0.366395849727367,0.366206383912855,0.437956248074746,0.228070873221434
2019-07-10,0.559390599875516,0.365289238511368,0.365724044056587,0.436734968313858,0.226799496514472
2019-07-11,0.557264360929625,0.364816020810116,0.363552633634178,0.433103742411532,0.22311332907433
2019-07-12,0.555438872498599,0.363694257920677,0.361184422788258,0.43157231657617,0.222060950533356
2019-07-16,0.554759847785592,0.362927623473594,0.361196602139227,0.430675479466436,0.222554713464635
2019-07-17,0.554298107489167,0.358852786360397,0.360882679475707,0.429318809762267,0.219684836711081
2019-07-18,0.553811703453929,0.358400891522349,0.360187648541026,0.427433299424507,0.2193879835057
2019-07-19,0.555240714259284,0.368985975909837,0.361636956247943,0.426500082740537,0.212545028851255
2019-07-22,0.557695501975719,0.373830362139226,0.366790015924784,0.428476156237159,0.201456118240287
2019-07-23,0.565294596629535,0.373075741109718,0.364664348614725,0.435404585469319,0.19487684119983
2019-07-24,0.56503058695303,0.373676226529347,0.365049503650845,0.435343640066896,0.196913829973144
2019-07-25,0.563838995925157,0.373655471466009,0.352073547566631,0.42998777790361,0.199909445500269
2019-07-26,0.56336743748121,0.372758324616023,0.348481820932082,0.430075550980098,0.193348821673121
2019-07-29,0.558431080897437,0.369853800809307,0.346183685642823,0.423824735031828,0.193757634642105
2019-07-30,0.555054669078946,0.369022857791117,0.339931584908384,0.421665601204729,0.193347797645013
2019-07-31,0.554348019834669,0.368888493632788,0.340696740396202,0.420534386443434,0.189942410288745
2019-08-01,0.557185987510354,0.372804304495192,0.344537025103602,0.422579039192364,0.199954952045124
2019-08-02,0.560284466668214,0.369947326888531,0.346539391565042,0.423346743454588,0.209337903778585
2019-08-05,0.574907767086271,0.392342780464052,0.358052337704404,0.435764670830684,0.22193058602835
2019-08-06,0.591262554950589,0.408672068093517,0.38771417385765,0.460121042389562,0.267858144955468
2019-08-07,0.590659248009344,0.411024107096272,0.400411881031408,0.464944765025907,0.247296971219892
2019-08-08,0.589257890902258,0.410228338989771,0.400173121658764,0.460961449568269,0.245835792358365
2019-08-13,0.588629449948193,0.40935570044148,0.401338069590308,0.450836738019209,0.254075807312716
2019-08-14,0.563463098491007,0.406255080162432,0.400353789024512,0.44676743708019,0.252215883532772
2019-08-16,0.562366389854447,0.406444074675819,0.400679427402618,0.444778186177405,0.232886136496049
2019-08-19,0.563290961784761,0.394870875228007,0.394915964164068,0.431048859191725,0.235628022426601
2019-08-20,0.575100379641906,0.396513888444191,0.39737255077037,0.42924236074573,0.24383551247178
2019-08-21,0.574368777392065,0.394078169868919,0.39282713001944,0.427406893520076,0.242882026292724
2019-08-22,0.573522031994773,0.392512146546799,0.391778133750756,0.425318266685164,0.241212011384023
2019-08-23,0.570816488929776,0.391133102660362,0.388825557608917,0.424068591852483,0.239842862981274
2019-08-26,0.570665424613648,0.390871462874696,0.38633053012029,0.416468055449139,0.222109278366143
2019-08-27,0.578422992283828,0.406938938568139,0.400181959291212,0.430102734961552,0.209831666199123
2019-08-28,0.570497807230283,0.411376036355739,0.400495300134657,0.424966280982489,0.202865551597344
2019-08-29,0.569918139518758,0.409510513914806,0.394851224961564,0.424581001102609,0.200293869827899
2019-08-30,0.568603649410894,0.408115152537787,0.394000467377001,0.419433228618809,0.197314190658141
2019-09-03,0.567640102322125,0.401581801832772,0.381899430974076,0.413789721706237,0.196490725298228
2019-09-04,0.545067471061356,0.386144882879557,0.372924320162412,0.392894274836229,0.181107514335237
2019-09-05,0.544707272890791,0.383424703051576,0.379318767147411,0.400994911239224,0.187827110315624
2019-09-06,0.540809932244075,0.393169406460792,0.383476412100181,0.403402515356048,0.196406281670474
2019-09-09,0.541253595298026,0.393062674048885,0.382989884252817,0.401044724231885,0.195459338341002
2019-09-10,0.537961737824521,0.393889173690107,0.384757234980544,0.398555521438475,0.193102141088155
2019-09-11,0.537504649166483,0.391924504896012,0.381969741633307,0.39662651354064,0.192381822598514
2019-09-17,0.524864966592123,0.383816538535023,0.374365277171873,0.37478586631309,0.187157751576794
2019-09-18,0.530861939592359,0.35053244945981,0.36123981980944,0.380983709694396,0.183790744877548
2019-09-19,0.529863095702445,0.348803359817385,0.361304794225396,0.377131414756608,0.182908879745352
2019-09-20,0.522072777749088,0.348895945934246,0.362376037863195,0.37350249334612,0.181473991886694
2019-09-24,0.521181033564102,0.348142687075442,0.362545627770626,0.372572475315573,0.178069566555972
2019-09-25,0.522878753862055,0.345722272390098,0.355024096233863,0.372462027360371,0.187263728628449
2019-09-26,0.52962494330899,0.347933053635758,0.368971902570735,0.383599974982406,0.175001673942538
2019-09-27,0.52256204656491,0.344178376491724,0.365717676042246,0.380923207994886,0.178133354923992
2019-09-30,0.521608433357018,0.340555725217914,0.35907186390409,0.379982467853962,0.175937037403858
2019-10-08,0.511918697554646,0.345501641841329,0.346472704839138,0.380322953178656,0.166311923323421
2019-10-10,0.507418301136213,0.339325381479493,0.340439076810832,0.37693996612975,0.138606964412695
2019-10-11,0.489802764548755,0.330631768648953,0.317852865072742,0.352035964739788,0.152939407734603
2019-10-15,0.49852958770776,0.339057603624504,0.324296246874688,0.359719386370929,0.15961022203012
2019-10-16,0.50055517666443,0.344571574945035,0.32964587983552,0.358571484922842,0.162849410473116
2019-10-17,0.496518925278182,0.334993436719071,0.323631031245729,0.351018570175051,0.16341461280893
2019-10-18,0.495180841676172,0.334410618209277,0.32355018300492,0.350506789287728,0.162782235283906
2019-10-21,0.495666570738663,0.326594173590661,0.335409626763615,0.356327579072759,0.16767908897946
2019-10-23,0.495693540661283,0.326024132961891,0.335082809548822,0.353222728310189,0.167076247016242
2019-10-24,0.494320243363367,0.325472730461064,0.333896937885,0.352740873621454,0.16648195740059
2019-10-25,0.492171944956617,0.324034938290855,0.333313515100922,0.348599343938044,0.165902813822406
2019-10-29,0.48714288840099,0.323849291479388,0.332862170205191,0.351300693852138,0.167465639362948
2019-10-30,0.486580683088168,0.321518755400521,0.332271997753091,0.349907810812062,0.166398857863676
2019-10-31,0.488708095838559,0.325113340435114,0.336416595360227,0.34408500626301,0.162845525398941
2019-11-01,0.48106862311537,0.321904559588675,0.334713404794723,0.334863798948336,0.164788994571729
2019-11-05,0.485574292356494,0.31028545294491,0.344366975037013,0.329849253716719,0.17931602365227
2019-11-06,0.502477596928151,0.332133361013631,0.368875180077222,0.339410967156415,0.180222033378971
2019-11-07,0.501668226799733,0.329780468409261,0.367234145903485,0.333164121392572,0.179270320423831
2019-11-08,0.500795116854508,0.329134037587788,0.366520531240483,0.330126955081255,0.178460883974104
2019-11-11,0.503654747420501,0.325905155577401,0.367856261663836,0.335515207240517,0.175173833423444
2019-11-12,0.539214016172378,0.324708673561678,0.375321399195992,0.355477269701375,0.180113962060327
2019-11-13,0.5389460944926,0.324329424301621,0.37441339422651,0.354074649502614,0.179668001406036
2019-11-14,0.53793414047191,0.326464228983281,0.375911491023142,0.355914577919246,0.178880198137701
2019-11-15,0.534133626951257,0.322233657330091,0.375019017217021,0.35425746716896,0.178237510694661
2019-11-18,0.531959549858833,0.312922666906983,0.358140267000165,0.349734745773542,0.163986877335646
2019-11-19,0.535440347111248,0.315097077732473,0.35524549921651,0.354068748123443,0.162649277492517
2019-11-20,0.541543293154365,0.303273927061116,0.346423106879406,0.337281499848926,0.1583940627597
2019-11-21,0.544044232184688,0.309563187777241,0.357591387499164,0.340270305116872,0.165682924142297
2019-11-22,0.542947120085386,0.310814088606185,0.357868845084846,0.340199561760499,0.166541243507454
2019-11-25,0.536659942989127,0.30621348889308,0.353563014926219,0.321256871218188,0.162894293488334
2019-11-26,0.541469135490276,0.311937468882012,0.360052703952302,0.31681276965064,0.172716925866489
2019-11-27,0.540698548945126,0.311365487987289,0.359353893956856,0.315990150328444,0.172100087410223
2019-11-29,0.539861840133608,0.31017932875811,0.357752529698,0.315032933302065,0.169706977625197
2019-12-02,0.553952067404376,0.319577467079864,0.38011769142145,0.326896165229584,0.180601717689162
2019-12-03,0.55344723958999,0.318408646285956,0.379400890018978,0.32590480923626,0.174547303544946
2019-12-04,0.551324518720443,0.312480154616228,0.375897673514396,0.320993683415651,0.16760530970787
2019-12-05,0.55089944659074,0.313871698394498,0.376598514909866,0.32250401031129,0.163128353816188
2019-12-06,0.551540719506239,0.318893703702823,0.367737431648461,0.327041120564897,0.162975234020985
2019-12-09,0.55311089093061,0.318898347764291,0.370853138735647,0.330675745270179,0.168942428560988
2019-12-10,0.552362630334705,0.318503259587499,0.370165071417266,0.328412218626854,0.16751609296147
2019-12-11,0.551193864488942,0.317647183478641,0.369483341787591,0.325499049246321,0.166564059471291
2019-12-12,0.55128989562911,0.316143860761672,0.369579024450713,0.326372709709456,0.167076667310428
2019-12-13,0.53930064046745,0.31475743056384,0.35242949267172,0.317920690339223,0.157895232413674
2019-12-16,0.568306670137681,0.376275776632134,0.380831833494856,0.330663110880528,0.14830513652435
2019-12-17,0.560593530043987,0.371109935096932,0.377723110432007,0.325424400061879,0.154723271970535
2019-12-18,0.56588497096413,0.371176923054818,0.391364825101067,0.314028713142491,0.150900063762595
2019-12-19,0.564685511163527,0.370864213296888,0.390480086302508,0.312489683630121,0.151049034696651
2019-12-20,0.563727178588283,0.369551554389667,0.389477537279406,0.312464367423197,0.150191329001185
2019-12-23,0.560776964150858,0.369473903199871,0.385428554853218,0.310536952805804,0.144683109430159
2019-12-24,0.547431565102214,0.362334882348854,0.378406642653819,0.303999416167793,0.141146090558919
2019-12-27,0.543120555884394,0.359641233502165,0.367772506622551,0.306123755282337,0.138922127159263
2019-12-30,0.547770368098931,0.356461602103765,0.371591747215049,0.306877917641701,0.145693579905932
2020-01-06,0.545190427180504,0.333311001105275,0.359861772530937,0.298081806659053,0.124212491681914
2020-01-07,0.528994708839324,0.273821564406081,0.296505656522712,0.287732376419474,0.14338601419726
2020-01-08,0.529175731372811,0.281930607967195,0.302117411718992,0.296873885804931,0.137519716657048
2020-01-09,0.534993954813808,0.298800143895607,0.31546926425166,0.296768057779819,0.12453734761604
2020-01-10,0.541453902631798,0.31114963604854,0.326444002742012,0.295531928294543,0.133921031853346
2020-01-14,0.5405189947021,0.310230035418555,0.323878782304939,0.294788789805129,0.134323795318489
2020-01-15,0.54184341679039,0.31185732317274,0.327508424776138,0.298092351735977,0.1379811313383
2020-01-16,0.542722111162161,0.31358266693778,0.328961224403348,0.302889092984518,0.136101899654775
2020-01-17,0.538244295932669,0.312526062289001,0.322200118124766,0.291207087225801,0.125015749740415
2020-01-21,0.536932033707015,0.312027364193945,0.322044284827039,0.291462741671323,0.12499057977427
2020-01-22,0.529192256227929,0.3172907092115,0.325520373223625,0.305583194368434,0.130280147416385
2020-01-23,0.529410904759052,0.318129272175255,0.326705482732451,0.306356674590996,0.129857223995067
2020-02-03,0.533557342824361,0.334680868070167,0.34128173585692,0.327281737037076,0.119057715536334
2020-02-04,0.628289070261527,0.462308756683896,0.558696574744744,0.566203156021085,0.348203958324876
2020-02-05,0.628223876156715,0.461249747453979,0.558257140315669,0.565589342218823,0.349136564624356
2020-02-06,0.627229347955291,0.461140190639597,0.556413328409173,0.564786099093835,0.349654728333956
2020-02-07,0.628133743674277,0.463029646931131,0.557030790784482,0.564815851143051,0.348398753786626
2020-02-10,0.626706487870879,0.460996603131485,0.554219236329144,0.556830204067383,0.344836676446085
2020-02-12,0.624516213841957,0.457679669720656,0.551424901138857,0.553181736740082,0.343296107169231
2020-02-13,0.624662386652218,0.457437660431742,0.55127595380705,0.552327954065394,0.344005452366338
2020-02-14,0.623830387158018,0.455994075130225,0.549493861893781,0.550387491911257,0.342540417263557
2020-02-18,0.622864243937342,0.452595936232387,0.547709204243052,0.54827906860535,0.340618594233867
2020-02-19,0.610064017482958,0.419777800989595,0.52960506968878,0.535001032076226,0.330976646900431
2020-02-20,0.608461001296675,0.416522975625174,0.527697648416414,0.531886291984714,0.327599313267063
2020-02-21,0.603870191332633,0.41531284174349,0.519285251980447,0.523384201366947,0.31798955566105
2020-02-25,0.60012966393108,0.413024266076142,0.513351192112097,0.51991197747183,0.309508264579929
2020-02-26,0.600127934232209,0.406409216916577,0.510897069912294,0.519531249313396,0.262610433958935
2020-02-27,0.600160850800194,0.40669714443087,0.510662181957138,0.518651945208229,0.261991838207451
2020-02-28,0.599235541160332,0.400301521144295,0.507471421217433,0.516587278146934,0.256566997531724
2020-03-02,0.612869133705304,0.428627770819041,0.527343580143517,0.543842788751424,0.255671616613927
2020-03-03,0.610109886890813,0.428661886733724,0.525132075081893,0.534156496423118,0.271162342977194
2020-03-04,0.608584654408961,0.423667274282289,0.523798955037421,0.532673584141596,0.266016211798804
2020-03-05,0.606590495999061,0.422171991059536,0.521188988774056,0.530850208595772,0.266418590742266
2020-03-06,0.610446635870721,0.423935052887278,0.522411483780959,0.524244489371725,0.253081565841195
2020-03-09,0.609948476688153,0.426062709706458,0.52320230979408,0.524412435653113,0.25444384025687
2020-03-10,0.620904676180003,0.446367296579685,0.537211385037664,0.531371011172773,0.279615642418999
2020-03-11,0.622042922298408,0.445733252943613,0.534778426323245,0.532422834559854,0.284646953661757
2020-03-12,0.621601088706531,0.446233023564302,0.533598308260686,0.532120983527871,0.286537335934544
2020-03-13,0.621290320811967,0.449922597654084,0.535214114446823,0.534288338763619,0.294205236486614
2020-03-16,0.621648616983832,0.450086414773346,0.535804429107542,0.534499451453649,0.280736387264718
2020-03-17,0.634188540022277,0.453767652982901,0.544132610579861,0.549850253289531,0.302675527908558
2020-03-18,0.631900927921406,0.452204157665882,0.541182681385513,0.548019176141547,0.299486367173951
2020-03-19,0.633852004568096,0.453423166283335,0.544577650541822,0.54721814226016,0.302292483225044
2020-03-23,0.633517181368278,0.452939285572812,0.532961644514648,0.545044790542308,0.300341817096995
2020-03-24,0.63068598168046,0.442926856273993,0.525645756254793,0.54698469107643,0.304783963216674
2020-03-25,0.636074965854263,0.45376482879811,0.533254524161289,0.553410183840013,0.313240232011046
2020-03-26,0.640061683702797,0.462149613022332,0.537644666404945,0.558395288602318,0.311466437905498
2020-03-27,0.639197895504357,0.460989017857963,0.536149539708984,0.556663316229823,0.306125630603746
2020-03-30,0.638059252817559,0.458706766617983,0.534317851491612,0.554670237973212,0.30367700692557
2020-03-31,0.637859729344346,0.458212515904058,0.531883036494253,0.55385974644543,0.299037137218772
2020-04-01,0.635185316849925,0.456368722323451,0.529529035168306,0.550845905237891,0.297393690753677
2020-04-02,0.63391900795877,0.455171025189611,0.5280513573678,0.549552688014947,0.297660717119117
2020-04-03,0.632646004622353,0.447251150164038,0.528491559984451,0.546228361505216,0.298507866102193
2020-04-07,0.63137056908497,0.445500327278214,0.526251538858024,0.545089757965625,0.297905632226524
2020-04-08,0.637349859154031,0.455786153864625,0.533103100224575,0.552834161443596,0.308514350693919
2020-04-09,0.635854135139171,0.452756435972295,0.53127824108582,0.550884074678826,0.305488258694404
2020-04-14,0.634654731192192,0.450988194730725,0.529656541139739,0.549133369813072,0.304398429239498
2020-04-16,0.633271081414712,0.449033041236869,0.527485957498132,0.545956571018294,0.302658387741215
2020-04-17,0.631172057079113,0.44769272288077,0.525452433410121,0.544122493210383,0.301610990154143
2020-04-20,0.630858386078686,0.44784670174568,0.524798556030379,0.541597841566281,0.302070525755307
2020-04-21,0.628750516499361,0.444119971941995,0.521316074463285,0.538340999160683,0.298189590806926
2020-04-22,0.629743346328706,0.445459743386825,0.520244557551533,0.538264317496346,0.301056276031607
2020-04-23,0.628586323787515,0.441823940054387,0.518850416244539,0.53549778441267,0.301391802619801
2020-04-24,0.626878427694096,0.438397287679703,0.515883742866459,0.533524330124804,0.299817130084357
2020-04-27,0.626047001825961,0.438368334172797,0.515955898022909,0.53246382073572,0.292864156510377
2020-04-28,0.623122363436701,0.435778636883025,0.513888725370984,0.530546267642338,0.291818121522027
2020-05-08,0.619103593482912,0.434244513645968,0.511251645917119,0.527855297937087,0.290564500085121
2020-05-11,0.573644469325135,0.440942087041446,0.498974890390078,0.520746873325853,0.302163888033166
2020-05-12,0.570353348691105,0.438690187491094,0.497047456306964,0.51837668725893,0.300542130608972
2020-05-13,0.568120628803907,0.437159724385346,0.495245424693054,0.516290419518094,0.298417943301218
2020-05-14,0.566923052696057,0.434777836021054,0.493559154151602,0.513401344056229,0.294262361829405
2020-05-15,0.569581436210148,0.43801363912887,0.493232574755345,0.515543759560397,0.287140201595489
2020-05-18,0.568899434102817,0.435913740337174,0.491333346398831,0.513534220613854,0.285426525024643
2020-05-19,0.568393794448949,0.434554454281684,0.489722888804977,0.511791078592142,0.282977725510946
2020-05-20,0.570521583715457,0.436499530990341,0.491575653255466,0.512889261628503,0.276458706062597
2020-05-21,0.569122511606804,0.431448936617014,0.487787228519237,0.512028298413298,0.269686646889212
2020-05-22,0.569247347122171,0.430228695912598,0.483798440299672,0.510197454194087,0.270072211666267
2020-05-26,0.585057252833449,0.432724611699591,0.489043760291124,0.521214584692306,0.262491445201802
2020-05-27,0.587937287418813,0.438760925207291,0.494934198045451,0.522524135864612,0.266376531309331
2020-05-28,0.587272103379385,0.435584496781643,0.49271218639165,0.52087166378256,0.260757129501647
2020-05-29,0.584600570442872,0.433893391745415,0.490266233021165,0.518061841783862,0.258716100052404
2020-06-01,0.582377311377886,0.431923714049997,0.488288587842573,0.515485402181203,0.257747043137939
2020-06-02,0.596242311065063,0.429979855604529,0.496588247795949,0.523040115820073,0.255593331409817
2020-06-03,0.59521243036831,0.428438484046649,0.494477410626395,0.515782413834031,0.254748101708158
2020-06-04,0.593135245218742,0.425876878777717,0.484149203406395,0.501592266259767,0.2522870538365
2020-06-05,0.592002546538623,0.423910510714863,0.482085048034175,0.499372245033973,0.251351569767786
2020-06-08,0.591541897977766,0.423331722748357,0.481234700051888,0.498275913322862,0.251599866434187
2020-06-09,0.590411037958059,0.421796485753863,0.479375340730656,0.495915146234194,0.251166322891329
2020-06-10,0.591063464174705,0.417079108494226,0.477317298615572,0.492472489980386,0.244927301393447
2020-06-11,0.589678076822189,0.414859149125699,0.473955467453549,0.489416716692602,0.245361515837628
2020-06-12,0.592871692352489,0.42057556350994,0.475310688378527,0.492314424793267,0.256028772007774
2020-06-15,0.591508532005774,0.418782158172747,0.468045962117375,0.490240585210114,0.254199797935353
2020-06-16,0.597074914008243,0.430485111469433,0.475051455387302,0.49750166791099,0.247669852874781
2020-06-17,0.604676171787773,0.448980355437267,0.491688412640944,0.503537938180141,0.254495936654251
2020-06-18,0.603612977287367,0.446685771764004,0.489824277070816,0.501539241171866,0.25292992660144
2020-06-19,0.602367841017037,0.44453439590808,0.487668180225314,0.499364630511658,0.251644615345099
2020-06-22,0.601903483530115,0.442611710827135,0.484593604835603,0.485345142216263,0.245335960392274
2020-06-23,0.600738857566422,0.440960846827083,0.482823513674835,0.483575998868396,0.243614657347316
2020-06-24,0.598055622650989,0.43945385824433,0.481031122164019,0.481801855414445,0.242704467364045
2020-06-29,0.594900616805015,0.437169613687289,0.480063913778842,0.478920096012333,0.231966490469799
2020-06-30,0.597062834967334,0.440932902649405,0.482997456653803,0.481928048192251,0.23008228040904
2020-07-02,0.596035244459959,0.442918748908991,0.481858569887123,0.481296088627368,0.235435158532001
2020-07-06,0.612819639341593,0.386936051450429,0.465219480385831,0.486830676037695,0.236419898019326
2020-07-07,0.650046491051211,0.405617888287204,0.457576562215746,0.479776663633571,0.250721439536788
2020-07-08,0.646001805429827,0.403848309143569,0.454596411485768,0.475857219113342,0.247894994440788
2020-07-09,0.644857308689301,0.397387038938971,0.451073641759779,0.474457528065706,0.249357962694036
2020-07-13,0.643286351940769,0.396818502657554,0.450219821993332,0.468818705622343,0.245049995566409
2020-07-14,0.63991524985587,0.393893181842228,0.447950689916176,0.467007974464418,0.244024059506343
2020-07-15,0.639332007644031,0.394256222563097,0.44673346271704,0.466334869315264,0.237518705209247
2020-07-16,0.636532699980937,0.381447875056693,0.439861419742873,0.455454013998717,0.230354686095626
2020-07-17,0.642557347990128,0.384396364564322,0.440589053313474,0.460174714872714,0.231706032296673
2020-07-20,0.641177976223657,0.383102772449863,0.438981709071687,0.458611537280725,0.230837470903816
2020-07-21,0.633240944244639,0.379173367508175,0.432491248263189,0.452034336586831,0.236943934829814
2020-07-22,0.626537339493922,0.37802880724514,0.42981472718976,0.450583182357984,0.236032453192639
2020-07-27,0.616608872194175,0.375523249827875,0.428571338628638,0.443017890611725,0.235488061902203
2020-07-28,0.621909847315061,0.372678556125059,0.428050720419844,0.446692427926318,0.252045783657243
2020-07-29,0.621170191454567,0.370521157257739,0.426393594073946,0.445758274903114,0.247961923587337
2020-07-30,0.619697547046076,0.354886779884085,0.425234135125334,0.438835280753373,0.254676160533324
2020-08-03,0.618352637632084,0.354287119930264,0.423951437576319,0.431985162791473,0.2537542390053
2020-08-04,0.604428867477458,0.342731748747286,0.412455698252847,0.402814502760871,0.264405046208988
2020-08-05,0.598735752968995,0.338019231492594,0.409313230453797,0.400057282945232,0.263167299396456
2020-08-06,0.597613961638723,0.337030032485259,0.406173150190619,0.398943536055981,0.261858630805717
2020-08-07,0.595259925260119,0.335428109347892,0.403884992592076,0.397417231895314,0.260799635895024
2020-08-11,0.595202235232282,0.336413245007548,0.400822459376706,0.39815776511718,0.2593140595087
2020-08-12,0.58904222303581,0.32579507261493,0.382047392438184,0.397394535195488,0.25892783995744
2020-08-13,0.581771677719879,0.323898497394894,0.379427101316997,0.392778810362634,0.248497429085947
2020-08-14,0.580944405205618,0.319347968811447,0.378712787716826,0.388862823516568,0.247185990376423
2020-08-18,0.577612240610521,0.318787814560563,0.368051076906933,0.382414697974805,0.244768293538857
2020-08-19,0.577347011088912,0.297245526668172,0.323860057355455,0.364032391178106,0.248578343073297
2020-08-20,0.578464672381312,0.295095510084574,0.320226328141519,0.363490382628746,0.250965945168644
2020-08-21,0.580856820227716,0.300319688904337,0.327315997911497,0.369033251314131,0.246531001233783
2020-08-24,0.579650880903237,0.30022216470203,0.328128366346609,0.368253566625617,0.246104075558727
2020-08-25,0.574583481729983,0.300073566991089,0.327716913327284,0.367646976575502,0.243657629960498
2020-08-26,0.57406970520327,0.293913239230581,0.323635180014677,0.363410441067795,0.241328026758978
2020-08-27,0.571481014594112,0.293572283696528,0.321977509806438,0.367382000677313,0.225875918491432
2020-08-28,0.565897544406165,0.291166359989133,0.317943460925137,0.360078110159156,0.225160011969864
2020-08-31,0.566140188180048,0.268804726861548,0.318568277758683,0.365408002794115,0.23089317918245
2020-09-01,0.564589666524176,0.2655871509975,0.31871092631243,0.365178496785291,0.230319083533614
2020-09-02,0.563616164941743,0.265365057512717,0.319688661219994,0.365045217237449,0.23085110567342
2020-09-03,0.563044716670036,0.264690484402243,0.318629894399811,0.364402424536212,0.22187739271688
2020-09-04,0.56331317308684,0.259288711155216,0.312176793564608,0.365237214039364,0.220040004479053
2020-09-08,0.565425624971093,0.265515647870394,0.316456495477905,0.36957852551447,0.222070001612619
2020-09-09,0.565082766376501,0.262391552870152,0.30334231188876,0.370189138184285,0.233463682381391
2020-09-10,0.567068016721378,0.275570764040622,0.312029241268923,0.370750820156988,0.213053214925193
2020-09-11,0.567631436727427,0.270346403227577,0.307863385961904,0.371563479306538,0.215709485196197
2020-09-14,0.568715793041395,0.273391935736879,0.307161069154919,0.369081465299141,0.214409702265279
2020-09-15,0.568900510021164,0.275317722538043,0.309685535367908,0.365187384292179,0.215861441229539
2020-09-16,0.568718810990441,0.272384701654088,0.311053756468793,0.364826587333218,0.215840338463568
2020-09-17,0.567925619566945,0.272282644911879,0.311722332496878,0.357304073630692,0.215865082374677
2020-09-18,0.563951024293817,0.274412217028167,0.313715685655619,0.357636511984358,0.216846329395894
2020-09-23,0.561618748649317,0.27214964905558,0.312089896136061,0.346298282288345,0.195514028862614
2020-09-24,0.572892312732962,0.271708372204102,0.338808794287374,0.357728240666358,0.217787399894149
2020-09-25,0.581330828815329,0.286986855503752,0.355441919984827,0.375361207112567,0.212750265290697
2020-09-28,0.580511920273157,0.285964750100348,0.354752787302942,0.370359237648754,0.209578735751393
2020-09-29,0.57725169804972,0.281737986421235,0.352475991306122,0.368689975268714,0.206891495663051
2020-10-12,0.573493832998691,0.281737382660729,0.352303342706335,0.365738588078216,0.205302715501204
2020-10-14,0.63018708329226,0.266215937961135,0.396804190563178,0.454395448902133,0.306206180323762
2020-10-15,0.628559944781598,0.265170779291392,0.397143609907179,0.452465456595559,0.305849566430688
2020-10-16,0.625444575620276,0.265911291427182,0.396637572589868,0.450043874533364,0.304345790886095
2020-10-19,0.623908676776585,0.265081382300783,0.394682043533775,0.448678038825358,0.302700212948285
2020-10-20,0.61993306172745,0.255632693427531,0.392621651239994,0.444577230622421,0.303976348249943
2020-10-21,0.618553278585593,0.253177164403753,0.392409685858293,0.440153196378382,0.302746701639363
2020-10-22,0.616500459810504,0.253092460714322,0.390971713401958,0.43891357141576,0.301179971488585
2020-10-23,0.614898681321097,0.255122520057919,0.391074226527685,0.437145758233851,0.298445937571717
2020-10-27,0.608538311161106,0.253290914641603,0.387325634219618,0.430934626482668,0.294165724304223
2020-10-28,0.608220450558955,0.254683533274524,0.390168075057144,0.433080645391568,0.29790486921316
2020-10-29,0.605600568620329,0.252699252828408,0.390342139260041,0.422356181980358,0.280438554843152
2020-10-30,0.603749616786682,0.25207370999372,0.387911352808928,0.415370902070255,0.278929834738482
2020-11-02,0.61047038055222,0.273173041558657,0.403882262556174,0.423502450102091,0.283236096695418
2020-11-04,0.60630526530271,0.270095075351017,0.400560460223296,0.42103661518624,0.281140888743093
2020-11-05,0.6116419270972,0.288044057472174,0.414594149578431,0.438814229056711,0.30074451974693
2020-11-06,0.616244139987786,0.30011214416758,0.423314068725239,0.448374962182566,0.305355160487612
2020-11-09,0.614883224649181,0.297193864767982,0.42191663541555,0.447355906586599,0.303654774679959
2020-11-10,0.615672456648093,0.317913297434614,0.427275129368647,0.45166841080413,0.306355134490432
2020-11-11,0.610201516353069,0.316667672965963,0.425257823701558,0.426816264466947,0.304803451560171
2020-11-12,0.609288869743609,0.305120433400843,0.416971579266088,0.42435549894873,0.300478696420386
2020-11-13,0.608219916409455,0.303852002505887,0.415956541641382,0.423246368273475,0.298833114402153
2020-11-16,0.60562538427777,0.306491043911875,0.408447610677339,0.420998731801452,0.288226198329541
2020-11-17,0.606452465979273,0.317723382286138,0.415978536408745,0.425028361040181,0.29173707554041
2020-11-18,0.605034122493662,0.316473055386746,0.415018297737744,0.420995217400316,0.290632779408966
2020-11-19,0.604093530403046,0.312330516511553,0.41405835380549,0.420104239218879,0.285885627872526
2020-11-20,0.59821984988798,0.309669822591946,0.412583666528104,0.416759950328019,0.284952100147798
2020-11-24,0.597512741026403,0.306799395653659,0.411726123914006,0.417418584114039,0.279888149727901
2020-11-25,0.597340617386204,0.314804956532003,0.416078649616745,0.421764228863325,0.286480748738591
2020-11-27,0.587980358092985,0.307155858849378,0.417700880276564,0.423529937569516,0.284610673996057
2020-11-30,0.590103219717136,0.316635838911124,0.423946563508761,0.412826266863851,0.282011021297908
2020-12-01,0.586597005996804,0.318756360267074,0.425276002293102,0.414473434479369,0.282122545589239
2020-12-02,0.587272462407949,0.330639094636164,0.436573180516571,0.409834509913309,0.2918387722621
2020-12-03,0.586369304743898,0.330065603454061,0.430923511402127,0.408862975509476,0.289989417629402
2020-12-04,0.582602340300156,0.329491033295834,0.427512776555647,0.406860902184747,0.288475432855761
2020-12-07,0.581522168239301,0.328635496349102,0.424550844107622,0.405594566994912,0.286107419132846
2020-12-08,0.584973619904957,0.333192216789231,0.417862486658121,0.406762024069278,0.285734896968142
2020-12-09,0.583867955646641,0.333116647535791,0.415665629250461,0.405688325891259,0.283316910775704
2020-12-10,0.568202706958971,0.310245938347223,0.385997020608672,0.393791509731598,0.291271611689425
2020-12-11,0.566908949446376,0.309676553797328,0.384932716342719,0.391883768689527,0.289339552718258
2020-12-14,0.560739182841933,0.31216299873885,0.375838966371336,0.390779937632548,0.288592101135103
2020-12-15,0.554131688326486,0.312630246431623,0.372039635412014,0.394901814872476,0.280465996486631
2020-12-16,0.55242976895427,0.312354464320017,0.371415605404109,0.394015770124071,0.273454416283746
2020-12-17,0.548767902444928,0.311798599072327,0.370158623767617,0.392244811092553,0.271740331577289
2020-12-18,0.552514771590108,0.310341759914606,0.364953370328935,0.378732289386101,0.275761728838069
2020-12-21,0.552773222493471,0.310758927457057,0.363970269505646,0.378934982486911,0.275601931988028
2020-12-22,0.540139822740231,0.305862620028482,0.363505580247683,0.375210600493659,0.266458274368242
2020-12-23,0.542976619244445,0.328520766760556,0.387796660109747,0.383602773216348,0.266793898720866
2020-12-24,0.545733521355559,0.329276919156869,0.391231953561901,0.383213266035355,0.264355017574226
2020-12-28,0.543171855920039,0.323469455293297,0.373837435202888,0.379078065398467,0.259167869029109
2020-12-29,0.534737334022769,0.328824139306011,0.370986277074996,0.374288862804895,0.267986342113318
2020-12-30,0.523400318652126,0.290668621869611,0.366978514392935,0.370464548822397,0.268424471693144
2021-01-04,0.532106578409445,0.282683342448053,0.378729260162062,0.377197866415087,0.266066757156989
2021-01-05,0.539367741032138,0.251216621242789,0.414617664349856,0.344968125265706,0.210292561509983
2021-01-06,0.540702186573765,0.247892026449972,0.417539474979232,0.343687818749758,0.214176822552478
2021-01-07,0.539914572213032,0.244913525326438,0.411191753857339,0.343398491444009,0.216474548907165
2021-01-08,0.533207036749949,0.252229795690004,0.41455552891893,0.348340215379145,0.224125491333771
2021-01-12,0.52639393319169,0.242385691248733,0.390723398896425,0.316183862261285,0.22148638663094
2021-01-13,0.532929878633956,0.241544043480429,0.381538846772172,0.30842822446597,0.208851913495802
2021-01-14,0.532819087329555,0.238533679552504,0.379032042318982,0.308391366883045,0.207207134337904
2021-01-15,0.518699902749024,0.230578944532244,0.376406218601006,0.299390348084992,0.210997121164262
2021-01-19,0.518323766200623,0.23072908190481,0.372067213219987,0.299469487784634,0.208828561649681
2021-01-20,0.480549105669034,0.231106918900719,0.371321201992662,0.299483350256698,0.206563547163202
2021-01-21,0.482549871668228,0.228847003098309,0.372044689054454,0.299512749850194,0.210942761803285
2021-01-22,0.477760799381144,0.236175795632322,0.378837715743548,0.304622712476459,0.207876367204718
2021-01-25,0.47962353099692,0.238675083873648,0.37953259654263,0.307713986826497,0.208791102506267
2021-01-26,0.481001791223828,0.241732259306987,0.381910615711638,0.302404908102642,0.209433415004317
2021-01-27,0.498592146490216,0.257409696340772,0.398172102031385,0.31682419246177,0.210637471811574
2021-01-28,0.49818306109577,0.257817217918215,0.396454341523356,0.316833341653594,0.191506470465374
2021-01-29,0.517134236011508,0.28705691121233,0.409811528061323,0.340447110815366,0.169139774746972
2021-02-01,0.518962558871277,0.293931822419796,0.412816924244705,0.343403014615099,0.177440929199716
2021-02-02,0.521561831126932,0.298900442353266,0.415776373203036,0.340294974363386,0.182743002754813
2021-02-03,0.524218035135222,0.303064381908915,0.418105741256923,0.344479106452866,0.18878814108756
2021-02-04,0.522706918715662,0.297167656270402,0.412541110320529,0.341408191320756,0.187752864164397
2021-02-05,0.523620771291711,0.300235778253199,0.413720739648451,0.344026222158058,0.181987657683492
2021-02-08,0.522084915509705,0.294770276211559,0.410395980036505,0.343550736985219,0.180728000032543
2021-02-09,0.51874556859464,0.308191123587382,0.398447253021014,0.351149949504498,0.185551836084095
2021-02-10,0.513418534150709,0.305788742514187,0.383920415555767,0.344689932345271,0.1763851390888
2021-02-18,0.523073358580636,0.303761426308689,0.383617952170515,0.333253308512369,0.172451420470612
2021-02-19,0.524430524820057,0.307511984516835,0.38018101522225,0.326548599591754,0.171873950337903
2021-02-22,0.52378797121108,0.302687384399832,0.381000871239608,0.314465009391927,0.169343485762709
2021-02-24,0.528543001714095,0.293982059889978,0.385935642253454,0.311195700174728,0.182081668927126
2021-02-25,0.54328576075874,0.314900583978931,0.414068949947488,0.253857269275144,0.144719771936033
2021-02-26,0.544441507876505,0.317954975707571,0.413025359638559,0.259057552974034,0.124425938515887
2021-03-02,0.566318897853173,0.356644733398771,0.430984019041514,0.272331391002294,0.130536056255049
2021-03-03,0.565451337093884,0.354493384119403,0.428959114813715,0.27136324276031,0.129081608353706
2021-03-04,0.576249788722823,0.352854034443899,0.432388332161436,0.282537348966007,0.107830427363747
2021-03-05,0.584469786719367,0.366555995137011,0.436814779384989,0.269852065169004,0.125322201594451
2021-03-08,0.583499594662074,0.365681579035463,0.435412639209307,0.270312620847011,0.12321664150345
2021-03-09,0.59050183740244,0.364028543435357,0.437787459327546,0.2180375420051,0.129412467468056
2021-03-10,0.577386471275832,0.350913475835276,0.438219596752863,0.19854242317987,0.11317023429247
2021-03-11,0.576292362702217,0.350177741052415,0.436706925626776,0.199183501542008,0.112984307706853
2021-03-12,0.581438483262851,0.350658021528714,0.447011089250002,0.210965685043602,0.124801646313351
2021-03-15,0.569654167287452,0.350900645632941,0.446429135185934,0.210406867535067,0.124816160063767
2021-03-16,0.566208950973698,0.348767574647644,0.445404332810987,0.208378767785933,0.120493865433202
2021-03-17,0.566427733887794,0.349239470310813,0.445462960174165,0.208745604304867,0.119039252613924
2021-03-18,0.565749558833895,0.34851022909052,0.443669998914079,0.209759596996343,0.118975535752314
2021-03-19,0.565847005055326,0.349463051231651,0.443173734815252,0.213542404901056,0.11053705838876
2021-03-22,0.571096709389862,0.360869474300591,0.446521847050506,0.214938226886038,0.111493478487712
2021-03-23,0.565352702905364,0.336105445090938,0.442032776900565,0.212209447790068,0.116771810924427
2021-03-24,0.567859186006301,0.338095041505778,0.444442856208946,0.21188065746978,0.123073467567593
2021-03-25,0.573663938777639,0.348862694851906,0.44330556651858,0.211607935292405,0.129559932804426
2021-03-26,0.572929537100472,0.346262255092277,0.441273462051949,0.212224773477264,0.128809760893576
2021-03-29,0.57817697210283,0.354932338365074,0.446784652405483,0.220422818517518,0.15001846908852
2021-03-30,0.57678950251505,0.355280536010642,0.444104393009014,0.223620306850484,0.148976236207223
2021-03-31,0.577215589627763,0.354342858211258,0.444881235909977,0.227234132906642,0.146208053881653
2021-04-01,0.577244389305083,0.355224400487684,0.444070313803671,0.231170175535288,0.14447974089275
2021-04-07,0.577894134535669,0.356518549713866,0.445239005718191,0.235450737332097,0.150905724945275
2021-04-08,0.572701912412101,0.356964529549834,0.442942852726004,0.237761052224446,0.153860202350466
2021-04-09,0.570254810668092,0.355982224815242,0.441474072902408,0.237937549840924,0.153652468343612
2021-04-12,0.572981104400356,0.352578314118312,0.441580879593544,0.239262329199527,0.145146860796557
2021-04-13,0.575221930920694,0.357585964226802,0.436586562561275,0.245167238745162,0.145255510238214
2021-04-14,0.573267579431856,0.352368555637706,0.426346834101966,0.24163731448141,0.143252728812248
2021-04-15,0.57426974280705,0.347437489190149,0.42628824187995,0.238581079110887,0.138956346176345
2021-04-16,0.574184795215225,0.346145516714882,0.42191075872158,0.237726148193605,0.129704346519453
2021-04-19,0.574732543001567,0.344742713761143,0.420018323377491,0.24425495341216,0.132080902038488
2021-04-20,0.572540569571221,0.338743096000423,0.41317266635486,0.247864193262265,0.117821002392875
2021-04-21,0.571571311269914,0.331775491047507,0.409303537792037,0.248786906645671,0.11889519867597
2021-04-22,0.562394193549652,0.324875850877412,0.40054022151039,0.243839435024607,0.117918695674569
2021-04-23,0.560091211766615,0.313542208799684,0.398836038657558,0.237157630646744,0.120462714656819
2021-04-26,0.559081430841345,0.311406295672217,0.397832510924415,0.238493100433657,0.12284305611971
2021-04-27,0.559416654847735,0.306548876479516,0.375632013223023,0.232327448259458,0.12071895614761
2021-04-28,0.558683167385567,0.30584373039419,0.374774986167801,0.233141650923146,0.120736136202852
2021-04-30,0.558786264072895,0.30572841644886,0.363676918769136,0.234689308250831,0.119619046433068
2021-05-06,0.558014680990161,0.307330224395875,0.364646202569502,0.23595972571251,0.120259727623444
2021-05-07,0.557644102993269,0.299597952335207,0.3626069143061,0.234873056010418,0.11863118546961
2021-05-10,0.556148572460922,0.298160668481614,0.345889306857288,0.222968159090821,0.108960830312765
2021-05-11,0.554809277593569,0.298843939885002,0.345156615555846,0.220346914101272,0.102287526514578
2021-05-12,0.527404824173002,0.270749942277762,0.334124430291312,0.208561184696819,0.0952279540693373
2021-05-14,0.529609280060663,0.259152393021499,0.315965723065571,0.200758087555316,0.0696368289148269
2021-05-17,0.516842139059593,0.255780514138667,0.310792473454244,0.162048510798761,0.092413591273963
2021-05-18,0.518684939481206,0.246723020188991,0.30173855459115,0.170337530236256,0.0898622469591338
2021-05-20,0.518657745039839,0.25015079174482,0.304247359319836,0.176434532762236,0.087020201258834
2021-05-21,0.520512943566361,0.255967369064586,0.306404026791315,0.185341123749469,0.0820277687622468
2021-05-24,0.518638749498553,0.250783532359174,0.307324657705124,0.18436464968798,0.0833278179546924
2021-05-25,0.516955293089612,0.251165986518356,0.304836739825885,0.186179249236306,0.0867687434346564
2021-05-27,0.539450288153003,0.253093678327026,0.317329870491171,0.199340227828529,0.073906097402593
2021-05-28,0.541384923415364,0.251854143302916,0.313841694261372,0.204325171021938,0.0761161997985377
2021-06-01,0.540737881278907,0.243270626481907,0.310305949636004,0.20405510288767,0.0766306920669773
2021-06-02,0.543760937373046,0.234559369586929,0.316049355045002,0.206542851637233,0.0758823353644147
2021-06-03,0.545880603619553,0.231144656760431,0.31429204644652,0.215159879247919,0.0753233043564213
2021-06-04,0.546131433233101,0.230191585543338,0.309044019997608,0.215560390400557,0.078314161270879
2021-06-07,0.544769701865101,0.229503709069578,0.307993730738065,0.214834119028797,0.0808663055427252
2021-06-08,0.541951040897685,0.230403625360947,0.308635826405877,0.217152572126971,0.0808445843094525
2021-06-09,0.54061058432996,0.232208253119974,0.309439315273453,0.220402440354565,0.0817433773194203
2021-06-10,0.538784642179512,0.230684718416216,0.300917755245467,0.218475536186799,0.08067712011412
2021-06-11,0.536474644225472,0.232535363584469,0.30214904660544,0.221199972578879,0.0850141299978069
2021-06-15,0.530789705669903,0.233311111595503,0.291744163427011,0.223586876965961,0.0836310778417511
2021-06-16,0.535853154738911,0.204431763962054,0.285127093584555,0.212881422482373,0.0854712867450401
2021-06-17,0.541124415112368,0.211550109620081,0.269859447304792,0.233615054478459,0.100033298517622
2021-06-18,0.540981340071306,0.20860098331161,0.268121385362134,0.234168063674609,0.0998152335918059
2021-06-21,0.537216442976022,0.209501328690803,0.268572432347135,0.234914047395264,0.0984481284507978
2021-06-22,0.529315128894467,0.192816158609766,0.265152845969807,0.232101958870526,0.0994195963452782
2021-06-23,0.515042339122523,0.210517362376442,0.273231474237604,0.226398625419929,0.1046528970002
2021-06-24,0.509876618285924,0.210968132499659,0.274707515932295,0.22834399693193,0.104094494864823
2021-06-25,0.509627049711285,0.211736332555822,0.274866042768144,0.229341996152915,0.103998884069556
2021-06-28,0.521461552090892,0.21589944136562,0.282300650018845,0.227865645733506,0.108526200755903
2021-06-29,0.521239869474613,0.21667668221888,0.282688384845609,0.228647353016621,0.108518083741434
2021-06-30,0.528041525268772,0.224046925159104,0.290271596345825,0.250948069343154,0.10870551098954
2021-07-02,0.520533426840368,0.223362389751696,0.292343353610321,0.259250580546192,0.109267033651152
2021-07-06,0.546674719217445,0.217489461658988,0.302433769089028,0.252880655542221,0.0482563895645878
2021-07-07,0.540297230071473,0.216007237191703,0.304370144165765,0.253764949546453,0.0476848255139169
2021-07-08,0.534078689820536,0.207741363163586,0.293954743906852,0.235720179714922,0.051366213387929
2021-07-09,0.536433356827228,0.215477124161385,0.305020288371105,0.245481675529365,0.0657019827961802
2021-07-12,0.534827044012268,0.216241491110074,0.302150589451364,0.2449341219525,0.0645014388681574
2021-07-13,0.535938211745825,0.228130298805519,0.308638319721768,0.248511612918033,0.067864835949575
2021-07-14,0.538108021404329,0.230401948576103,0.312775883257257,0.25224657830199,0.0644800604405105
2021-07-15,0.539597655015807,0.234061739838435,0.314218142545318,0.257563341364201,0.0637340886986239
2021-07-16,0.541492937801327,0.217657991389639,0.32121310218481,0.249168755628451,0.0562726621935251
2021-07-19,0.539002734982219,0.224969702053896,0.323623661370378,0.244816110260607,0.0680612013034258
2021-07-21,0.530880611179393,0.224417525950744,0.320198705722413,0.242677777181254,0.0675483961252609
2021-07-26,0.519538305109255,0.220888221288925,0.306145349756348,0.244550668277918,0.08628126973549
2021-07-27,0.570954263153319,0.179500027623749,0.278093859035932,0.20677777173731,0.0414881403917409
2021-07-28,0.598021932127191,0.165970677202991,0.263742925618377,0.203212639154337,0.0524488830249877
2021-07-29,0.590686039222436,0.172478406524541,0.263222976587449,0.203756790587033,0.0535835681474153
2021-07-30,0.597760553909346,0.179344422361826,0.264098346967856,0.220638719315139,0.0581234720113186
2021-08-02,0.597543497395915,0.18412058431141,0.266684674633556,0.223324086709996,0.0611217976245242
2021-08-03,0.595908994681387,0.204744138675921,0.276346860309327,0.216191702997483,0.0561961889518374
2021-08-04,0.594871084927602,0.20703818371109,0.273810199532543,0.21902364881835,0.0531569480878319
2021-08-05,0.59501837052601,0.205577181118251,0.281587760247624,0.227154587745586,0.0492472423673816
2021-08-06,0.594496385254138,0.205009781915017,0.282352878291795,0.228909561619925,0.0481077611578879
2021-08-10,0.593547435914943,0.2051546939613,0.283146366921954,0.229665699687975,0.0486608148130966
2021-08-11,0.597401668856919,0.20541880300192,0.2538245498872,0.248776143083478,0.0469040477647963
2021-08-12,0.596413812486127,0.20613496739714,0.25264311350241,0.246875564048958,0.0477986008366656
2021-08-13,0.595672944569429,0.207442150115657,0.254057611400887,0.24737258630949,0.047467260701938
2021-08-17,0.594979600145149,0.208691147339166,0.255045966607775,0.249152200482019,0.0480024965547161
2021-08-18,0.607182613320238,0.24333035294888,0.272211810433557,0.280449367799441,0.0638228806073941
2021-08-19,0.605707245312533,0.246821195169386,0.276487739022387,0.283635564084597,0.0455749070097142
2021-08-20,0.604818484097826,0.251152961911383,0.280531945480839,0.288231804782298,0.0460293010146377
2021-08-23,0.60853586952054,0.259094862694373,0.290674623633661,0.280954609963141,0.0352907086502159
2021-08-24,0.609285341408523,0.273964744806902,0.299552155195393,0.270207340066109,0.0500461934248166
2021-08-25,0.612485977878337,0.278507406913492,0.309175301233927,0.275679265171213,0.0516390407610132
2021-08-26,0.609329501910089,0.277361873563479,0.309914998599012,0.275135853040842,0.0537402075387531
2021-08-27,0.610918593168524,0.276099873255436,0.31434220989017,0.273838415143493,0.0645142450387252
2021-08-30,0.60867105339873,0.273264395822577,0.314532939797336,0.264641133312298,0.0708973845752028
2021-08-31,0.60758311622549,0.273645358962104,0.314704027187322,0.265302106507837,0.0721274124004234
2021-09-01,0.607104287928398,0.276257759809179,0.316280814408107,0.251160764518215,0.0713150457326536
2021-09-02,0.606703879209962,0.281379800525685,0.316807021158277,0.257011900839104,0.0713545875121109
2021-09-03,0.604598970004329,0.282386928660476,0.304504388841436,0.256649060523847,0.074572150875186
2021-09-07,0.60449713785933,0.266778157826736,0.29947994924198,0.25805000163526,0.0759514098147322
2021-09-08,0.612257454520007,0.311118014229446,0.275001888063579,0.27372972742701,0.0539377224617599
2021-09-09,0.611065808170711,0.309887263703611,0.274683398124581,0.271133932857198,0.0549242151172154
2021-09-10,0.589878502792239,0.306743213776328,0.262804617758526,0.2715599190816,0.0511922880682243
2021-09-13,0.586422234643512,0.307175426839103,0.263856701374807,0.27284088488533,0.0478746051293926
2021-09-14,0.578134222049064,0.307050987352917,0.264310220097587,0.268566622280614,0.0494925516716277
2021-09-15,0.582029687205155,0.29494986955903,0.251141057272868,0.263414641588794,0.0657287087855224
2021-09-16,0.578113203329373,0.295325405040385,0.251500873904177,0.264498123021892,0.0634073238782815
2021-09-17,0.583192446945135,0.30065906754317,0.261618124429379,0.259802879338137,0.0685314673480719
2021-09-24,0.581973950188472,0.300814148573338,0.26252090591939,0.260652172521038,0.0656149765442972
2021-09-27,0.568710658222399,0.299779690920848,0.262780712174054,0.261117604008564,0.0658551602006209
2021-09-28,0.565615849395546,0.299295452820657,0.259592740109872,0.24082940224574,0.0710825366264087
2021-09-29,0.56654102481904,0.297021014262383,0.248215091221148,0.234381623027167,0.050367396122273
2021-09-30,0.546219738958718,0.329299092143351,0.271925202196921,0.23464064769599,0.0485451205746456
2021-10-08,0.541024543927715,0.324410135399725,0.273620390113336,0.238638623092905,0.0365848686203142
2021-10-12,0.542715541011099,0.266618407482404,0.220751640835787,0.244717724632006,0.0491451342770066
2021-10-15,0.533075952845733,0.26074814380697,0.232089976354173,0.244625162992197,0.0612386740254229
2021-10-18,0.535734766417997,0.267593237920702,0.24187261835231,0.25409181171405,0.0764086598872434
2021-10-19,0.534896135194954,0.267821722151778,0.242759581736942,0.254761048308432,0.0766441928501393
2021-10-20,0.537697069581083,0.269296544241672,0.24576854342828,0.260088252364052,0.0805121265548361
2021-10-21,0.532203830742874,0.269265543965846,0.246976540149375,0.260770113865126,0.080465691530339
2021-10-22,0.530425222777436,0.26488701411429,0.24717054303394,0.26009020792101,0.0813526237295829
2021-10-25,0.528158830134359,0.264153928826306,0.247858471223377,0.257305565323713,0.0824870688102059
2021-10-26,0.525695601505475,0.258776042786359,0.250314874696227,0.255269473682529,0.0860930518488304
2021-10-27,0.526132386462477,0.252430834985262,0.246996801315385,0.255421603127278,0.0859647388328214
2021-10-28,0.534105953665659,0.2517195562726,0.253460894419856,0.247003463047874,0.0937942090255949
2021-10-29,0.532091610838515,0.259382836720763,0.258165957918181,0.25536786991647,0.0764703692250258
2021-11-01,0.522067889236505,0.259660664133641,0.245279812541297,0.25176606097731,0.0780011958532023
2021-11-02,0.520817260683424,0.25284805104756,0.245656306806889,0.250069999743148,0.0783757493138143
2021-11-05,0.51926385201404,0.255259863374725,0.229819751067513,0.240326507450197,0.0729534609371764
2021-11-08,0.520725049746154,0.254374803512136,0.234947334882976,0.238493750507864,0.0628054968102429
2021-11-09,0.518774237020519,0.253762229821003,0.234938976702927,0.240186335511408,0.063548375408744
2021-11-10,0.518702874848267,0.251652443107203,0.235745856664095,0.236487457356114,0.0626897881327641
2021-11-11,0.512482856999557,0.254292668625759,0.240753365821861,0.240229360343865,0.0695473832146109
2021-11-12,0.518857828551326,0.257944257376786,0.235981410392343,0.242533066550708,0.0691089569165562
2021-11-15,0.51886996053723,0.258790727750976,0.237075653180701,0.241752715267175,0.0711951496234436
2021-11-16,0.517867647262245,0.257661607781574,0.234534517579004,0.240682736977608,0.0720708383869688
2021-11-17,0.506078638936551,0.257518059800144,0.23564280641522,0.242056348810283,0.0704499230991623
2021-11-18,0.503078528291101,0.254430089881022,0.227654210426959,0.239878852603812,0.0680128390062103
2021-11-19,0.506318235970169,0.25656797219529,0.231393668946607,0.238980422687373,0.0656736293938889
2021-11-22,0.478657405204251,0.260336806127554,0.240422250236597,0.231460055111209,0.0602674026746472
2021-11-24,0.473215589538524,0.259917920404265,0.248953939442385,0.233340595570791,0.0554866115282548
2021-11-26,0.465189077888897,0.248429191334558,0.246434645857462,0.230879083338965,0.0582472174151676
2021-11-29,0.476004016653515,0.264366756292433,0.263133278741907,0.255938952703314,0.0978921422471425
2021-11-30,0.475119144141481,0.262897897912813,0.263348935006665,0.253011878840396,0.0964259207782821
2021-12-01,0.470075496712758,0.26033679768683,0.256806310329084,0.241249095610283,0.0947588229269884
2021-12-02,0.471994296248851,0.261399762185639,0.261617706152141,0.246458068853485,0.0893331419428311
2021-12-03,0.471098610330047,0.26205481142344,0.258612161851731,0.247391216764048,0.0874103657907021
2021-12-06,0.465143558070045,0.26954885994568,0.263786587804679,0.249000129294485,0.076396622329944
2021-12-07,0.470524486540659,0.271615747913524,0.26275409683864,0.245734590421748,0.0692182875952472
2021-12-08,0.463048539789692,0.271368161682244,0.263857400432117,0.247129839576763,0.0722756728634666
2021-12-09,0.456539158533243,0.28482551442956,0.264510346122963,0.24066270470175,0.0748945121924231
2021-12-10,0.462330024780064,0.275823430438891,0.272061594500971,0.244198249297548,0.065622480184799
2021-12-13,0.463245757507418,0.277223440569336,0.27359570620232,0.245564119401626,0.063868357692723
2021-12-14,0.461896970912943,0.279377650203874,0.271829090264843,0.242123943529041,0.0593533031077739
2021-12-15,0.467156448238598,0.28358437696493,0.274905178551743,0.242165885464369,0.0659092119250208
2021-12-16,0.469987642864623,0.282932424438691,0.274781474620317,0.244186151110079,0.0570740458778999
2021-12-17,0.469197133661897,0.296759018267056,0.27893619801629,0.248787695484395,0.0481626246652507
2021-12-20,0.479011104459488,0.315770026807266,0.268775732473325,0.258587181264086,0.0656689205698003
2021-12-21,0.492890357355715,0.33309016209444,0.291132959338918,0.278394494686029,0.0820777868405241
2021-12-22,0.497065367586067,0.342845166296664,0.293263973970572,0.281652258352684,0.0982871270069351
2021-12-23,0.496051302889091,0.34201675297553,0.292952912943075,0.281899059584742,0.0973007051704622
2021-12-28,0.49669173527216,0.343847838115131,0.295278083576395,0.283872977630703,0.10076837543603
2021-12-29,0.494262142384061,0.338429367019792,0.290159581266032,0.273948632019326,0.0943921591378641
2021-12-30,0.499235416285615,0.340936334722521,0.299953982033643,0.267126689117001,0.093144551774257
2022-01-04,0.498011648620049,0.335664615985954,0.293356057848152,0.261709162537103,0.0901314417380384
2022-01-05,0.499542165930668,0.337907622467228,0.294808288340162,0.265674114462749,0.0915643886760491
2022-01-06,0.51186775146041,0.333216152655085,0.309819014866298,0.273265653432965,0.121537427211381
2022-01-07,0.507989855664802,0.331239520181368,0.31186181742687,0.269831140342168,0.12206260780911
2022-01-11,0.495835213302466,0.330699606506115,0.305808998045143,0.267150820028503,0.12326172924189
2022-01-12,0.488622755486611,0.332484264198253,0.309180951333537,0.255884739349902,0.119107584298756
2022-01-13,0.499501958329741,0.342435933024777,0.321757612412112,0.257809409589565,0.120906685391479
2022-01-14,0.491337430587613,0.348415011483555,0.323460380428874,0.253984454614158,0.146465751980564
2022-01-18,0.489604848702657,0.35608198247316,0.336458658457607,0.238822523041326,0.1448340055793
2022-01-19,0.462296543135028,0.354590479824265,0.28848504569703,0.233505888297906,0.102710910899206
2022-01-20,0.462241412740944,0.354356855433452,0.290874005534738,0.233690174412398,0.106581320244185
2022-01-21,0.440096085506798,0.351753670434388,0.289599689373001,0.233768506643325,0.107694101065431
2022-01-24,0.437411579332113,0.35559923236692,0.298309641527841,0.233638816661902,0.127323748021785
2022-01-25,0.435855792388029,0.354733340451883,0.294844264442632,0.233957467806584,0.12732109823261
2022-01-26,0.450955381591912,0.373705524285525,0.348448510473285,0.276851022731553,0.156596413548506
2022-01-27,0.451164484995307,0.36927332939578,0.344819858079869,0.281671755209628,0.154672524549965
2022-01-28,0.467087644672788,0.395532834750868,0.376649352923753,0.287309176622678,0.161954008220559
2022-02-07,0.471536294115142,0.378377310515454,0.361015867805484,0.292148765283195,0.135829138499873
2022-02-08,0.498163652119615,0.389240547514827,0.382498252584698,0.341886348684916,0.14880717968785
2022-02-09,0.492956967204758,0.387640001155081,0.381138501032525,0.344403322200028,0.151544994259122
2022-02-10,0.496541770720192,0.389171071439437,0.382265548520023,0.345668073135164,0.157875051516658
2022-02-14,0.496691028333482,0.388185817528651,0.381519386212818,0.34544717173926,0.153426501120675
2022-02-15,0.502994295600117,0.402619985696185,0.396670503344107,0.343963036658775,0.177056566707629
2022-02-16,0.499454977262183,0.397869224950567,0.391614110491343,0.343147454429094,0.179807115137116
2022-02-17,0.501385677546778,0.399364692145645,0.393574787400313,0.34435099934949,0.179046609941149
2022-02-18,0.501359969879165,0.397185707124977,0.392621477858633,0.344003267658715,0.175525787326484
2022-02-22,0.488187916418709,0.392902005636314,0.390845985027454,0.339983785126157,0.171082279003732
2022-02-24,0.495997750507979,0.401400859273258,0.395923370917671,0.34589113634502,0.177015296060212
2022-02-25,0.501114753377283,0.405723651528649,0.401561006577308,0.349769929781925,0.178501386961311
2022-02-28,0.49769987439096,0.407980831976063,0.402993844763181,0.350609644362477,0.185375182465974
2022-03-02,0.496904089015508,0.406606413977156,0.402849595846954,0.344255202382583,0.183900618820719
2022-03-03,0.486925429230713,0.401559744634117,0.40148633832037,0.343263385342689,0.18392066122892
2022-03-04,0.486437717519293,0.399291358989239,0.396456826233738,0.342607573267103,0.183656099084036
2022-03-07,0.495071278410432,0.408606766382915,0.401675979228198,0.346777893629057,0.189917666911601
2022-03-08,0.522902481820289,0.435512651135335,0.424475047693842,0.358270796517531,0.24223491218668
2022-03-10,0.524096046243924,0.443590377656198,0.428618098271678,0.369350009615462,0.246341790181515
2022-03-11,0.523765200483683,0.434175897296698,0.423347288766722,0.360908785524157,0.243318784876721
2022-03-14,0.517990717201195,0.426209309765376,0.419614444775214,0.360681562460241,0.237839469849288
2022-03-15,0.548260484637047,0.406690389404744,0.416593459276626,0.359355626089978,0.242662811215837
2022-03-16,0.585315535637884,0.374416760813688,0.410253529163454,0.330520460282566,0.167487635500888
2022-03-17,0.602513233572311,0.381825671679924,0.418842846818825,0.344948812920165,0.188210997278281
2022-03-18,0.602748542484753,0.38586178111275,0.421324922099358,0.347679768800642,0.191587989814755
2022-03-22,0.600309021295872,0.385725670048222,0.42111786237897,0.347613406520356,0.194110723418587
2022-03-23,0.599207956568634,0.384553776819841,0.420044558853305,0.3474759554803,0.193866232616765
2022-03-24,0.598505406453883,0.381304376798959,0.419035205138303,0.347457981787054,0.190715546181582
2022-03-25,0.598022333311864,0.379726404896686,0.41831400059177,0.342233722080407,0.185408900515481
2022-03-28,0.599193174231669,0.377605353059212,0.416407503011912,0.338648573175126,0.182092454587511
2022-03-29,0.597999151574634,0.376069241734887,0.415286148019674,0.338150229836765,0.181444971384033
2022-03-30,0.595947820772533,0.372868220346065,0.413046227223608,0.337780178311079,0.177937258531983
2022-03-31,0.595333897239425,0.361664352104689,0.410833002709684,0.337582737491159,0.168527536921166
2022-04-01,0.594878172956937,0.361750650726827,0.408261233031622,0.338326282366971,0.170474552996332
2022-04-06,0.593248876251747,0.357222715089946,0.401029861809297,0.339006174051133,0.170994215590172
2022-04-07,0.592364166307745,0.354923517329666,0.39992968843464,0.338715167151301,0.168991310770003
2022-04-08,0.592780535916233,0.362614216978064,0.408018832481477,0.342784387386068,0.164642190270324
2022-04-11,0.591877916206194,0.362149266530988,0.407131931812794,0.338867787343221,0.16312530564025
2022-04-12,0.600050728876668,0.364416261914901,0.405213842912121,0.345786672188575,0.189702962746075
2022-04-13,0.598177312918333,0.343475600943655,0.388789724163154,0.329378412486392,0.184702567317592
2022-04-14,0.595779269055096,0.331323438430683,0.368320268427726,0.326311074156248,0.177528657035679
2022-04-19,0.594938306948167,0.335181429005829,0.366201415615931,0.322650874108866,0.165365417499175
2022-04-20,0.596588647676185,0.337183412814211,0.364451966056119,0.327613442362532,0.153608186657542
2022-04-21,0.594788452050325,0.328657169149341,0.362715931559483,0.314413547649689,0.153756751470018
2022-04-22,0.595300313859892,0.307900933637661,0.351646053325405,0.302885097126601,0.173209686712126
2022-04-25,0.594067097404823,0.302745395367923,0.347627063908109,0.303248400753083,0.16394921466237
2022-04-26,0.614500661172336,0.33310790349565,0.390879881597309,0.315498741704213,0.142231285354461
2022-04-27,0.610809773479999,0.329850281380279,0.385843641981082,0.319296806526215,0.153679495650335
2022-04-28,0.605234697374728,0.313648479989474,0.364180778260067,0.315376272463921,0.153236069821823
2022-05-06,0.604226050336096,0.314149038888124,0.364301488876711,0.316250404711511,0.155324516975603
2022-05-10,0.597697010893978,0.314911309235126,0.357519844070491,0.301227009064839,0.140572711479911
2022-05-11,0.586452465033109,0.289783984741859,0.338014564453472,0.278857583380663,0.130405236932126
2022-05-12,0.586399099382815,0.28969423501114,0.33657356832585,0.277519546628958,0.126904282781964
2022-05-13,0.581636704354111,0.288383889509779,0.332929757655227,0.272847266097225,0.126956448766095
2022-05-17,0.581823889854297,0.292845790835968,0.336435303473456,0.276156715220088,0.132055916137448
2022-05-18,0.574521705429658,0.293141466432451,0.336520950916655,0.276834730399205,0.132864450825544
2022-05-19,0.573573276413839,0.291610605636843,0.335893579746694,0.275174465508553,0.133379867304667
2022-05-20,0.564677689666036,0.286159525599912,0.330392192036881,0.270900678412523,0.13263312833654
2022-05-23,0.570084617121078,0.291602026284424,0.340639662522169,0.282873800484661,0.131553711607422
2022-05-24,0.568402834700778,0.290909872203351,0.340195836888453,0.282169960217607,0.130912486612401
2022-05-25,0.572559573216176,0.297750999848534,0.35583477320971,0.288413532398941,0.136474553099841
2022-05-26,0.571089263469685,0.294798675539758,0.356666862591047,0.283279354096147,0.139374941773596
2022-05-27,0.569456260131877,0.293543204258403,0.355259658573499,0.285142426011954,0.141807052100777
2022-05-31,0.564136484811924,0.293700567523796,0.354603572603388,0.285672659744796,0.14221804184151
2022-06-02,0.5721836271657,0.30628591637525,0.366945162057601,0.283977056932268,0.136039493720665
2022-06-07,0.568122166507878,0.30638191950849,0.362967526156359,0.283648719171777,0.136745465632301
2022-06-08,0.571954759858813,0.316418273049892,0.346449870572284,0.283755004330433,0.132896169821165
2022-06-09,0.572353188735056,0.31831452418665,0.345434263158631,0.282291327086456,0.128542069858182
2022-06-10,0.572374418220588,0.317516421577895,0.344830404311652,0.285589889737794,0.136468371712035
2022-06-13,0.566497547276685,0.29853513246258,0.3283381976222,0.269272927389834,0.113669765906541
2022-06-14,0.567490849818425,0.305640956266852,0.33202799748414,0.277230938905415,0.125757330697662
2022-06-15,0.564903977061519,0.296276339380587,0.327874093312009,0.265330162561891,0.123820674879674
2022-06-16,0.565055520104738,0.291964375327871,0.319309408250126,0.264967468746498,0.125934890674625
2022-06-17,0.565700712971444,0.290279863667914,0.318328311385866,0.266895267896381,0.13257793919586
2022-06-21,0.56674512144772,0.276594671162876,0.314380548285871,0.266362421358384,0.132602090671197
2022-06-22,0.558221568309066,0.273940321912327,0.315377486825494,0.263776603741113,0.128439507926736
2022-06-23,0.563984659464094,0.275689867724869,0.329024950767241,0.27302058748451,0.128726518764388
2022-06-24,0.56553199745288,0.273178325652577,0.312859178061501,0.269760888985565,0.133647319079676
2022-06-27,0.567950435537798,0.278048383510676,0.319376247375887,0.27444730462627,0.143405746763122
2022-06-28,0.570434321841573,0.283633661045052,0.323861824896357,0.280589045508211,0.141404941676583
2022-06-29,0.570748628376123,0.286002053031348,0.326264409389148,0.28057260870904,0.131090864451554
2022-06-30,0.575782482923589,0.293151342698147,0.337001219934487,0.282459486319656,0.130980434853708
2022-07-05,0.568488622849936,0.275991561156894,0.32006379072519,0.262353667255737,0.124803999541086
2022-07-06,0.567646901507632,0.276045118778395,0.320097826974223,0.262904672967104,0.125333022145661
2022-07-07,0.570465177372146,0.286576028005527,0.333282856464512,0.262218751337424,0.121742708094339
2022-07-08,0.569800687310752,0.287029602579301,0.333238178342935,0.263437335370203,0.123336966138794
2022-07-12,0.568208195180751,0.286807415709081,0.331510370489375,0.263822900290364,0.123595842779437
2022-07-13,0.591258143559182,0.293847566024723,0.342810136895274,0.24385628693933,0.154401546214266
2022-07-14,0.590137321926215,0.293650271167257,0.342451046544185,0.243031278971637,0.15379474286369
2022-07-15,0.5892198597711,0.292624666000714,0.342185915711783,0.24070013473671,0.153680338981012
2022-07-19,0.596519204319339,0.281776941925369,0.334049496465945,0.233476812982764,0.12760861702716
2022-07-20,0.600552216443739,0.286561304221122,0.345306663475999,0.242583822960333,0.143752646361628
2022-07-21,0.601047260726283,0.292700753256339,0.346838800611942,0.251098017908959,0.14553304282428
2022-07-22,0.603329820599228,0.288618716154074,0.337995648653262,0.25685194340761,0.138126578937931
2022-07-25,0.602135689784551,0.288189172381797,0.337542473985072,0.254988006422624,0.138145838230636
2022-07-26,0.600959752083084,0.291161346925356,0.334603162246669,0.255679984426765,0.137513407753947
2022-07-27,0.602767431263531,0.288485045216896,0.335438445274085,0.258563440411028,0.127782560417721
2022-07-28,0.600321478985834,0.288251740972351,0.335081997680132,0.258460072507586,0.123109376205283
2022-07-29,0.598650087157796,0.288506560873541,0.335163092046679,0.259640979029164,0.124181847855798
2022-08-01,0.602219627334978,0.288378115773037,0.327211220645667,0.263206921911684,0.113774586576628
2022-08-02,0.600963895967508,0.288831188759016,0.32690948079601,0.264058873924527,0.113331066736889
2022-08-03,0.614307030713088,0.316428577706688,0.330590330160016,0.258063743493223,0.124305832017381
2022-08-04,0.609987345280664,0.31179834814918,0.322175772217216,0.253994999806842,0.114585187970502
2022-08-05,0.611442732917052,0.31462976053617,0.324162928990689,0.258924056258716,0.113462308512508
2022-08-08,0.607095146094444,0.320599292873861,0.329270129430547,0.263758159486266,0.110518773759845
2022-08-10,0.60313466729473,0.320482944159598,0.329050065465502,0.261850272224529,0.11010380961662
2022-08-12,0.597858944399491,0.318891340029976,0.329536946636756,0.260039328909961,0.104957224119592
2022-08-16,0.606869547629546,0.340479634845769,0.348893452336268,0.24335000171673,0.123638512602789
2022-08-17,0.601906621702478,0.338666719175718,0.348385077281721,0.243152036909728,0.123562457680859
2022-08-18,0.601126733708117,0.340213889385096,0.343134531948949,0.245225913544488,0.119935824878255
2022-08-19,0.601102415624473,0.342146410605658,0.344118101328838,0.242880831396963,0.119102439302492
2022-08-22,0.598687780327853,0.341324836292937,0.346975647313829,0.250445668664888,0.127035738344843
2022-08-23,0.592932752160508,0.336463358707215,0.332874470181341,0.254737223655906,0.110399359586858
2022-08-24,0.591241877148965,0.334421909482238,0.330841385420956,0.255031143322757,0.110715096483743
2022-08-25,0.594103843701049,0.336637865258644,0.312007497334931,0.264995199061484,0.104340160634408
2022-08-26,0.595329733124028,0.338626410108514,0.320455739342495,0.27034954230411,0.115057663666325
2022-08-29,0.590814983544327,0.335694774125154,0.319693702470867,0.270596424583781,0.120166696247671
2022-08-30,0.588376009436326,0.319057585511082,0.306339268788079,0.265611261087265,0.119533823582417
2022-08-31,0.587830937987796,0.313303397827173,0.300400826843673,0.260875585942776,0.122798631360385
2022-09-01,0.584595989697623,0.314610768566152,0.291241222016695,0.26822099631429,0.127310876963785
2022-09-02,0.585726720892707,0.319244308140535,0.297706881191957,0.267823582214965,0.126001572894468
2022-09-06,0.583658318146736,0.318746064322409,0.297647024072504,0.26645719371222,0.125257858814621
2022-09-07,0.547641436653753,0.308667556688772,0.291100323524042,0.279298510688261,0.114732266345807
2022-09-08,0.545489959751312,0.307075318810056,0.287771405224344,0.278210200736143,0.114640479008009
2022-09-13,0.545975298687549,0.292546062298367,0.286657618398099,0.27180127919262,0.112723646647268
2022-09-14,0.551465724584817,0.302051799738217,0.300547148193419,0.287363899446027,0.0954589374628549
2022-09-15,0.556630948361805,0.313878348999312,0.30895110022258,0.296789708720203,0.0934061795629212
2022-09-16,0.547073641609381,0.309410689756139,0.310538095147363,0.289228679540591,0.106023994791092
2022-09-20,0.543777777282416,0.318277820595746,0.316792927467287,0.280931261858223,0.119323352200383
2022-09-21,0.543184815191624,0.317360532681021,0.316983008531961,0.281392066258169,0.119912552270979
2022-09-22,0.540174857343112,0.317124129401195,0.317342323605691,0.282117199377995,0.121443881672821
2022-09-26,0.53919150671218,0.317635282917688,0.318301474851219,0.282336274754803,0.123344595413221
2022-09-27,0.547744049016847,0.345238294438525,0.364930288061118,0.331078357797509,0.164384000298408
2022-09-28,0.542258405164378,0.345265183454525,0.361804314441995,0.319862199244085,0.160023273781989
2022-09-29,0.556379488583809,0.355095068337785,0.375196141083489,0.337117834761075,0.13624319549282
2022-09-30,0.555873737788877,0.352798415162517,0.374448730012449,0.336903566871767,0.136639411483251
2022-10-11,0.553399881151494,0.355625243957176,0.375237644097692,0.333270316204258,0.141106244555339
2022-10-12,0.562751379421012,0.331987679548911,0.354620141867819,0.341338569496058,0.139332702190346
2022-10-13,0.548494229759295,0.327317146356474,0.354191055727204,0.325379790017208,0.13387625372696
2022-10-14,0.547094483954668,0.32772167024395,0.354592448494327,0.325701157500125,0.126019532044109
2022-10-17,0.549779582643978,0.352381185454303,0.368825539232681,0.319766124849471,0.0962270499645827
2022-10-18,0.549121717004246,0.347653238214326,0.368510952498282,0.314993645180034,0.100622326972491
2022-10-19,0.542957118526729,0.344467294812278,0.365434118715377,0.314300012567372,0.099877977357544
2022-10-20,0.55043181351432,0.339251706830432,0.366606229980264,0.31404718859137,0.104353920253727
2022-10-21,0.550115026477009,0.339774317607937,0.367025831513906,0.314024076214458,0.106053675209427
2022-10-25,0.54896515793724,0.338502198569968,0.366129240393841,0.303950393377372,0.106559938666044
2022-10-26,0.573877503474014,0.309630887006297,0.342764899095751,0.287509559919872,0.0689381861393087
2022-10-27,0.57399108476304,0.311330096981486,0.344310240516391,0.291863954483192,0.066199491323982
2022-10-28,0.570660649611051,0.312073028210213,0.333656140158773,0.290461603262581,0.0688292287524598
2022-10-31,0.584550095542029,0.320824850214755,0.33999633699436,0.245266593070044,0.0355148427239502
2022-11-01,0.585078915598809,0.306561287916276,0.332224549810832,0.235852268522243,0.0395986358167256
2022-11-02,0.603369647024489,0.303410459249309,0.350666968785584,0.256395368021211,0.0328265520726575
2022-11-04,0.605337191971067,0.301006725810422,0.349093551024216,0.258605868776256,0.017983329794249
2022-11-07,0.606877587884967,0.265759417657021,0.349483933777464,0.247787664137271,0.0209547925480019
2022-11-08,0.604212010549621,0.266111345126204,0.349125423223911,0.248801940710222,0.0228302423463995
2022-11-09,0.603175695688813,0.261376561753355,0.343768494587311,0.248861064692623,0.0226763704670711
2022-11-10,0.60303230256672,0.263307540704374,0.338049434311861,0.245418126899608,0.0304211370813473
2022-11-11,0.60250840646428,0.265346927854778,0.339193488977166,0.245025412674721,0.0179783154916592
2022-11-14,0.609010158227542,0.288503270340893,0.360302243520486,0.267467709016075,0.0234949953331625
2022-11-15,0.606432861222723,0.288434463490702,0.3599368291931,0.264944479397014,0.0249829896344387
2022-11-16,0.612274933080226,0.285903960463905,0.357912062741166,0.268912756193796,0.0307248272600772
2022-11-17,0.611272640238224,0.285441144679191,0.357573974356461,0.270445486130231,0.0333932224871433
2022-11-18,0.610171221880567,0.285674339527417,0.356312321365849,0.269196873651021,0.0346013474101376
2022-11-21,0.608798662817235,0.286023932524271,0.35521380315956,0.271926727583325,0.0341972051387713
2022-11-22,0.608389354567941,0.28545768730769,0.356393283812203,0.274458100411812,0.0362066771897521
2022-11-25,0.60592634182268,0.28549280898994,0.354855634045249,0.275009452209509,0.0378151924658926
2022-11-28,0.605271602891183,0.286752913499478,0.356039069265292,0.272019821046547,0.0399522838470238
2022-11-29,0.606154519102698,0.289382647903626,0.360614715300223,0.27349752852173,0.0497854257302268
2022-11-30,0.623214385903887,0.268582239490784,0.368532874533375,0.297950085972408,0.0454931317445496
2022-12-01,0.620306394447292,0.268497190770044,0.364932045544882,0.297795355314164,0.0456219389632358
2022-12-02,0.61940867848566,0.270901434712889,0.364784561644532,0.297853881805274,0.0460030678382778
2022-12-05,0.618272767334546,0.271791869229577,0.364024590306347,0.298946248472483,0.0471943067932435
2022-12-06,0.628366124758786,0.269312711472252,0.34871001519339,0.299755213073661,0.0241678137145115
2022-12-07,0.62695569428851,0.269389654058232,0.346676671997395,0.299083493339222,0.0250839165951614
2022-12-08,0.625039306901713,0.271804425353189,0.347351557421377,0.301738748042389,0.0268397206247015
2022-12-09,0.617546077462098,0.271995374744442,0.346955238285794,0.301188741093936,0.0273648071195649
2022-12-12,0.616227408141401,0.273375207162349,0.347485925936952,0.302047330192774,0.0265124677141679
2022-12-13,0.618151390503745,0.275045139072658,0.351075986228866,0.304022355670301,0.0168148210078186
2022-12-14,0.616379902093034,0.274470621136061,0.350641372812826,0.299150913132937,0.0173327579111702
2022-12-15,0.615034617108873,0.273624065384542,0.347892262967386,0.299121257260185,0.0185795925222963
2022-12-16,0.61413567617948,0.274805083520493,0.347607273066821,0.299894489680264,0.0262899677409081
2022-12-19,0.61269349646929,0.268714897278769,0.347183331629415,0.296667346716264,0.0277310560734557
2022-12-20,0.601017573694449,0.285514359607701,0.345836062864396,0.273098599753731,0.0442986037410716
2022-12-21,0.602349559263509,0.3031518850463,0.351824700542277,0.27384058049694,0.0446046446584493
2022-12-22,0.60075047799088,0.303517052419832,0.35165226648299,0.27412082247164,0.0427651118436379
2022-12-23,0.586308389005969,0.301115757092546,0.341795286606395,0.270518878555152,0.0496554955064115
2022-12-28,0.585683832540426,0.302532950410338,0.341228871501577,0.272511005969644,0.0490486172062129
2022-12-29,0.588162116777088,0.302892076720763,0.312601150243188,0.275902935483123,0.0277294076245193
2023-01-04,0.588154857617327,0.305660890624213,0.316271862307111,0.279781406814596,0.0218319957702699
2023-01-05,0.603996269768962,0.273488172952358,0.322729635627458,0.267818209491998,0.0228574877869974
2023-01-06,0.604258083652124,0.274906803134723,0.32372535312533,0.284644856084532,0.0131430943707124
2023-01-10,0.602962993146103,0.274913805539428,0.322592779250786,0.283659904337367,0.0151061590540896
2023-01-11,0.602577263375312,0.276694533263669,0.322370575905599,0.280447713207485,0.0177573787067172
2023-01-12,0.600406143812972,0.272652783711903,0.321270653998514,0.279518578998612,0.0160689013077518
2023-01-13,0.599262819722891,0.272706106911464,0.321124263671542,0.279722813343952,0.0173143931715646
2023-01-17,0.599453120661636,0.252628033633978,0.326213945549473,0.290177506456179,0.0215341214835197
2023-01-18,0.58999968482298,0.251561199184063,0.321241671632953,0.280887177606563,0.0199388220993788
2023-01-19,0.588766861650641,0.244006752476979,0.320842854268853,0.280957488284394,0.0211796995916962
2023-01-20,0.586170866227262,0.234950169415176,0.322319745623456,0.275827964700112,0.0180071804069599
2023-01-30,0.589174039295658,0.23783130854221,0.325391180437525,0.28165750920922,0.0335618101796859
2023-01-31,0.588141071599507,0.233739112618436,0.320431893797122,0.264901708913708,0.0356789640899836
2023-02-01,0.588725601304142,0.235485220852152,0.323672961217995,0.267241130901309,0.0298007811932034
2023-02-02,0.590190734771165,0.23443040673079,0.329841194657793,0.269796146495659,0.0396100043014321
2023-02-03,0.588680749872708,0.234931480892923,0.328876040040624,0.269874800839875,0.0402677730995617
2023-02-06,0.591531448789348,0.23204998165923,0.323364025362395,0.262155977358409,0.0495702581500856
2023-02-07,0.596210753069198,0.225963756926312,0.334191252769323,0.261198500674573,0.0561783964380248
2023-02-08,0.595327365235923,0.226106408204729,0.33492729955292,0.260641356637621,0.0603812216497132
2023-02-09,0.593344183435916,0.228394319787191,0.323519071396475,0.258745881454421,0.0680357123753304
2023-02-10,0.599067076380006,0.223728298466415,0.317397706139549,0.234371827351193,0.054169173983759
2023-02-13,0.596776271229942,0.223113350691866,0.318711906526989,0.235078993765325,0.0543613144456524
2023-02-14,0.591796247383164,0.212188430442985,0.309566511241222,0.217296302869533,0.0643092045179987
2023-02-15,0.58946667665067,0.214517915298871,0.310658988343496,0.217048327402626,0.0646118863505415
2023-02-16,0.590121553170516,0.217442121969448,0.315299713055923,0.224175753077919,0.0639758925744697
2023-02-17,0.573959728010442,0.205936835756816,0.281692297790258,0.205818879856213,0.0856506191469011
2023-02-21,0.577969904058835,0.213992011137417,0.289156456419521,0.198801892682183,0.0894356859403981
2023-02-22,0.519451579102175,0.194952446140829,0.281652689587515,0.159186731169765,0.0112906537864555
2023-02-24,0.52036472578275,0.201543943467063,0.286219400680217,0.162279390253619,0.0135426929292001
2023-02-27,0.524688093752016,0.189691484866425,0.284011983470975,0.169399581817295,0.019271064652819
2023-02-28,0.524883043433219,0.191225293873836,0.285909515143987,0.173143325868987,0.0196578488617137
2023-03-02,0.517141932436176,0.191771724362753,0.287790478548371,0.173638691688124,0.0178979329127623
2023-03-03,0.523819840889152,0.193104361695774,0.291848407888561,0.159096152471373,0.0213827313751963
2023-03-06,0.524675884411193,0.200856572614772,0.29226505891278,0.15943832847138,0.0325182673232251
2023-03-07,0.523995405738021,0.197807709151278,0.286923356134449,0.160389515780908,0.0335551288655721
2023-03-08,0.522618179481547,0.194431470187081,0.284734187943468,0.157647165567496,0.0578634702859613
2023-03-09,0.514893801011545,0.194835225718236,0.283458255926578,0.159572920657053,0.0585440617142629
2023-03-10,0.515304971933221,0.193574810008838,0.284842392315164,0.162875498448655,0.0638939525124306
2023-03-13,0.533647904155016,0.222798586874178,0.298559176858439,0.192686086632383,0.086585915986515
2023-03-14,0.54069177728574,0.204056539010578,0.30408503556677,0.159774227344389,0.0836375592784909
2023-03-15,0.544804859075653,0.217604040343225,0.314418902884332,0.162235836561974,0.071204538672508
2023-03-16,0.54651803127876,0.217660628986918,0.318456080179476,0.171665139165795,0.067486975873785
2023-03-17,0.552453961011163,0.225956476292173,0.316894160555495,0.180864873286751,0.047204545435918
2023-03-20,0.555258060509615,0.232637824141961,0.320189314897311,0.189110671784844,0.0397673292255181
2023-03-22,0.555614547838666,0.238457107399983,0.322720055946799,0.197408674453675,0.03656703390128
2023-03-23,0.562110545541804,0.251451058079556,0.332848566637382,0.219789062165475,0.0330593342931549
2023-03-24,0.564526466552633,0.249650147477237,0.33334856646009,0.219527002067032,0.0354765733812084
2023-03-27,0.564677288289595,0.250535419060093,0.335012069258718,0.221548969197548,0.0324714968533529
2023-03-28,0.565787180307516,0.249157614250751,0.335600068379636,0.217326966015952,0.0329371567507135
2023-03-29,0.562395837682612,0.249250153051595,0.33072535200761,0.216842076303757,0.0346382967555231
2023-03-30,0.555195471142957,0.244768324874773,0.329408556027098,0.217361373093106,0.0314223091006959
2023-03-31,0.554903258594504,0.240708554039159,0.330723502748151,0.215796493326879,0.0367406741489128
2023-04-03,0.554605806224396,0.243755725398337,0.332822932221958,0.216720224813056,0.0439667095314933
2023-04-04,0.551542198141291,0.247055288848808,0.328695863663226,0.223275193921088,0.0475502277656671
2023-04-06,0.546364380011489,0.248661445172835,0.329659735837295,0.229185471811365,0.0436151856352727
2023-04-11,0.545702028871039,0.237400675182049,0.327843998952988,0.230024637221907,0.0445478649321546
2023-04-12,0.544521485731684,0.236316029295564,0.303364295540197,0.230921992478872,0.0454923948333097
2023-04-13,0.538246347856906,0.238333916518585,0.303192176666032,0.228257170832994,0.0426815254025522
2023-04-14,0.536903570245343,0.237945538512836,0.301481978774676,0.227690905016447,0.0359556599011866
2023-04-17,0.536931944528128,0.24445121454114,0.302736729426209,0.230218150306158,0.0339175385719414
2023-04-18,0.54717926714936,0.239627529425872,0.298623604278048,0.23958793014625,0.0409460494006709
2023-04-19,0.54405244225911,0.240895189886826,0.297935041668619,0.238622372597698,0.0419588313245006
2023-04-20,0.548720600002846,0.242508469232096,0.295495679156907,0.231776192843999,0.0439345895813556
2023-04-21,0.547929899908457,0.242744045329952,0.296034684559418,0.23324355751502,0.0463179255078846
2023-04-24,0.55888968860065,0.245035252105931,0.305720689039006,0.215371157881586,0.0448088946868727
2023-04-25,0.559853650858282,0.244034974232291,0.311804069965852,0.214822765826193,0.0453880880263973
2023-04-26,0.558650581285215,0.244171606530766,0.314211525348481,0.219584906631753,0.0556356256323532
2023-04-27,0.556875508923371,0.244079374042013,0.314184768824135,0.220729758764466,0.0566659449072142
2023-04-28,0.556593574647137,0.244324101941269,0.316158490653372,0.214989460262159,0.0743224862608676
2023-05-08,0.552980432356649,0.261414158221372,0.31565159967271,0.203940950730363,0.0844305030390356
2023-05-09,0.57008155384891,0.259916780422256,0.316850059132063,0.178509621809911,0.0600474074597521
2023-05-10,0.577465147585027,0.244053372942013,0.316784307690133,0.188510513662425,0.0669470657307766
2023-05-11,0.577259401384374,0.249085446386563,0.322110953126957,0.189856229736913,0.0619883001483426
2023-05-12,0.57644579326622,0.249535117103686,0.322663764436796,0.193138097821561,0.0635565574373168
2023-05-15,0.577063108255788,0.23482615445284,0.32922255960598,0.207044151298712,0.0672779172693006
2023-05-16,0.583240682884942,0.243133247208493,0.328335968938621,0.209911560331677,0.0708450641245355
2023-05-17,0.581215434179402,0.237331880327742,0.327508913274555,0.211395579880566,0.0772880651123235
2023-05-18,0.57460208772407,0.234563397424815,0.324584686711369,0.21203013022289,0.073282574683018
2023-05-19,0.574713651148392,0.238367447140642,0.326606776504698,0.214359313841052,0.07779300771632
2023-05-22,0.574953522996549,0.234283839787612,0.318271190605226,0.209458042068748,0.0795617500995503
2023-05-23,0.575063062918594,0.237441110715423,0.32043565043971,0.2118701980817,0.0796746648865439
2023-05-24,0.580872219532922,0.243458056217504,0.305964509544818,0.204105237961495,0.10770980565829
2023-05-25,0.588109071623732,0.25545154560859,0.303842026170425,0.207261743606261,0.120662643510993
2023-05-30,0.581987931691061,0.255077561463542,0.304042944636059,0.20887511193831,0.11871237481041
2023-05-31,0.573283749297458,0.264145832089349,0.311457844978527,0.19846870862144,0.128474953123991
2023-06-01,0.575046504443589,0.271273740790266,0.313761550393493,0.208338824782514,0.133293587731697
2023-06-05,0.57419591302583,0.270469822363643,0.313440413145043,0.209351762519315,0.132186767967668
2023-06-07,0.569457478006586,0.286169548480474,0.32608393708109,0.219435277619295,0.14346414352909
2023-06-08,0.558806772075998,0.292044959208648,0.323799538487759,0.225700757729905,0.145206855119334
2023-06-09,0.557902714453659,0.287252564331969,0.321508647208351,0.227946259314225,0.147915689142128
2023-06-12,0.557552479253506,0.292382911087873,0.326238689299961,0.228155819711537,0.147672236087268
2023-06-13,0.556846764035375,0.291676557694963,0.326147163966638,0.228343948680281,0.145119165802971
2023-06-14,0.556331182715716,0.291084429863997,0.326239874914102,0.228317787687791,0.145641309365597
2023-06-15,0.555959082085611,0.287277978801563,0.326454680451756,0.222655034551508,0.145353793674801
2023-06-16,0.560513970726067,0.285059341264496,0.318881055355537,0.232947866372569,0.157204226656461
2023-06-20,0.562112298150203,0.287362552372748,0.323070194526381,0.238985288058748,0.151701105368514
2023-06-21,0.570383271015463,0.294962634154495,0.333098057328339,0.261538481904395,0.159454325544379
2023-06-26,0.579052795536548,0.283472930519755,0.345828286979871,0.256633433400157,0.170075646623247
2023-06-27,0.588861163314955,0.313126019757629,0.341159008475033,0.280518224306286,0.188270502438483
2023-06-28,0.593898575816666,0.304142517242399,0.3362598878893,0.286605230130764,0.20282771187844
2023-06-30,0.592852427540262,0.300317231691804,0.33456199772907,0.286875856101814,0.201963334422261
2023-07-03,0.585126905825998,0.299520774832178,0.333697427231309,0.286304455489693,0.205338619347077
2023-07-05,0.59193744970615,0.311816499955671,0.352684757587824,0.283333539056256,0.202863072416173
2023-07-06,0.593026681041935,0.316475739086676,0.357753005247043,0.289953576139412,0.203747742120436
2023-07-07,0.591705739932648,0.321167204151766,0.361500437705458,0.296516425995789,0.208234449269774
2023-07-10,0.591374581409704,0.322374879027899,0.361889596925036,0.298060736539818,0.208530353571839
2023-07-11,0.590653656475046,0.320170408398416,0.360160546721224,0.298856096536669,0.207967305669937
2023-07-12,0.591147519003856,0.318858350652254,0.364516463196957,0.302014125290333,0.211172421308938
2023-07-13,0.579156820032706,0.323265271606148,0.356741323616268,0.294890870733763,0.198875686779157
2023-07-14,0.588798370666369,0.334634939851318,0.361569782692109,0.324207985594692,0.210867869471894
2023-07-18,0.587745619198723,0.333944819780701,0.356603774695677,0.323920220256474,0.209762700061786
2023-07-19,0.595489738225746,0.326012015035891,0.364509882887407,0.317199361234152,0.18136203874165
2023-07-20,0.594217571794037,0.323739742724419,0.363852909516817,0.316148453870737,0.180687617709488
2023-07-21,0.590583384306809,0.332550879425312,0.36519320739648,0.315066187150403,0.190119087772717
2023-07-24,0.588318195958176,0.331913830452669,0.363868348229025,0.314872988160209,0.189404272567414
2023-07-25,0.582663772618461,0.327594552581031,0.360496095220323,0.315217084385463,0.18756216826895
2023-07-26,0.609909498827674,0.312710948671725,0.355743129336906,0.326828668016978,0.188581054791467
2023-07-27,0.608985002741151,0.312523840367491,0.35329709573624,0.322869927017529,0.188189838554566
2023-07-28,0.603788542391966,0.309931091109278,0.35120541080783,0.315670527207113,0.189018416507959
2023-07-31,0.604387221765925,0.292405058223499,0.346337304332058,0.334865551899958,0.211988498100269
2023-08-01,0.604098474896645,0.295403916549689,0.34845161723605,0.334502948392626,0.211241140134184
2023-08-02,0.602853058487014,0.293850070671248,0.343637801615814,0.334239957262673,0.210082648766869
2023-08-03,0.607172455888011,0.308159274147017,0.355450863838577,0.346620087710221,0.225944654954945
2023-08-04,0.602452951791624,0.294970413289926,0.350974268257207,0.33872721713451,0.221546056047927
2023-08-07,0.601617171606765,0.294760021927669,0.349994214062309,0.33658185454474,0.217676824093782
2023-08-08,0.599251288757323,0.293140058551737,0.353878247846781,0.329874684353672,0.206626215610961
2023-08-10,0.59699057009742,0.291843635845098,0.354052113158965,0.32910490004518,0.207294729530897
2023-08-14,0.595109026238986,0.291017284904647,0.348178878607051,0.327707150309801,0.207804478740657
2023-08-16,0.611108368933963,0.314281768408171,0.368981442011546,0.391951428726185,0.182375138423317
2023-08-17,0.614365707588867,0.319885037432773,0.377804174604465,0.397623154996373,0.199618872557789
2023-08-18,0.612424122085895,0.316694534067855,0.375447885179877,0.39311817269101,0.194169028271581
2023-08-21,0.616725598989543,0.320547080937006,0.378884032167335,0.397529267145352,0.193296421788698
2023-08-22,0.621480663007033,0.313269608265822,0.372981901265988,0.401852271298007,0.181208527098257
2023-08-23,0.621717906475152,0.318200867256676,0.37290707400392,0.400695224247899,0.176100680137953
2023-08-24,0.611869367324976,0.308291972747806,0.375166236300554,0.388439345992235,0.154662958900843
2023-08-25,0.606618240910265,0.307668578366643,0.372061621392555,0.387691103478907,0.150394857089022
2023-08-28,0.606185552363203,0.313060513962593,0.374693504517619,0.383865317090433,0.145451166023552
2023-08-29,0.601086880921606,0.324073184737498,0.381292441561644,0.389585084892483,0.151075530160426
2023-08-30,0.606377042099891,0.322199670416934,0.38151925826845,0.389698743782915,0.166971458104371
2023-08-31,0.605207348969442,0.321670902773996,0.380497803876788,0.388716574956126,0.166471357556965
